statement,committer,elicitation
عادة ما يتم الاحتفاظ بالقطط كحيوانات أليفة منزلية.,Amir,Amazon Translate
ينتقل الضوء أسرع من الصوت.,Amir,Amazon Translate
يذوب السكر في الماء.,Amir,Amazon Translate
عادة ما تكون أيام الشتاء أكثر برودة من أيام الصيف.,Amir,Amazon Translate
تحتاج النباتات إلى ضوء الشمس لعملية التمثيل الضوئي.,Amir,Amazon Translate
معظم البالغين لديهم 32 أسنان.,Amir,Amazon Translate
يمكن صنع الكتب من الورق.,Amir,Amazon Translate
يتشكل المطر من بخار الماء المكثف.,Amir,Amazon Translate
تتطلب السيارات وقودًا للعمل.,Amir,Amazon Translate
يتم لعب الشطرنج على لوحة مربعة.,Amir,Amazon Translate
يصبح الخبز قديمًا عند تركه مكشوفًا.,Amir,Amazon Translate
يدور القمر حول الأرض.,Amir,Amazon Translate
يصدأ الحديد عند تعرضه للرطوبة.,Amir,Amazon Translate
العناكب لها ثمانية أرجل.,Amir,Amazon Translate
الفيلة هي أكبر الحيوانات البرية.,Amir,Amazon Translate
للمثلث ثلاثة أضلاع.,Amir,Amazon Translate
غالبًا ما يستخدم الحليب لصنع الجبن.,Amir,Amazon Translate
عادة ما تكون العملات المعدنية مصنوعة من المعدن.,Amir,Amazon Translate
تحافظ الثلاجات على برودة الطعام.,Amir,Amazon Translate
تسحب الجاذبية الأجسام نحو الأرض.,Amir,Amazon Translate
يتم ارتداء الجوارب على القدمين.,Amir,Amazon Translate
يجمع النحل الرحيق من الزهور.,Amir,Amazon Translate
تستخدم الأسماك الخياشيم للتنفس تحت الماء.,Amir,Amazon Translate
تنتج النار الحرارة والضوء.,Amir,Amazon Translate
السحب عبارة عن تراكمات مرئية لقطرات الماء.,Amir,Amazon Translate
يعتبر الماس من الأحجار الكريمة القيمة.,Amir,Amazon Translate
يمكن أن تندلع البراكين مع الحمم المنصهرة.,Amir,Amazon Translate
الأرز هو الغذاء الأساسي في العديد من البلدان.,Amir,Amazon Translate
الأمازون عبارة عن غابة مطيرة كبيرة.,Amir,Amazon Translate
تبني الطيور أعشاشًا لوضع البيض.,Amir,Amazon Translate
الأسبوع يتكون من سبعة أيام.,Amir,Amazon Translate
تنقل المكالمات الهاتفية الأصوات عبر المسافات.,Amir,Amazon Translate
يمكن إعادة تدوير البلاستيك في بعض المرافق.,Amir,Amazon Translate
ينمو التفاح على الأشجار.,Amir,Amazon Translate
تعود أصول الكنغر إلى أستراليا.,Amir,Amazon Translate
يمكن لطواحين الهواء توليد الكهرباء.,Amir,Amazon Translate
يصوت الناس في الانتخابات الديمقراطية.,Amir,Amazon Translate
تقوم المكتبات بإعارة الكتب للجمهور.,Amir,Amazon Translate
تسير القطارات على القضبان.,Amir,Amazon Translate
تحتوي معظم أقلام الرصاص على الجرافيت.,Amir,Amazon Translate
تلتقط الكاميرات الصور.,Amir,Amazon Translate
تُلعب كرة القدم بكرة بيضاوية.,Amir,Amazon Translate
يذوب الآيس كريم عند تعرضه للحرارة.,Amir,Amazon Translate
تعرض أجهزة التلفزيون صورًا متحركة.,Amir,Amazon Translate
تطير الطائرات باستخدام الأجنحة.,Amir,Amazon Translate
تنمو البطاطس تحت الأرض.,Amir,Amazon Translate
طعم السكر حلو لمعظم الناس.,Amir,Amazon Translate
أحذية تحمي قدميك.,Amir,Amazon Translate
الدلافين هي ثدييات وليست أسماك.,Amir,Amazon Translate
يتم استخدام المفاتيح لفتح الأبواب.,Amir,Amazon Translate
باريس هي عاصمة فرنسا.,Amir,Amazon Translate
تدور الأقمار الصناعية حول الكواكب في الفضاء.,Amir,Amazon Translate
تظل أشجار الصنوبر خضراء طوال العام.,Amir,Amazon Translate
تعيش قناديل البحر في المحيطات.,Amir,Amazon Translate
الصحراء صحراء شاسعة.,Amir,Amazon Translate
يؤدي انقطاع التيار الكهربائي إلى إيقاف تدفق الكهرباء.,Amir,Amazon Translate
تتجه زهور عباد الشمس نحو ضوء الشمس.,Amir,Amazon Translate
يقف تمثال الحرية في ميناء نيويورك.,Amir,Amazon Translate
تتشكل أقواس قزح عندما يمر الضوء عبر قطرات الماء.,Amir,Amazon Translate
يمكن لمعظم الضفادع القفز لمسافات طويلة.,Amir,Amazon Translate
تصطاد الذئاب في مجموعات.,Amir,Amazon Translate
السلاحف لها أصداف صلبة.,Amir,Amazon Translate
تنتج الزلازل عن تحول الصفائح التكتونية.,Amir,Amazon Translate
تخضع الفراشات للتحول.,Amir,Amazon Translate
الساعات تقيس الوقت.,Amir,Amazon Translate
الذهب له بريق معدني أصفر.,Amir,Amazon Translate
تُظهر البوصلة الاتجاهات الأساسية.,Amir,Amazon Translate
البوم طيور ليلية.,Amir,Amazon Translate
تطفو القوارب على الماء.,Amir,Amazon Translate
البيتزا هي طعام شعبي.,Amir,Amazon Translate
الزرافات لها أعناق طويلة.,Amir,Amazon Translate
توفر الشموع الضوء عند حرقها.,Amir,Amazon Translate
ينمو الخيزران بسرعة.,Amir,Amazon Translate
تُلعب كرة القدم بكرة مستديرة.,Amir,Amazon Translate
الفطر من الفطريات وليس النباتات.,Amir,Amazon Translate
تصدر أشعة الليزر أشعة مركزة من الضوء.,Amir,Amazon Translate
يقع سور الصين العظيم في الصين.,Amir,Amazon Translate
يلدغ البعوض ليتغذى على الدم.,Amir,Amazon Translate
البيض هو طعام الإفطار الشائع.,Amir,Amazon Translate
الخيول لها حوافر.,Amir,Amazon Translate
الصابون يزيل الأوساخ من الجلد.,Amir,Amazon Translate
تخضع العديد من الحشرات للتحول الكامل.,Amir,Amazon Translate
القطب الشمالي هو موطن الدببة القطبية.,Amir,Amazon Translate
تعرض الخرائط مواقع الأماكن.,Amir,Amazon Translate
معاطف المطر تبقيك جافًا.,Amir,Amazon Translate
يمكن أن يضرب البرق الأشياء الطويلة.,Amir,Amazon Translate
يتجمد الماء عند صفر درجة مئوية.,Amir,Amazon Translate
الكلاب حيوانات منزلية شائعة.,Amir,Amazon Translate
يتغير لون الأوراق في الخريف.,Amir,Amazon Translate
الورق مصنوع من لب الخشب.,Amir,Amazon Translate
تضع معظم الطيور البيض.,Amir,Amazon Translate
تحتوي الطماطم على فيتامين سي.,Amir,Amazon Translate
تقوم أجهزة الكمبيوتر بمعالجة المعلومات الرقمية.,Amir,Amazon Translate
تنتج الأبقار الحليب لمنتجات الألبان.,Amir,Amazon Translate
تنقل القطارات الركاب أو البضائع.,Amir,Amazon Translate
يتم تشغيل الدراجات عن طريق الدواسة.,Amir,Amazon Translate
العسل يصنعه النحل.,Amir,Amazon Translate
يغطي المحيط معظم سطح الأرض.,Amir,Amazon Translate
يمكن أن تؤثر الجبال على الطقس المحلي.,Amir,Amazon Translate
تعرض معظم الساعات الوقت.,Amir,Amazon Translate
يتحكم الدماغ في وظائف الجسم.,Amir,Amazon Translate
الأناناس لها قشرة خارجية شائكة.,Amir,Amazon Translate
تحتوي معظم النباتات على أوراق خضراء.,Amir,Amazon Translate
الزرافة هي أطول حيوان.,Amir,Amazon Translate
البلاستيك مصنوع من البترول.,Amir,Amazon Translate
تحتوي القهوة على مادة الكافيين.,Amir,Amazon Translate
يمكن إنتاج الموسيقى بواسطة الآلات.,Amir,Amazon Translate
تعيش الأسود في فخر.,Amir,Amazon Translate
يتم تشكيل الماس تحت ضغط مرتفع.,Amir,Amazon Translate
تقع لندن في المملكة المتحدة.,Amir,Amazon Translate
الزواحف حيوانات ذات دم بارد.,Amir,Amazon Translate
يتناول معظم الناس ثلاث وجبات يوميًا.,Amir,Amazon Translate
يغطي الريش معظم الطيور.,Amir,Amazon Translate
يحتوي الجزر على نسبة عالية من البيتا كاروتين.,Amir,Amazon Translate
ينمو الفول السوداني تحت الأرض.,Amir,Amazon Translate
أربطة الحذاء تثبت الأحذية على قدميك.,Amir,Amazon Translate
يُعرف المريخ بالكوكب الأحمر.,Amir,Amazon Translate
تُلعب كرة السلة في الداخل أو في الهواء الطلق.,Amir,Amazon Translate
تتنفس الحيتان الهواء من خلال الثقوب.,Amir,Amazon Translate
تساعد الخرائط في التنقل.,Amir,Amazon Translate
الفولاذ عبارة عن سبيكة من الحديد والكربون.,Amir,Amazon Translate
تعمل بعض الفطريات على تحلل النباتات الميتة.,Amir,Amazon Translate
يتم استخدام لوحة المفاتيح للكتابة.,Amir,Amazon Translate
النمور لها فراء مخطط.,Amir,Amazon Translate
تحتوي معظم الطائرات على جناحين.,Amir,Amazon Translate
تحتوي بعض الصحاري على كثبان رملية.,Amir,Amazon Translate
تستخدم محركات السيارات الاحتراق للتشغيل.,Amir,Amazon Translate
يحتوي قوس قزح على ألوان مرئية متعددة.,Amir,Amazon Translate
تعيش طيور البطريق في المناخات الباردة.,Amir,Amazon Translate
الهيدروجين هو أخف عنصر.,Amir,Amazon Translate
تمتلك معظم الثدييات شعرًا أو فروًا.,Amir,Amazon Translate
تقوم المكتبات بتخزين موارد المعلومات.,Amir,Amazon Translate
البرتقال عبارة عن ثمار حمضيات غنية بالعصارة.,Amir,Amazon Translate
تبعث النجوم طاقة مثل الضوء والحرارة.,Amir,Amazon Translate
القرود هي الرئيسيات.,Amir,Amazon Translate
لا تستطيع طيور البطريق الطيران.,Amir,Amazon Translate
يتدفق النهر نحو المرتفعات المنخفضة.,Amir,Amazon Translate
أسماك القرش لها أسنان حادة.,Amir,Amazon Translate
ينمو قصب السكر في المناطق الاستوائية.,Amir,Amazon Translate
يمكنك رؤية أنفاسك في الهواء البارد.,Amir,Amazon Translate
توجد الأصداف البحرية على الشواطئ.,Amir,Amazon Translate
يربط الإنترنت أجهزة الكمبيوتر في جميع أنحاء العالم.,Amir,Amazon Translate
تحتوي العديد من أجهزة الكمبيوتر المحمولة على لوحات لمس.,Amir,Amazon Translate
يمكن أن تحاكي الببغاوات الكلام البشري.,Amir,Amazon Translate
الفهد هو أسرع حيوان بري.,Amir,Amazon Translate
تتشكل الأعاصير في عواصف شديدة.,Amir,Amazon Translate
تعرض الطاووس ريش الذيل الملون.,Amir,Amazon Translate
يمكن للأمطار أن تملأ الأنهار والبحيرات.,Amir,Amazon Translate
معجون أسنان ينظف الأسنان.,Amir,Amazon Translate
يمكن تحويل العنب إلى نبيذ.,Amir,Amazon Translate
الورود نباتات مزهرة.,Amir,Amazon Translate
القيوط هي أنياب برية.,Amir,Amazon Translate
تتواصل الدلافين من خلال النقرات والصفارات.,Amir,Amazon Translate
شبكات العنكبوت تصطاد الحشرات.,Amir,Amazon Translate
تعمل بعض الحافلات بالكهرباء.,Amir,Amazon Translate
تأكل الكوالا أوراق الأوكالبتوس.,Amir,Amazon Translate
ركوب الخيل هو نشاط خارجي.,Amir,Amazon Translate
توفر المكاتب سطحًا للعمل.,Amir,Amazon Translate
تغادر الرحلات الجوية من المطارات.,Amir,Amazon Translate
تصدر الصراصير أصوات النقيق في الليل.,Amir,Amazon Translate
يمكن أن تتواصل الحيتان عبر مسافات طويلة.,Amir,Amazon Translate
المثلثات هي أشكال هندسية أساسية.,Amir,Amazon Translate
شامبو ينظف شعرك.,Amir,Amazon Translate
تتلعثم طيور البطريق عندما تمشي.,Amir,Amazon Translate
السباغيتي هي نوع من المعكرونة.,Amir,Amazon Translate
يمكن للكاميرات تسجيل الفيديو والصور الثابتة.,Amir,Amazon Translate
الفئران هي قوارض صغيرة.,Amir,Amazon Translate
تتبع معظم حافلات المدينة جدولًا زمنيًا.,Amir,Amazon Translate
ينتج البنكرياس الأنسولين.,Amir,Amazon Translate
الزنبق هي زهور الربيع.,Amir,Amazon Translate
تنمو نباتات الغابات المطيرة بسرعة.,Amir,Amazon Translate
ينجذب البعوض إلى المياه الراكدة.,Amir,Amazon Translate
تتحرك قطع الشطرنج بطرق محددة.,Amir,Amazon Translate
تؤوي الشعاب المرجانية حياة بحرية متنوعة.,Amir,Amazon Translate
تدخل الدببة في السبات الشتوي.,Amir,Amazon Translate
يمكن أن تكون الخرائط رقمية أو ورقية.,Amir,Amazon Translate
يمكن تشغيل أجهزة الكمبيوتر المحمولة على البطاريات.,Amir,Amazon Translate
يطفو الخشب على الماء.,Amir,Amazon Translate
تلتقط الأوراق ضوء الشمس للحصول على الطاقة.,Amir,Amazon Translate
الطائرات الورقية تطير في مهب الريح.,Amir,Amazon Translate
تصطاد النمور فريسة كبيرة.,Amir,Amazon Translate
يسمح الضوء للبشر برؤية بيئتهم.,Amir,Amazon Translate
تلد معظم الثدييات صغارًا.,Amir,Amazon Translate
يعزز الملح طعم العديد من الأطعمة.,Amir,Amazon Translate
درب التبانة عبارة عن مجرة تحتوي على الأرض.,Amir,Amazon Translate
تستخدم القطط الشوارب لاستشعار البيئة المحيطة بها.,Amir,Amazon Translate
تدور الأرض مرة واحدة كل 24 ساعة.,Amir,Amazon Translate
يمكن استخدام العملات لدفع ثمن المشتريات الصغيرة.,Amir,Amazon Translate
تذوب الزبدة في درجة حرارة الغرفة.,Amir,Amazon Translate
يتم تسليم البريد عن طريق الخدمات البريدية.,Amir,Amazon Translate
يمكن تدريب الكلاب على إطاعة الأوامر.,Amir,Amazon Translate
تأكل الأرانب بشكل أساسي النباتات والخضروات.,Amir,Amazon Translate
توفر الشمس الطاقة للنظم البيئية للأرض.,Amir,Amazon Translate
تتكون العديد من البحيرات من الأنهار الجليدية.,Amir,Amazon Translate
يمكن أن يسبب السكر تسوس الأسنان.,Amir,Amazon Translate
تنقل الرياح الهواء من الضغط العالي إلى الضغط المنخفض.,Amir,Amazon Translate
يتم صنع الشاي عن طريق نقع الأوراق في الماء الساخن.,Amir,Amazon Translate
ترتبط الذئاب بالكلاب المنزلية.,Amir,Amazon Translate
تحدث حروق الشمس بسبب الأشعة فوق البنفسجية.,Amir,Amazon Translate
تمتلك الأخطبوطات ثمانية أذرع.,Amir,Amazon Translate
يبلغ طول الماراثون 42 كيلومترًا.,Amir,Amazon Translate
يمكن لبعض الطيور محاكاة الأصوات البشرية.,Amir,Amazon Translate
تتساقط الأوراق من الأشجار في الخريف.,Amir,Amazon Translate
الفحم هو وقود أحفوري.,Amir,Amazon Translate
الثعالب لها ذيول كثيفة.,Amir,Amazon Translate
تساعد الدراجات في تقليل تلوث الهواء.,Amir,Amazon Translate
تحتوي الحمير الوحشية على خطوط سوداء وبيضاء.,Amir,Amazon Translate
تقيس الزلازل الحركة على طول الصدوع.,Amir,Amazon Translate
تطفو معظم السفن عن طريق إزاحة المياه.,Amir,Amazon Translate
تحتوي الشوكولاتة على الكاكاو.,Amir,Amazon Translate
تتنبأ الغيوم بتغير الطقس.,Amir,Amazon Translate
تستخدم بعض العناكب السم لإخضاع الفريسة.,Amir,Amazon Translate
تمضغ الأبقار اللبن الرائب لهضم الطعام.,Amir,Amazon Translate
الورود لها سيقان شائكة.,Amir,Amazon Translate
تصطاد العديد من البوم في الليل.,Amir,Amazon Translate
يمكن تحضير البطاطس بعدة طرق.,Amir,Amazon Translate
تمتص الأوراق ثاني أكسيد الكربون.,Amir,Amazon Translate
تسافر الذئاب معًا في مجموعات.,Amir,Amazon Translate
يمكن أن ينقل البعوض أمراضًا مثل الملاريا.,Amir,Amazon Translate
الفقمات هي ثدييات بحرية.,Amir,Amazon Translate
تقلع الطائرات من مدارج الطائرات.,Amir,Amazon Translate
أقلام تلوين مصنوعة من الشمع الملون.,Amir,Amazon Translate
النجوم مرئية في الليل.,Amir,Amazon Translate
البروكلي من الخضروات المغذية.,Amir,Amazon Translate
يتشكل الجليد عندما يتجمد الماء.,Amir,Amazon Translate
للزرافة رقبة طويلة للتغذية.,Amir,Amazon Translate
تعرض أبراج الساعة الوقت للجمهور.,Amir,Amazon Translate
تجعل العدسات المكبرة الأشياء تبدو أكبر.,Amir,Amazon Translate
تستخدم الخرائط الرموز للمعالم.,Amir,Amazon Translate
تشتهر الببغاوات بريشها اللامع.,Amir,Amazon Translate
لدى Jackrabbits آذان طويلة.,Amir,Amazon Translate
الأصداف البحرية مصنوعة من الحيوانات البحرية.,Amir,Amazon Translate
تبعد الشمس حوالي 93 مليون ميل عن الأرض.,Amir,Amazon Translate
تحتاج النار إلى الأكسجين لتحترق.,Amir,Amazon Translate
تتحول اليرقات إلى فراشات.,Amir,Amazon Translate
يتم تقشير البرتقال قبل الأكل.,Amir,Amazon Translate
تم تصنيف بلوتو على أنه كوكب قزم.,Amir,Amazon Translate
يحافظ الوميض على رطوبة العينين.,Amir,Amazon Translate
يتكون الخيار في الغالب من الماء.,Amir,Amazon Translate
تضع العديد من الأسماك بيضها في الماء.,Amir,Amazon Translate
تستخدم البوصلات المغناطيسية للعثور على الشمال.,Amir,Amazon Translate
يمكن أن يتسبب البرق في حرائق الغابات.,Amir,Amazon Translate
فقاعات الصابون كروية.,Amir,Amazon Translate
تنمو العديد من أنواع الفطر في الغابات الرطبة.,Amir,Amazon Translate
تطير الطائرات فوق السحب.,Amir,Amazon Translate
يجد سرطان البحر الناسك أصدافًا فارغة للعيش فيها.,Amir,Amazon Translate
تعرض ساعات اليد الوقت الحالي.,Amir,Amazon Translate
أغنية الحوت تسافر لمسافات طويلة تحت الماء.,Amir,Amazon Translate
يمكن للقطط سحب مخالبها.,Amir,Amazon Translate
يتم العزف على الكمان بالقوس.,Amir,Amazon Translate
زهور الأوركيد هي زهور استوائية.,Amir,Amazon Translate
المطر يبرد الهواء في الأيام الحارة.,Amir,Amazon Translate
تتمتع النسور ببصر ممتاز.,Amir,Amazon Translate
يعتبر النحل من الملقحات المهمة.,Amir,Amazon Translate
تحتوي أشجار الصنوبر على أوراق تشبه الإبرة.,Amir,Amazon Translate
تحتوي معظم المباني السكنية على عدة طوابق.,Amir,Amazon Translate
تقوم الرافعات برفع المواد الثقيلة في مواقع البناء.,Amir,Amazon Translate
تخزن الإبل الدهون في الحدبات.,Amir,Amazon Translate
تساعد الخرائط الأشخاص في العثور على الاتجاهات.,Amir,Amazon Translate
للأرانب آذان طويلة.,Amir,Amazon Translate
النوم يستعيد الطاقة لدى البشر والحيوانات.,Amir,Amazon Translate
يعيش الحمام في مدن حول العالم.,Amir,Amazon Translate
تستخدم السكاكين لقطع الطعام.,Amir,Amazon Translate
الغربان هي طيور ذكية للغاية.,Amir,Amazon Translate
تنمو الشتلات من البذور المزروعة.,Amir,Amazon Translate
الألومنيوم معدن خفيف الوزن يستخدم في العلب.,Amir,Amazon Translate
تعاني الجبال من انخفاض ضغط الهواء في القمة.,Amir,Amazon Translate
يمكن أن تؤدي الأنهار إلى تآكل الصخور والتربة.,Amir,Amazon Translate
يعيش النمل في مستعمرات منظمة.,Amir,Amazon Translate
عادة ما يفقد الأطفال أسنان الأطفال في سن الثانية عشرة.,Amir,Amazon Translate
الطيور لديها عظام مجوفة لمساعدتها على الطيران.,Amir,Amazon Translate
يستخدم الذهب في صناعة المجوهرات.,Amir,Amazon Translate
طعم الليمون حامض بسبب حمض الستريك.,Amir,Amazon Translate
تحمل خلايا الدم الحمراء الأكسجين.,Amir,Amazon Translate
تستخدم بعض الخفافيش تحديد الموقع بالصدى للتنقل.,Amir,Amazon Translate
الأخضر هو لون ثانوي.,Amir,Amazon Translate
الماء مركب من الهيدروجين والأكسجين.,Amir,Amazon Translate
يمكن لبعض البوم تدوير رؤوسهم 270 درجة.,Amir,Amazon Translate
تحتوي المثلثات دائمًا على ثلاث زوايا.,Amir,Amazon Translate
تتساقط الأفاعي جلدها بشكل دوري.,Amir,Amazon Translate
الجبن مصنوع من الحليب المخمر.,Amir,Amazon Translate
تستخدم الخرائط وسيلة إيضاح لشرح الرموز.,Amir,Amazon Translate
معظم الناس لديهم عشرين أسنان أساسية.,Amir,Amazon Translate
تحرك الرياح السحب عبر السماء.,Amir,Amazon Translate
يتم تشغيل الساعات بواسطة البطاريات أو النوابض.,Amir,Amazon Translate
بعض الأسماك تغير لونها كتمويه.,Amir,Amazon Translate
يرتفع الخبز باستخدام الخميرة أو مسحوق الخبز.,Amir,Amazon Translate
ينفث الأخطبوط الحبر عند التهديد.,Amir,Amazon Translate
تدخل بعض الحيوانات في فترة السبات الشتوي.,Amir,Amazon Translate
يمكن للفهود أن تصل إلى سرعات عالية لرشقات نارية قصيرة.,Amir,Amazon Translate
تحدث شروق الشمس في الشرق.,Amir,Amazon Translate
ترسو فرس البحر نفسها بذيول يمكن الإمساك بها.,Amir,Amazon Translate
الشوكولاتة سامة للعديد من الحيوانات.,Amir,Amazon Translate
يخزن النحل العسل في خلايا النحل.,Amir,Amazon Translate
النحاس موصل كهربائي جيد.,Amir,Amazon Translate
تمتلك الإبل رموش طويلة لحماية الرمال.,Amir,Amazon Translate
يقع المحيط الأطلسي على حدود عدة قارات.,Amir,Amazon Translate
للأعاصير مظهر على شكل قمع.,Amir,Amazon Translate
تحتاج الورود إلى ضوء الشمس والماء لتنمو.,Amir,Amazon Translate
تتعامل مكاتب البريد مع توزيع البريد.,Amir,Amazon Translate
معظم الهواتف الحديثة هي هواتف ذكية.,Amir,Amazon Translate
تتسبب جاذبية القمر في حدوث المد والجزر على الأرض.,Amir,Amazon Translate
أنتاركتيكا مغطاة في الغالب بالجليد.,Amir,Amazon Translate
تساعد ديدان الأرض على تحسين بنية التربة.,Amir,Amazon Translate
معظم العناكب غير ضارة بالبشر.,Amir,Amazon Translate
تقوم المراوح بتوزيع الهواء في الغرفة.,Amir,Amazon Translate
الكيوي هي طيور لا تطير من نيوزيلندا.,Amir,Amazon Translate
يتم نسج معظم الأقمشة من الخيوط.,Amir,Amazon Translate
يحدث البرق بسبب التفريغ الكهربائي في السحب.,Amir,Amazon Translate
تصطاد طيور البطريق الأسماك تحت الماء.,Amir,Amazon Translate
الفهد معروف بسرعته السريعة.,Amir,Amazon Translate
غالبًا ما تخرخر القطط عندما تكتفي.,Amir,Amazon Translate
ينام الكوالا لفترات طويلة.,Amir,Amazon Translate
توفر الأشجار الظل والمأوى.,Amir,Amazon Translate
تأكل الباندا الخيزران بشكل أساسي.,Amir,Amazon Translate
يحافظ الفريزر على الطعام مجمداً.,Amir,Amazon Translate
يطفو الجليد لأنه أقل كثافة من الماء.,Amir,Amazon Translate
تساعد الخرائط المسافرين على التخطيط للرحلات.,Amir,Amazon Translate
تبرد الحمم البركانية إلى صخور صلبة.,Amir,Amazon Translate
الرافعات هي آلات تستخدم للرفع.,Amir,Amazon Translate
تتشمس السحالي في ضوء الشمس للتدفئة.,Amir,Amazon Translate
تحتاج حقول الأرز إلى مياه راكدة.,Amir,Amazon Translate
تستشعر أجهزة كشف الدخان الجسيمات الناتجة عن الحرائق.,Amir,Amazon Translate
تصدر اليراعات الضوء من بطونها.,Amir,Amazon Translate
يعيش الإسفنج في المحيط.,Amir,Amazon Translate
يسبح سمك السلمون في اتجاه المنبع لوضع البيض.,Amir,Amazon Translate
معظم الثدييات لديها دم دافئ.,Amir,Amazon Translate
تساعد الخطوط الحمير الوحشية على التمويه في العشب.,Amir,Amazon Translate
يمكن أن تكون الصخور رسوبية أو نارية أو متحولة.,Amir,Amazon Translate
تستخدم طيور البطريق الزعانف للسباحة.,Amir,Amazon Translate
تحجب الغيوم ضوء الشمس في الأيام الملبدة بالغيوم.,Amir,Amazon Translate
تحتوي رقاقات الثلج على ستة جوانب.,Amir,Amazon Translate
يزحف الأطفال قبل المشي.,Amir,Amazon Translate
تفقد الأوراق الكلوروفيل وتتلاشى في الخريف.,Amir,Amazon Translate
المحيطات مالحة بسبب المعادن الذائبة.,Amir,Amazon Translate
يصطاد البوم بصمت في الليل.,Amir,Amazon Translate
تحتوي البذور على نباتات جنينية.,Amir,Amazon Translate
غالبًا ما تُظهر الخرائط الجبال ذات المثلثات.,Amir,Amazon Translate
النعام هو أكبر الطيور.,Amir,Amazon Translate
يشرب الأطفال الحليب للتغذية.,Amir,Amazon Translate
رجال الإطفاء يطفئون الحرائق بخراطيم المياه.,Amir,Amazon Translate
يتم توجيه الخرائط بحيث يكون الشمال في الأعلى.,Amir,Amazon Translate
المد والجزر يرتفع وينخفض مرتين يوميًا.,Amir,Amazon Translate
تستخدم ثعالب الماء الصخور لكسر الأصداف المفتوحة.,Amir,Amazon Translate
تغذي مياه الأمطار الأنهار والبحيرات.,Amir,Amazon Translate
يمكن أن يتسبب البرق في انقطاع التيار الكهربائي.,Amir,Amazon Translate
تستخدم الأختام الزعانف للسباحة.,Amir,Amazon Translate
يمكن أن تتكاثر البكتيريا بسرعة.,Amir,Amazon Translate
تنتج أشجار البلوط الجوز.,Amir,Amazon Translate
تنتج الصراصير أصواتًا عن طريق فرك الأجنحة.,Amir,Amazon Translate
يمكن للأبراص أن تلتصق بالجدران.,Amir,Amazon Translate
الدببة القطبية هي سباحون أقوياء.,Amir,Amazon Translate
تدور الكواكب حول النجوم في الأنظمة الشمسية.,Amir,Amazon Translate
تبحث النسور عن الطعام.,Amir,Amazon Translate
الكمان هو آلة وترية.,Amir,Amazon Translate
يمكن للماعز تسلق التضاريس شديدة الانحدار.,Amir,Amazon Translate
النار ساخنة عند اللمس.,Amir,Amazon Translate
المحيطات هي موائل للعديد من الحيوانات.,Amir,Amazon Translate
يظهر قوس قزح بعد المطر عندما ينكسر ضوء الشمس.,Amir,Amazon Translate
تحتوي الهواتف الذكية على كاميرات مدمجة لالتقاط الصور.,Amir,Amazon Translate
تستخدم معظم السيارات البنزين أو الديزل كوقود.,Amir,Amazon Translate
تستخدم الأسماك الزعانف للسباحة في الماء.,Amir,Amazon Translate
غالبًا ما يتم تقديم القهوة الساخنة.,Amir,Amazon Translate
تقوم العناكب بتدوير الشبكات للقبض على الفريسة.,Amir,Amazon Translate
يعيش نحل العسل في المستعمرات.,Amir,Amazon Translate
ترتفع البالونات لأن الهيليوم أخف من الهواء.,Amir,Amazon Translate
تنتج أشجار الصنوبر المخاريط كبذور.,Amir,Amazon Translate
عادة ما يجعل المطر الأرض رطبة.,Amir,Amazon Translate
تقفز الضفادع للتنقل.,Amir,Amazon Translate
يمكن للطائرات أن تطير لمسافات طويلة.,Amir,Amazon Translate
الفراشات لها أجنحة ملونة.,Amir,Amazon Translate
يمكن أن يكون التفاح أحمر أو أخضر أو أصفر.,Amir,Amazon Translate
تسير القطارات على مسارات معدنية.,Amir,Amazon Translate
تأكل الزرافات أوراق الأشجار الطويلة.,Amir,Amazon Translate
يتم ارتداء الأحذية على القدمين.,Amir,Amazon Translate
تتدفق الأنهار نحو المحيطات أو البحيرات.,Amir,Amazon Translate
تطلق البراكين الرماد والحمم البركانية أثناء الانفجارات.,Amir,Amazon Translate
يمكن للكنغر القفز لمسافات طويلة.,Amir,Amazon Translate
البروكلي أخضر وصالح للأكل.,Amir,Amazon Translate
البرتقال مصدر لفيتامين سي.,Amir,Amazon Translate
تتكون السحب من بخار الماء المتبخر.,Amir,Amazon Translate
تنظف القطط نفسها بألسنتها.,Amir,Amazon Translate
العشب أخضر وينمو من الأرض.,Amir,Amazon Translate
يتميز الشتاء بدرجات حرارة أكثر برودة.,Amir,Amazon Translate
يمكن للكلاب أن تنبح للتواصل.,Amir,Amazon Translate
للأفيال آذان وجذوع كبيرة.,Amir,Amazon Translate
يرتفع الهواء الساخن فوق الهواء البارد.,Amir,Amazon Translate
تمتلك الغزلان قرونًا تتساقط سنويًا.,Amir,Amazon Translate
الحيتان هي أكبر الثدييات البحرية.,Amir,Amazon Translate
يستخدم الفحم كمصدر للوقود.,Amir,Amazon Translate
يؤثر القمر على المد والجزر في المحيط.,Amir,Amazon Translate
الرافعات هي طيور طويلة ذات أعناق طويلة.,Amir,Amazon Translate
تستخدم القرود ذيول لتحقيق التوازن.,Amir,Amazon Translate
تحرك الرياح فروع الأشجار.,Amir,Amazon Translate
تنمو الأغنام الصوف سنويًا.,Amir,Amazon Translate
يعمل الوقود على تشغيل معظم السيارات.,Amir,Amazon Translate
عادة ما تكون الصحاري بيئات جافة.,Amir,Amazon Translate
يحفظ الملح أطعمة معينة.,Amir,Amazon Translate
ينمو الباذنجان على النباتات.,Amir,Amazon Translate
يكتب الطباشير على السبورات.,Amir,Amazon Translate
تعيش ثعالب الماء في الأنهار والبحيرات.,Amir,Amazon Translate
يعض البعوض البشر والحيوانات.,Amir,Amazon Translate
أجهزة الكمبيوتر المحمولة هي أجهزة كمبيوتر محمولة.,Amir,Amazon Translate
تعرض الخرائط الحدود والبلدان.,Amir,Amazon Translate
يحمي Sunblock البشرة من حروق الشمس.,Amir,Amazon Translate
تتطلب كرة القدم العمل الجماعي للعب بفعالية.,Amir,Amazon Translate
تأكل الحيوانات آكلة اللحوم.,Amir,Amazon Translate
تحتوي الحشرات على ثلاثة أجزاء من الجسم.,Amir,Amazon Translate
الحليب هو مشروب أساسي في العديد من الثقافات.,Amir,Amazon Translate
تحتوي رقاقات الثلج على أنماط فريدة.,Amir,Amazon Translate
يمكن للجنادب القفز لمسافات طويلة.,Amir,Amazon Translate
تحافظ الجاذبية على الأشياء على الأرض.,Amir,Amazon Translate
الخنازير حيوانات المزرعة.,Amir,Amazon Translate
تبث أجهزة الراديو الموسيقى والأخبار.,Amir,Amazon Translate
يضع الدجاج البيض للطعام.,Amir,Amazon Translate
يمكن رسم الخرائط بمقاييس مختلفة.,Amir,Amazon Translate
نباتات وأشجار مياه الأمطار.,Amir,Amazon Translate
الفولاذ أقوى من الحديد.,Amir,Amazon Translate
الماء ضروري لجميع أشكال الحياة المعروفة.,Amir,Amazon Translate
يمكن للضفادع أن تصرخ بصوت عالٍ.,Amir,Amazon Translate
يتم حصاد الذرة في أواخر الصيف.,Amir,Amazon Translate
الدلافين مخلوقات اجتماعية في البرية.,Amir,Amazon Translate
القواقع لها أصداف لولبية.,Amir,Amazon Translate
يحمل النمل أحمالًا أثقل من أجسامهم.,Amir,Amazon Translate
يُزرع الزنبق من البصيلات الموجودة في التربة.,Amir,Amazon Translate
توفر الشمس الضوء خلال النهار.,Amir,Amazon Translate
يتشكل المطر عندما تصبح السحب مشبعة.,Amir,Amazon Translate
تستخدم القطط ذيولها لتحقيق التوازن.,Amir,Amazon Translate
يقتل الماء المغلي العديد من الجراثيم.,Amir,Amazon Translate
ينمو الموز في مجموعات على الأشجار.,Amir,Amazon Translate
تعمل المراوح الكهربائية على تبريد الغرف.,Amir,Amazon Translate
تتواصل الذئاب عن طريق العواء.,Amir,Amazon Translate
الذرة هي محصول حبوب شائع.,Amir,Amazon Translate
تنقل الطائرات الركاب عبر مسافات طويلة.,Amir,Amazon Translate
تحتوي معظم الأسماك على قشور على جلدها.,Amir,Amazon Translate
تحفر الأرانب الجحور بحثًا عن مأوى.,Amir,Amazon Translate
يبث التلفزيون مجموعة متنوعة من البرامج.,Amir,Amazon Translate
تنبح الكلاب لتنبيه أصحابها.,Amir,Amazon Translate
تتجول طيور البطريق على الأرض.,Amir,Amazon Translate
يحتوي البطيخ في الغالب على الماء.,Amir,Amazon Translate
غالبًا ما تتأرجح القرود من أغصان الأشجار.,Amir,Amazon Translate
تنمو الفراشات من اليرقات.,Amir,Amazon Translate
تقع فرنسا في أوروبا.,Amir,Amazon Translate
تقوم الخيول بالركض بسرعة.,Amir,Amazon Translate
تعيش الدلافين في بيئات المياه المالحة.,Amir,Amazon Translate
تستخدم الأقلام للكتابة على الورق.,Amir,Amazon Translate
يحتوي سطح القمر على العديد من الحفر.,Amir,Amazon Translate
الحليب مصدر للكالسيوم.,Amir,Amazon Translate
يمكن أن يتسبب البرق في حرائق الغابات.,Amir,Amazon Translate
يمكن أن يكون الخيار مخللًا.,Amir,Amazon Translate
تحتوي معظم القمصان على أكمام.,Amir,Amazon Translate
النمور هي ثدييات آكلة اللحوم.,Amir,Amazon Translate
يتم خبز الخبز في الأفران.,Amir,Amazon Translate
تحتوي الحمير الوحشية على جلود مخططة.,Amir,Amazon Translate
ينضج التفاح في أواخر الصيف.,Amir,Amazon Translate
الصابون يذيب الشحوم والأوساخ.,Amir,Amazon Translate
طن متري. إيفرست هي وجهة تسلق شهيرة.,Amir,Amazon Translate
يمكن للكتب أن تحكي قصصًا خيالية.,Amir,Amazon Translate
النسور الصلعاء موطنها أمريكا الشمالية.,Amir,Amazon Translate
تعتبر أسماك القرش من الحيوانات المفترسة الرئيسية في المحيطات.,Amir,Amazon Translate
تحتوي آلات البيانو على مفاتيح سوداء وبيضاء.,Amir,Amazon Translate
تعرض الساعات الرقمية الوقت عدديًا.,Amir,Amazon Translate
الكراسي مصممة للجلوس.,Amir,Amazon Translate
يصيح الديوك عند الفجر.,Amir,Amazon Translate
تأتي الورود بألوان عديدة.,Amir,Amazon Translate
تعيش أفراس النهر في الأنهار والبحيرات الأفريقية.,Amir,Amazon Translate
تعرض التقويمات الأيام والأسابيع والشهور.,Amir,Amazon Translate
تساعد المظلات على الهبوط البطيء من المرتفعات.,Amir,Amazon Translate
تُعرف الأسود باسم «ملك الغابة».,Amir,Amazon Translate
يمكن أن يسبب الفول السوداني ردود فعل تحسسية.,Amir,Amazon Translate
الجزر مفيد لصحة الرؤية.,Amir,Amazon Translate
يطير الأوز في شكل V.,Amir,Amazon Translate
تحتفظ أشجار الصنوبر بإبرها في الشتاء.,Amir,Amazon Translate
ينمو العنب في مجموعات.,Amir,Amazon Translate
تتشكل مكعبات الثلج في المجمدات.,Amir,Amazon Translate
يلدغ قناديل البحر بمخالبها.,Amir,Amazon Translate
يستخدم سماد الخيول كسماد.,Amir,Amazon Translate
يتم ارتداء معاطف المطر خلال المواسم الرطبة.,Amir,Amazon Translate
الزلازل تهز الأرض بسبب الحركة التكتونية.,Amir,Amazon Translate
يمكن لليزر مسح الباركود بسرعة.,Amir,Amazon Translate
يتم استخدام العملات لإجراء التغيير.,Amir,Amazon Translate
تتحول الفراولة إلى اللون الأحمر عندما تنضج.,Amir,Amazon Translate
ملح الطعام هو كلوريد الصوديوم.,Amir,Amazon Translate
وحيد القرن له قرن أو قرنين.,Amir,Amazon Translate
تتمتع الأخطبوطات بأذرع مرنة.,Amir,Amazon Translate
تجمع السناجب المكسرات لفصل الشتاء.,Amir,Amazon Translate
تتصلب الحمم البركانية لتتحول إلى صخور بركانية.,Amir,Amazon Translate
الكوسة هي نوع من القرع.,Amir,Amazon Translate
الأعاصير هي رياح عنيفة تدور.,Amir,Amazon Translate
تتكاثر السرخس باستخدام الجراثيم.,Amir,Amazon Translate
يمكن أن تشير الخرائط إلى تغييرات الارتفاع.,Amir,Amazon Translate
يغطي المحيط الهادئ مساحات كبيرة من الأرض.,Amir,Amazon Translate
يمكن للكلاب التعرف على الأشخاص المألوفين.,Amir,Amazon Translate
ترسخ جذور الأشجار النبات في التربة.,Amir,Amazon Translate
الطيور لها مناقير بدلاً من أسنان.,Amir,Amazon Translate
يذوب الجليد عند درجات حرارة أعلى من الصفر.,Amir,Amazon Translate
يساعد المطر المحاصيل على النمو.,Amir,Amazon Translate
تذوب الشوكولاتة في الظروف الدافئة.,Amir,Amazon Translate
الفئران هي قوارض ليلية صغيرة.,Amir,Amazon Translate
يرتفع البخار من الماء المغلي.,Amir,Amazon Translate
يعكس القمر ضوء الشمس في الليل.,Amir,Amazon Translate
تنام الخفافيش معلقة رأسًا على عقب.,Amir,Amazon Translate
الزبادي مصنوع من الثقافات البكتيرية.,Amir,Amazon Translate
يتم الاحتفاظ بالكتب للقراءة.,Amir,Amazon Translate
تنمو الفراولة بالقرب من الأرض.,Amir,Amazon Translate
الهواء البارد أكثر كثافة من الهواء الدافئ.,Amir,Amazon Translate
يمكن للإبل تخزين الماء في أجسامها.,Amir,Amazon Translate
الذهب لا يصدأ.,Amir,Amazon Translate
تطلق النباتات الأكسجين أثناء عملية التمثيل الضوئي.,Amir,Amazon Translate
تعيش الأسود في السافانا الأفريقية.,Amir,Amazon Translate
غالبًا ما يستخدم الخس في السلطات.,Amir,Amazon Translate
الخيزران هو نوع من العشب.,Amir,Amazon Translate
يمكن أن تكون البطاطس مهروسة أو مقلية.,Amir,Amazon Translate
يتحول لون الموز إلى اللون البني عند الإفراط في النضج.,Amir,Amazon Translate
تتمتع الدائرة القطبية الشمالية بليالي شتوية طويلة.,Amir,Amazon Translate
تتكون أجسام قناديل البحر في الغالب من الماء.,Amir,Amazon Translate
تحتوي فاكهة الكيوي على بذور سوداء بالداخل.,Amir,Amazon Translate
التماسيح لها فكوك قوية.,Amir,Amazon Translate
تتميز قمم الجبال بدرجات حرارة أقل من الوديان.,Amir,Amazon Translate
البلاستيك شائع في التغليف.,Amir,Amazon Translate
يمتلك وحيد القرن جلدًا سميكًا وقائيًا.,Amir,Amazon Translate
تُلعب كرة السلة في الملعب.,Amir,Amazon Translate
الهواء النقي مهم للتنفس.,Amir,Amazon Translate
تستخدم أوراق الباندان في الطبخ الآسيوي.,Amir,Amazon Translate
ينمو الجزر تحت الأرض.,Amir,Amazon Translate
تنمو حبوب البن على الشجيرات.,Amir,Amazon Translate
يأكل الماعز أوراق الشجر والعشب.,Amir,Amazon Translate
الجبن قديم للنكهة.,Amir,Amazon Translate
تجري الحمير الوحشية في قطعان بحثًا عن الأمان.,Amir,Amazon Translate
تحتوي ثعالب الماء على فراء كثيف للعزل.,Amir,Amazon Translate
الفول السوداني هو في الواقع من البقوليات.,Amir,Amazon Translate
يسقط الجوز من أشجار البلوط في الخريف.,Amir,Amazon Translate
عواء الذئب يسافر لمسافات طويلة.,Amir,Amazon Translate
يمكن أن تقلع المروحيات عموديًا.,Amir,Amazon Translate
ينجذب البعوض إلى التنفس البشري.,Amir,Amazon Translate
يمكن جمع مياه الأمطار بالبراميل.,Amir,Amazon Translate
تتحكم فأرة الكمبيوتر في الحركة على الشاشة.,Amir,Amazon Translate
يمكن لنجم البحر إعادة نمو ذراعيه المفقودة.,Amir,Amazon Translate
تتحرك الكسلان ببطء عبر الأشجار.,Amir,Amazon Translate
تتجمع طيور البطريق للحفاظ على الدفء.,Amir,Amazon Translate
يتم حصاد معظم البرتقال في الشتاء.,Amir,Amazon Translate
تأكل اليرقات الأوراق قبل التشرنق.,Amir,Amazon Translate
المنارات ترشد السفن في البحر.,Amir,Amazon Translate
تحمي السلاحف نفسها باستخدام الأصداف.,Amir,Amazon Translate
تنحت الأنهار القنوات بمرور الوقت.,Amir,Amazon Translate
يستخدم القرع للفطائر.,Amir,Amazon Translate
ينتج عباد الشمس بذورًا صالحة للأكل.,Amir,Amazon Translate
تتشبث الأبراص بالأسطح باستخدام وسادات خاصة لأصابع القدم.,Amir,Amazon Translate
يُطلق على كوكب الزهرة اسم كوكب الأرض المزدوج.,Amir,Amazon Translate
مشابك الورق مصنوعة من سلك مثني.,Amir,Amazon Translate
يتشكل الثلج من بخار الماء المجمد.,Amir,Amazon Translate
غالبًا ما تتكون الجبال من صفائح تكتونية.,Amir,Amazon Translate
تتواصل الأسود من خلال الزئير.,Amir,Amazon Translate
يستخدم الشطرنج جيشين من القطع.,Amir,Amazon Translate
يتم طحن القمح لصنع الدقيق.,Amir,Amazon Translate
براعم الخيزران صالحة للأكل.,Amir,Amazon Translate
الدخان يرتفع فوق النار.,Amir,Amazon Translate
يكتشف الرادار الأشياء باستخدام موجات الراديو.,Amir,Amazon Translate
تطفو الجبال الجليدية في المحيطات القطبية.,Amir,Amazon Translate
تضع معظم الثعابين البيض.,Amir,Amazon Translate
يستخدم النمل الفيرومونات للتواصل.,Amir,Amazon Translate
يمكن أن يضرب البرق عدة مرات.,Amir,Amazon Translate
تتحول الضفادع الصغيرة إلى ضفادع.,Amir,Amazon Translate
ينبض القلب بشكل لا إرادي.,Amir,Amazon Translate
يمكن للسحالي إسقاط ذيولها للهروب من الحيوانات المفترسة.,Amir,Amazon Translate
غالبًا ما تحتوي الفواكه على بذور للتكاثر.,Amir,Amazon Translate
تعمل المصابيح الكهربائية على تحويل الكهرباء إلى ضوء مرئي.,Amir,Amazon Translate
تحتوي السيارات على أربع عجلات لتحقيق الاستقرار.,Amir,Amazon Translate
عادة ما يتم صنع الفطيرة بقشرة المعجنات.,Amir,Amazon Translate
تتطلب الدراجات الدواسة للمضي قدمًا.,Amir,Amazon Translate
يستخدم الورق للكتابة والطباعة.,Amir,Amazon Translate
يتم تخمير القهوة من الفاصوليا المحمصة.,Amir,Amazon Translate
يمكن للفهود الركض بشكل أسرع من الحيوانات الأخرى.,Amir,Amazon Translate
تعيش الذئاب في مجموعات عائلية تسمى الحزم.,Amir,Amazon Translate
فرشاة الأسنان تنظف الأسنان واللثة.,Amir,Amazon Translate
يوصي أطباء الأسنان بالفرشاة مرتين في اليوم.,Amir,Amazon Translate
يتم الاحتفاظ بالأغنام من أجل الصوف.,Amir,Amazon Translate
تقوم أجهزة الكمبيوتر بتخزين المعلومات ومعالجتها.,Amir,Amazon Translate
الماء ضروري لنمو النبات.,Amir,Amazon Translate
تنمو العديد من أنواع الفطر بعد المطر.,Amir,Amazon Translate
يقوم النحل بتلقيح العديد من النباتات المزهرة.,Amir,Amazon Translate
تخرخر القطط عندما تشعر بالراحة.,Amir,Amazon Translate
التفاح شائع في الفطائر.,Amir,Amazon Translate
تضع معظم الزواحف البيض.,Amir,Amazon Translate
تتحرك الثعابين بدون أرجل عن طريق الانزلاق.,Amir,Amazon Translate
الطيور لديها ريش للعزل.,Amir,Amazon Translate
يحمل المطر العناصر الغذائية إلى التربة.,Amir,Amazon Translate
ينضج الموز بعد قطفه.,Amir,Amazon Translate
العشب هو غطاء أرضي شائع.,Amir,Amazon Translate
يشير غروب الشمس إلى نهاية اليوم.,Amir,Amazon Translate
يغطي الثلج الأرض خلال فصل الشتاء.,Amir,Amazon Translate
تغذي الثدييات الحليب لصغارها.,Amir,Amazon Translate
الشطرنج هي لعبة لوحية ثنائية اللاعبين.,Amir,Amazon Translate
شبكات العنكبوت مصنوعة من الحرير.,Amir,Amazon Translate
يأتي الحليب من الثدييات.,Amir,Amazon Translate
يستخدم الفول السوداني لصنع الزبدة.,Amir,Amazon Translate
يتم إنشاء الفولاذ عن طريق إضافة الكربون إلى الحديد.,Amir,Amazon Translate
أقواس قزح هي أقواس من الضوء الملون.,Amir,Amazon Translate
تمتلك الدببة القطبية فروًا سميكًا للدفء.,Amir,Amazon Translate
القطب الشمالي بارد معظم العام.,Amir,Amazon Translate
تمتص النباتات ثاني أكسيد الكربون لعملية التمثيل الضوئي.,Amir,Amazon Translate
المدن هي مناطق حضرية ذات كثافة سكانية عالية.,Amir,Amazon Translate
يحمل الكنغر الصغار في أكياس.,Amir,Amazon Translate
البطاطا الحلوة غنية بالألياف.,Amir,Amazon Translate
يمكن أن تعرض الخرائط الارتفاع بخطوط الكنتور.,Amir,Amazon Translate
تتطلب السيارات صيانة دورية.,Amir,Amazon Translate
يحتوي المغناطيس على قطبين شمالي وجنوبي.,Amir,Amazon Translate
تتنقل الخفافيش في الظلام باستخدام الصوت.,Amir,Amazon Translate
طيور البطريق لها ريش مقاوم للماء.,Amir,Amazon Translate
غالبًا ما يستخدم العسل كمُحلي.,Amir,Amazon Translate
الزجاج مصنوع من الرمل والحرارة.,Amir,Amazon Translate
تتواصل الحيتان بأصوات منخفضة التردد.,Amir,Amazon Translate
تعمل مشابك الورق على تثبيت الأوراق معًا.,Amir,Amazon Translate
المايونيز مصنوع من البيض والزيت.,Amir,Amazon Translate
يأتي الجبن في العديد من الأصناف.,Amir,Amazon Translate
يمكن مسح علامات الطباشير.,Amir,Amazon Translate
عادة ما يتم تقديم الحساء ساخنًا.,Amir,Amazon Translate
تعرض الخرائط المعلومات بشكل مرئي.,Amir,Amazon Translate
يتم استخدام النار لطهي الطعام.,Amir,Amazon Translate
يعتبر الذهب معدنًا ثمينًا.,Amir,Amazon Translate
يمكن للمطر تجديد مصادر المياه الجوفية.,Amir,Amazon Translate
يحتاج معظم البالغين إلى ثماني ساعات من النوم.,Amir,Amazon Translate
يؤكل الخيار في السلطات.,Amir,Amazon Translate
يمكن صنع الحساء بالعديد من المكونات.,Amir,Amazon Translate
تضع السلاحف بيضها على الشواطئ الرملية.,Amir,Amazon Translate
الكوارتز معدن شائع.,Amir,Amazon Translate
تقوم مفاتيح لوحة المفاتيح بإدخال البيانات إلى أجهزة الكمبيوتر.,Amir,Amazon Translate
تعيش حيوانات الفظ في بيئات بحرية باردة.,Amir,Amazon Translate
تأكل السناجب الجوز.,Amir,Amazon Translate
تقوم الدباسة بربط الأوراق معًا.,Amir,Amazon Translate
يزيد المطر من رطوبة التربة.,Amir,Amazon Translate
تستخدم الكلاب كحيوانات خدمة.,Amir,Amazon Translate
تسير السيارات على الطرق المعبدة.,Amir,Amazon Translate
الخبز مصنوع من دقيق القمح.,Amir,Amazon Translate
تتواصل القطط عن طريق المواء والخرخر.,Amir,Amazon Translate
يوفر البيض البروتين في الوجبات الغذائية.,Amir,Amazon Translate
يذوب الجليد في درجات حرارة دافئة.,Amir,Amazon Translate
تنقل الحافلات عدة ركاب في وقت واحد.,Amir,Amazon Translate
الماء يرطب الكائنات الحية.,Amir,Amazon Translate
ترعى الأبقار في الحقول المفتوحة.,Amir,Amazon Translate
يمكن للكاميرات تسجيل الصور المتحركة.,Amir,Amazon Translate
تحتوي الكتب على معلومات مكتوبة.,Amir,Amazon Translate
النمور لديها خطوط للتمويه.,Amir,Amazon Translate
يضع البعوض البيض في الماء.,Amir,Amazon Translate
تتفتح الورود في الربيع.,Amir,Amazon Translate
تدعم التربة جذور النباتات.,Amir,Amazon Translate
يساعد الصابون على إزالة الجراثيم.,Amir,Amazon Translate
تقوم المراوح الكهربائية بتوزيع الهواء البارد.,Amir,Amazon Translate
تمثل الخرائط المساحات الجغرافية.,Amir,Amazon Translate
ينمو العشب بسرعة في الربيع.,Amir,Amazon Translate
يمكن للقطط تسلق الأشجار.,Amir,Amazon Translate
يتم ارتداء أحذية المطر في الظروف الرطبة.,Amir,Amazon Translate
تُلعب كرة القدم في الملعب.,Amir,Amazon Translate
أقلام الرصاص مصنوعة من الخشب والجرافيت.,Amir,Amazon Translate
الجوارب تحافظ على دفء القدمين.,Amir,Amazon Translate
تطير الطيور باستخدام الأجنحة.,Amir,Amazon Translate
يتدفق الماء إلى أسفل التل.,Amir,Amazon Translate
تبدو الشمس أكبر عند شروق الشمس.,Amir,Amazon Translate
تؤثر الرياح على أنماط الطقس.,Amir,Amazon Translate
يستخدم الخيزران في البناء.,Amir,Amazon Translate
الحيتان هي ثدييات.,Amir,Amazon Translate
يفسد الحليب إذا ترك بدون تبريد.,Amir,Amazon Translate
يمكن جمع العملات كهواية.,Amir,Amazon Translate
توفر الوسائد دعم الرأس.,Amir,Amazon Translate
يتم تخزين العسل في أقراص العسل.,Amir,Amazon Translate
تسلط الخرائط الضوء على الحدود السياسية.,Amir,Amazon Translate
يهاجر الأوز لمسافات طويلة.,Amir,Amazon Translate
يتدفق النسغ من أشجار القيقب.,Amir,Amazon Translate
يتم تزويد السيارات بالبنزين أو الكهرباء.,Amir,Amazon Translate
الاستحمام ينظف جسم الإنسان.,Amir,Amazon Translate
الأعاصير عبارة عن أعمدة هوائية سريعة الدوران.,Amir,Amazon Translate
يتم قطف التفاح في الخريف.,Amir,Amazon Translate
يرافق البرق العديد من العواصف الرعدية.,Amir,Amazon Translate
النسور تصطاد الحيوانات الصغيرة.,Amir,Amazon Translate
توفر الأبواب الدخول والخروج.,Amir,Amazon Translate
الدلافين قادرة على القفز.,Amir,Amazon Translate
يمكن إعادة تدوير الأكياس البلاستيكية.,Amir,Amazon Translate
تؤكل الذرة طازجة أو مثل الفشار.,Amir,Amazon Translate
تعمل المكبرات على تكبير الأشياء الصغيرة.,Amir,Amazon Translate
المعكرونة مصنوعة من القمح القاسي.,Amir,Amazon Translate
يحتوي القرع على بذور صالحة للأكل.,Amir,Amazon Translate
تستقبل أجهزة الراديو إشارات البث.,Amir,Amazon Translate
يمكن للببغاوات تعلم الحيل البسيطة.,Amir,Amazon Translate
تستخدم ثعالب الماء أدوات لفتح الطعام.,Amir,Amazon Translate
السحالي لها جلد متقشر.,Amir,Amazon Translate
الشمس هي نجمة في مركز نظامنا الشمسي.,Amir,Amazon Translate
يتم تربية الأبقار للحصول على الحليب واللحوم.,Amir,Amazon Translate
تتحول الأوراق إلى اللون الأصفر في الخريف.,Amir,Amazon Translate
تتدفق معظم الأنهار نحو البحر.,Amir,Amazon Translate
تحتاج النباتات إلى الماء للبقاء على قيد الحياة.,Amir,Amazon Translate
تستخدم أقلام الرصاص للكتابة أو الرسم.,Amir,Amazon Translate
يُحفظ الحليب باردًا في الثلاجة.,Amir,Amazon Translate
يمكن أن يضرب البرق أثناء العواصف.,Amir,Amazon Translate
يمكن للبوم أن يرى جيدًا في الظلام.,Amir,Amazon Translate
الببغاوات لها مناقير منحنية.,Amir,Amazon Translate
المحيط الهادئ هو أكبر محيط على الأرض.,Amir,Amazon Translate
يمكن أن تعرض الخرائط الطرق والمدن.,Amir,Amazon Translate
تهز الكلاب ذيولها عندما تكون سعيدة.,Amir,Amazon Translate
تعيش المحار في المحيطات.,Amir,Amazon Translate
يمكن أن تكون الكتب خيالية أو غير خيالية.,Amir,Amazon Translate
يتشكل الماس في أعماق الأرض.,Amir,Amazon Translate
الأسود هي جزء من عائلة القطط.,Amir,Amazon Translate
تعيش الضفادع في الماء أو بالقرب منه.,Amir,Amazon Translate
تحتاج حوافر الخيول إلى رعاية منتظمة.,Amir,Amazon Translate
غالبًا ما يجلب الشتاء درجات حرارة باردة.,Amir,Amazon Translate
تهبط الطائرات على مدارج الطائرات.,Amir,Amazon Translate
تنتقل القطارات بين المدن والبلدات.,Amir,Amazon Translate
تحتاج السيارات إلى عبوات وقود منتظمة.,Amir,Amazon Translate
تنمو الطماطم على الكروم.,Amir,Amazon Translate
يمكن أن تُظهر الخرائط ارتفاعات الجبال.,Amir,Amazon Translate
تفقس الفراشات من الشرانق.,Amir,Amazon Translate
العملات لها قيم مختلفة.,Amir,Amazon Translate
تعيش الحيتان في المحيطات.,Amir,Amazon Translate
تتساقط الأوراق في موسم الخريف.,Amir,Amazon Translate
يتم لعب الجولف بالهراوات والكرات.,Amir,Amazon Translate
يزور النحل العديد من أنواع الزهور.,Amir,Amazon Translate
الجزر من الخضروات الجذرية.,Amir,Amazon Translate
يتم إنتاج الجبن من حليب الحيوانات.,Amir,Amazon Translate
تنبح الكلاب لأسباب عديدة.,Amir,Amazon Translate
تتكون الجبال من قوى جيولوجية.,Amir,Amazon Translate
تنتج النجوم الطاقة من خلال الاندماج النووي.,Amir,Amazon Translate
تشتهر الصراصير بالنقيق.,Amir,Amazon Translate
يستخدم البلاستيك للعديد من المنتجات.,Amir,Amazon Translate
الكاسواري هي طيور كبيرة لا تطير.,Amir,Amazon Translate
ينمو الأرز في الحقول المغمورة.,Amir,Amazon Translate
يبيع البقالون الفواكه والخضروات.,Amir,Amazon Translate
تقوم طيور العقعق بجمع الأشياء اللامعة.,Amir,Amazon Translate
تستخدم الخرائط الرموز لعرض المعالم.,Amir,Amazon Translate
الدلافين حيوانات بحرية ذكية.,Amir,Amazon Translate
تسافر الطائرات بشكل أسرع من السيارات.,Amir,Amazon Translate
تم العثور على الحفريات في الصخور الرسوبية.,Amir,Amazon Translate
ينمو العنب في عناقيد على الكروم.,Amir,Amazon Translate
تذوب الزبدة على الخبز الدافئ.,Amir,Amazon Translate
الكيوي نوع من الفاكهة.,Amir,Amazon Translate
يقوم المعدن بتوصيل الكهرباء بشكل جيد.,Amir,Amazon Translate
تتطلب الألواح الشمسية ضوء الشمس لتعمل.,Amir,Amazon Translate
الببغاوات هي طيور صغيرة ملونة.,Amir,Amazon Translate
يأتي معظم الشاي من أوراق الكاميليا الصينية.,Amir,Amazon Translate
تعد الخرائط ذات قيمة للتنقل.,Amir,Amazon Translate
يغلي الماء عند مائة درجة مئوية عند مستوى سطح البحر.,Amir,Amazon Translate
القطط لديها مخالب قابلة للسحب للتسلق والصيد.,Amir,Amazon Translate
تتلقى الصحاري أقل من عشر بوصات من الأمطار سنويًا.,Amir,Amazon Translate
يتواصل نحل العسل باستخدام أنماط الرقص.,Amir,Amazon Translate
تدور الكواكب حول الشمس بسبب قوى الجاذبية.,Amir,Amazon Translate
تخزن البطاريات الطاقة الكهربائية للاستخدام المستقبلي.,Amir,Amazon Translate
يقوم القلب بتوزيع الدم في جميع أنحاء جسم الإنسان.,Amir,Amazon Translate
يجب أن تستمر أسماك القرش في السباحة للتنفس.,Amir,Amazon Translate
تبدأ الضفادع حياتها كشراغف مائية.,Amir,Amazon Translate
يذوب الملح بسهولة في الماء.,Amir,Amazon Translate
طيور البطريق هي طيور لا تطير تتكيف مع المناخات الباردة.,Amir,Amazon Translate
تتطلب النار الحرارة والوقود والأكسجين.,Amir,Amazon Translate
تتحرك قناديل البحر عن طريق تقلص أجسامها وإرخائها.,Amir,Amazon Translate
تتخلص السحالي من جلدها أثناء نموها.,Amir,Amazon Translate
معظم الثعابين آكلة اللحوم.,Amir,Amazon Translate
تعرض الخرائط البلدان والمدن والميزات الجغرافية.,Amir,Amazon Translate
ينمو العشب من بذور تسمى الحبوب.,Amir,Amazon Translate
تأكل الأبقار العشب وتنتج الحليب.,Amir,Amazon Translate
تحتاج الطائرات إلى مدارج للإقلاع والهبوط.,Amir,Amazon Translate
تحتوي مستعمرات النمل على تقسيم للعمل.,Amir,Amazon Translate
تحتوي الغابات المطيرة على تنوع بيولوجي مرتفع.,Amir,Amazon Translate
الأكواخ الثلجية عبارة عن ملاجئ مبنية من كتل الجليد.,Amir,Amazon Translate
تنمو أشجار النخيل في المناخات الاستوائية.,Amir,Amazon Translate
تزدهر الطحالب في البيئات الرطبة والمظللة.,Amir,Amazon Translate
تحتوي الأخطبوطات على ثلاثة قلوب ودم أزرق.,Amir,Amazon Translate
ضوء الشمس هو المصدر الرئيسي لطاقة الأرض.,Amir,Amazon Translate
يطفو التوت البري في الماء بسبب الجيوب الهوائية.,Amir,Amazon Translate
تتحرك الأنهار الجليدية ببطء عبر الأرض.,Amir,Amazon Translate
تقوم المحايات بإزالة علامات القلم الرصاص من الورق.,Amir,Amazon Translate
يذوب السكر بسرعة في السوائل الساخنة.,Amir,Amazon Translate
يقفز الكنغر باستخدام أرجله الخلفية القوية.,Amir,Amazon Translate
تغذي مياه الأمطار المحاصيل والنباتات.,Amir,Amazon Translate
الكتب هي مصدر للمعلومات والقصص.,Amir,Amazon Translate
تندلع البراكين عندما تصل الصهارة إلى سطح الأرض.,Amir,Amazon Translate
تساعد السلالم الأشخاص في الوصول إلى الأشياء العالية.,Amir,Amazon Translate
يقلل الطقس الغائم من ضوء الشمس على الأرض.,Amir,Amazon Translate
تتدفق الأنهار من أعلى إلى أسفل الأرض.,Amir,Amazon Translate
يمكن للأتراك الطيران لمسافات قصيرة.,Amir,Amazon Translate
البصل عبارة عن بصيلات تنمو تحت الأرض.,Amir,Amazon Translate
تم بناء القلاع الرملية على الشواطئ ذات الرمال الرطبة.,Amir,Amazon Translate
تتحرك القواقع باستخدام القدم العضلية.,Amir,Amazon Translate
البرق هو تفريغ للكهرباء أثناء العواصف.,Amir,Amazon Translate
تنتج الجنادب أصواتًا عن طريق فرك أرجلها.,Amir,Amazon Translate
تنفجر فقاعات الصابون عندما تجف.,Amir,Amazon Translate
سترات المطر تحمي الملابس في الطقس الرطب.,Amir,Amazon Translate
تعتني القطط بنفسها عن طريق لعق فرائها.,Amir,Amazon Translate
تتدفق الأنهار إلى أسفل التل بسبب الجاذبية.,Amir,Amazon Translate
تمتص الأوراق ضوء الشمس لنمو النبات.,Amir,Amazon Translate
تعيش طيور البطريق بشكل رئيسي بالقرب من القطب الجنوبي.,Amir,Amazon Translate
توفر الخرائط معلومات جغرافية.,Amir,Amazon Translate
تولد توربينات الرياح الكهرباء من طاقة الرياح.,Amir,Amazon Translate
تذوب الشوكولاتة في فمك.,Amir,Amazon Translate
تمتلك العديد من الثدييات الفراء لتظل دافئة.,Amir,Amazon Translate
الريش يساعد الطيور على الطيران.,Amir,Amazon Translate
تساعد العجلات المركبات على التحرك بكفاءة.,Amir,Amazon Translate
الأنهار الجليدية هي أجسام جليدية ضخمة بطيئة الحركة.,Amir,Amazon Translate
تعرض الألعاب النارية الأضواء والألوان الساطعة.,Amir,Amazon Translate
تشتهر الكلاب بالولاء للبشر.,Amir,Amazon Translate
تحتوي الغابات المطيرة على نباتات كثيفة ورطوبة عالية.,Amir,Amazon Translate
الخفافيش هي ثدييات قادرة على الطيران الحقيقي.,Amir,Amazon Translate
تتميز النمور بخطوط برتقالية وسوداء مميزة.,Amir,Amazon Translate
يتم استخدام العملات المعدنية كأموال في المعاملات.,Amir,Amazon Translate
تعيش أسماك القرش في المحيطات حول العالم.,Amir,Amazon Translate
الأوركا هي أكبر أعضاء عائلة الدلافين.,Amir,Amazon Translate
يتم دق المسامير في الخشب للبناء.,Amir,Amazon Translate
الساعات تتبع الوقت.,Amir,Amazon Translate
تغرد الصراصير لجذب الأصدقاء.,Amir,Amazon Translate
ينمو الفطر في أماكن رطبة ومظلمة.,Amir,Amazon Translate
تسحب السلاحف رؤوسها إلى أصدافها من أجل الأمان.,Amir,Amazon Translate
يحدث غروب الشمس عندما تسقط الشمس تحت الأفق.,Amir,Amazon Translate
يسقط المطر من السحب في الغلاف الجوي.,Amir,Amazon Translate
يحتوي سرطان البحر على هيكل خارجي صلب للحماية.,Amir,Amazon Translate
تعمل السيارات بالبنزين أو الكهرباء أو الديزل.,Amir,Amazon Translate
تجذب الجبال السياح للتنزه والتزلج.,Amir,Amazon Translate
تساعد الخرائط في تحديد الأماكن حول العالم.,Amir,Amazon Translate
يتم تقطيع الخبز إلى شرائح للسندويشات.,Amir,Amazon Translate
تنمو الذرة في سيقان طويلة في الحقول.,Amir,Amazon Translate
الفاصوليا مصدر جيد للبروتين.,Amir,Amazon Translate
تفتح المفاتيح الأقفال للأمان.,Amir,Amazon Translate
غالبًا ما تكون الزجاجات البلاستيكية قابلة لإعادة التدوير.,Amir,Amazon Translate
الكلاب هي ثدييات مستأنسة.,Amir,Amazon Translate
يوجد العشب بشكل شائع في المروج.,Amir,Amazon Translate
الشمس هي نجمة.,Amir,Amazon Translate
تقوم الأوراق بعملية التمثيل الضوئي لطاقة النبات.,Amir,Amazon Translate
الصوف يأتي من الأغنام.,Amir,Amazon Translate
توفر الإطارات قوة الجر للسيارات.,Amir,Amazon Translate
تنمو الأشجار حلقات سنوية.,Amir,Amazon Translate
تدعم التربة معظم النباتات الأرضية.,Amir,Amazon Translate
تحتوي الدراجات النارية على عجلتين.,Amir,Amazon Translate
طيور البطريق هي طيور.,Amir,Amazon Translate
يجف الطلاء بشكل أسرع في الهواء الجاف.,Amir,Amazon Translate
الرمل مصنوع من الصخور الصغيرة.,Amir,Amazon Translate
الرافعات لها أرجل طويلة.,Amir,Amazon Translate
البطاطس هي غذاء أساسي.,Amir,Amazon Translate
تواجه زهور عباد الشمس الشرق في الصباح.,Amir,Amazon Translate
تُظهر الخرائط الاتجاهات الأساسية.,Amir,Amazon Translate
ينمو الطحلب في البقع الظليلة.,Amir,Amazon Translate
يتكاثر الفطر بالجراثيم.,Amir,Amazon Translate
الباذنجان من الخضروات الأرجوانية.,Amir,Amazon Translate
يتسبب البصل في تمزق العينين.,Amir,Amazon Translate
تستخدم المكاتب للكتابة.,Amir,Amazon Translate
تحتوي أسماك القرش على هياكل عظمية غضروفية.,Amir,Amazon Translate
الحمام من طيور المدينة الشائعة.,Amir,Amazon Translate
الجزر برتقالي وحلو.,Amir,Amazon Translate
تتكون رقاقات الثلج من الماء المتساقط.,Amir,Amazon Translate
يتم استخراج الزيت من البذور.,Amir,Amazon Translate
تعمل القطارات على المسارات.,Amir,Amazon Translate
يمكن تجفيف المشمش لتناول الوجبات الخفيفة.,Amir,Amazon Translate
معاطف المطر مقاومة للماء.,Amir,Amazon Translate
يمكن أن يكون الفلفل حارًا.,Amir,Amazon Translate
تصدر مكبرات الصوت موجات صوتية.,Amir,Amazon Translate
تحتوي جوز الهند على قشور صلبة.,Amir,Amazon Translate
يقوم الشريط اللاصق بلصق سطحين معًا.,Amir,Amazon Translate
أقفال تؤمن الأبواب والبوابات.,Amir,Amazon Translate
سرطان البحر يتحرك جانبيًا.,Amir,Amazon Translate
تحتاج زهور التوليب إلى الطقس البارد لتزدهر.,Amir,Amazon Translate
يخزن الصبار الماء في السيقان.,Amir,Amazon Translate
العشب نبات شائع.,Amir,Amazon Translate
بالونات الهيليوم تطفو.,Amir,Amazon Translate
تأكل الفقمة الأسماك.,Amir,Amazon Translate
فاكهة الكيوي لها قشرة غامضة.,Amir,Amazon Translate
الجبال لها ارتفاعات عالية.,Amir,Amazon Translate
تستخدم الخرائط شريط مقياس.,Amir,Amazon Translate
النسور لها مخالب حادة.,Amir,Amazon Translate
تحرك الرياح أنظمة الطقس.,Amir,Amazon Translate
تحتوي الطماطم على بذور.,Amir,Amazon Translate
تحتوي الكتب على صفحات مطبوعة.,Amir,Amazon Translate
معظم الثعابين تأكل القوارض.,Amir,Amazon Translate
المسامير مصنوعة من الفولاذ.,Amir,Amazon Translate
تظهر أقواس قزح سبعة ألوان.,Amir,Amazon Translate
الأنفاق تذهب تحت الأرض.,Amir,Amazon Translate
يحدث غروب الشمس في الغرب.,Amir,Amazon Translate
تحتوي الخرائط على وردة بوصلة.,Amir,Amazon Translate
الصحاري لديها أمطار قليلة.,Amir,Amazon Translate
يمكن للرافعات أن تطير لمسافات طويلة.,Amir,Amazon Translate
المانجو من الفواكه الاستوائية.,Amir,Amazon Translate
تستخدم ثعالب الماء الصخور كأدوات.,Amir,Amazon Translate
يمكن أن تصيب الحشرات المحاصيل.,Amir,Amazon Translate
تحتوي الشواطئ على الرمال أو الحصى.,Amir,Amazon Translate
تتجمع مياه الأمطار في شكل قطرات.,Amir,Amazon Translate
تصطاد القطط الحيوانات الصغيرة للحصول على الطعام.,Amir,Amazon Translate
تساعد الأدوات الأشخاص على إكمال المهام اليدوية.,Amir,Amazon Translate
غالبًا ما يتم الاحتفاظ بالكلاب كحيوانات أليفة.,Amir,Amazon Translate
ينمو العشب في العديد من البيئات حول العالم.,Amir,Amazon Translate
تقوم الأوراق بعملية التمثيل الضوئي أثناء النهار.,Amir,Amazon Translate
ينمو الموز على النباتات العشبية الكبيرة.,Amir,Amazon Translate
الجزر من الخضروات الجذرية الغنية بفيتامين أ.,Amir,Amazon Translate
تقوم طواحين الهواء بتحويل الرياح إلى طاقة دورانية.,Amir,Amazon Translate
تغرد الصراصير عن طريق فرك أجنحتها.,Amir,Amazon Translate
الخفافيش هي الثدييات الطائرة الوحيدة.,Amir,Amazon Translate
يأتي الفلفل بألوان ونقاط قوة مختلفة.,Amir,Amazon Translate
تنقل سيارات الإطفاء رجال الإطفاء والمعدات.,Amir,Amazon Translate
تمتص الأشجار ثاني أكسيد الكربون من الغلاف الجوي.,Amir,Amazon Translate
تتمتع الكلاب بحاسة شم محسنة.,Amir,Amazon Translate
عادةً ما تتضمن الخرائط مقياسًا ومفتاحًا.,Amir,Amazon Translate
تتمتع الأعاصير برياح دوارة سريعة للغاية.,Amir,Amazon Translate
تستخدم الخرائط خطوطًا ورموزًا للطرق.,Amir,Amazon Translate
تعمل الكهرباء على تشغيل الأضواء والأجهزة الإلكترونية.,Amir,Amazon Translate
تطفو ثعالب الماء على الماء باستخدام الطفو.,Amir,Amazon Translate
يؤكل التفاح نيئًا أو مطبوخًا.,Amir,Amazon Translate
توفر أعمدة الإنارة إضاءة الشوارع ليلاً.,Amir,Amazon Translate
تتطلب الطائرات مطارات من أجل الهبوط الآمن.,Amir,Amazon Translate
الصقور من الطيور المعروفة بالغوص السريع.,Amir,Amazon Translate
تنمو الفراولة من النباتات المزهرة الصغيرة.,Amir,Amazon Translate
ينمو التين على الأشجار المتساقطة.,Amir,Amazon Translate
تقوم سماعات الرأس بتوصيل الصوت مباشرة إلى الأذنين.,Amir,Amazon Translate
يستخدم البصل في العديد من الأطعمة المطبوخة.,Amir,Amazon Translate
طيور البطريق هي طيور مائية لا تطير.,Amir,Amazon Translate
العملات المعدنية هي أشكال معدنية صغيرة من المال.,Amir,Amazon Translate
تسافر الطائرات بسرعة عبر مسافات كبيرة.,Amir,Amazon Translate
النمس حيوانات أليفة ومرحة.,Amir,Amazon Translate
الفطر عبارة عن فطريات تنمو في الظل.,Amir,Amazon Translate
تضم الأعشاش بيض الطيور والصغار.,Amir,Amazon Translate
تمتص النباتات الماء من خلال جذورها.,Amir,Amazon Translate
تم استخدام الذهب كعملة.,Amir,Amazon Translate
الفقمة هي ثدييات تتكيف مع البرد.,Amir,Amazon Translate
تشير الخرائط إلى المسافة النسبية والمطلقة.,Amir,Amazon Translate
تحمل الأنهار المياه إلى البحار.,Amir,Amazon Translate
يستخدم الملح لتتبيل الأطعمة.,Amir,Amazon Translate
الصقور هي طيور مفترسة تطير بسرعة.,Amir,Amazon Translate
تأتي زهور التوليب بألوان عديدة.,Amir,Amazon Translate
غالبًا ما يتم تقديم الخبز في الوجبات.,Amir,Amazon Translate
تتمتع النسور برؤية ممتازة للصيد.,Amir,Amazon Translate
توفر الأشجار موطنًا مهمًا للحياة البرية.,Amir,Amazon Translate
يمكن تصنيف الصخور حسب التركيب المعدني.,Amir,Amazon Translate
يمتلك البط أقدام مكشوفة للسباحة.,Amir,Amazon Translate
توفر الماعز الحليب واللحوم والألياف.,Amir,Amazon Translate
يشيع استخدام الزجاج لألواح النوافذ.,Amir,Amazon Translate
تأتي الكتب في أشكال إلكترونية ومطبوعة.,Amir,Amazon Translate
شراب القيقب مصنوع من النسغ.,Amir,Amazon Translate
قناديل البحر تحتوي على 95٪ ماء بالوزن.,Amir,Amazon Translate
الحديد هو معدن بناء شائع.,Amir,Amazon Translate
تدفع الرياح المراكب الشراعية عبر المياه.,Amir,Amazon Translate
تجذب الجبال المتنزهين والمتزلجين على حد سواء.,Amir,Amazon Translate
تطارد القطط القوارض الصغيرة.,Amir,Amazon Translate
تُظهر الخرائط الجغرافيا الطبيعية.,Amir,Amazon Translate
يتحول لون الموز إلى اللون الأصفر عندما ينضج.,Amir,Amazon Translate
البطاطس عبارة عن خضروات درنة.,Amir,Amazon Translate
العملات المعدنية هي عملة مسطحة ومستديرة.,Amir,Amazon Translate
ترتفع الجبال عالياً فوق مستوى سطح البحر.,Amir,Amazon Translate
تصدر السيكادا أصواتًا صاخبة.,Amir,Amazon Translate
الرعد يتبع البرق في العواصف.,Amir,Amazon Translate
يشكل النمل مستعمرات تحت الأرض.,Amir,Amazon Translate
طيور العقعق هي طيور ذكية.,Amir,Amazon Translate
تستخدم الدلافين تحديد الموقع بالصدى للتنقل.,Amir,Amazon Translate
تقضي الفقمات وقتًا في البر والبحر.,Amir,Amazon Translate
تستخدم ثعالب الماء أدوات لفتح الأصداف.,Amir,Amazon Translate
يرتدي رجال الإطفاء ملابس واقية.,Amir,Amazon Translate
تمثل الخرائط القارات والبلدان.,Amir,Amazon Translate
توفر الأبقار الحليب والجلود.,Amir,Amazon Translate
تعرض الخرائط مقياسًا لقياس المسافات.,Amir,Amazon Translate
تعتبر الروبوتات من الطيور المغردة الشائعة.,Amir,Amazon Translate
تظهر أقواس قزح بعد زخات المطر.,Amir,Amazon Translate
الغربان تحل الألغاز البسيطة.,Amir,Amazon Translate
تتشكل قشرة الخبز في الخبز.,Amir,Amazon Translate
يتم بناء الأعشاش من قبل العديد من الطيور.,Amir,Amazon Translate
ينمو الموز في عناقيد.,Amir,Amazon Translate
تستخدم الطماطم في السلطات.,Amir,Amazon Translate
علامات الطباشير على الأسطح.,Amir,Amazon Translate
يتبخر الماء تحت الحرارة.,Amir,Amazon Translate
تضع الضفادع بيضها في الماء.,Amir,Amazon Translate
تعرض الخرائط أسماء المدن.,Amir,Amazon Translate
المطر يغذي الحياة النباتية.,Amir,Amazon Translate
تتغذى الفراشات على الرحيق.,Amir,Amazon Translate
تعرض الخرائط رموزًا للأنهار.,Amir,Amazon Translate
اثنان زائد اثنين يساوي أربعة.,Amir,Amazon Translate
الرافعات هي طيور الخوض الكبيرة.,Amir,Amazon Translate
الحديد عنصر مغناطيسي.,Amir,Amazon Translate
البطاطس من الخضروات الجذرية.,Amir,Amazon Translate
الغربان طيور ذكية للغاية.,Amir,Amazon Translate
يمكن تحميص الخبز.,Amir,Amazon Translate
تشهد الجبال درجات حرارة أكثر برودة.,Amir,Amazon Translate
ترتدي الخيول حدوة حصان.,Amir,Amazon Translate
القمح من الحبوب الأساسية.,Amir,Amazon Translate
يتطلب الحريق ثلاثة عناصر للحرق.,Amir,Amazon Translate
تنزلق البجعات على الأسطح المائية.,Amir,Amazon Translate
يتم جمع مياه الأمطار في البرك.,Amir,Amazon Translate
قد تعرض الخرائط بيانات السكان.,Amir,Amazon Translate
يمكن أن يكون الفلفل خفيفًا أو حارًا.,Amir,Amazon Translate
تعرض الخرائط ميزات الطرق والتضاريس.,Amir,Amazon Translate
الجبال هي مناطق مرتفعة على الأرض.,Amir,Amazon Translate
توفر الخرائط معلومات حول المسافات.,Amir,Amazon Translate
تتشكل السحب عندما يبرد الهواء الدافئ.,Amir,Amazon Translate
تخرج الفراشات من الكريساليدات.,Amir,Amazon Translate
تُظهر الخرائط الموقع النسبي للمدن.,Amir,Amazon Translate
تصبح الطماطم حمراء عندما تنضج.,Amir,Amazon Translate
تُظهر الخرائط مواقع المحيط والبحر.,Amir,Amazon Translate
الرافعات هي طيور مهاجرة.,Amir,Amazon Translate
تحتوي الخرائط على سهم شمالي.,Amir,Amazon Translate
الخرائط ضرورية للدراسة الجغرافية.,Amir,Amazon Translate
تعرض الخرائط مناظر طبيعية.,Amir,Amazon Translate
تحتوي الزرافات على معاطف منقوشة.,Amir,Amazon Translate
لفائف البيض هي طعام شائع.,Amir,Amazon Translate
يترك الطباشير الغبار على السبورات.,Amir,Amazon Translate
تعرض الخرائط الأميال أو الكيلومترات.,Amir,Amazon Translate
غالبًا ما تشير الخرائط إلى الأنهار والبحيرات.,Amir,Amazon Translate
تستخدم الأوراق ضوء الشمس لصنع الطعام.,Amir,Amazon Translate
تعرض الخرائط المواقع والاتجاهات بدقة.,Amir,Amazon Translate
يتم خبز الخبز من الدقيق والخميرة.,Amir,Amazon Translate
تخضع الضفادع للتحول عندما تنضج.,Amir,Amazon Translate
يحدث التمثيل الضوئي في أوراق النباتات.,Amir,Amazon Translate
الحصى عبارة عن أحجار صغيرة مستديرة.,Amir,Amazon Translate
تأكل الأرانب الخضر الورقية كغذاء.,Amir,Amazon Translate
تستخدم الرافعات مناقير لصيد الأسماك.,Amir,Amazon Translate
يمكن أن تُظهر الخرائط الجبال والأنهار.,Amir,Amazon Translate
قشرة الخبز أقوى من الفتات.,Amir,Amazon Translate
تستخدم الخرائط الحروف لتسمية المدن.,Amir,Amazon Translate
تحتوي قناديل البحر على أجسام هلامية على شكل مظلة.,Amir,Amazon Translate
البعوض من الآفات الحشرية الشائعة.,Amir,Amazon Translate
تذوب الشوكولاتة لصنع الفوندو.,Amir,Amazon Translate
طقس الجبال أبطأ من التلال.,Amir,Amazon Translate
تقوم الخرائط بتسمية حدود الدولة أو الدولة.,Amir,Amazon Translate
توفر الكتب المعلومات والترفيه.,Amir,Amazon Translate
تساعد الخرائط المتنزهين على تجنب الضياع.,Amir,Amazon Translate
تساعد الخرائط في تخطيط الرحلات البرية.,Amir,Amazon Translate
تنقل سيارات الإطفاء المستجيبين للطوارئ.,Amir,Amazon Translate
تتطلب الخرائط مقاييس للمسافات الدقيقة.,Amir,Amazon Translate
تُظهر الخرائط المطارات والموانئ البحرية.,Amir,Amazon Translate
توفر التربة العناصر الغذائية للنباتات.,Amir,Amazon Translate
تزرع بصيلات التوليب في الخريف.,Amir,Amazon Translate
الخرائط مهمة للمستكشفين.,Amir,Amazon Translate
طيور النحام لها ريش وردي.,Amir,Amazon Translate
الفول السوداني من الناحية الفنية ليس مكسرات حقيقية.,Amir,Amazon Translate
توفر الجبال موطنًا للحياة البرية.,Amir,Amazon Translate
تعتبر الطماطم من الناحية الفنية ثمارًا.,Amir,Amazon Translate
تغطي خصلات العشب ملاعب كرة القدم.,Amir,Amazon Translate
يتم تقديم أعواد الخبز كمقبلات.,Amir,Amazon Translate
يتم استخدام الخرائط في دروس الجغرافيا.,Amir,Amazon Translate
تنزلق النسور على التيارات الهوائية.,Amir,Amazon Translate
يستخدم الملح لحفظ اللحوم.,Amir,Amazon Translate
تُظهر الخرائط المسطحات المائية.,Amir,Amazon Translate
الماس هو أصعب مادة طبيعية.,Amir,Amazon Translate
يحدث COVID-19 بسبب فيروس كورونا.,Amir,Amazon Translate
يحتوي الحليب على الكالسيوم وفيتامين د.,Amir,Amazon Translate
غالبًا ما تهاجر الأوز في تكوينات على شكل حرف V.,Amir,Amazon Translate
تحتوي المحيطات على مياه مالحة تغطي معظم الأرض.,Amir,Amazon Translate
يقوم النحل بتلقيح النباتات وإنتاج العسل.,Amir,Amazon Translate
تنتقل الكهرباء عبر الأسلاك كتيار.,Amir,Amazon Translate
يمكن للقراد أن ينقل مرض لايم إلى البشر.,Amir,Amazon Translate
يوفر الأثاث الأسطح والمقاعد.,Amir,Amazon Translate
غالبًا ما تنام القطط لعدة ساعات.,Amir,Amazon Translate
قد تعرض الخرائط معلومات سياسية أو مادية.,Amir,Amazon Translate
تنقل القطارات البضائع والأشخاص بكفاءة.,Amir,Amazon Translate
تنعيق الضفادع لجذب زملائها.,Amir,Amazon Translate
الذباب له عيون مركبة.,Amir,Amazon Translate
يتم تعقيم الحليب قبل بيعه.,Amir,Amazon Translate
تعرض الخرائط اتجاه البوصلة للتوجيه.,Amir,Amazon Translate
النمور هي قطط انفرادية وإقليمية.,Amir,Amazon Translate
تحتوي الأوراق على عروق توفر الماء.,Amir,Amazon Translate
تستخدم الخرائط الألوان لإظهار الارتفاع.,Amir,Amazon Translate
تجلب الغيوم المطر أو الثلج أو البرد.,Amir,Amazon Translate
تستخدم الكلاب أنفها للتتبع.,Amir,Amazon Translate
الخرائط مهمة للوعي المكاني.,Amir,Amazon Translate
تحمل الأنهار المياه العذبة إلى البحيرات.,Amir,Amazon Translate
تساعد الخرائط في تصور التضاريس والمناطق.,Amir,Amazon Translate
الثلج عبارة عن هطول متجمد.,Amir,Amazon Translate
تعرض الخرائط الحدود الجغرافية.,Amir,Amazon Translate
غالبًا ما تتضمن الخرائط أسطورة.,Amir,Amazon Translate
تنتج اليراعات الضوء من خلال التلألؤ البيولوجي.,Amir,Amazon Translate
الخبز هو الغذاء الأساسي على مستوى العالم.,Amir,Amazon Translate
تخزن البطاريات الطاقة الكيميائية.,Amir,Amazon Translate
يستخدم رجال الإطفاء المياه لإخماد الحرائق.,Amir,Amazon Translate
البروكلي هو جزء من عائلة الملفوف.,Amir,Amazon Translate
تبعث النجوم ضوءها الخاص.,Amir,Amazon Translate
تعيش الدببة القطبية بالقرب من القطب الشمالي.,Amir,Amazon Translate
يقيس الترمومتر درجة الحرارة.,Amir,Amazon Translate
تهبط القطط على أقدامها.,Amir,Amazon Translate
قامت البلورات بترتيب الهياكل الذرية.,Amir,Amazon Translate
يمكن أن تكون العملات من الفضة أو النحاس.,Amir,Amazon Translate
الكلاب هي حيوانات قطيع مستأنسة.,Amir,Amazon Translate
غالبًا ما تستخدم الخرائط الألوان للميزات.,Amir,Amazon Translate
يساعد قفز الضفادع على الهروب من الحيوانات المفترسة.,Amir,Amazon Translate
تتفتح الورود في الحدائق في جميع أنحاء العالم.,Amir,Amazon Translate
تحتوي الأوراق على الكلوروفيل لعملية التمثيل الضوئي.,Amir,Amazon Translate
غالبًا ما تخرخر القطط عند الاسترخاء.,Amir,Amazon Translate
تجذب الأزهار الملقحات بألوان نابضة بالحياة.,Amir,Amazon Translate
تبدأ الفراشات حياتها مثل اليرقات.,Amir,Amazon Translate
يتم حصاد القرع في الخريف.,Amir,Amazon Translate
تأكل الأبقار العشب والأعلاف.,Amir,Amazon Translate
يستخدم الملح كمادة حافظة للأغذية.,Amir,Amazon Translate
غالبًا ما يتم خبز الخبز في أرغفة.,Amir,Amazon Translate
يمكن أن تعرض الخرائط الظروف الجوية.,Amir,Amazon Translate
تساعد الخرائط على تصور العلاقات المكانية.,Amir,Amazon Translate
غالبًا ما ينتج المطر عن السحب الكثيفة.,Amir,Amazon Translate
يمكن للخرائط عرض المناخات والنباتات.,Amir,Amazon Translate
تهاجر الطيور إلى المناطق الأكثر دفئًا بشكل موسمي.,Amir,Amazon Translate
غالبًا ما يتم تقطيع الخبز إلى شرائح قبل الأكل.,Amir,Amazon Translate
يمكن أن تؤثر الجبال على المناخ والأمطار.,Amir,Amazon Translate
يوفر البيض البروتينات الأساسية.,Amir,Amazon Translate
يتم استخدام الطباشير على السبورات الدراسية.,Amir,Amazon Translate
يحتوي الخبز على الغلوتين من القمح.,Amir,Amazon Translate
تساعد الخرائط في تخطيط المسار.,Amir,Amazon Translate
يحتوي سرطان البحر على قشرة واقية صلبة.,Amir,Amazon Translate
تحتوي المحيطات على المياه المالحة والحياة البحرية.,Amir,Amazon Translate
يمكن معالجة الحليب وتحويله إلى زبادي.,Amir,Amazon Translate
تستخدم الخرائط أحيانًا خطوط الكنتور للتخفيف.,Amir,Amazon Translate
تصدر اليراعات الضوء لجذب زملائها.,Amir,Amazon Translate
تستخدم الخرائط أحيانًا الألوان للكثافة السكانية.,Amir,Amazon Translate
الدلافين هي ثدييات تعيش في المحيطات.,Amir,Amazon Translate
تعرض الخرائط خطوط الطول والعرض.,Amir,Amazon Translate
تستخدم الطباشير لتلوين الصور.,Amir,Amazon Translate
يمكن خلط البيض أو قليه أو غليه.,Amir,Amazon Translate
تساعد الخرائط في تحديد نقاط الاهتمام.,Amir,Amazon Translate
تشمل المسطحات المائية البحيرات والأنهار والمحيطات.,Amir,Amazon Translate
تحتوي الغيوم على قطرات الماء أو بلورات الجليد.,Amir,Amazon Translate
يمكن أن تعرض الخرائط أنماط التصويت.,Amir,Amazon Translate
تنتج اليراعات الضوء للتواصل.,Amir,Amazon Translate
غالبًا ما تحتوي العملات على صور للقادة.,Amir,Amazon Translate
يحدث الشفق بين غروب الشمس والليل.,Amir,Amazon Translate
تقلل الأيام الممطرة من الرؤية الخارجية.,Amir,Amazon Translate
قد تتضمن الخرائط مناطق زمنية.,Amir,Amazon Translate
تعيش الببغاوات في المناطق الاستوائية.,Amir,Amazon Translate
ينمو الخبز العفن عند تركه.,Amir,Amazon Translate
تتحرك السيارات باستخدام محركات الاحتراق أو المحركات الكهربائية.,Amir,Amazon Translate
أقلام التلوين هي أدوات رسم ملونة.,Amir,Amazon Translate
الذهب معدن ناعم ثمين.,Amir,Amazon Translate
قد تتضمن الخرائط بيانات الطرق وحركة المرور.,Amir,Amazon Translate
يتم تربية الدجاج من أجل البيض واللحوم.,Amir,Amazon Translate
تستخدم الخيول للنقل والرياضة.,Amir,Amazon Translate
يمكن أن توضح الخرائط المناطق المناخية.,Amir,Amazon Translate
تتذوق الفراشات بأقدامها.,Amir,Amazon Translate
تستخدم الخرائط مراجع الشبكة للمواقع.,Amir,Amazon Translate
تتم طباعة قيم العملات على كل قطعة.,Amir,Amazon Translate
تصور الخرائط الميزات المادية والبشرية.,Amir,Amazon Translate
الأوراق خضراء بسبب الكلوروفيل.,Amir,Amazon Translate
تشكل قطرات المطر السحب.,Amir,Amazon Translate
الرياح تحرك الهواء.,Amir,Amazon Translate
تحمي الأصداف الرخويات في المحيطات.,Amir,Amazon Translate
الفراشات لها أربعة أجنحة.,Amir,Amazon Translate
عادة ما تحتوي العملات على وجوه.,Amir,Amazon Translate
تصور الخرائط كلاً من الأرض والمياه.,Amir,Amazon Translate
يستخدم الأطفال الكتل للبناء.,Amir,Amazon Translate
تعرض الخرائط أحيانًا معلومات المناخ.,Amir,Amazon Translate
الخرائط مفيدة في حالات الطوارئ.,Amir,Amazon Translate
يمكن تنزيل الخرائط على الهواتف.,Amir,Amazon Translate
تحظى زهور التوليب بشعبية مثل بصيلات الزهور.,Amir,Amazon Translate
تعرض الخرائط عواصم العالم كمرجع.,Amir,Amazon Translate
تحتوي الأختام على أجسام مبسطة للسباحة.,Amir,Amazon Translate
يوفر الحليب الكالسيوم لعظام قوية.,Amir,Amazon Translate
يحتوي سرطان البحر على مخالب للدفاع والتغذية.,Amir,Amazon Translate
قد تعرض الخرائط الموارد الطبيعية.,Amir,Amazon Translate
تعد البطاطس من أكثر الخضروات التي يتم تناولها على نطاق واسع.,Amir,Amazon Translate
يقع جبل إيفرست في جبال الهيمالايا.,Amir,Amazon Translate
الجزر عبارة عن جذور برتقالية تؤكل نيئة عادة.,Amir,Amazon Translate
تختلف سلالات الكلاب بشكل كبير في الحجم.,Amir,Amazon Translate
يمكن أن تسبب لدغات البعوض الحكة.,Amir,Amazon Translate
الصراصير هي حشرات ليلية.,Amir,Amazon Translate
عادة ما يتم طهي البيض بطرق مختلفة.,Amir,Amazon Translate
يمكن مسح الطباشير بسهولة من السبورات.,Amir,Amazon Translate
يسهل تقطيع الخبز إلى شرائح عندما يكون طازجًا.,Amir,Amazon Translate
تتضمن الخرائط مفاتيح الخريطة للإرشاد.,Amir,Amazon Translate
يصبح الخبز قديمًا إذا لم يكن محميًا.,Amir,Amazon Translate
يمكن أن تُظهر الخرائط تأثير الكوارث الطبيعية.,Amir,Amazon Translate
تعرض الخرائط البيانات باستخدام ألوان مختلفة.,Amir,Amazon Translate
تعيش الذئاب وتصطاد في مجموعات.,Amir,Amazon Translate
الخبز من أقدم الأطعمة.,Amir,Amazon Translate
توفر الخرائط الملاحة الأساسية للسفن.,Amir,Amazon Translate
تنمو الطماطم من النباتات المزهرة.,Amir,Amazon Translate
يمكن قياس المطر باستخدام مقياس.,Amir,Amazon Translate
يمكن أن توضح الخرائط شبكات النقل.,Amir,Amazon Translate
الخرائط ضرورية للتخطيط الحضري.,Amir,Amazon Translate
تنمو زهور التوليب بشكل أفضل في المناخات الباردة.,Amir,Amazon Translate
يمكن أن تكشف الخرائط عن التغيير التاريخي للأرض.,Amir,Amazon Translate
تظل الخرائط مهمة للملاحة الحديثة.,Amir,Amazon Translate
يتم إنتاج البيض بواسطة الطيور والزواحف.,Amir,Amazon Translate
تحتاج الحيتان إلى السطح من أجل الهواء.,Amir,Amazon Translate
تعرض الخرائط أنواعًا مختلفة من الميزات.,Amir,Amazon Translate
غالبًا ما تستخدم الخرائط الألوان للتمايز.,Amir,Amazon Translate
غالبًا ما تستخدم الخرائط مقاييس للقياس.,Amir,Amazon Translate
تنتج أشجار القيقب شرابًا.,Amir,Amazon Translate
تساعد الخرائط المسافرين على تجنب الضياع.,Amir,Amazon Translate
تظهر الخرائط المناطق الحضرية والريفية.,Amir,Amazon Translate
تهاجر الأوز في مجموعات كل عام.,Amir,Amazon Translate
تحدد الخرائط العواصم والمدن الرئيسية.,Amir,Amazon Translate
تقدم الخرائط تمثيلًا مرئيًا للفضاء.,Amir,Amazon Translate
ينتج التمثيل الضوئي الأكسجين للحيوانات والبشر.,Amir,Amazon Translate
تمتص الأوراق ضوء الشمس وتنتج الكربوهيدرات أثناء عملية التمثيل الضوئي.,Amir,Amazon Translate
تعيش معظم أسماك القرش فقط في المياه المالحة.,Amir,Amazon Translate
توفر الأبقار الحليب ولحم البقر للناس في جميع أنحاء العالم.,Amir,Amazon Translate
جبل إيفرست هو أعلى جبل على الأرض فوق مستوى سطح البحر.,Amir,Amazon Translate
تتم ملاحظة ألوان قوس قزح دائمًا بنفس الترتيب.,Amir,Amazon Translate
التربة ضرورية لزراعة معظم النباتات البرية.,Amir,Amazon Translate
تنتج نباتات الفول السوداني بذورًا صالحة للأكل تحت الأرض.,Amir,Amazon Translate
تمتص الأسماك الأكسجين المذاب باستخدام الخياشيم تحت الماء.,Amir,Amazon Translate
قناديل البحر لها أجسام هلامية ومخالب لاذعة.,Amir,Amazon Translate
تنضج الفراولة لتصبح فاكهة حمراء وحلوة.,Amir,Amazon Translate
تتكيف القيوط جيدًا مع البيئات الحضرية.,Amir,Amazon Translate
تستغرق الأكياس البلاستيكية عقودًا لتتحلل تمامًا.,Amir,Amazon Translate
يتم تبادل الأموال مقابل السلع والخدمات.,Amir,Amazon Translate
تصور الخرائط بدقة الطرق والمدن والمعالم المادية.,Amir,Amazon Translate
تتغذى الباندا بشكل حصري تقريبًا على براعم الخيزران.,Amir,Amazon Translate
يتم صنع عصير التفاح عن طريق طهي التفاح وهرسه.,Amir,Amazon Translate
ترشد الخرائط المسافرين نحو وجهات غير مألوفة.,Amir,Amazon Translate
يأتي القطن من رؤوس البذور الرقيقة للنباتات.,Amir,Amazon Translate
تعتمد محركات السيارات على البنزين للعمل.,Amir,Amazon Translate
تنتمي الحمير الوحشية إلى عائلة الخيول ولها معاطف مخططة.,Amir,Amazon Translate
تنظم المدارس الفصول الدراسية وفقًا للعمر ومجال الموضوع.,Amir,Amazon Translate
يجلب البصل نكهة قوية للأطباق المطبوخة.,Amir,Amazon Translate
يتبخر البنزين بسرعة في درجة حرارة الغرفة.,Amir,Amazon Translate
تنطلق الطائرات باستخدام أجنحة مصممة للديناميكا الهوائية.,Amir,Amazon Translate
تم ضبط مصائد الفئران للتحكم في وجود القوارض في الداخل.,Amir,Amazon Translate
تنقل الكتب المعلومات في شكل مطبوع أو رقمي.,Amir,Amazon Translate
تتسلق أشجار العنب عن طريق لف السيقان حول الدعامات.,Amir,Amazon Translate
عادة ما تكون ملاءات السرير مصنوعة من قماش قطني.,Amir,Amazon Translate
تزيد الحشود من مستويات الضوضاء في الأماكن الضيقة.,Amir,Amazon Translate
يتمزق الورق بسهولة أكبر من القماش أو البلاستيك.,Amir,Amazon Translate
تفتح المفاتيح الأبواب المزودة بأقفال متوافقة.,Amir,Amazon Translate
تقوم النسور بالبحث عن الجيف بدلاً من صيد الفريسة الحية.,Amir,Amazon Translate
تتراجع القواقع داخل الأصداف للحماية من الخطر.,Amir,Amazon Translate
يتم تناول الحلويات بعد الوجبات الرئيسية.,Amir,Amazon Translate
انقرضت الديناصورات منذ حوالي 65 مليون سنة.,Amir,Amazon Translate
تحمي المظلات المستخدمين من الأمطار الغزيرة.,Amir,Amazon Translate
تحتاج نباتات الطماطم إلى درجات حرارة دافئة لتزدهر.,Amir,Amazon Translate
حقائب الظهر تحمل الكتب واللوازم بشكل مريح.,Amir,Amazon Translate
تعتبر المراجيح من التركيبات الشائعة في الملاعب الخارجية.,Amir,Amazon Translate
يساهم نحل العسل بشكل مباشر في جهود التلقيح النباتي.,Amir,Amazon Translate
تحتوي الحقائب على ملابس ومتعلقات لأغراض السفر.,Amir,Amazon Translate
ينتج ضوء القمر عن ضوء الشمس المنعكس عن القمر.,Amir,Amazon Translate
الأحزمة تضبط ملاءمة البنطلونات والتنانير.,Amir,Amazon Translate
تحافظ القفازات على حماية الأصابع من الظروف الباردة.,Amir,Amazon Translate
تشير أجراس الأبواب إلى الزوار خارج المداخل.,Amir,Amazon Translate
يقوم الذهب بتوصيل الكهرباء بشكل جيد للغاية.,Amir,Amazon Translate
تقوم المراسي بتثبيت القوارب في موضع واحد في الماء.,Amir,Amazon Translate
يتم تقطيع البيتزا قبل تقديم حصص فردية.,Amir,Amazon Translate
يقوم المقص بقص الورق أو القماش أو الخيط بكفاءة.,Amir,Amazon Translate
يتم بناء رجال الثلج من كرات الثلج الملفوفة في الشتاء.,Amir,Amazon Translate
تقوم الرشاشات بتوزيع المياه بالتساوي على المروج أو الحدائق.,Amir,Amazon Translate
تتضمن لعبة الشطرنج حركة استراتيجية لقطع اللعبة الفريدة.,Amir,Amazon Translate
تتعقب التقويمات الأيام والأسابيع والأشهر بشكل منهجي.,Amir,Amazon Translate
تنقل الحافلات المدرسية الأطفال بين المنزل والمدرسة.,Amir,Amazon Translate
ينتج نحل العسل العسل من رحيق الأزهار.,Amir,Amazon Translate
تستخدم الكلاب ذيول للإشارة إلى مشاعر مختلفة.,Amir,Amazon Translate
يفضل الفطر النمو في البيئات الرطبة.,Amir,Amazon Translate
تصطاد العناكب الحشرات باستخدام شبكات حريرية.,Amir,Amazon Translate
الذهب ذو قيمة بسبب الندرة والمظهر.,Amir,Amazon Translate
البطاطس عبارة عن درنات صالحة للأكل تزرع تحت الأرض.,Amir,Amazon Translate
تخزن الكتب المعرفة والقصص في شكل مكتوب.,Amir,Amazon Translate
قد تدافع الحيوانات ذات القرون عن نفسها ضد الحيوانات المفترسة.,Amir,Amazon Translate
ترى النسور الأشياء البعيدة بشكل أوضح بكثير من البشر.,Amir,Amazon Translate
تسمى المباني الشاهقة ناطحات السحاب في المدن.,Amir,Amazon Translate
تربط الجسور الأرض التي تفصلها المياه أو العوائق.,Amir,Amazon Translate
يحدث البرق بشكل طبيعي أثناء العواصف الرعدية.,Amir,Amazon Translate
توفر الفاصوليا البروتين النباتي في الوجبات الغذائية.,Amir,Amazon Translate
تزدهر الإبل في الظروف الصحراوية مع ندرة المياه.,Amir,Amazon Translate
تعمل المنبهات على إيقاظ الأشخاص باستخدام إشارات الصوت أو الاهتزاز.,Amir,Amazon Translate
البسكويت من المخبوزات الحلوة المشهورة في جميع أنحاء العالم.,Amir,Amazon Translate
تفتح المفاتيح الأبواب المؤمنة بأقفال مطابقة.,Amir,Amazon Translate
تحافظ الثلاجات على الأطعمة القابلة للتلف طازجة لفترة أطول.,Amir,Amazon Translate
الأحزمة تثبت البنطلونات أو التنانير حول الخصر.,Amir,Amazon Translate
تبعث الشموع الضوء عن طريق حرق الفتائل في الشمع.,Amir,Amazon Translate
تتعقب التقويمات التواريخ والأحداث السنوية ذات الصلة.,Amir,Amazon Translate
حيدات القرن هي مخلوقات أسطورية لم يثبت وجودها.,Amir,Amazon Translate
تتعامل الدراجات الجبلية مع التضاريس الوعرة بسهولة.,Amir,Amazon Translate
غالبًا ما تحتوي الخرائط على ورود بوصلة تشير إلى الاتجاهات.,Amir,Amazon Translate
تقوم أجهزة الكمبيوتر بمعالجة المعلومات إلكترونيًا باستخدام الكود الثنائي.,Amir,Amazon Translate
توفر القفازات الحماية والدفء لليدين.,Amir,Amazon Translate
يعمل أطباء الأسنان على تعزيز نظافة الفم من أجل أسنان صحية.,Amir,Amazon Translate
تعمل الأجهزة اللوحية كأجهزة حوسبة إلكترونية محمولة.,Amir,Amazon Translate
الزجاج شفاف ويسمح للضوء المرئي بالمرور.,Amir,Amazon Translate
تعمل النباتات المنزلية على تحسين جودة الهواء الداخلي ومستويات الرطوبة.,Amir,Amazon Translate
تتنبأ تنبؤات الطقس بتغيرات هطول الأمطار ودرجات الحرارة القادمة.,Amir,Amazon Translate
حقائب الظهر توزع الوزن بالتساوي على الكتفين.,Amir,Amazon Translate
تقوم أنظمة الرش بري المروج والحدائق تلقائيًا.,Amir,Amazon Translate
المصاعد ترفع وتخفض الأشخاص داخل المباني العالية.,Amir,Amazon Translate
توفر المرايا انعكاسات دقيقة للمظاهر.,Amir,Amazon Translate
ساعات الحائط تعرض الوقت في لمحة.,Amir,Amazon Translate
تحتوي الدراجات البخارية على عجلتين للنقل الشخصي.,Amir,Amazon Translate
تتفتح أزهار التوليب في أشهر الربيع من كل عام.,Amir,Amazon Translate
تنتج الأغنام الصوف الذي يتم غزله في خيوط.,Amir,Amazon Translate
تستغرق الزجاجات البلاستيكية سنوات لتتحلل بشكل طبيعي.,Amir,Amazon Translate
يُزرع الأرز في حقول تسمى الحقول.,Amir,Amazon Translate
للأرانب آذان طويلة للكشف عن التهديدات.,Amir,Amazon Translate
قناديل البحر لها مخالب لاذعة تستخدم للدفاع.,Amir,Amazon Translate
تحتوي الورود على أشواك لردع الحيوانات العاشبة عن أكلها.,Amir,Amazon Translate
يأتي التفاح بأصناف حمراء وخضراء وصفراء.,Amir,Amazon Translate
تستخدم الزرافات أعناقًا طويلة للوصول إلى أوراق الأشجار العالية.,Amir,Amazon Translate
عصي الفيلكرو باستخدام السنانير والحلقات الصغيرة.,Amir,Amazon Translate
تسير القطارات جنبًا إلى جنب مع المسارات باستخدام قوة المحرك.,Amir,Amazon Translate
تتلقى الصحاري القليل من الأمطار السنوية مقارنة بالغابات.,Amir,Amazon Translate
تطرد البراكين الحمم المنصهرة والرماد أثناء الانفجارات.,Amir,Amazon Translate
يطابق حرائق الضوء عن طريق الاحتكاك أو التفاعل الكيميائي.,Amir,Amazon Translate
الكتب عبارة عن مجموعات من الصفحات المرتبطة ببعضها البعض.,Amir,Amazon Translate
تساعد الأسنان على تكسير الطعام أثناء المضغ.,Amir,Amazon Translate
يغطي العشب السهول والمروج والمناظر الطبيعية المختلفة.,Amir,Amazon Translate
تحتوي الأوعية على السوائل أو الأطعمة الصلبة السائبة.,Amir,Amazon Translate
ينظف خيط تنظيف الأسنان بين الأسنان حيث لا يمكن للفرش الوصول إليها.,Amir,Amazon Translate
يساعد المنظف على إزالة البقع من أقمشة الملابس.,Amir,Amazon Translate
تتكون البيتزا من عجينة مخبوزة مع إضافة الإضافات.,Amir,Amazon Translate
صابون اليدين يقتل الجراثيم أثناء عمليات الغسيل الروتينية المناسبة.,Amir,Amazon Translate
تعكس المرايا الصور بدقة عندما تكون الأسطح نظيفة.,Amir,Amazon Translate
يقوم النمل بالتنسيق بكفاءة لمهام بقاء المستعمرة.,Amir,Amazon Translate
تعيش الحمير الوحشية في قطعان عبر السافانا الأفريقية.,Amir,Amazon Translate
ترسل أجهزة الراديو إشارات صوتية عبر الموجات الكهرومغناطيسية.,Amir,Amazon Translate
حقائب السفر تجعل حمل أغراض السفر أكثر ملاءمة.,Amir,Amazon Translate
تقوم الرافعات برفع الأحمال الثقيلة باستخدام أنظمة الكابلات.,Amir,Amazon Translate
تتحرك الخيول بسرعة وتدعم الدراجين البشريين.,Amir,Amazon Translate
تساعد المظلات على الحماية من المطر أو أشعة الشمس القوية.,Amir,Amazon Translate
تجمع الأجهزة اللوحية بين شاشات اللمس وقوة الحوسبة من أجل قابلية النقل.,Amir,Amazon Translate
تقوم المراوح بتدوير الهواء لتبريد المساحات المغلقة.,Amir,Amazon Translate
تعمل المنبهات على إيقاظ الأفراد في أوقات محددة.,Amir,Amazon Translate
تنقل الدراجات الدراجين باستخدام دواسات مدفوعة بالأقدام.,Amir,Amazon Translate
تطير المروحيات عموديًا بفضل الشفرات الدوارة.,Amir,Amazon Translate
وسائد مزودة برؤوس لوضعيات نوم مريحة.,Amir,Amazon Translate
تمنع الستائر دخول الضوء إلى الغرف.,Amir,Amazon Translate
تعمل المكانس الكهربائية على شفط الغبار والحطام من الأرضيات.,Amir,Amazon Translate
تنبه أجراس الباب شاغلي المنزل بالزوار القادمين.,Amir,Amazon Translate
توفر المقاعد مقاعد في الأماكن العامة أو الخاصة.,Amir,Amazon Translate
تضيف لفائف الطلاء اللون بالتساوي على الجدران.,Amir,Amazon Translate
تعمل عربات التسوق على تبسيط شراء البقالة في المتاجر.,Amir,Amazon Translate
تحتوي المحافظ على بطاقات الهوية والأموال والإيصالات.,Amir,Amazon Translate
تسمح أجهزة الكمبيوتر المحمولة للمستخدمين بكتابة الملاحظات وتنظيمها.,Amir,Amazon Translate
يصبح الخبز قديمًا بعد التعرض للهواء.,Amir,Amazon Translate
يمكن أن تحاكي الببغاوات العديد من الأصوات البيئية.,Amir,Amazon Translate
يقوم النمل ببناء مستعمرات بأدوار متخصصة.,Amir,Amazon Translate
تعرض الحمير الوحشية خطوطًا فريدة باللونين الأبيض والأسود.,Amir,Amazon Translate
قد يشير الطقس الغائم إلى هطول أمطار أو عواصف.,Amir,Amazon Translate
لا تستطيع طيور البطريق الطيران ولكنها تسبح بخبرة تحت الماء.,Amir,Amazon Translate
تنانين كومودو هي أكبر السحالي الحية.,Amir,Amazon Translate
تتحلل الفطريات المواد العضوية في التربة.,Amir,Amazon Translate
تخلق الألعاب النارية ضوضاء عالية وعروض ضوئية ملونة.,Amir,Amazon Translate
تعيش الدببة القطبية في مناطق الجليد البحري في القطب الشمالي.,Amir,Amazon Translate
تبدو غروب الشمس أكثر حيوية في السماء الصافية.,Amir,Amazon Translate
يكتب الطباشير بسهولة على الأسطح الخشنة.,Amir,Amazon Translate
ينمو الفول السوداني تحت السطح مثل البقوليات.,Amir,Amazon Translate
حبوب البن هي بذور محمصة من حبوب البن.,Amir,Amazon Translate
يحتوي البروكلي على نسبة عالية من الفيتامينات والألياف الغذائية.,Amir,Amazon Translate
تستخدم الخرائط الألوان بشكل متكرر لتمثيل أنواع التضاريس.,Amir,Amazon Translate
يهدد التلوث البلاستيكي النظم البيئية للحياة البرية في المحيطات.,Amir,Amazon Translate
تدعم المراعي قطعان الرعي للحيوانات الكبيرة.,Amir,Amazon Translate
تشمل الحياة البحرية مخلوقات مثل الأسماك وسرطان البحر والأخطبوطات.,Amir,Amazon Translate
تعيد الأنهار الجليدية تشكيل المناظر الطبيعية ببطء على مر القرون.,Amir,Amazon Translate
تعمل السيارات عادة باستخدام محركات الاحتراق الداخلي.,Amir,Amazon Translate
تساعد عربات التسوق في نقل البقالة.,Amir,Amazon Translate
تعكس المرايا الضوء لعرض الصور.,Amir,Amazon Translate
العجول هي ماشية صغيرة قبل البلوغ.,Amir,Amazon Translate
تقوم المحافظ بتخزين بطاقات الهوية والأموال بشكل آمن.,Amir,Amazon Translate
تقوم الصحف بالإبلاغ عن الأحداث والمعلومات الأخيرة يوميًا.,Amir,Amazon Translate
يربط الغراء المواد المتنوعة معًا بقوة.,Amir,Amazon Translate
تحمي الأعشاش البيض والصغار بأمان.,Amir,Amazon Translate
يتحطم الزجاج عند التأثير القوي.,Amir,Amazon Translate
يوفر الموز البوتاسيوم والسكريات الطبيعية للطاقة.,Amir,Amazon Translate
تقوم الحاويات البلاستيكية بتخزين الطعام بأمان وسهولة.,Amir,Amazon Translate
يحتوي البرتقال على فيتامين سي المهم للمناعة.,Amir,Amazon Translate
يصنع النحل العسل في مستعمرات منظمة تسمى خلايا النحل.,Amir,Amazon Translate
الأرز هو الغذاء الأساسي الذي يزرع في البيئات الرطبة.,Amir,Amazon Translate
تبدأ الضفادع كضفادع صغيرة قبل تطوير الساقين.,Amir,Amazon Translate
كثيرا ما تستخدم الطباشير لأغراض الكتابة التعليمية.,Amir,Amazon Translate
تتلقى الصحاري القليل من الأمطار كل عام وتبقى جافة.,Amir,Amazon Translate
تعرض الخرائط تغييرات الارتفاع باستخدام خطوط الكنتور.,Amir,Amazon Translate
تتحرك الفقمات برشاقة في مياه المحيط الباردة.,Amir,Amazon Translate
تحتاج نباتات الطماطم إلى الدفء وأشعة الشمس لتنضج الفاكهة.,Amir,Amazon Translate
يلتصق الغراء بقطع الورق بقوة على الأسطح.,Amir,Amazon Translate
تساعد عربات التسوق العملاء في متاجر البقالة الكبيرة.,Amir,Amazon Translate
يتم قطع المفاتيح لتناسب الأقفال المطابقة بدقة.,Amir,Amazon Translate
تسافر الطائرات لمسافات طويلة على ارتفاعات عالية.,Amir,Amazon Translate
الأقمشة القطنية هي مواد ناعمة وذات قدرة عالية على الامتصاص.,Amir,Amazon Translate
تصدر المنبهات في أوقات محددة مسبقًا لإيقاظ المستخدمين.,Amir,Amazon Translate
حقائب الظهر تحمل اللوازم بشكل مريح على الكتفين.,Amir,Amazon Translate
ينمو الجوز في قشور واقية صلبة على الأشجار.,Amir,Amazon Translate
يقوم المقص بقص الأوراق المختلفة والمواد المرنة الرقيقة.,Amir,Amazon Translate
غالبًا ما تجري الخيول بسرعة فوق الأراضي المفتوحة.,Amir,Amazon Translate
تدعم الأسرّة النوم والراحة بشكل مريح طوال الليل.,Amir,Amazon Translate
تربط السلالم الطوابق عموديًا داخل المباني.,Amir,Amazon Translate
تسمح النوافذ بدخول الضوء مع الحفاظ على الطقس.,Amir,Amazon Translate
تحمل الأحزمة البنطلونات ذات الحلقات حول الخصر.,Amir,Amazon Translate
يأتي عصير البرتقال من عصر البرتقال الناضج.,Amir,Amazon Translate
تحجب الستائر ضوء الشمس وتضيف الخصوصية في الداخل.,Amir,Amazon Translate
ترسل أجهزة التلفزيون إشارات الترفيه المرئية والصوتية.,Amir,Amazon Translate
يفقد الأطفال أسنان الأطفال قبل نمو أسنان البالغين.,Amir,Amazon Translate
تسير القطارات على مسارات النقل الجماعي الفعال.,Amir,Amazon Translate
تساعد الخرائط على التنقل في الأماكن أو المدن غير المعروفة بسهولة.,Amir,Amazon Translate
يحتوي البيض على بروتين ضروري لنمو العضلات.,Amir,Amazon Translate
يتم إنتاج العملات المعدنية عن طريق ختم الفراغات المعدنية بشكل مسطح.,Amir,Amazon Translate
تصطاد الذئاب الثدييات الصغيرة في مجموعات منسقة.,Amir,Amazon Translate
تتحرك الأختام بكفاءة على الأرض والمياه.,Amir,Amazon Translate
تنتج الأغنام الصوف المستخدم على نطاق واسع في المنسوجات على مستوى العالم.,Amir,Amazon Translate
تحتاج السيارات إلى محركات احتراق أو محركات كهربائية للتشغيل.,Amir,Amazon Translate
ينضج الفول السوداني تحت الأرض داخل الأصداف القابلة للتحلل بشكل طبيعي.,Amir,Amazon Translate
يكتب الطباشير بشكل واضح على الأسطح الصخرية الداكنة.,Amir,Amazon Translate
تنضج الطماطم باللون الأحمر بسبب وجود أصباغ الليكوبين.,Amir,Amazon Translate
تتطلب النباتات المنزلية سقيًا منتظمًا وأشعة الشمس غير المباشرة في الداخل.,Amir,Amazon Translate
تسمى حقول الأرز بالحقول وعادة ما تغمرها المياه.,Amir,Amazon Translate
تحلق النسور عالياً باستخدام أجنحة عريضة وقوية ذات ريش.,Amir,Amazon Translate
تنظم الكتب المعلومات في صفحات مطبوعة أو رقمية.,Amir,Amazon Translate
تقوم أجهزة الكمبيوتر بمعالجة البيانات من خلال الإشارات الكهربائية الثنائية.,Amir,Amazon Translate
تقوم الأسنان بتكسير الطعام الصلب أثناء عملية المضغ.,Amir,Amazon Translate
تقيس موازين الحرارة درجة الحرارة باستخدام الزئبق أو الكحول أو الإلكترونيات.,Amir,Amazon Translate
تكسر ثعالب الماء المحار المفتوح بالصخور الموجودة في الكفوف.,Amir,Amazon Translate
ينتج البرق عن الكهرباء الساكنة أثناء العواصف الرعدية.,Amir,Amazon Translate
توفر دفاتر الملاحظات صفحات مبطنة لكتابة الملاحظات والتذكيرات.,Amir,Amazon Translate
تقوم فرشاة الرسم بنشر الطلاء السائل على الأسطح بسلاسة.,Amir,Amazon Translate
تعكس المرايا الصور باستخدام الأسطح الزجاجية المصقولة في الخلف.,Amir,Amazon Translate
توفر المقاعد مقاعد لعدة أشخاص في وقت واحد.,Amir,Amazon Translate
الجوز عبارة عن مكسرات ذات قشرة صلبة غنية بالدهون الصحية.,Amir,Amazon Translate
تعمل المكانس الكهربائية على إزالة جزيئات الغبار من الأرضيات بكفاءة.,Amir,Amazon Translate
توفر المصابيح إضاءة موجهة للقراءة في الليل.,Amir,Amazon Translate
تعمل المصاعد على رفع الركاب بين مستويات المباني متعددة الطوابق بشكل ملائم.,Amir,Amazon Translate
تعمل مكيفات الهواء على تنظيم درجة الحرارة الداخلية خلال الصيف الحار.,Amir,Amazon Translate
تقوم لوحات المفاتيح بإدخال الحروف المكتوبة إلى أجهزة الحوسبة بدقة.,Amir,Amazon Translate
تحافظ الساعات على الوقت باستمرار طوال دورات النهار والليل.,Amir,Amazon Translate
تحفر المجارف التربة بشكل فعال لمشاريع البستنة أو تنسيق الحدائق.,Amir,Amazon Translate
تقلل الخوذات من إصابات الرأس أثناء أنشطة ركوب الدراجات أو الدراجات النارية.,Amir,Amazon Translate
يقوم الصابون بتفتيت جزيئات الشحوم لإزالتها أثناء الغسيل.,Amir,Amazon Translate
يحتوي البيض على البروتين والعناصر الغذائية الأخرى المهمة للنمو.,Amir,Amazon Translate
يتم إنتاج الجبن عن طريق تخثر بروتينات الحليب.,Amir,Amazon Translate
يستغرق البلاستيك قرونًا حتى يتحلل بشكل طبيعي في الهواء الطلق.,Amir,Amazon Translate
تحافظ الثلاجات على المواد القابلة للتلف طازجة من خلال الحفاظ على درجات حرارة منخفضة.,Amir,Amazon Translate
يرتفع الخبز لأن الخميرة تطلق ثاني أكسيد الكربون.,Amir,Amazon Translate
كثيرا ما تستخدم الطباشير للرسم على اللوحات.,Amir,Amazon Translate
تفقس الفراشات من الشرنقة بعد التحول.,Amir,Amazon Translate
معاطف المطر تحمي مرتديها من الغرق في المطر.,Amir,Amazon Translate
يطفو الجليد في الماء بسبب التركيب الجزيئي.,Amir,Amazon Translate
يحدث البرق أثناء العواصف الرعدية بسبب اختلال توازن الشحنة الكهربائية.,Amir,Amazon Translate
تعمل العملات المعدنية لعمليات الشراء الصغيرة باستخدام قيم عملات البلد.,Amir,Amazon Translate
تفتح المفاتيح الأبواب التي تتطابق مع الأخاديد المقطوعة بدقة.,Amir,Amazon Translate
تحتفظ المحافظ بالنقود والعملات والبطاقات بأمان.,Amir,Amazon Translate
توفر الأسرّة الراحة والدعم لروتين النوم المعتاد.,Amir,Amazon Translate
تسمح عربات التسوق بجمع البقالة داخل المتاجر.,Amir,Amazon Translate
تتيح الأجهزة اللوحية للمستخدمين التصفح والقراءة والكتابة رقميًا.,Amir,Amazon Translate
تعرض الساعات وقتًا دقيقًا طوال النهار والليل.,Amir,Amazon Translate
تنظم التقويمات الأشهر والأسابيع والعطلات والمواعيد بوضوح.,Amir,Amazon Translate
حقائب الظهر تجعل حمل الأشياء أمرًا سهلاً مع أحزمة الكتف.,Amir,Amazon Translate
تتحرك المراجيح ذهابًا وإيابًا للعب الترفيهي.,Amir,Amazon Translate
ترن المنبهات بصوت عالٍ لإيقاظ النائمين بشكل موثوق.,Amir,Amazon Translate
ينمو التفاح على الأشجار المتساقطة في المناخات المعتدلة.,Amir,Amazon Translate
يعزز الملح النكهة ويستخدم للحفظ.,Amir,Amazon Translate
تأكل الأرانب النباتات الخضراء ولها آذان طويلة.,Amir,Amazon Translate
تتكون مستعمرات النمل من العمال والجنود والملكات.,Amir,Amazon Translate
ينمو الفول السوداني تحت الأرض داخل الأصداف الواقية.,Amir,Amazon Translate
تنظم الكتب المعلومات المتراكمة في سجلات مكتوبة.,Amir,Amazon Translate
تنضج ثمار الطماطم باللون الأحمر أو الأصفر أو الوردي حسب التنوع.,Amir,Amazon Translate
يتواصل نحل العسل من خلال رقصات الاهتزاز.,Amir,Amazon Translate
يساعد الصابون على التخلص من الأوساخ والزيوت من اليدين بكفاءة.,Amir,Amazon Translate
تقوم لوحات المفاتيح بإدخال أحرف لأجهزة الكمبيوتر أو الأجهزة الرقمية.,Amir,Amazon Translate
يقوم المقص بقص الورق أو القماش أو الأوراق الرقيقة بدقة.,Amir,Amazon Translate
تقسم صفحات التقويم الوقت إلى أيام وأسابيع وشهور.,Amir,Amazon Translate
تقوم فرشاة الرسم بنشر التشطيبات الموحدة على الخشب أو الجدران أو القماش.,Amir,Amazon Translate
تقدم الأفلام قصصًا باستخدام صور متحركة متسلسلة.,Amir,Amazon Translate
يربط الغراء المواد بسرعة وبشكل دائم عندما تجف.,Amir,Amazon Translate
ترتفع بالونات الهواء الساخن لأن الهواء الساخن أقل كثافة من الهواء البارد.,Amir,Amazon Translate
تعكس المرايا الضوء المرئي بوضوح للعناية الشخصية.,Amir,Amazon Translate
تحافظ المحافظ على تنظيم الأموال والبطاقات والأوراق المهمة.,Amir,Amazon Translate
تمضغ الأسنان الطعام لتسهيل عملية الهضم في المعدة.,Amir,Amazon Translate
تنبح الكلاب للتعبير عن الإثارة أو التنبيه بالخطر.,Amir,Amazon Translate
يوفر الموز البوتاسيوم الضروري لوظيفة العضلات.,Amir,Amazon Translate
يتم تنظيم مستعمرات النمل بطبقات اجتماعية متميزة.,Amir,Amazon Translate
تسير القطارات على طول المسارات بين الوجهات البعيدة.,Amir,Amazon Translate
توفر الأبقار الحليب الذي يستهلكه ملايين الأشخاص.,Amir,Amazon Translate
تتحرك قناديل البحر بشكل سلبي باستخدام تيارات المحيط.,Amir,Amazon Translate
تبدأ الفراولة باللون الأبيض وتصبح حمراء زاهية عندما تنضج.,Amir,Amazon Translate
ينمو التفاح بشكل أفضل في المناخات الباردة والمعتدلة على مستوى العالم.,Amir,Amazon Translate
يعمل الطباشير جيدًا لوضع علامات على لوحات الكتابة المظلمة.,Amir,Amazon Translate
ينقل الكنغر أفراح الصغار داخل أكياس البطن.,Amir,Amazon Translate
تطفو الحيتان بانتظام لتنفس الأكسجين الجوي.,Amir,Amazon Translate
تكتشف النسور الفريسة باستخدام قدرات بصرية استثنائية.,Amir,Amazon Translate
أدوات المطرقة تدفع المسامير إلى الخشب بأمان.,Amir,Amazon Translate
تستخدم ثعالب الماء الحجارة لكسر وجبات المحار المفتوحة.,Amir,Amazon Translate
يتم غمر حقول الأرز من أجل التطوير الأمثل للنبات.,Amir,Amazon Translate
تسمح حقائب الظهر للأشخاص بحمل متعلقاتهم بشكل مريح بدون استخدام اليدين.,Amir,Amazon Translate
تقوم أنظمة الرش تلقائيًا بسقي المروج خلال الفترات المجدولة.,Amir,Amazon Translate
تضيء الكهرباء المنازل والمكاتب والشوارع.,Amir,Amazon Translate
توفر الأبقار كلاً من اللحوم ومنتجات الألبان.,Amir,Amazon Translate
تقوم الطباشير بوضع علامات على الألواح ويسهل محوها.,Amir,Amazon Translate
تستهلك الباندا الخيزران بشكل حصري تقريبًا يوميًا.,Amir,Amazon Translate
تطفو قناديل البحر بحرية وتلدغ للدفاع.,Amir,Amazon Translate
يرتفع الخبز لأن الخميرة تخلق فقاعات غازية.,Amir,Amazon Translate
ينمو التفاح على الأشجار المزهرة في الربيع.,Amir,Amazon Translate
ينتج الجبن عن تخمير حليب البقر أو الماعز أو الأغنام.,Amir,Amazon Translate
تعيش الدببة القطبية فقط في موائل القطب الشمالي.,Amir,Amazon Translate
تستخدم الدلافين نقرات السونار للتنقل تحت الماء.,Amir,Amazon Translate
ينضج الفول السوداني داخل التربة وليس فوق الأرض.,Amir,Amazon Translate
توفر الكراسي راحة داعمة للجلوس في الداخل.,Amir,Amazon Translate
تحتوي الكتب على حقائق وقصص مطبوعة على صفحات ورقية.,Amir,Amazon Translate
مفاتيح تناسب الأقفال للسماح بالدخول عبر الأبواب.,Amir,Amazon Translate
تسمح مقاعد البدلاء للعديد من الأشخاص بالراحة في الخارج.,Amir,Amazon Translate
الجوز عبارة عن مكسرات مغطاة بقشور صلبة وقشور.,Amir,Amazon Translate
عادة ما يتم تقديم الحساء ساخنًا في أوعية.,Amir,Amazon Translate
تدعم الأسرّة البشر للنوم كل ليلة بشكل مريح.,Amir,Amazon Translate
تحمي اللقاحات من الأمراض المعدية المختلفة.,Amir,Amazon Translate
تخزن الحقائب الملابس بينما يسافر الناس بعيدًا عن المنزل.,Amir,Amazon Translate
تقوم الدباسة بتثبيت الأوراق الورقية السائبة باستخدام الدبابيس المعدنية.,Amir,Amazon Translate
تفتح ثعالب الماء المحار باستخدام الصخور الموجودة تحت الماء.,Amir,Amazon Translate
تضيء المصابيح الكاشفة الأماكن المظلمة باستخدام البطاريات.,Amir,Amazon Translate
تستخدم المقاعد كأثاث للراحة العامة في الهواء الطلق.,Amir,Amazon Translate
تحمي الخوذات الرؤوس أثناء ركوب الدراجات والأنشطة المماثلة.,Amir,Amazon Translate
تستخدم المكانس الكهربائية قوة شفط لتنظيف الغبار والحطام.,Amir,Amazon Translate
كتب شكسبير العديد من المسرحيات الشهيرة.,Amir,Amazon Translate
لوحة الموناليزا معلقة في متحف اللوفر.,Amir,Amazon Translate
رسم ليوناردو دافنشي العشاء الأخير.,Amir,Amazon Translate
كانت فريدا كاهلو رسامة مكسيكية.,Amir,Amazon Translate
استضافت أثينا أول دورة أولمبية حديثة.,Amir,Amazon Translate
الجري يزيد من صحة القلب والأوعية الدموية.,Amir,Amazon Translate
نشأت موسيقى الراب في الولايات المتحدة.,Amir,Amazon Translate
تشتهر البندقية بقنواتها.,Amir,Amazon Translate
يعزز فيتامين C وظيفة المناعة.,Amir,Amazon Translate
تم العثور على الأهرامات القديمة في مصر.,Amir,Amazon Translate
تتكون اليابان من أربع جزر رئيسية.,Amir,Amazon Translate
شرب الماء يمنع الجفاف.,Amir,Amazon Translate
بدأت فترة النهضة في إيطاليا.,Amir,Amazon Translate
تحظى كرة القدم بشعبية في جميع أنحاء العالم.,Amir,Amazon Translate
تمتلك أستراليا جرابيات فريدة مثل الكنغر.,Amir,Amazon Translate
السعال يطرد المهيجات من الشعب الهوائية.,Amir,Amazon Translate
غيرت الانطباعية طريقة استخدام الفنانين للضوء.,Amir,Amazon Translate
تشترك كندا في الحدود مع الولايات المتحدة.,Amir,Amazon Translate
يتسبب التدخين في تلف أنسجة الرئة.,Amir,Amazon Translate
اخترع ألكسندر جراهام بيل الهاتف.,Amir,Amazon Translate
تمتد غابات الأمازون المطيرة على تسع دول.,Amir,Amazon Translate
الهايكو هو شكل من أشكال الشعر الياباني.,Amir,Amazon Translate
تقع شلالات نياجرا على الحدود بين الولايات المتحدة وكندا.,Amir,Amazon Translate
يتضمن النحت تشكيل مواد مثل الحجر أو المعدن.,Amir,Amazon Translate
تحتوي أفريقيا على أكثر من خمسين دولة.,Amir,Amazon Translate
بيغ بن في لندن هو برج ساعة شهير.,Amir,Amazon Translate
التمارين الرياضية تقوي العضلات والعظام.,Amir,Amazon Translate
يؤثر الربو على القدرة على التنفس.,Amir,Amazon Translate
غالبًا ما تستخدم الموسيقى الكلاسيكية الأوركسترا.,Amir,Amazon Translate
روما هي موطن الكولوسيوم.,Amir,Amazon Translate
تحكي الكتب المصورة القصص باستخدام الصور والكلمات.,Amir,Amazon Translate
تشتهر أيسلندا بالنشاط الحراري الأرضي.,Amir,Amazon Translate
تشمل أفريقيا جنوب الصحراء ثقافات ولغات متنوعة.,Amir,Amazon Translate
يستخدم الباليه حركات رسمية دقيقة.,Amir,Amazon Translate
ألغى أبراهام لنكولن العبودية في أمريكا.,Amir,Amazon Translate
تتطلب كرة السلة مهارات المراوغة والرماية.,Amir,Amazon Translate
اليونان لديها آلاف الجزر.,Amir,Amazon Translate
يقلل الإقلاع عن التدخين من خطر الإصابة بالسرطان.,Amir,Amazon Translate
يساعد الفلورايد في الحفاظ على صحة الأسنان.,Amir,Amazon Translate
يقع تاج محل في الهند.,Amir,Amazon Translate
ينتج فقر الدم عن انخفاض خلايا الدم الحمراء.,Amir,Amazon Translate
الخط هو أسلوب الكتابة اليدوية الزخرفية.,Amir,Amazon Translate
تشتهر كينيا برحلات السفاري في الحياة البرية.,Amir,Amazon Translate
تجمع صناعة الأفلام بين كتابة السيناريو والتمثيل والتحرير.,Amir,Amazon Translate
تستضيف البرازيل أكبر مهرجان كرنفال.,Amir,Amazon Translate
تعمل تمارين الضغط على بناء قوة الجزء العلوي من الجسم.,Amir,Amazon Translate
يتم تصنيع البرونز عن طريق خلط النحاس والقصدير.,Amir,Amazon Translate
نشأت موسيقى الجاز في نيو أورلينز.,Amir,Amazon Translate
تقع نيبال بين الصين والهند.,Amir,Amazon Translate
السكتة الدماغية تعطل تدفق الدم في الدماغ.,Amir,Amazon Translate
تجمع أوبرا بين الغناء والأداء المسرحي.,Amir,Amazon Translate
أمريكا الجنوبية لديها غابات مطيرة وجبال عالية.,Amir,Amazon Translate
ماتشو بيتشو هو موقع قديم في بيرو.,Amir,Amazon Translate
السباحة هي تمرين هوائي ممتاز.,Amir,Amazon Translate
نزلات البرد تسببها الفيروسات.,Amir,Amazon Translate
تشتهر إسبانيا برقص الفلامنكو.,Amir,Amazon Translate
اكتشفت ماري كوري العناصر المشعة.,Amir,Amazon Translate
المشي لمسافات طويلة يحرق السعرات الحرارية ويقوي عضلات الساق.,Amir,Amazon Translate
تقدم الحفريات دليلاً على حياة ما قبل التاريخ.,Amir,Amazon Translate
تجذب جزر الكاريبي السياح للشواطئ.,Amir,Amazon Translate
يمكن أن يقلل التأمل من مستويات التوتر.,Amir,Amazon Translate
كان لدى اليابان الإقطاعية محاربون ساموراي.,Amir,Amazon Translate
تتكون إندونيسيا من آلاف الجزر.,Amir,Amazon Translate
يجب مراقبة ضغط الدم بانتظام.,Amir,Amazon Translate
التكعيبية هي حركة فنية تجريدية.,Amir,Amazon Translate
تحتوي مدينة نيويورك على خمسة أحياء.,Amir,Amazon Translate
رفع الأثقال يبني قوة العضلات.,Amir,Amazon Translate
تنتشر الملاريا من خلال لدغات البعوض.,Amir,Amazon Translate
السجاد الفارسي عبارة عن أعمال فنية منسوجة يدويًا.,Amir,Amazon Translate
تمتلك ألاسكا أطول خط ساحلي في الولايات المتحدة,Amir,Amazon Translate
النوم الصحي يحسن الذاكرة والمزاج.,Amir,Amazon Translate
كانت قلاع القرون الوسطى عبارة عن هياكل دفاعية.,Amir,Amazon Translate
انتشرت البوذية من الهند إلى آسيا.,Amir,Amazon Translate
تقع كنيسة القديس بطرس في مدينة الفاتيكان.,Amir,Amazon Translate
تضرب الأعاصير سواحل شرق آسيا بشكل متكرر.,Amir,Amazon Translate
توفر الخضروات الألياف الغذائية.,Amir,Amazon Translate
تحافظ مؤسسة سميثسونيان على التاريخ الأمريكي.,Amir,Amazon Translate
تمتلك النرويج مضايق على طول المناطق الساحلية.,Amir,Amazon Translate
رقص التانغو نشأ في الأرجنتين.,Amir,Amazon Translate
سقط جدار برلين في عام 1989.,Amir,Amazon Translate
الأوريجامي هو فن طي الورق التقليدي من اليابان.,Amir,Amazon Translate
تايلاند لديها أسواق عائمة.,Amir,Amazon Translate
انتهت الحرب العالمية الثانية في عام 1945.,Amir,Amazon Translate
استهلاك الكثير من السكر يؤدي إلى السمنة.,Amir,Amazon Translate
تشتهر فرنسا بإنتاج النبيذ.,Amir,Amazon Translate
تلتقط الصور لحظات الحياة الواقعية بشكل دائم.,Amir,Amazon Translate
تتمتع القدس بأهمية للعديد من الأديان.,Amir,Amazon Translate
تربط تركيا بين أوروبا وآسيا.,Amir,Amazon Translate
قامت حضارة المايا ببناء معابد هرمية.,Amir,Amazon Translate
اليوغا تفيد العقل والجسم.,Amir,Amazon Translate
موسيقى الباروك مزخرفة للغاية.,Amir,Amazon Translate
طورت تسلا تقنية التيار المتناوب.,Amir,Amazon Translate
دول البريك هي البرازيل وروسيا والهند والصين وجنوب إفريقيا.,Amir,Amazon Translate
هبط الحجاج في بليموث روك.,Amir,Amazon Translate
تغطي سيبيريا الأراضي الروسية الشمالية الشاسعة.,Amir,Amazon Translate
تسلق الصخور يطور قوة القبضة.,Amir,Amazon Translate
حكمت كليوباترا مصر القديمة.,Amir,Amazon Translate
يؤثر التحيز على نتائج البحوث الاجتماعية.,Amir,Amazon Translate
أثرت الكونفوشيوسية على الفلسفة الصينية.,Amir,Amazon Translate
تعمل الطاقة الشمسية على تشغيل بعض المنازل.,Amir,Amazon Translate
تحتفل الهند بعيد ديوالي سنويًا.,Amir,Amazon Translate
يمكن أن يسبب فيروس زيكا تشوهات خلقية.,Amir,Amazon Translate
يستخدم الطب الصيني التقليدي الأعشاب.,Amir,Amazon Translate
قام مايكل أنجلو بنحت ديفيد خلال عصر النهضة.,Amir,Amazon Translate
يقسم نهر المسيسيبي الولايات المتحدة من الشرق إلى الغرب.,Amir,Amazon Translate
ظهرت ثقافة الهيب هوب في المجتمعات الحضرية.,Amir,Amazon Translate
تسلق السلالم هو تمرين لرفع الأثقال.,Amir,Amazon Translate
نبتون هو الكوكب الثامن من الشمس.,Amir,Amazon Translate
يؤكد الجودو على الرميات والثبات.,Amir,Amazon Translate
أحدث والت ديزني ثورة في الرسوم المتحركة.,Amir,Amazon Translate
تمزج سنغافورة بين التراث الماليزي والصيني والهندي.,Amir,Amazon Translate
قام أفلاطون بتدريس أرسطو في اليونان القديمة.,Amir,Amazon Translate
تمارس الكيبوتسات الإسرائيلية الحياة الجماعية.,Amir,Amazon Translate
إزالة الغابات تهدد التنوع البيولوجي.,Amir,Amazon Translate
يعود تاريخ ستونهنج إلى بريطانيا ما قبل التاريخ.,Amir,Amazon Translate
تمتد تشيلي على طول الساحل الغربي لأمريكا الجنوبية.,Amir,Amazon Translate
اختبارات الدم تتحقق من وظيفة الجهاز.,Amir,Amazon Translate
يُعد عزف طبول تايكو عرضًا مسرحيًا يابانيًا مفعمًا بالحيوية.,Amir,Amazon Translate
تمارس ثقافة الأميش حياة بسيطة.,Amir,Amazon Translate
يرمز برج إيفل إلى باريس.,Amir,Amazon Translate
بيتزا نشأت في إيطاليا.,Amir,Amazon Translate
يتدفق نهر النيل عبر مصر.,Amir,Amazon Translate
يحافظ الترطيب اليومي على صحة الكلى.,Amir,Amazon Translate
بدأت الحرب العالمية الأولى في عام 1914.,Amir,Amazon Translate
الرسم هو شكل من أشكال التعبير الإبداعي.,Amir,Amazon Translate
طوكيو هي عاصمة اليابان.,Amir,Amazon Translate
يحسن ركوب الدراجات القدرة على التحمل القلبي الوعائي.,Amir,Amazon Translate
اغتيل يوليوس قيصر في روما.,Amir,Amazon Translate
توفر الزراعة الغذاء للعديد من المجتمعات.,Amir,Amazon Translate
تؤثر العواطف على صنع القرار الشخصي.,Amir,Amazon Translate
توجه الأخلاق الأحكام والسلوك الأخلاقي.,Amir,Amazon Translate
لدى الكاثوليكية أسرار مثل المعمودية.,Amir,Amazon Translate
تشمل الديمقراطيات المواطنين الذين يصوتون على القوانين أو القادة.,Amir,Amazon Translate
تصل الهواتف الذكية إلى المعلومات من أي مكان باستخدام الإشارات.,Amir,Amazon Translate
تنمو الخلايا السرطانية داخل الجسم بشكل لا يمكن السيطرة عليه.,Amir,Amazon Translate
شهدت أوروبا في العصور الوسطى القلاع والفرسان.,Amir,Amazon Translate
يمكن العثور على مسارات المشي في المتنزهات الوطنية.,Amir,Amazon Translate
تشتهر كندا بشراب القيقب.,Amir,Amazon Translate
تم استخدام الهيروغليفية من قبل المصريين القدماء.,Amir,Amazon Translate
يرتدي راقصو الباليه أحذية بوانت للرقص.,Amir,Amazon Translate
أستراليا محاطة بالمحيطين الهادئ والهندي.,Amir,Amazon Translate
يساعد البروتين على استعادة العضلات بعد التدريبات.,Amir,Amazon Translate
حكم نابليون بونابرت فرنسا في أوائل القرن التاسع عشر.,Amir,Amazon Translate
يتضمن الطهي الجمع بين المكونات الخام باستخدام الحرارة.,Amir,Amazon Translate
الأعداد الأولية لها عاملان فقط.,Amir,Amazon Translate
تتحد الذرات لتكوين جزيئات.,Amir,Amazon Translate
يؤثر احترام الذات على الصحة العقلية.,Amir,Amazon Translate
يساعد المنطق في حل المشكلات المعقدة بعقلانية.,Amir,Amazon Translate
يتضمن الإسلام ممارسات تسمى الركائز الخمس.,Amir,Amazon Translate
يدرس الاقتصاد إنتاج وتوزيع الموارد.,Amir,Amazon Translate
تقوم الطابعات ثلاثية الأبعاد بإنشاء نماذج مادية من التصميمات الرقمية.,Amir,Amazon Translate
تتبع هجرة الطيور الأنماط الموسمية على مستوى العالم.,Amir,Amazon Translate
اوريغامي يحول الورق إلى شخصيات زخرفية.,Amir,Amazon Translate
تم بناء ماتشو بيتشو من قبل الإنكا.,Amir,Amazon Translate
اخترعت الصين البارود منذ قرون.,Amir,Amazon Translate
التسوق يعزز الاقتصادات المحلية.,Amir,Amazon Translate
الضرب هو إضافة متكررة.,Amir,Amazon Translate
طور سيغموند فرويد التحليل النفسي.,Amir,Amazon Translate
تهدف النفعية إلى تحقيق أقصى قدر من السعادة بشكل عام.,Amir,Amazon Translate
تدمج الهندوسية مفاهيم الكارما والتناسخ.,Amir,Amazon Translate
تشكل الأعراف الاجتماعية سلوكيات المجموعة.,Amir,Amazon Translate
يحاكي الذكاء الاصطناعي بعض عمليات التفكير البشري.,Amir,Amazon Translate
يدعم الكاحلين حركة المشي والجري.,Amir,Amazon Translate
تستضيف برلين مهرجانًا سينمائيًا دوليًا كبيرًا.,Amir,Amazon Translate
تغطي غابة الأمازون ملايين الكيلومترات المربعة.,Amir,Amazon Translate
تمثل أعلام الدول الهويات الوطنية.,Amir,Amazon Translate
تفريش الأسنان يمنع تسوس الأسنان وأمراض اللثة.,Amir,Amazon Translate
هبط أبولو 11 بالبشر على سطح القمر.,Amir,Amazon Translate
أنتج عصر النهضة الإيطالية فنانين ومفكرين مشهورين.,Amir,Amazon Translate
تستخدم أهرامات مصر كمقابر للفراعنة.,Amir,Amazon Translate
يوفر صيد الأسماك الطعام والترفيه.,Amir,Amazon Translate
يمكن أن تكون الأرقام طبيعية أو كاملة أو صحيحة أو عقلانية.,Amir,Amazon Translate
تعالج المضادات الحيوية الالتهابات البكتيرية وليس الفيروسات.,Amir,Amazon Translate
تؤثر الصحة النفسية على أنشطة الحياة اليومية.,Amir,Amazon Translate
تقسم الثنائية الوجود إلى عقل ومادة.,Amir,Amazon Translate
تطبق أنظمة العدالة الجنائية القوانين القانونية.,Amir,Amazon Translate
تقوم الأقمار الصناعية بنقل البث التلفزيوني دوليًا.,Amir,Amazon Translate
تمنع اللقاحات الأمراض المعدية الشائعة.,Amir,Amazon Translate
تعيش الزرافات بشكل رئيسي في السافانا الأفريقية.,Amir,Amazon Translate
تتطلب السيمفونيات الأوركسترا لأداء مؤلفات كاملة.,Amir,Amazon Translate
تطور فنون الدفاع عن النفس مهارات الدفاع عن النفس.,Amir,Amazon Translate
يمتد سور الصين العظيم فوق شمال الصين.,Amir,Amazon Translate
تساعد الأطعمة الخالية من الغلوتين الأشخاص المصابين بمرض الاضطرابات الهضمية.,Amir,Amazon Translate
أنهت الثورة الفرنسية حكم الملكية.,Amir,Amazon Translate
الرقص يعبر عن المشاعر من خلال الحركات الجسدية.,Amir,Amazon Translate
تتكون المجرات من مليارات النجوم.,Amir,Amazon Translate
تنقل لغة الجسد مشاعر غير معلنة.,Amir,Amazon Translate
التفكير العقلاني يقيم الأدلة منطقيًا.,Amir,Amazon Translate
يسعى البوذيون إلى التنوير من خلال الممارسة.,Amir,Amazon Translate
التصويت يمنح المواطنين التمثيل السياسي.,Amir,Amazon Translate
تقوم الحوسبة السحابية بتخزين الملفات على خوادم خارجية.,Amir,Amazon Translate
تضمنت الحروب الصليبية حروبًا دينية في العصور الوسطى.,Amir,Amazon Translate
يتضمن التخييم النوم في الهواء الطلق مؤقتًا.,Amir,Amazon Translate
تشير متغيرات المعادلة إلى قيم غير معروفة.,Amir,Amazon Translate
تتبع مدارات الكواكب مسارات بيضاوية حول الشمس.,Amir,Amazon Translate
تربط قناة السويس البحر الأبيض المتوسط والبحر الأحمر.,Amir,Amazon Translate
نهر الأمازون أطول من معظم الأنهار في جميع أنحاء العالم.,Amir,Amazon Translate
يتم لعب الشطرنج على شبكة ثمانية × ثمانية.,Amir,Amazon Translate
تمارين التنفس تهدئ الجسم.,Amir,Amazon Translate
أبحر الفايكنج عبر المحيطات في قوارب خشبية.,Amir,Amazon Translate
تتطور اتجاهات الموضة مع التحولات الثقافية.,Amir,Amazon Translate
تدرس الهندسة الأشكال والزوايا والأسطح.,Amir,Amazon Translate
تشرح الفيزياء كيفية تفاعل الطاقة مع المادة.,Amir,Amazon Translate
تشير المراهقة إلى الانتقال إلى مرحلة البلوغ.,Amir,Amazon Translate
يتيح التعاطف فهم وجهات نظر الآخرين.,Amir,Amazon Translate
تشكك اللاأدرية في يقين المعرفة بالآلهة.,Amir,Amazon Translate
جبل فوجي هو أعلى جبل في اليابان.,Amir,Amazon Translate
نشأت موسيقى الهيب هوب في برونكس، نيويورك.,Amir,Amazon Translate
تغطي الصحراء الكبرى معظم شمال إفريقيا.,Amir,Amazon Translate
سقطت الإمبراطورية الرومانية عام 476 م.,Amir,Amazon Translate
توفر مراكز التسوق متاجر متعددة تحت سقف واحد.,Amir,Amazon Translate
يمثل Pi محيط الدائرة مقسومًا على القطر.,Amir,Amazon Translate
يستعيد الانطوائيون الطاقة من العزلة.,Amir,Amazon Translate
التفكير النقدي يشكك في الافتراضات والأدلة.,Amir,Amazon Translate
تحتفل المهرجانات الهندوسية بالآلهة والأحداث الموسمية.,Amir,Amazon Translate
تنظم الطبقات الاجتماعية الأشخاص حسب الحالة.,Amir,Amazon Translate
تستخدم السيارات الكهربائية البطاريات بدلاً من محركات البنزين.,Amir,Amazon Translate
تتميز موسيقى الجاز بالارتجال.,Amir,Amazon Translate
نهر النيل هو أطول نهر في إفريقيا.,Amir,Amazon Translate
بدأت الحرب العالمية الثانية في عام 1939.,Amir,Amazon Translate
الطبخ في المنزل يوفر المال.,Amir,Amazon Translate
يحل الجبر المتغيرات غير المعروفة.,Amir,Amazon Translate
تؤثر القيم الشخصية على صنع القرار.,Amir,Amazon Translate
يشجع النقاش التفكير التحليلي.,Amir,Amazon Translate
تحتوي التوراة على نصوص دينية يهودية.,Amir,Amazon Translate
تفرض الحكومات القوانين داخل البلدان.,Amir,Amazon Translate
تسمح أجهزة الكمبيوتر المحمولة بالحوسبة أثناء السفر.,Amir,Amazon Translate
تنمو الأفوكادو على الأشجار الأصلية في المكسيك.,Amir,Amazon Translate
غيرت التكعيبية طريقة تمثيل الفن للفضاء.,Amir,Amazon Translate
يلوستون هي أول حديقة وطنية في أمريكا.,Amir,Amazon Translate
الترطيب المناسب يمنع ضربة الشمس عند ممارسة الرياضة.,Amir,Amazon Translate
هُزم نابليون في واترلو.,Amir,Amazon Translate
يمكن أن تقلل البستنة من مستويات التوتر.,Amir,Amazon Translate
يحتوي المضلع على ثلاثة جوانب أو أكثر.,Amir,Amazon Translate
يقوم النحاس بتوصيل الكهرباء بشكل جيد.,Amir,Amazon Translate
يدعم ضبط النفس الوصول إلى الأهداف طويلة المدى.,Amir,Amazon Translate
يستنتج الخصم تفاصيل من المبادئ العامة.,Amir,Amazon Translate
تؤكد الكونفوشيوسية على التطور الأخلاقي.,Amir,Amazon Translate
تظهر استطلاعات الرأي الرأي العام في الديمقراطيات.,Amir,Amazon Translate
توفر خدمة الواي فاي الوصول اللاسلكي إلى الإنترنت.,Amir,Amazon Translate
بدأت الأوبرا في إيطاليا خلال عصر النهضة.,Amir,Amazon Translate
موسكو هي أكبر مدينة في روسيا.,Amir,Amazon Translate
تدريب القوة يبني الأنسجة العضلية.,Amir,Amazon Translate
أدى التطعيم ضد الجدري إلى القضاء على المرض في جميع أنحاء العالم.,Amir,Amazon Translate
تم الانتهاء من برج إيفل في عام 1889.,Amir,Amazon Translate
يشمل رقص البريك دانس الحركات البهلوانية والدورات.,Amir,Amazon Translate
تقع شلالات فيكتوريا بين زيمبابوي وزامبيا.,Amir,Amazon Translate
الركض يحرق السعرات الحرارية بكفاءة.,Amir,Amazon Translate
قامت كاترين الكبرى بتوسيع الأراضي الروسية.,Amir,Amazon Translate
تجمع النزهات بين الطعام والترفيه في الهواء الطلق.,Amir,Amazon Translate
يجب أن تحتوي المعادلات الرياضية على إجابات تفي بالعبارات.,Amir,Amazon Translate
يعتمد العمل الجماعي على مهارات التعاون والتواصل.,Amir,Amazon Translate
يقسم التفكير التحليلي المشكلات إلى أجزاء أصغر.,Amir,Amazon Translate
تؤثر الكارما على إعادة الميلاد في أنظمة المعتقدات الهندوسية.,Amir,Amazon Translate
تختلف الهياكل العائلية بين المجتمعات.,Amir,Amazon Translate
تساعد معدات الدراجات الدراجين على التعامل مع التضاريس المختلفة.,Amir,Amazon Translate
فاكهة الكيوي غنية بفيتامين سي.,Amir,Amazon Translate
تمزج موسيقى البوب الحديثة العديد من الأساليب الموسيقية.,Amir,Amazon Translate
تقع البرتغال على حدود إسبانيا فقط في أوروبا.,Amir,Amazon Translate
المشي لمسافات طويلة يعزز صحة القلب.,Amir,Amazon Translate
تقسم الحرب الأهلية الدول داخليًا.,Amir,Amazon Translate
الغسيل ينظف الملابس باستخدام الماء والصابون.,Amir,Amazon Translate
يُعد حساب Precalculus الطلاب لمفاهيم حساب التفاضل والتكامل.,Amir,Amazon Translate
إدارة الإجهاد تعزز المرونة العامة.,Amir,Amazon Translate
تختبر الألغاز المنطقية القدرة على التفكير المنهجي.,Amir,Amazon Translate
عادة ما يقيد الصيام الديني بعض الأطعمة.,Amir,Amazon Translate
العولمة تربط الأسواق على مستوى العالم.,Amir,Amazon Translate
تقوم المكانس الروبوتية بتنظيف الأرضيات تلقائيًا.,Amir,Amazon Translate
تعتبر الكتابة على الجدران فن الشارع الحضري.,Amir,Amazon Translate
تشمل الدول الاسكندنافية السويد والنرويج والدنمارك.,Amir,Amazon Translate
يساعد النوم على تقوية الذاكرة.,Amir,Amazon Translate
اتبع فرسان العصور الوسطى قواعد الفروسية.,Amir,Amazon Translate
استكشفت سفن صيد الحيتان مياه القطب الشمالي والقطب الجنوبي.,Amir,Amazon Translate
تعمل خياطة اللحف على تحويل قصاصات القماش إلى بطانيات وفن.,Amir,Amazon Translate
يمتد جسر جولدن جيت على خليج سان فرانسيسكو.,Amir,Amazon Translate
العلاج الطبيعي يعيد الحركة بعد الإصابات.,Amir,Amazon Translate
قادت هارييت توبمان العبيد إلى الحرية.,Amir,Amazon Translate
تتضمن صناعة الفخار تشكيل الطين وإطلاقه.,Amir,Amazon Translate
تعمل اللوغاريتمات على تبسيط حسابات الضرب والقسمة.,Amir,Amazon Translate
تشكل سمات الشخصية شخصية الفرد.,Amir,Amazon Translate
تشكك الشكوك في الادعاءات دون دليل كافٍ.,Amir,Amazon Translate
تتجه الصلاة الإسلامية نحو مكة.,Amir,Amazon Translate
تقلل وسائل النقل العام من الازدحام المروري.,Amir,Amazon Translate
يعمل التخزين السحابي على إبقاء البيانات بعيدًا عن الأجهزة الشخصية.,Amir,Amazon Translate
يُزرع الزيتون بشكل رئيسي في مناطق البحر الأبيض المتوسط.,Amir,Amazon Translate
قام فنانو عصر النهضة بتطوير تقنيات المنظور.,Amir,Amazon Translate
يسمح الغطس بالاستكشاف تحت الماء بالقرب من السطح.,Amir,Amazon Translate
تدرس الكيمياء العضوية الجزيئات القائمة على الكربون.,Amir,Amazon Translate
تحدد الأدوار المجتمعية توقعات السلوك.,Amir,Amazon Translate
تحمي جدران الحماية شبكات الكمبيوتر من الوصول غير المصرح به.,Amir,Amazon Translate
يساعد فيتامين د على امتصاص الكالسيوم لصحة العظام.,Amir,Amazon Translate
حكم اللوردات الإقطاعيون الأراضي الأوروبية في العصور الوسطى.,Amir,Amazon Translate
تشترك الحكايات الشعبية في الحكمة الثقافية عبر الأجيال.,Amir,Amazon Translate
آسيا لديها أكبر عدد من السكان في العالم.,Amir,Amazon Translate
تشمل أحداث ألعاب القوى الجري والقفز والرمي.,Amir,Amazon Translate
تعمل عمليات فهم القائمة على تبسيط بنية كود البرمجة.,Amir,Amazon Translate
تشير السوبرنوفا إلى موت النجوم الضخمة.,Amir,Amazon Translate
يعزز الذكاء العاطفي العلاقات الصحية.,Amir,Amazon Translate
تدرس الميتافيزيقيا الواقع خارج العالم المادي.,Amir,Amazon Translate
يقترح التناسخ عودة النفوس في أجساد جديدة.,Amir,Amazon Translate
قام موزارت بتأليف السيمفونيات في العصر الكلاسيكي.,Amir,Amazon Translate
إندونيسيا هي أكبر دولة جزيرة في العالم.,Amir,Amazon Translate
أفريقيا لديها أكبر عدد من البلدان في أي قارة.,Amir,Amazon Translate
يمكن أن يقلل المشي يوميًا من ضغط الدم.,Amir,Amazon Translate
أعلن يوليوس قيصر نفسه ديكتاتورًا مدى الحياة.,Amir,Amazon Translate
يستخدم النحاتون الطين أو الحجر أو الخشب أو المعدن كمواد.,Amir,Amazon Translate
يبلغ جبل كليمنجارو أعلى مستوياته في إفريقيا.,Amir,Amazon Translate
رفع الأثقال يزيد من كثافة العظام.,Amir,Amazon Translate
يصادف يوم الاستقلال التحرر من الحكم الاستعماري.,Amir,Amazon Translate
درب التبانة هي مجرتنا الرئيسية.,Amir,Amazon Translate
تدعم الثقة بالنفس التفاعلات الاجتماعية الإيجابية.,Amir,Amazon Translate
المنطق الاستنتاجي يصل إلى استنتاجات من المباني.,Amir,Amazon Translate
توجد ممارسات التأمل في العديد من الديانات الشرقية.,Amir,Amazon Translate
الزيجات هي شراكات رسمية تعترف بها المجتمعات.,Amir,Amazon Translate
تحافظ الموسيقى الشعبية على القصص التقليدية في شكل أغنية.,Amir,Amazon Translate
بحيرة سوبيريور هي أكبر بحيرة في أمريكا الشمالية.,Amir,Amazon Translate
تتطلب التمارين الهوائية تناول الأكسجين المستمر.,Amir,Amazon Translate
انتهت الحرب العالمية الأولى بمعاهدة فرساي.,Amir,Amazon Translate
يعمل الشواء على طهي الطعام باستخدام الحرارة المباشرة.,Amir,Amazon Translate
تحتوي الأحماض على درجة حموضة أقل من 7.,Amir,Amazon Translate
غالبًا ما يعني التطوير الشخصي تعلم مهارات جديدة.,Amir,Amazon Translate
المعضلات الأخلاقية لها حجج على جوانب مختلفة.,Amir,Amazon Translate
يتطلب الإسلام الصلاة في أوقات محددة كل يوم.,Amir,Amazon Translate
تربط الشبكات الاجتماعية الأشخاص عالميًا عبر الإنترنت.,Amir,Amazon Translate
تسمح الكتب الإلكترونية بالوصول المحمول إلى الأدب.,Amir,Amazon Translate
تنمو البابايا بشكل أفضل في المناخات الاستوائية.,Amir,Amazon Translate
تؤكد السريالية على المشاهد الشبيهة بالحلم في الفن.,Amir,Amazon Translate
تقع بغداد بالقرب من نهر دجلة.,Amir,Amazon Translate
تعمل الألياف على تحسين صحة الجهاز الهضمي.,Amir,Amazon Translate
حظر قانون الحقوق المدنية التمييز العنصري.,Amir,Amazon Translate
تؤدي التمارين الرياضية إلى إطلاق الإندورفين الذي يحسن الحالة المزاجية.,Amir,Amazon Translate
طور ألبرت أينشتاين نظرية النسبية العامة.,Amir,Amazon Translate
تزرع الحدائق الحضرية النباتات داخل المدن.,Amir,Amazon Translate
تتضاعف العوامل الأولية لإعطاء الأرقام الأصلية.,Amir,Amazon Translate
يحدث البرق عندما يتم تفريغ الشحنات الكهربائية فجأة.,Amir,Amazon Translate
يساعد التعاطف على بناء مجتمعات أقوى.,Amir,Amazon Translate
الاستدلال من القياس يرسم مقارنات بين المواقف.,Amir,Amazon Translate
تشير الطاوية إلى أن الانسجام مع الطبيعة يجلب الرضا.,Amir,Amazon Translate
يؤثر الرأي العام على قرارات السياسة.,Amir,Amazon Translate
تقوم الطائرات بدون طيار بتصوير المناظر الطبيعية من الأعلى.,Amir,Amazon Translate
يخضع مطربو الأوبرا لتدريب صوتي صارم.,Amir,Amazon Translate
تمتد جبال الأنديز على طول غرب أمريكا الجنوبية.,Amir,Amazon Translate
القهوة نشأت في إثيوبيا.,Amir,Amazon Translate
قد يؤدي استهلاك القهوة المعتدل إلى تعزيز اليقظة.,Amir,Amazon Translate
أسس الملك هنري الثامن كنيسة إنجلترا.,Amir,Amazon Translate
تقسم مباريات كرة القدم الوقت إلى نصفين.,Amir,Amazon Translate
تتحدى ألغاز سودوكو قدرات التفكير المنطقي.,Amir,Amazon Translate
تشمل فروع الكيمياء الأنواع العضوية وغير العضوية.,Amir,Amazon Translate
يتم ترتيب الذرات في أنماط متكررة في البلورات.,Amir,Amazon Translate
الامتنان يعزز الرفاهية العاطفية.,Amir,Amazon Translate
يجب أن تكون العبارات المنطقية صحيحة أو خاطئة.,Amir,Amazon Translate
تؤمن الربوبية بالله ولكنها لا تؤمن بالدين المنظم.,Amir,Amazon Translate
الطلاق يغير العلاقات القانونية الأسرية.,Amir,Amazon Translate
تساعد محركات البحث في تحديد المعلومات الرقمية بسرعة.,Amir,Amazon Translate
ينمو الكرز على أنواع الأشجار المزهرة.,Amir,Amazon Translate
السوناتات هي مؤلفات موسيقية للآلات الفردية.,Amir,Amazon Translate
تعمل الساونا على تعزيز التعرق للاسترخاء.,Amir,Amazon Translate
خلقت الحضارات الكتابة المسمارية في بلاد ما بين النهرين.,Amir,Amazon Translate
التجديف ينشط مجموعات العضلات الرئيسية.,Amir,Amazon Translate
يصف الأرخبيل سلاسل الجزر.,Amir,Amazon Translate
يعمل الغاز الطبيعي على تدفئة المنازل بكفاءة.,Amir,Amazon Translate
تتكون الحكمة من الخبرة والمعرفة والحكم الجيد.,Amir,Amazon Translate
التحيز يخيم على موضوعية البحث.,Amir,Amazon Translate
تتبع المسيحية الأرثوذكسية اليونانية التقاليد البيزنطية.,Amir,Amazon Translate
يقوم التعداد بحساب البيانات السكانية بانتظام.,Amir,Amazon Translate
تتعقب الساعات الذكية أحداث اللياقة والتقويم.,Amir,Amazon Translate
تؤدي الأنهار إلى تآكل الوديان تدريجيًا على مر القرون.,Amir,Amazon Translate
يشمل فن الشارع الجداريات والمنشآت في الأماكن العامة.,Amir,Amazon Translate
يجذب وادي يوسمايت بكاليفورنيا عشاق الهواء الطلق.,Amir,Amazon Translate
مساحيق البروتين تكمل الوجبات الغذائية للرياضيين.,Amir,Amazon Translate
قادت جان دارك الجيوش الفرنسية ضد القوات الإنجليزية.,Amir,Amazon Translate
غالبًا ما تحتوي الحلويات على السكر أو الشوكولاتة أو نكهات الفاكهة.,Amir,Amazon Translate
تُظهر الأسس الضرب المتكرر للأرقام.,Amir,Amazon Translate
يتغير المد والجزر في المحيط بشكل أساسي بسبب جاذبية القمر.,Amir,Amazon Translate
تؤثر المتغيرات في التجارب على النتائج بشكل منهجي.,Amir,Amazon Translate
يشجع التعبير الإبداعي الفردية.,Amir,Amazon Translate
تسلط العبثية الضوء على عدم المعنى في وجهات النظر الفلسفية.,Amir,Amazon Translate
تكرم الشنتو الأرواح المسماة كامي في اليابان.,Amir,Amazon Translate
الحريات المدنية تحمي حقوق الحرية الشخصية.,Amir,Amazon Translate
يعمل التشفير على تأمين الاتصالات الرقمية من خلال خوارزميات معقدة.,Amir,Amazon Translate
تشارك الحوسبة السحابية موارد المعالجة عبر اتصالات الإنترنت.,Amir,Amazon Translate
يزدهر البرتقال في مناخات البحر الأبيض المتوسط وشبه الاستوائية.,Amir,Amazon Translate
يعمل عمل فني من الفسيفساء على قطع البلاط أو الأحجار الصغيرة معًا.,Amir,Amazon Translate
أنتاركتيكا هي القارة الأكثر جفافاً وبرودة.,Amir,Amazon Translate
يتطلب ركوب الدراجات الجبلية التوازن الماهر والتنسيق.,Amir,Amazon Translate
يدرس علم الحفريات الحفريات لفهم الكائنات الحية القديمة.,Amir,Amazon Translate
تنظم الأحزاب السياسية الأعضاء حول المعتقدات المشتركة.,Amir,Amazon Translate
يقوم برنامج جدار الحماية بإيقاف حركة المرور غير المرغوب فيها من دخول أنظمة الكمبيوتر.,Amir,Amazon Translate
يساعد فيتامين B12 على وظيفة الأعصاب وتكوين خلايا الدم الحمراء.,Amir,Amazon Translate
حكم شارلمان أوروبا الغربية بعد سقوط روما.,Amir,Amazon Translate
يستخدم الشعر الملحمي الأعمال البطولية والمواضيع الكبرى.,Amir,Amazon Translate
تغطي آسيا مساحة أكبر من القارات الأخرى.,Amir,Amazon Translate
يجمع Pentathlon بين خمسة أحداث رياضية.,Amir,Amazon Translate
يحدد المنطق المنطقي القيم للحالات الصحيحة أو الخاطئة.,Amir,Amazon Translate
تدور المجرات ببطء حول مراكزها الضخمة.,Amir,Amazon Translate
تحدد الأخلاق ما يعتبر صوابًا وخاطئًا.,Amir,Amazon Translate
ترى وحدة الوجود الألوهية في جميع جوانب الكون.,Amir,Amazon Translate
أسس بيكاسو الحركة التكعيبية في الفن.,Amir,Amazon Translate
جرينلاند هي أكبر جزيرة على وجه الأرض.,Amir,Amazon Translate
تمتد الولايات المتحدة عبر مناطق زمنية متعددة.,Amir,Amazon Translate
انتهت الحرب العالمية الثانية باستسلام اليابان.,Amir,Amazon Translate
يتدفق الدم عبر شبكة من الأوعية.,Amir,Amazon Translate
تشكل الهوية كيف ينظر الناس إلى أنفسهم.,Amir,Amazon Translate
تستخدم القياسات المنطقية المنطق للاستدلال الاستنتاجي.,Amir,Amazon Translate
الإلحاد هو عدم الإيمان بوجود الآلهة.,Amir,Amazon Translate
تفصل المجتمعات العلمانية الدين عن الشؤون الحكومية.,Amir,Amazon Translate
تعمل تقنية Bluetooth على توصيل الأجهزة لاسلكيًا عبر مسافات قصيرة.,Amir,Amazon Translate
عززت هارلم رينيسانس الفنون الأمريكية السوداء.,Amir,Amazon Translate
مدريد هي عاصمة إسبانيا وأكبر مدنها.,Amir,Amazon Translate
دورات السباحة تبني اللياقة الهوائية.,Amir,Amazon Translate
تضفي المعاهدات الطابع الرسمي على السلام بين الدول.,Amir,Amazon Translate
القلي يطبخ الطعام بالزيت الساخن.,Amir,Amazon Translate
تعمل الآلات الحاسبة على تسريع المهام الحسابية.,Amir,Amazon Translate
كل المواد تتكون من ذرات.,Amir,Amazon Translate
النوم الروتيني يحسن الصحة العاطفية.,Amir,Amazon Translate
يستمد المنطق الاستقرائي التعميمات من الأدلة.,Amir,Amazon Translate
يسعى الطاويون إلى العمل بدون مجهود، أو وو وي.,Amir,Amazon Translate
تساعد المنظمات الخيرية المجتمعات المحتاجة.,Amir,Amazon Translate
تعمل المصانع الآلية على زيادة إنتاج المنتجات بكفاءة.,Amir,Amazon Translate
ينمو الكيوي بشكل أفضل في المناخات المعتدلة.,Amir,Amazon Translate
غالبًا ما تستخدم فرق البوب الجيتار والباس والطبول.,Amir,Amazon Translate
تمتد ماترهورن بين سويسرا وإيطاليا.,Amir,Amazon Translate
قد يقلل تناول الطعام ببطء من تناول السعرات الحرارية.,Amir,Amazon Translate
تميزت السلالات الصينية بفترات تاريخية من قبل العائلات الحاكمة.,Amir,Amazon Translate
يجمع التزلج على الجليد بين مهارات التوازن والتنسيق.,Amir,Amazon Translate
تقيس المنقلة أحجام الزوايا لمشاكل الهندسة.,Amir,Amazon Translate
تنقل الموصلات التيار الكهربائي بسهولة.,Amir,Amazon Translate
تساعد اليقظة على تركيز الانتباه على الحاضر.,Amir,Amazon Translate
تقارن المقارنات أوجه التشابه بين الموضوعات غير ذات الصلة.,Amir,Amazon Translate
تقدر الإنسانية العقل والعلم والكرامة الإنسانية.,Amir,Amazon Translate
تحدد النصوص المقدسة التعاليم الدينية.,Amir,Amazon Translate
تفسر السلطات القضائية القوانين داخل أنظمة المحاكم.,Amir,Amazon Translate
تجمع المركبات الهجينة بين البنزين والطاقة الكهربائية.,Amir,Amazon Translate
المانجو هي ثمار ذات نواة موطنها آسيا.,Amir,Amazon Translate
يمزج الكولاج الرقمي العديد من العناصر المرئية إلكترونيًا.,Amir,Amazon Translate
تنتج مزمار القربة الموسيقى باستخدام القصب المغلق.,Amir,Amazon Translate
يشتهر ساحل أمالفي بجمال المناظر الطبيعية الخلابة.,Amir,Amazon Translate
الركض بانتظام يخفف من مخاطر الإصابة بأمراض القلب.,Amir,Amazon Translate
أعادت حرب القرم تشكيل التحالفات الأوروبية.,Amir,Amazon Translate
تستخدم الحياكة الغزل والإبر لصنع القماش.,Amir,Amazon Translate
جمع السلسلة يضيف أرقامًا متتالية معًا.,Amir,Amazon Translate
تتسبب الكهرباء الساكنة في وقوف الشعر في بعض الأحيان.,Amir,Amazon Translate
يعمل فيتامين E كمضاد للأكسدة.,Amir,Amazon Translate
تؤثر الأعراق على العادات والتقاليد اليومية.,Amir,Amazon Translate
يتبع اللوثريون المذاهب التي تأسست خلال الإصلاح البروتستانتي.,Amir,Amazon Translate
يتضمن الإجماع اتفاقًا عامًا بين أعضاء المجموعة.,Amir,Amazon Translate
تعمل سماعات الرأس اللاسلكية على التخلص من أسلاك أجهزة الصوت.,Amir,Amazon Translate
يخزن الجزر العناصر الغذائية تحت الأرض كجذور.,Amir,Amazon Translate
تتميز الأقنعة الفينيسية بزخارف متقنة.,Amir,Amazon Translate
يتمتع الآيسلنديون بحمامات السباحة التي تعمل بالطاقة الحرارية الأرضية.,Amir,Amazon Translate
يحتوي السبانخ على الحديد والفيتامينات A و C.,Amir,Amazon Translate
اشتهرت سبارتا بالثقافة العسكرية في اليونان.,Amir,Amazon Translate
لعب الشطرنج يعزز القدرة على التفكير الاستراتيجي.,Amir,Amazon Translate
تسحب الجاذبية الأجسام الساقطة نحو الأرض بسرعة 9.8 م/ث².,Amir,Amazon Translate
تزيل اللاثنائية التمييز بين تجربة الموضوع والموضوع.,Amir,Amazon Translate
تمارس بوذية الزن التأمل الذهني.,Amir,Amazon Translate
تتيح الاستفتاءات التصويت المباشر على قضايا محددة.,Amir,Amazon Translate
تنظم إشارات المرور التقاطعات.,Amir,Amazon Translate
تعيش النمور بشكل رئيسي في غابات آسيا والمراعي.,Amir,Amazon Translate
تشمل الأوبرا الألحان التي يغنيها فنانون منفردون.,Amir,Amazon Translate
يتحدث التشيكيون اللغة التشيكية رسميًا.,Amir,Amazon Translate
طور المصريون واحدة من أقدم أشكال الكتابة.,Amir,Amazon Translate
تنتمي البودل إلى سلالات الكلاب المصاحبة.,Amir,Amazon Translate
كانت Barbarossa حملة ألمانيا النازية ضد الاتحاد السوفيتي.,Amir,Amazon Translate
تحمي الأمتعة المتعلقات أثناء السفر.,Amir,Amazon Translate
تقيس المساحة حجم السطح في الرياضيات.,Amir,Amazon Translate
الكتل الذرية تساوي تقريبًا البروتونات والنيوترونات مجتمعة.,Amir,Amazon Translate
يؤثر تأثير الأقران على اختيارات المراهقين بشكل كبير.,Amir,Amazon Translate
تؤكد العقلانية النقدية على اختبار الأفكار للتحسين.,Amir,Amazon Translate
تظهر رمزية الصليب في العديد من الأديان.,Amir,Amazon Translate
يناقش البرلمان القوانين القانونية الجديدة ويمررها.,Amir,Amazon Translate
تساعد الشبكات الجغرافيين في تحديد الأماكن بدقة.,Amir,Amazon Translate
تحتوي التربة على كائنات حية ضرورية لنمو النبات.,Amir,Amazon Translate
ينتمي الجريب فروت إلى عائلة الحمضيات.,Amir,Amazon Translate
يُقدر اليشم بالنحت والمجوهرات.,Amir,Amazon Translate
يتم استخدام رنين الجرس للإشارة إلى الأحداث.,Amir,Amazon Translate
امتدت إمبراطورية الإنكا عبر غرب أمريكا الجنوبية.,Amir,Amazon Translate
أدى الفصل العنصري إلى تقسيم المرافق الأمريكية حسب العرق تاريخيًا.,Amir,Amazon Translate
يعمل تكييف الهواء على تبريد المباني في المناطق الدافئة.,Amir,Amazon Translate
تصل تنبيهات الإشعارات الفورية إلى مستخدمي الأجهزة المحمولة على الفور.,Amir,Amazon Translate
رسم رامبرانت العديد من الصور الذاتية.,Amir,Amazon Translate
سومطرة هي واحدة من أكبر جزر إندونيسيا.,Amir,Amazon Translate
تقع أيسلندا على سلسلة جبال وسط المحيط الأطلسي.,Amir,Amazon Translate
التمدد قبل التمرين يمنع إصابة العضلات.,Amir,Amazon Translate
بدأت الثورة الفرنسية في عام 1789.,Amir,Amazon Translate
تشمل فنون الطهي الخبز والشواء والتحميص والتشويح.,Amir,Amazon Translate
الشكل السداسي له ستة أضلاع.,Amir,Amazon Translate
يتطلب الصوت وسيطًا للسفر.,Amir,Amazon Translate
يحسن التأمل الذاتي الفهم الشخصي.,Amir,Amazon Translate
يستخدم التفكير الاستقرائي الملاحظة لتشكيل النظريات.,Amir,Amazon Translate
مزارات الشنتو شائعة في اليابان.,Amir,Amazon Translate
تحدد الدساتير الهياكل والحقوق الحكومية.,Amir,Amazon Translate
تنقل كابلات الألياف الضوئية إشارات ضوئية.,Amir,Amazon Translate
تعود أصول الرمان إلى إيران وشمال الهند.,Amir,Amazon Translate
الباليه الكلاسيكي نشأ في إيطاليا خلال عصر النهضة.,Amir,Amazon Translate
مونتريال هي مدينة في مقاطعة كيبيك.,Amir,Amazon Translate
المشي السريع يحرق سعرات حرارية أكثر من المشي البطيء.,Amir,Amazon Translate
يحتفل يوم الهدنة بنهاية الحرب العالمية الأولى.,Amir,Amazon Translate
يمكن أن تكون الشوربات مرقة أو كريمية.,Amir,Amazon Translate
تستخدم التعبيرات الجبرية الحروف لتمثيل الأرقام.,Amir,Amazon Translate
توجد المادة كمواد صلبة أو سوائل أو غازات.,Amir,Amazon Translate
ينظم الدوبامين المزاج والتحفيز.,Amir,Amazon Translate
تحتوي الوسيطات المنطقية على نماذج صالحة أو غير صالحة.,Amir,Amazon Translate
تنظر وحدة الوجود إلى الطبيعة على أنها إلهية.,Amir,Amazon Translate
غالبًا ما يقود رجال الدين الاحتفالات الدينية.,Amir,Amazon Translate
تقوم كاميرات الطائرات بدون طيار بتصوير المنظورات الجوية.,Amir,Amazon Translate
ينمو الكرنب جيدًا في المناخات الباردة.,Amir,Amazon Translate
كان Harpsichord مشهورًا في موسيقى الباروك.,Amir,Amazon Translate
بحيرة بايكال هي الأعمق في العالم.,Amir,Amazon Translate
حبل القفز يحسن معدل ضربات القلب والتنسيق.,Amir,Amazon Translate
استكشفت بعثات أبولو سطح القمر.,Amir,Amazon Translate
يستخدم الفنانون وسائط مختلطة للتأثيرات الإبداعية.,Amir,Amazon Translate
الصور النقطية هي صور رقمية مصنوعة من وحدات البكسل.,Amir,Amazon Translate
تتحكم مصاطب الأرز في المياه للزراعة.,Amir,Amazon Translate
ينتج الجوع عندما تنخفض كمية السعرات الحرارية بشكل كبير.,Amir,Amazon Translate
تعمل الإنزيمات على تسريع التفاعلات الكيميائية في الخلايا.,Amir,Amazon Translate
تتدحرج الأجسام الدائرية بسلاسة على الأسطح المسطحة.,Amir,Amazon Translate
تقدم بيوت الشاي شاربي الشاي للتواصل الاجتماعي مع الأصدقاء في آسيا.,Amir,Amazon Translate
يستكشف علم الكونيات أصل الكون وبنيته.,Amir,Amazon Translate
توجه الفضائل السلوك الأخلاقي عبر الثقافات.,Amir,Amazon Translate
تؤثر تقاليد الإيمان على الخيارات الأخلاقية.,Amir,Amazon Translate
يضمن التصويت المشاركة العامة في الحوكمة.,Amir,Amazon Translate
تعمل النسخ الاحتياطية المستندة إلى السحابة على حماية البيانات الرقمية خارج الموقع.,Amir,Amazon Translate
تتميز فرق الجاز بأقسام الرياح والنحاس والإيقاع.,Amir,Amazon Translate
تربط شبه جزيرة سيناء إفريقيا وآسيا.,Amir,Amazon Translate
تتطلب كرة الريشة ردود فعل سريعة وخفة الحركة.,Amir,Amazon Translate
تحتوي الذرات على بروتونات ونيوترونات وإلكترونات.,Amir,Amazon Translate
تنقل الخلايا العصبية الحسية المنبهات إلى الدماغ.,Amir,Amazon Translate
يكشف الشعر الطائفي عن تجارب عاطفية خاصة.,Amir,Amazon Translate
تختلف بحيرة تشاد بشكل كبير في الحجم سنويًا.,Amir,Amazon Translate
الجري للخلف يتحدى العضلات المختلفة.,Amir,Amazon Translate
يشجع العلاج بالساونا على التعرق والتخلص من السموم.,Amir,Amazon Translate
تشكل التعرية المناظر الطبيعية عن طريق إزالة التربة والصخور.,Amir,Amazon Translate
تكرس الراهبات الحياة للخدمة الروحية.,Amir,Amazon Translate
تصميم الإضاءة يخلق أجواء في المسارح والفعاليات.,Amir,Amazon Translate
تعمل الألغاز المتقاطعة على تحسين مهارات المفردات الإنجليزية.,Amir,Amazon Translate
توفر القصيبات الهواء للحويصلات الهوائية في الرئتين.,Amir,Amazon Translate
تتلاعب تقنية النانو بالمادة على المستويات الذرية.,Amir,Amazon Translate
تقوم اللواحق بتعديل معنى الكلمات الأساسية.,Amir,Amazon Translate
يعود التطور البشري إلى ملايين السنين.,Amir,Amazon Translate
كانت عربات الترام تهيمن في السابق على شبكات النقل الحضرية.,Amir,Amazon Translate
تقدر الاحتمالية احتمالية الحدث رياضيًا.,Amir,Amazon Translate
يقيس الانحراف المعياري تباين البيانات.,Amir,Amazon Translate
طور فرويد مفاهيم الهوية والأنا والأنا العليا.,Amir,Amazon Translate
قاوم تحطيم المعتقدات التقليدية الصور الدينية تاريخيًا.,Amir,Amazon Translate
تسن حكومات الولايات سياسات محلية.,Amir,Amazon Translate
حكم السلاطين الإمبراطورية العثمانية.,Amir,Amazon Translate
توقع الدول معاهدات لحل النزاعات سلمياً.,Amir,Amazon Translate
تنظم الصفوف والأعمدة معلومات جدول البيانات.,Amir,Amazon Translate
تيارات التمزق تسحب السباحين بعيدًا عن الشاطئ.,Amir,Amazon Translate
تقوم الفراشات بتلقيح النباتات المزهرة.,Amir,Amazon Translate
يقوم الاكتواريون بتقييم المخاطر المالية باستخدام نماذج الرياضيات.,Amir,Amazon Translate
تصف الديناميكا الحرارية علاقات الحرارة والعمل.,Amir,Amazon Translate
تعبر القصائد الغنائية عن المشاعر القوية بإيجاز.,Amir,Amazon Translate
يعبد الشرك آلهة متعددة.,Amir,Amazon Translate
تعدد الزوجات يسمح بالزواج من عدة شركاء.,Amir,Amazon Translate
أحدثت السيارات ثورة في النقل في القرن العشرين.,Amir,Amazon Translate
تستهلك مصابيح LED كهرباء أقل من الإضاءة المتوهجة.,Amir,Amazon Translate
تحدد خنادق أعماق البحار الحدود بين الصفائح التكتونية.,Amir,Amazon Translate
يدعم التمويل الجماعي المشاريع من خلال التبرعات الفردية الصغيرة.,Amir,Amazon Translate
تأكل الحيوانات آكلة اللحوم الأنسجة الحيوانية بشكل أساسي.,Amir,Amazon Translate
انتشرت الأساطير الحضرية على نطاق واسع على الرغم من الحقيقة المشكوك فيها.,Amir,Amazon Translate
تجمع الواقعية النقدية بين الحقائق الموضوعية ووجهات النظر الذاتية.,Amir,Amazon Translate
تتضمن تقنيات اللوحات الجدارية الرسم على الجص الرطب.,Amir,Amazon Translate
تغني جوقات الكنيسة التراتيل في وئام.,Amir,Amazon Translate
تساعد أطياف الامتصاص في تحديد تكوين العناصر.,Amir,Amazon Translate
تعيش النمور في الغابات المطيرة في أمريكا الوسطى والجنوبية.,Amir,Amazon Translate
استضافت بكين الألعاب الأولمبية الصيفية في عام 2008.,Amir,Amazon Translate
تعمل رموز تشفير البيانات على تقييد الوصول غير المصرح به.,Amir,Amazon Translate
برودة الرياح تجعل الهواء البارد يشعر بالبرودة.,Amir,Amazon Translate
يقع أبو الهول بالقرب من أهرامات مصر.,Amir,Amazon Translate
مدغشقر هي دولة جزيرة قبالة الساحل الأفريقي.,Amir,Amazon Translate
ترفع الرافعات القافزة معدل ضربات القلب بسرعة.,Amir,Amazon Translate
حددت Magna Carta السلطة الملكية الإنجليزية.,Amir,Amazon Translate
الكتابة على الجدران هي فن مرسوم على الأسطح العامة.,Amir,Amazon Translate
يحتوي البنتاغون على خمسة أضلاع مستقيمة.,Amir,Amazon Translate
الاحترام يبني مفهوم الذات الإيجابي لدى الأفراد.,Amir,Amazon Translate
تثبت الأدلة التجريبية صحة الاستنتاجات المنطقية.,Amir,Amazon Translate
تعيد الطقوس تمثيل الأحداث الرئيسية للمصلين.,Amir,Amazon Translate
توجد الحقوق المدنية لحماية الحريات الفردية.,Amir,Amazon Translate
تحل تقنية Bluetooth محل الكابلات المادية.,Amir,Amazon Translate
الفستق هو نوع من الجوز الأخضر.,Amir,Amazon Translate
تمثل الأزياء الراقية الأزياء المخصصة الراقية.,Amir,Amazon Translate
الدار البيضاء هي أكبر مدينة في المغرب من حيث عدد السكان.,Amir,Amazon Translate
ركوب الدراجات يقوي عضلات الساق بانتظام.,Amir,Amazon Translate
نشر الإسكندر الأكبر الثقافة الهلنستية.,Amir,Amazon Translate
الطبخ البطيء يطور نكهات أعمق.,Amir,Amazon Translate
تستخدم المعادلة علامات التساوي بين تعبيرين.,Amir,Amazon Translate
تتكون الجزيئات عندما تشارك الذرات الإلكترونات أو تنقلها.,Amir,Amazon Translate
تقلل الإجراءات الروتينية المتسقة من التوتر والقلق.,Amir,Amazon Translate
يطبق المنطق الاستنتاجي القواعد العامة لحالات محددة.,Amir,Amazon Translate
تعطي الإنسانية الأولوية لرفاهية الإنسان وكرامته.,Amir,Amazon Translate
تقدم الخطب رسائل ودروس دينية.,Amir,Amazon Translate
تراقب أجهزة تتبع اللياقة البدنية مستويات النشاط البدني.,Amir,Amazon Translate
ينمو المانجو في المناخات الدافئة والرطبة.,Amir,Amazon Translate
تُظهر اللوحة الباروكية تباينات الدراماتيكية للضوء والظل.,Amir,Amazon Translate
تقع توسكانا في التلال المنحدرة بوسط إيطاليا.,Amir,Amazon Translate
تناول الكثير من الوجبات الخفيفة يؤدي إلى زيادة الوزن.,Amir,Amazon Translate
امتدت الإمبراطورية الرومانية إلى ثلاث قارات في أوجها.,Amir,Amazon Translate
يسمح الإيجار بترتيبات المعيشة المؤقتة.,Amir,Amazon Translate
تصدأ المسامير الحديدية في الظروف الرطبة.,Amir,Amazon Translate
تقلل ممارسة اليقظة المنتظمة من السلوكيات الاندفاعية.,Amir,Amazon Translate
توضح المقارنات الأفكار المجردة باستخدام أمثلة ذات صلة.,Amir,Amazon Translate
تحكم البراغماتية على الإجراءات بناءً على النتائج العملية.,Amir,Amazon Translate
تشكل النصوص المقدسة تقاليد الإيمان.,Amir,Amazon Translate
تقوم الهيئات التشريعية بكتابة ومراجعة القوانين القانونية.,Amir,Amazon Translate
تستخدم الهواتف المحمولة الشبكات الخلوية للاتصال.,Amir,Amazon Translate
ينمو اللفت كخضروات جذرية تحت الأرض.,Amir,Amazon Translate
يزين الزجاج الملون العديد من الكنائس القديمة.,Amir,Amazon Translate
تشتهر سنغافورة بلوائح النظافة الصارمة.,Amir,Amazon Translate
يحافظ البوتاسيوم على توازن السوائل في الخلايا.,Amir,Amazon Translate
تتشكل أدوار الجنسين من خلال الثقافة والتاريخ.,Amir,Amazon Translate
يشرف الأساقفة على الأراضي المسيحية الكبيرة.,Amir,Amazon Translate
تشرح العقود الاجتماعية كيف تنشأ القوانين من الاتفاق العام.,Amir,Amazon Translate
تتيح المنتديات عبر الإنترنت المناقشات الجماعية في جميع أنحاء العالم.,Amir,Amazon Translate
توضح الفسيفساء البيزنطية مشاهد الكتاب المقدس بخلفيات ذهبية.,Amir,Amazon Translate
يرتفع كليمنجارو فوق سهول شرق إفريقيا.,Amir,Amazon Translate
يستخدم الهوكي الميداني العصي والكرات الصلبة.,Amir,Amazon Translate
تترابط ذرات الكربون بسهولة في جزيئات عضوية طويلة.,Amir,Amazon Translate
ترسل الإشارات العصبية رسائل حسية بسرعة.,Amir,Amazon Translate
يقيس المقياس الطول في النظام المتري.,Amir,Amazon Translate
تتبع الروايات الملحمية الأبطال عبر الأجيال والسفر.,Amir,Amazon Translate
ترى الروحانية أرواحًا تسكن الأشياء الطبيعية.,Amir,Amazon Translate
تؤثر الشريعة على القانون في بعض البلدان الإسلامية.,Amir,Amazon Translate
تتفاوض الدبلوماسية على صفقات السلام دوليًا.,Amir,Amazon Translate
تدعو الاستفتاءات إلى الديمقراطية المباشرة بشأن القضايا.,Amir,Amazon Translate
يقيس خط العرض المسافة شمال أو جنوب خط الاستواء.,Amir,Amazon Translate
تدور الأعاصير بسبب تأثير كوريوليس على الأرض.,Amir,Amazon Translate
يساعد النحل الطنان على تخصيب الأزهار أثناء البحث عن الرحيق.,Amir,Amazon Translate
يفسر المحللون اتجاهات سوق الأسهم يوميًا.,Amir,Amazon Translate
تكتشف مستشعرات الحركة الحركة الحركة في الداخل والخارج.,Amir,Amazon Translate
تدعم الجسور الطرق فوق الأنهار أو الوديان.,Amir,Amazon Translate
يقيد الربو التنفس أثناء بعض المحفزات.,Amir,Amazon Translate
تنقل الحروف الرسومية اللغة من خلال الرموز القائمة على الصور.,Amir,Amazon Translate
يواجه مستكشفو القطب الشمالي البرودة الشديدة والعزلة.,Amir,Amazon Translate
يعد التصوير السينمائي أمرًا حيويًا لسرد القصص في الأفلام.,Amir,Amazon Translate
يمشي رباعي الأرجل على أربعة أرجل بشكل طبيعي.,Amir,Amazon Translate
توفر بصمات الأصابع طرقًا فريدة لتحديد الهوية الشخصية.,Amir,Amazon Translate
بانكسي هو فنان شارع معروف ومجهول.,Amir,Amazon Translate
تقع التبت على أعلى هضبة في العالم.,Amir,Amazon Translate
تقع البرازيل على حدود كل دولة في أمريكا الجنوبية باستثناء تشيلي والإكوادور.,Amir,Amazon Translate
تعمل تمارين الجلوس على عضلات البطن والقوة الأساسية.,Amir,Amazon Translate
حدث الهبوط على سطح القمر في عام 1969.,Amir,Amazon Translate
تصوير الشارع يلتقط لحظات صريحة في الأماكن العامة.,Amir,Amazon Translate
تأخذ السوائل شكل حاوياتها.,Amir,Amazon Translate
تعزز الإنجازات الشخصية القيمة الذاتية والتحفيز.,Amir,Amazon Translate
الحدس يكمل التحليل المنطقي في صنع القرار.,Amir,Amazon Translate
بدأت السيخية في البنجاب في القرن الخامس عشر.,Amir,Amazon Translate
تقدم المكتبات العامة كتبًا مجانية للاستخدام المجتمعي.,Amir,Amazon Translate
تستخدم بذور السمسم في الخبز والطبخ.,Amir,Amazon Translate
تجمع أفلام بوليوود بين الموسيقى والدراما والرقص.,Amir,Amazon Translate
بانكوك هي عاصمة تايلاند وأكبر مدنها.,Amir,Amazon Translate
يزيد المشي القوي من القدرة على التحمل مع الحد الأدنى من تأثير المفاصل.,Amir,Amazon Translate
تم التوقيع على إعلان الاستقلال في عام 1776.,Amir,Amazon Translate
ينتج التخمير المنزلي البيرة من خلال التخمير الخاضع للرقابة.,Amir,Amazon Translate
تعبر الأعداد العشرية عن قيم كسرية باستخدام ترميز القيمة المكانية.,Amir,Amazon Translate
تتوسع الغازات لملء أي مساحة متاحة.,Amir,Amazon Translate
يساعد الروتين الأطفال على الشعور بالأمان والأمان.,Amir,Amazon Translate
يكرر التفكير الدائري الادعاءات دون دليل صالح.,Amir,Amazon Translate
تؤكد الفلسفة المتعالية على الحدس والروحانية الطبيعية.,Amir,Amazon Translate
يقود الوزراء التجمعات والاحتفالات المسيحية.,Amir,Amazon Translate
تتعقب التكنولوجيا القابلة للارتداء الخطوات أو معدل ضربات القلب أو دورات النوم.,Amir,Amazon Translate
تنمو الجوافة على الأشجار الاستوائية دائمة الخضرة.,Amir,Amazon Translate
تعبر التعبيرية عن المشاعر من خلال الألوان الجريئة والشكل.,Amir,Amazon Translate
تتمتع ريو دي جانيرو بشواطئ شهيرة ومسيرات كرنفال.,Amir,Amazon Translate
يمكن أن يؤدي تناول الوجبات الخفيفة في منتصف الصباح إلى تعطيل تنظيم الشهية.,Amir,Amazon Translate
سيطرت إمبراطورية الأزتك على وسط المكسيك قبل الاتصال الأوروبي.,Amir,Amazon Translate
يتشارك رفقاء الغرفة التكاليف والواجبات المنزلية معًا.,Amir,Amazon Translate
تضيف سنة كبيسة يومًا إضافيًا إلى فبراير.,Amir,Amazon Translate
يقاوم الألمنيوم التآكل بشكل أفضل من الحديد.,Amir,Amazon Translate
تقيد الميزانية الإنفاق غير الضروري على المدى الطويل.,Amir,Amazon Translate
تعطي الرمزية الأشياء معاني أوسع في القصص أو الفن.,Amir,Amazon Translate
يدرس علم الظواهر التجارب الواعية بشكل منهجي.,Amir,Amazon Translate
الأمثال تعلم الأخلاق في الكتب الدينية.,Amir,Amazon Translate
تقوم الفروع التنفيذية بإنفاذ القوانين على المستوى الحكومي.,Amir,Amazon Translate
تعمل الألياف الضوئية على تحسين سرعة الإنترنت بشكل كبير.,Amir,Amazon Translate
تعبر الكتابة على الجدران عن الرسائل الاجتماعية على الأسطح الحضرية.,Amir,Amazon Translate
ينصح القساوسة أبناء الرعية في الأمور الدينية.,Amir,Amazon Translate
تحل الدعاوى المدنية الخلافات القانونية غير الجنائية.,Amir,Amazon Translate
تسمح المنصات الرقمية بإجراء محادثات عالمية بسهولة.,Amir,Amazon Translate
تساعد الملقحات النباتات على التكاثر عن طريق نقل حبوب اللقاح.,Amir,Amazon Translate
تستخدم الهندسة المعمارية على طراز فن الآرت ديكو تصميمات هندسية مبسطة.,Amir,Amazon Translate
تشكل جبال روكي أطول سلسلة جبال متواصلة في أمريكا الشمالية.,Amir,Amazon Translate
تتضمن لعبة البيسبول ضرب الكرات بالخفافيش باتجاه القواعد.,Amir,Amazon Translate
تتحكم الخلايا العصبية الحركية في حركة العضلات في جميع أنحاء الجسم.,Amir,Amazon Translate
تركز الدراما على التطور العاطفي أو الصراع.,Amir,Amazon Translate
تعلم الرواقية الفضيلة باعتبارها أعظم خير في الحياة.,Amir,Amazon Translate
يلقي الدعاة الخطب أثناء خدمات العبادة.,Amir,Amazon Translate
يفسر القضاة القواعد وفقًا للقانون المعمول به.,Amir,Amazon Translate
تعمل الهواتف الذكية على أنظمة تشغيل الهواتف المحمولة.,Amir,Amazon Translate
ينضج الفجل بسرعة من البذور إلى الحصاد.,Amir,Amazon Translate
تزين الجداريات المباني بصور مرسومة كبيرة.,Amir,Amazon Translate
سيول هي عاصمة كوريا الجنوبية.,Amir,Amazon Translate
يدعم الفوسفور العظام الصحية وتكوين الأسنان.,Amir,Amazon Translate
تحدد الأدوار الاجتماعية السلوكيات المتوقعة في المجموعات.,Amir,Amazon Translate
يكرس الرهبان حياتهم للصلاة والتعلم.,Amir,Amazon Translate
تجمع العرائض التوقيعات لطلبات تغيير السياسة.,Amir,Amazon Translate
ترسل الرسائل النصية اتصالات قصيرة رقميًا.,Amir,Amazon Translate
تعيش الأنواع المتوطنة فقط في مناطق جغرافية محددة.,Amir,Amazon Translate
تنقل زلاجات الكلاب الإمدادات عبر التضاريس الثلجية.,Amir,Amazon Translate
زينت الفسيفساء الرومانية الأرضيات والجدران بالبلاط الصغير.,Amir,Amazon Translate
يجذب معسكر قاعدة إيفرست المتنزهين حول العالم.,Amir,Amazon Translate
يبتكر الطهاة وصفات الطهي بشكل احترافي.,Amir,Amazon Translate
يقسم التقسيم الطويل الأرقام إلى أجزاء كاملة.,Amir,Amazon Translate
يشرح علم الوراثة الخصائص الموروثة في الكائنات الحية.,Amir,Amazon Translate
يروي الخيال القصير قصصًا كاملة في صفحات قليلة.,Amir,Amazon Translate
تمثل أعمدة الطوطم النسب بين الشعوب الأصلية.,Amir,Amazon Translate
يقوم رسامو الرسوم المتحركة بإضفاء الحيوية على الشخصيات إطارًا تلو الآخر.,Amir,Amazon Translate
تشمل القشريات سرطان البحر والكركند والروبيان.,Amir,Amazon Translate
ابتكر هوكوساي المطبوعة الشهيرة «الموجة الكبرى قبالة كاناغاوا».,Amir,Amazon Translate
تسمانيا هي دولة جزيرة في أستراليا.,Amir,Amazon Translate
سويسرا غير ساحلية وتحدها خمس دول.,Amir,Amazon Translate
تستخدم تمارين الضغط وزن الجسم للتدريب على المقاومة.,Amir,Amazon Translate
كانت أبولو 13 مهمة قمرية قريبة من الكارثة.,Amir,Amazon Translate
يتطلب الخط التحكم الدقيق في ضربات القلم أو الفرشاة.,Amir,Amazon Translate
تحتوي الدائرة على خطوط تناظر لا نهائية.,Amir,Amazon Translate
يتم حفظ المادة في التفاعلات الفيزيائية أو الكيميائية.,Amir,Amazon Translate
يمكن أن تدعم التأكيدات اليومية نمو احترام الذات.,Amir,Amazon Translate
طرق البحث تختبر الفرضيات من خلال الملاحظة.,Amir,Amazon Translate
تقوم حدائق Zen بترتيب الصخور والرمال والنباتات بشكل جمالي.,Amir,Amazon Translate
تشمل الواجبات المدنية التصويت وخدمة هيئة المحلفين.,Amir,Amazon Translate
تتيح الشبكات اللاسلكية إمكانية اتصال الجهاز بدون أسلاك.,Amir,Amazon Translate
تستخدم الطماطم المجففة بالشمس كمكونات للطهي.,Amir,Amazon Translate
تمزج موسيقى السالسا بين الإيقاعات الأفرو-كوبية وعناصر الجاز.,Amir,Amazon Translate
تقع فانكوفر بين المحيط الهادئ وجبال الساحل.,Amir,Amazon Translate
يستخدم التجديف قوة منسقة للذراع والظهر.,Amir,Amazon Translate
سمح مرسوم نانت بالحرية الدينية الفرنسية.,Amir,Amazon Translate
يطبخ الخضار بالبخار مع الاحتفاظ بمزيد من العناصر الغذائية.,Amir,Amazon Translate
يستخدم النظام السداسي العشري ستة عشر رقمًا ممكنًا.,Amir,Amazon Translate
تقوم البلازما بتوصيل الكهرباء بشكل أفضل من الغازات.,Amir,Amazon Translate
يؤثر الإيقاع اليومي على اليقظة في أوقات مختلفة.,Amir,Amazon Translate
تختلف الإشارات التناظرية باستمرار بمرور الوقت.,Amir,Amazon Translate
تحلل البنيوية الأنماط داخل الأنظمة الثقافية.,Amir,Amazon Translate
يؤدي الكهنة طقوسًا عبر العديد من ديانات العالم.,Amir,Amazon Translate
تعتمد خدمات مشاركة الركوب على تطبيقات الهاتف المحمول.,Amir,Amazon Translate
رائحة فاكهة دوريان قوية ولكن طعمها حلو.,Amir,Amazon Translate
يتميز فن الآرت نوفو بمنحنيات متدفقة وأشكال طبيعية.,Amir,Amazon Translate
أوركسترا فيينا الفيلهارمونية هي أوركسترا كلاسيكية مشهورة.,Amir,Amazon Translate
يؤدي تناول الطعام واقفًا أحيانًا إلى تقليل أحجام الحصص.,Amir,Amazon Translate
قام الإنكا ببناء شبكات طرق واسعة النطاق في أمريكا الجنوبية.,Amir,Amazon Translate
توفر المهاجع السكن المشترك في الجامعات.,Amir,Amazon Translate
يؤدي تكديس العادات إلى بناء إجراءات روتينية جديدة على العادات الحالية.,Amir,Amazon Translate
تُظهر الاستعارات المرئية الأفكار بشكل رمزي في الفن.,Amir,Amazon Translate
تحكم العواقبية على الأخلاق من خلال نتائج الأفعال.,Amir,Amazon Translate
الليتورجيات هي مجموعة من أشكال العبادة العامة.,Amir,Amazon Translate
يغطي القانون المدني مسائل القانون غير الجنائي.,Amir,Amazon Translate
يعمل التشفير على تشويش البيانات الرقمية من أجل الخصوصية.,Amir,Amazon Translate
يضيف Radicchio نكهة مريرة للسلطات المختلطة.,Amir,Amazon Translate
يؤدي وضع علامات على الجرافيتي إلى ترك معرف الفنان على الجدران العامة.,Amir,Amazon Translate
قد تقوم الراهبات بتدريس الفصول المدرسية أو رعاية المرضى.,Amir,Amazon Translate
يحمي قانون براءات الاختراع الأعمال الأصلية للمخترعين مؤقتًا.,Amir,Amazon Translate
يساعد التمويل الجماعي الشركات الصغيرة على زيادة رأس المال المالي.,Amir,Amazon Translate
تصف شبكة الغذاء كيفية تدفق الطاقة في النظم البيئية.,Amir,Amazon Translate
استخدمت الكنائس الباروكية منحوتات مطلية بالذهب في المذابح.,Amir,Amazon Translate
تمتد جبال الأبلاش من ألاباما إلى كندا.,Amir,Amazon Translate
تحتوي مضارب كرة الريشة على مقابض طويلة ورؤوس وترية.,Amir,Amazon Translate
يطلق الميثان الحرارة عند الاحتراق.,Amir,Amazon Translate
ينتقل الضوء بشكل أسرع من أي ظاهرة أخرى معروفة.,Amir,Amazon Translate
تدعم الكراسي وزن الجسم أثناء العمل أو الراحة.,Amir,Amazon Translate
يروي الشعر الملحمي مغامرات أو مهام بطولية.,Amir,Amazon Translate
تؤسس العهود وعودًا ملزمة في التقليد اليهودي.,Amir,Amazon Translate
تقرر المحاكم الدستورية ما إذا كانت القوانين تتناسب مع دستور الدولة.,Amir,Amazon Translate
يهدف البذر السحابي إلى تحفيز هطول الأمطار بشكل مصطنع.,Amir,Amazon Translate
يوفر النطاق العريض اتصالات إنترنت عالية السرعة.,Amir,Amazon Translate
تتحدى أحداث التحمل قدرة المشاركين على التحمل عبر المسافة.,Amir,Amazon Translate
تتدرب فرق الرقص على نطاق واسع للعروض المتزامنة.,Amir,Amazon Translate
تحتوي الخضروات الصليبية على مركبات تعزز الصحة.,Amir,Amazon Translate
تخزن الذاكرة العرضية تجارب شخصية محددة.,Amir,Amazon Translate
يقوم رسامو الأيقونات بإنشاء صور روحية تسمى الأيقونات.,Amir,Amazon Translate
يحكم القانون الكنسي الإجراءات داخل الكنيسة الرومانية الكاثوليكية.,Amir,Amazon Translate
تحدد المآذن المساجد الإسلامية بصريًا.,Amir,Amazon Translate
تعالج غرف الطوارئ الحالات الطبية التي تهدد الحياة.,Amir,Amazon Translate
يأتي العنبر من راتنج الشجرة المتصلب.,Amir,Amazon Translate
تستهلك الحيوانات العاشبة المواد النباتية فقط.,Amir,Amazon Translate
تجمع التلمذة الصناعية بين التعلم والخبرة الوظيفية العملية.,Amir,Amazon Translate
تتيح محو الأمية الإعلامية تحليل مصداقية الأخبار.,Amir,Amazon Translate
تشمل Biospheres جميع الكائنات الحية التي تتفاعل عالميًا.,Amir,Amazon Translate
تحتوي أنابيب الاختبار على السوائل أثناء التجارب العلمية.,Amir,Amazon Translate
تحدد المعاجم المصطلحات المتخصصة في الكتب.,Amir,Amazon Translate
ترمز رافعات الأوريغامي إلى الأمل والشفاء.,Amir,Amazon Translate
تؤكد وظائف الدماغ الأيسر على المنطق والتوجه التفصيلي.,Amir,Amazon Translate
غالبًا ما تتناول جداريات بانكسي موضوعات سياسية.,Amir,Amazon Translate
صقلية هي أكبر جزيرة في البحر الأبيض المتوسط.,Amir,Amazon Translate
يشير غرينتش إلى خط الطول الرئيسي عند خط الطول الصفري.,Amir,Amazon Translate
الطعنات تقوي الساقين والأرداف.,Amir,Amazon Translate
طار الأخوان رايت أول طائرة.,Amir,Amazon Translate
تستخدم الرسوم المتحركة بتقنية إيقاف الحركة الصور الثابتة لإنشاء الحركة.,Amir,Amazon Translate
الأشكال الرباعية لها أربعة جوانب.,Amir,Amazon Translate
الحلول عبارة عن مخاليط متجانسة من المواد.,Amir,Amazon Translate
إدارة الوقت تعزز الكفاءة الذاتية لدى الطلاب.,Amir,Amazon Translate
يعمل الاستدلال على تسريع عمليات اتخاذ القرار المعقدة.,Amir,Amazon Translate
تجذب رحلات الحج المؤمنين إلى الأماكن المقدسة.,Amir,Amazon Translate
تعمل المنظمات غير الربحية دون توزيع الأرباح كأرباح.,Amir,Amazon Translate
تعمل منظمات الحرارة الذكية على تكييف جداول التدفئة تلقائيًا.,Amir,Amazon Translate
بولكا نشأت من أوروبا الوسطى.,Amir,Amazon Translate
تقع برلين على طول نهر سبري.,Amir,Amazon Translate
حصلت النساء على حقوق التصويت الأمريكية في عام 1920.,Amir,Amazon Translate
يقوم باريستا بإعداد مشروبات القهوة بشكل احترافي.,Amir,Amazon Translate
تعبر النسب المئوية عن قيم من أصل مائة.,Amir,Amazon Translate
يقوم التقطير بفصل السوائل عن طريق نقاط الغليان.,Amir,Amazon Translate
تُشير ملصقات التغذية إلى خيارات الطعام الصحي.,Amir,Amazon Translate
تشير الصلاحية إلى مدى جودة الاختبار في قياس شيء ما.,Amir,Amazon Translate
تكشف المفارقات المنطقية تناقضات غير مقصودة.,Amir,Amazon Translate
تستخدم المسيحية الأرثوذكسية الأيقونات في ممارسات العبادة.,Amir,Amazon Translate
توجه الأوامر التنفيذية إجراءات الوكالات الحكومية.,Amir,Amazon Translate
تتيح سماعات البلوتوث إجراء مكالمات هاتفية بدون استخدام اليدين.,Amir,Amazon Translate
يضيف الكركم اللون الأصفر والنكهة الترابية إلى المطبخ.,Amir,Amazon Translate
تحكي القصص المصورة قصصًا متسلسلة مع الرسوم التوضيحية.,Amir,Amazon Translate
يعكس قصر Alhambra العمارة الإسلامية في إسبانيا.,Amir,Amazon Translate
يوفر الدجاج المشوي البروتين الخالي من الدهون للوجبات الغذائية.,Amir,Amazon Translate
امتدت الإمبراطورية العثمانية إلى أجزاء من ثلاث قارات.,Amir,Amazon Translate
يوقع المستأجرون عقود الإيجار عند استئجار الشقق.,Amir,Amazon Translate
يحسب المحيط المسافة الإجمالية حول حافة المضلع.,Amir,Amazon Translate
تحافظ ساعات الكوارتز على الوقت الدقيق باستخدام الاهتزازات البلورية.,Amir,Amazon Translate
التحكم في الانفعالات يمنع السلوكيات المحفوفة بالمخاطر لدى الأطفال.,Amir,Amazon Translate
تتناول الفلسفة الوجودية حرية الإنسان والغرض.,Amir,Amazon Translate
تستخدم الخرافات الحيوانات لتعليم الدروس الأخلاقية.,Amir,Amazon Translate
يعمل رؤساء البلديات كقادة للمدينة.,Amir,Amazon Translate
قامت Amazon Kindle بتعميم القراءة الإلكترونية الرقمية على مستوى العالم.,Amir,Amazon Translate
يشبه الجزر الأبيض الجزر ولكنه أكثر شحوبًا وحلاوة.,Amir,Amazon Translate
يقارن Chiaroscuro الضوء والظل بشكل كبير في الفن.,Amir,Amazon Translate
تقع بحيرة لوخ نيس في شمال اسكتلندا.,Amir,Amazon Translate
تجمع لعبة Pickleball بين قواعد التنس وكرة الريشة وكرة الطاولة.,Amir,Amazon Translate
يقاوم النيكل التآكل ويشكل السبائك بسهولة.,Amir,Amazon Translate
الانحناءات الخفيفة تنتقل عبر مواد شفافة مختلفة.,Amir,Amazon Translate
تعمل تعديلات الأفلام على ترجمة الكتب إلى رواية القصص المرئية.,Amir,Amazon Translate
تؤكد التعاليم الكونفوشيوسية على الولاء الأسري.,Amir,Amazon Translate
تطبق الشرطة القوانين الجنائية محليًا.,Amir,Amazon Translate
تقدم تطبيقات الأجهزة المحمولة أداة مساعدة متخصصة على الهواتف الذكية.,Amir,Amazon Translate
ينضج الفجل بسرعة للحصول على السلطات الطازجة.,Amir,Amazon Translate
تمثل الرافعات الورقية المصنوعة من الأوريغامي الأمل في الثقافة اليابانية.,Amir,Amazon Translate
يتميز الرقص النقري بأصوات قدم متزامنة.,Amir,Amazon Translate
الكمكوات عبارة عن ثمار حمضيات صغيرة تؤكل كاملة.,Amir,Amazon Translate
يمثل تحقيق الذات ذروة الإنجاز النفسي.,Amir,Amazon Translate
تؤثر نماذج الأدوار على تنمية الشباب بشكل إيجابي.,Amir,Amazon Translate
يقدم القساوسة الدعم الروحي في المستشفيات.,Amir,Amazon Translate
تحكم المحاكم الكنسية في القضايا القانونية الدينية.,Amir,Amazon Translate
توفر الصالات الرياضية مرافق للمقاومة وتمارين القلب.,Amir,Amazon Translate
تجمع المحافظ الأعمال الفنية للمراجعة أو العرض التقديمي.,Amir,Amazon Translate
تدرس نظرية الرسم البياني العلاقات بين العقد المتصلة.,Amir,Amazon Translate
تدير الموارد البشرية علاقات العمل داخل الشركات.,Amir,Amazon Translate
تشمل العبادة الصلوات والأغاني والطقوس بتفان.,Amir,Amazon Translate
تتميز الكاتدرائيات بأسقف مقببة ونوافذ من الزجاج الملون.,Amir,Amazon Translate
استخدم الرسامون الانطباعيون ضربات فرشاة سريعة ومشاهد خارجية.,Amir,Amazon Translate
تتوافق الأطعمة الحلال مع المعايير الغذائية الإسلامية.,Amir,Amazon Translate
تدعم رعاية المسنين احتياجات المعيشة اليومية لكبار السن.,Amir,Amazon Translate
تعرض الحدائق النباتية مجموعة متنوعة من أنواع النباتات.,Amir,Amazon Translate
تبحث بعثات المريخ عن أدلة على الحياة.,Amir,Amazon Translate
تختبر ورقة عباد الشمس حموضة المادة أو قلويتها.,Amir,Amazon Translate
النظافة الشخصية تحمي من المرض والعدوى.,Amir,Amazon Translate
تساعد الاستشارة في حل المشكلات الشخصية والعاطفية.,Amir,Amazon Translate
تجمع الروايات المصورة بين الصور ورواية القصص المكتوبة.,Amir,Amazon Translate
Pi هو ثابت رياضي غير منطقي.,Amir,Amazon Translate
تعمل الهندسة الزراعية على تعزيز خصوبة التربة وإنتاجية المحاصيل.,Amir,Amazon Translate
تخزن Tabernacles الخبز المكرس في الكنائس الكاثوليكية.,Amir,Amazon Translate
يدرس علم الآثار الثقافات السابقة من خلال البقايا المادية.,Amir,Amazon Translate
تشير بوابات شينتو توري إلى مداخل الضريح.,Amir,Amazon Translate
تخلق الكربنة فقاعات في المشروبات الغازية.,Amir,Amazon Translate
تقارن التشبيهات أشياء مختلفة باستخدام «أعجبني» أو «كما».,Amir,Amazon Translate
المغنتيت هو معدن مغناطيسي طبيعي.,Amir,Amazon Translate
توفر الكتب المرجعية العامة نظرة عامة على العديد من الموضوعات.,Amir,Amazon Translate
يعرّف القاموس الكلمات واستخداماتها.,Amir,Amazon Translate
تقوم الموسوعات بتجميع المعرفة عبر تخصصات متعددة.,Amir,Amazon Translate
تعرض الأطالس مجموعات من الخرائط كمرجع.,Amir,Amazon Translate
تنظم المكتبات المرجعية المواد للاستخدام العام.,Amir,Amazon Translate
تلخص الإحصائيات كميات كبيرة من المعلومات العددية.,Amir,Amazon Translate
تسرد الببليوغرافيات المصادر المشار إليها في الأعمال العلمية.,Amir,Amazon Translate
تساعد الفهارس في تحديد مواضيع محددة داخل الكتاب.,Amir,Amazon Translate
توضح المعاجم المصطلحات المستخدمة في النص.,Amir,Amazon Translate
تقدم التقويمات بيانات وحقائق سنوية.,Amir,Amazon Translate
تضمن تنسيقات الاقتباس الوضوح في الكتابة الأكاديمية.,Amir,Amazon Translate
تحدد التسلسلات الزمنية الأحداث بترتيب تسلسلي.,Amir,Amazon Translate
تقوم الكتالوجات بتنظيم العناصر أو المنتجات حسب الفئات ذات الصلة.,Amir,Amazon Translate
تقدم الكتيبات الإرشادية نصائح عملية حول الأماكن أو الأنشطة.,Amir,Amazon Translate
تقدم المرادفات خيارات كلمات بديلة.,Amir,Amazon Translate
تلخص الملخصات محتوى الأوراق البحثية.,Amir,Amazon Translate
تشرح الكتيبات كيفية تشغيل الأجهزة المختلفة.,Amir,Amazon Translate
تجمع الخلاصات بين العديد من مجموعات المعرفة في مصدر واحد.,Amir,Amazon Translate
تقوم الجداول بترتيب المهام أو الأحداث ترتيبًا زمنيًا.,Amir,Amazon Translate
تسجل الوثائق الرسمية المعاملات أو الاتفاقيات المهمة.,Amir,Amazon Translate
تقوم المتاحف الفنية بجمع الأعمال الفنية والحفاظ عليها وعرضها.,Amir,Amazon Translate
يستخدم الباليه الحركة والموسيقى لسرد القصص.,Amir,Amazon Translate
يعبر الشعر عن المشاعر من خلال لغة مختارة بعناية.,Amir,Amazon Translate
تخلق الروايات عوالم متخيلة للقراء.,Amir,Amazon Translate
تعكس الأغاني الشعبية الهوية الثقافية والتراث.,Amir,Amazon Translate
يحول النحت المواد إلى أشكال ثلاثية الأبعاد.,Amir,Amazon Translate
تشكل الهندسة المعمارية البيئات البشرية من خلال الهياكل المصممة.,Amir,Amazon Translate
تمزج القصص المصورة بين المرئيات والحوار للتأثير السردي.,Amir,Amazon Translate
السيمفونيات هي مؤلفات موسيقية أوركسترالية معقدة.,Amir,Amazon Translate
تستخدم الأفلام الصور المتحركة لسرد القصص.,Amir,Amazon Translate
تزين اللوحات الجدارية الجدران الكبيرة بمشاهد فنية.,Amir,Amazon Translate
تصور الدراما الصراع من خلال الحوارات المنطوقة والأفعال.,Amir,Amazon Translate
يؤثر تصميم الأزياء على اتجاهات الملابس في جميع أنحاء العالم.,Amir,Amazon Translate
التصوير الفوتوغرافي يلتقط اللحظات باستخدام الكاميرات.,Amir,Amazon Translate
يحول السيراميك الطين إلى أشياء وظيفية أو زخرفية.,Amir,Amazon Translate
تتطلب الفنون المسرحية عرضًا مباشرًا أمام الجماهير.,Amir,Amazon Translate
يؤدي تجليد الكتب إلى إنشاء مجلدات دائمة يسهل الوصول إليها من التمثيلات المكتوبة.,Amir,Amazon Translate
تختلف التقاليد الثقافية بين المجموعات العرقية المختلفة.,Amir,Amazon Translate
تحتفل المهرجانات بالمناسبات الاجتماعية أو الدينية الهامة.,Amir,Amazon Translate
تؤكد الحرفية على الإبداع الماهر باليد.,Amir,Amazon Translate
يمكن أن تتضمن تقنيات الرسم الألوان المائية أو الزيوت.,Amir,Amazon Translate
يحلل الأدب المجتمع من خلال الخيال أو الشعر.,Amir,Amazon Translate
الرقص ينقل المعنى دون استخدام الكلمات المنطوقة.,Amir,Amazon Translate
تمثل الأساطير التفسيرات التقليدية للأحداث الطبيعية.,Amir,Amazon Translate
يستخدم الفن الرقمي التكنولوجيا للتعبير الإبداعي.,Amir,Amazon Translate
تفسر المتاحف التاريخ من خلال عروض القطع الأثرية.,Amir,Amazon Translate
تعمل العواصم العالمية كمراكز إدارية للبلدان.,Amir,Amazon Translate
الجزر عبارة عن كتل أرضية محاطة بالمياه.,Amir,Amazon Translate
تحتوي الغابات المطيرة على نباتات كثيفة وحياة برية متنوعة.,Amir,Amazon Translate
تتميز الهضاب بتضاريس مسطحة على ارتفاعات عالية.,Amir,Amazon Translate
توفر الغابات موائل للعديد من الأنواع.,Amir,Amazon Translate
تنتج الأخاديد عن عمليات التآكل المطولة.,Amir,Amazon Translate
تفصل الخطوط الحدودية البلدان أو المناطق جغرافيًا.,Amir,Amazon Translate
تخزن البحيرات المياه العذبة في الداخل.,Amir,Amazon Translate
توجد الوديان بين التلال أو الجبال.,Amir,Amazon Translate
تمتد شبه الجزيرة إلى مسطحات مائية أكبر.,Amir,Amazon Translate
تشكل الدلتا حيث تلتقي الأنهار بمياه أكبر.,Amir,Amazon Translate
تركز المراكز الحضرية السكان والبنية التحتية.,Amir,Amazon Translate
تعمل مصبات الأنهار على موازنة النظم البيئية للمياه المالحة والمياه العذبة.,Amir,Amazon Translate
تتطور الكهوف بشكل طبيعي تحت الأرض.,Amir,Amazon Translate
تدعم الأراضي الرطبة النباتات التي تتكيف مع التربة المشبعة.,Amir,Amazon Translate
تحافظ التمارين الرياضية على لياقة القلب والأوعية الدموية.,Amir,Amazon Translate
يمنع الترطيب الجفاف والإرهاق الحراري.,Amir,Amazon Translate
تدعم استعادة النوم وظيفة المناعة الصحية.,Amir,Amazon Translate
تساهم الفيتامينات في عمليات التمثيل الغذائي الأساسية.,Amir,Amazon Translate
غسل اليدين يقلل من انتقال الأمراض المعدية.,Amir,Amazon Translate
يشمل النظام الغذائي المتوازن الفواكه والخضروات كل يوم.,Amir,Amazon Translate
تعزز الفحوصات الروتينية الكشف المبكر عن المشكلات الصحية.,Amir,Amazon Translate
يساعد النشاط البدني في إدارة زيادة الوزن.,Amir,Amazon Translate
يمنع أطباء الأسنان تسوس الأسنان وأمراض اللثة.,Amir,Amazon Translate
المشي يفيد الصحة الجسدية والعقلية.,Amir,Amazon Translate
الوضعية الصحيحة تتجنب آلام المفاصل والإصابات.,Amir,Amazon Translate
الاسترخاء العقلي يقلل من هرمونات التوتر.,Amir,Amazon Translate
تحمي اللقاحات من بعض الأمراض الفيروسية.,Amir,Amazon Translate
تقلل عادات الأكل الصحية من احتمالية الإصابة بالأمراض المزمنة.,Amir,Amazon Translate
تناول وجبة الإفطار يعزز مستويات الطاقة الصباحية.,Amir,Amazon Translate
تحدث الحساسية عندما تتفاعل أجهزة المناعة مع المواد غير الضارة.,Amir,Amazon Translate
انتهت الحرب العالمية الأولى في عام 1918.,Amir,Amazon Translate
حدث حريق لندن الكبير في عام 1666.,Amir,Amazon Translate
ساهمت اليونان القديمة على نطاق واسع في الحضارة الغربية.,Amir,Amazon Translate
أصبحت روما جمهورية قبل أن تصبح إمبراطورية.,Amir,Amazon Translate
تم التوقيع على ماجنا كارتا في عام 1215.,Amir,Amazon Translate
وصل كريستوفر كولومبوس إلى أمريكا عام 1492.,Amir,Amazon Translate
قاد المهاتما غاندي حركة الاستقلال الهندية.,Amir,Amazon Translate
كان الإقطاع سائدًا في أوروبا في العصور الوسطى.,Amir,Amazon Translate
تم إلغاء العبودية في الولايات المتحدة عام 1865.,Amir,Amazon Translate
بدأ استكشاف الفضاء في منتصف القرن العشرين.,Amir,Amazon Translate
حارب نيلسون مانديلا نظام الفصل العنصري في جنوب إفريقيا.,Amir,Amazon Translate
أحدث اختراع المطبعة ثورة في الاتصالات.,Amir,Amazon Translate
أدت الثورة الصناعية إلى زيادة الميكنة والنمو الحضري.,Amir,Amazon Translate
حصلت النساء على حقوق الاقتراع على مستوى العالم طوال القرن العشرين.,Amir,Amazon Translate
تسارع تطوير الإنترنت بسرعة بعد عام 1990.,Amir,Amazon Translate
أعاد عصر النهضة اكتشاف المعرفة الكلاسيكية والفن في أوروبا.,Amir,Amazon Translate
يتم التحدث باللغة الإنجليزية على نطاق واسع في جميع أنحاء العالم.,Amir,Amazon Translate
يستخدم المسافرون جوازات السفر للرحلات الدولية.,Amir,Amazon Translate
يتضمن البيع بالتجزئة بيع السلع مباشرة للمستهلكين.,Amir,Amazon Translate
المفاوضات تحل الخلافات بين الأطراف.,Amir,Amazon Translate
تزرع البستنة النباتات من أجل الجمال أو الطعام.,Amir,Amazon Translate
الطبخ يعد المكونات للاستهلاك.,Amir,Amazon Translate
يسمح التصويت للمواطنين باختيار القادة بشكل ديمقراطي.,Amir,Amazon Translate
يشمل العمل العمل المدفوع الأجر أو العمل الحر.,Amir,Amazon Translate
يقوم التسوق بتبادل الأموال مقابل المنتجات المطلوبة.,Amir,Amazon Translate
ينقل التدريس المعرفة والمهارات للمتعلمين.,Amir,Amazon Translate
تعمل القيادة على تشغيل المركبات على الطرق العامة.,Amir,Amazon Translate
تتحرك السباحة بكفاءة في الماء من خلال الحركة المنسقة.,Amir,Amazon Translate
تستكشف رياضة المشي لمسافات طويلة البيئات الطبيعية سيرًا على الأقدام.,Amir,Amazon Translate
تقيس سباقات الجري السرعة والتحمل.,Amir,Amazon Translate
مصنوعات النجارة عناصر مفيدة من موارد الأخشاب.,Amir,Amazon Translate
يفترض التمثيل أدوارًا في العروض الدرامية.,Amir,Amazon Translate
دراسة مواد المراجعات للاحتفاظ بأفكار جديدة أو تعلمها.,Amir,Amazon Translate
يقوم البناء بتجميع المباني وفقًا للمخططات.,Amir,Amazon Translate
تدرس الرياضيات الأرقام والأنماط والعلاقات.,Amir,Amazon Translate
تجمع عملية الجمع بين القيم لإنتاج مجموع.,Amir,Amazon Translate
تقسم القسمة الكميات بالتساوي بين المجموعات.,Amir,Amazon Translate
يؤدي الطرح إلى إيجاد اختلافات بين رقمين.,Amir,Amazon Translate
تشير الكسور إلى أجزاء من الكل.,Amir,Amazon Translate
تعبر الأعداد العشرية عن الأجزاء الأقل من وحدة واحدة.,Amir,Amazon Translate
تقدر الاحتمالية فرص النتائج المحتملة.,Amir,Amazon Translate
يعالج حساب التفاضل والتكامل التغيير والتراكم من الناحية الكمية.,Amir,Amazon Translate
يبحث المنطق في مبادئ التفكير الصحيح.,Amir,Amazon Translate
تصور الرسوم البيانية مجموعات البيانات للتحليل.,Amir,Amazon Translate
الأعداد الأولية قابلة للقسمة فقط على واحد ونفسها.,Amir,Amazon Translate
تقيس المنطقة المساحة داخل حدود معينة.,Amir,Amazon Translate
تقارن النسب أحجام كميتين بشكل مباشر.,Amir,Amazon Translate
تربط الوظائف المدخلات بالمخرجات باستمرار.,Amir,Amazon Translate
تعمل الصيغ على توحيد إجراءات الحساب.,Amir,Amazon Translate
تصف الكثافة الكتلة لكل حجم من المواد.,Amir,Amazon Translate
يؤدي التآكل إلى تآكل الصخور والتربة.,Amir,Amazon Translate
تسحب الجاذبية كل شيء نحو نوى الكواكب.,Amir,Amazon Translate
تحفز المغناطيسات التجاذب أو التنافر بين القطبين.,Amir,Amazon Translate
تقوم المعادن بتوصيل التيار الكهربائي بسهولة.,Amir,Amazon Translate
يدعم الأكسجين التنفس البشري والحيواني.,Amir,Amazon Translate
يشكل الكربون أساسًا للمركبات العضوية.,Amir,Amazon Translate
طعم الأحماض حامض ويطلق أيونات الهيدروجين في المحلول.,Amir,Amazon Translate
تبدو القواعد زلقة وتحييد الأحماض.,Amir,Amazon Translate
تصيب الفيروسات الكائنات الحية للتكاثر.,Amir,Amazon Translate
تنحني الموجات الصوتية حول العوائق والحواجز.,Amir,Amazon Translate
تتدفق الحرارة من الأجسام الأكثر سخونة إلى الأجسام الباردة تلقائيًا.,Amir,Amazon Translate
يعمل التكبير على تكبير العينات المجهرية للمراقبة.,Amir,Amazon Translate
توفر التغذية اللبنات الأساسية لإصلاح الجسم.,Amir,Amazon Translate
يحسب العدد الذري البروتونات في نوى العنصر.,Amir,Amazon Translate
يتفاعل الناس من خلال الكلام ولغة الجسد وتعبيرات الوجه.,Amir,Amazon Translate
تحتفظ الذاكرة بالتجارب السابقة لاسترجاعها في المستقبل.,Amir,Amazon Translate
تميز السمات الشخصية الأفراد بشكل فريد.,Amir,Amazon Translate
تقدم الشيخوخة تغييرات بيولوجية تدريجية في البشر.,Amir,Amazon Translate
تختلف معدلات النمو في جميع مراحل الحياة.,Amir,Amazon Translate
الفضول يحفز التعلم والاستكشاف.,Amir,Amazon Translate
يحقق التعاون أكثر من الجهد الفردي في كثير من الأحيان.,Amir,Amazon Translate
الدافع هو الدافع وراء السعي لتحقيق الأهداف الشخصية.,Amir,Amazon Translate
الثقة تقوي العلاقات الشخصية.,Amir,Amazon Translate
يقوم التفكير النقدي بتقييم الأدلة المتاحة منطقيًا.,Amir,Amazon Translate
التأمل الذاتي يقيم نقاط القوة ويوجه التحسين.,Amir,Amazon Translate
تشكل العادات السلوك على مدى فترات طويلة.,Amir,Amazon Translate
يؤثر الإجهاد على كل من العقل والصحة البدنية بشكل سلبي.,Amir,Amazon Translate
ينتج الإبداع حلولًا أو أفكارًا أصلية.,Amir,Amazon Translate
توجه القيم الأحكام الأخلاقية والخيارات اليومية.,Amir,Amazon Translate
تساعد المعتقدات في تشكيل النظرة العالمية.,Amir,Amazon Translate
تتقلب فترات الانتباه بناءً على الاهتمام أو التعب.,Amir,Amazon Translate
يستخلص الاستدلال الاستنتاجات من القرائن المرصودة.,Amir,Amazon Translate
تناقش الفلسفة الوجود والغرض والأخلاق.,Amir,Amazon Translate
يأخذ السبب في الاعتبار العواقب قبل اتخاذ القرارات.,Amir,Amazon Translate
يستنتج الاستقراء المبادئ العامة من الملاحظات.,Amir,Amazon Translate
تتساءل الأخلاق عن السلوكيات الجيدة أو الصحيحة.,Amir,Amazon Translate
تفترض الإرادة الحرة القدرة على الاختيار الطوعي.,Amir,Amazon Translate
تفصل الثنائية العقل عن الجسد من الناحية المفاهيمية.,Amir,Amazon Translate
تهدف الموضوعية إلى الحياد وعدم التحيز.,Amir,Amazon Translate
تسعى المعرفة إلى معتقدات حقيقية مبررة.,Amir,Amazon Translate
تقدر الجماليات الجمال أو الجودة الفنية.,Amir,Amazon Translate
تقترح الحتمية أن جميع الأحداث تتبع القوانين السببية.,Amir,Amazon Translate
تعطي الفضيلة الأولوية لتميز الشخصية على المكافآت الخارجية.,Amir,Amazon Translate
تزيد النفعية من السعادة لأكبر عدد.,Amir,Amazon Translate
يقارن القياس أوجه التشابه بين المفاهيم.,Amir,Amazon Translate
تفترض المثالية أن الواقع مبني عقليًا.,Amir,Amazon Translate
تدعي المادية أن المادة فقط هي التي تشكل الوجود.,Amir,Amazon Translate
يثق الإيمان بما يتجاوز الأدلة التجريبية.,Amir,Amazon Translate
تقبل العقيدة التعاليم كحقيقة لا جدال فيها.,Amir,Amazon Translate
يحتوي الكتاب المقدس على كتابات مقدسة يقدسها الأتباع.,Amir,Amazon Translate
تنقل الصلاة الرغبات أو الامتنان للآلهة.,Amir,Amazon Translate
يكرم الحج التقاليد الدينية من خلال السفر.,Amir,Amazon Translate
يؤمن التوحيد بإله واحد أسمى.,Amir,Amazon Translate
تنسب الروحانية الأرواح إلى الحيوانات أو النباتات أو الأشياء.,Amir,Amazon Translate
يسن الطقوس المعتقدات الروحية من خلال الاحتفالات المتكررة.,Amir,Amazon Translate
يقود رجال الدين خدمات العبادة الجماعية.,Amir,Amazon Translate
تحدد الخطيئة الأفعال المخالفة للقانون الإلهي.,Amir,Amazon Translate
الفداء يعد بالمغفرة عن الخطأ.,Amir,Amazon Translate
تنظم العقيدة تفسير المعتقدات الدينية.,Amir,Amazon Translate
يشارك الشاهد الإيمان علنًا مع الآخرين.,Amir,Amazon Translate
يحظر التابو سلوكيات معينة ثقافيًا أو روحيًا.,Amir,Amazon Translate
يوفر الخلاص الأمل في تحقيق الحياة الآخرة أو التحرير.,Amir,Amazon Translate
توجه الأعراف الاجتماعية سلوك المجموعة المتوقع.,Amir,Amazon Translate
تنتخب الديمقراطية القادة بأغلبية الأصوات.,Amir,Amazon Translate
ترعى العائلات التطور المبكر للأطفال.,Amir,Amazon Translate
تشترك المجتمعات في الموارد من أجل المنفعة المتبادلة.,Amir,Amazon Translate
تقوم الاقتصادات بتداول السلع والخدمات مقابل العملة.,Amir,Amazon Translate
يوفر التعليم معرفة القراءة والكتابة والخبرة اللازمة.,Amir,Amazon Translate
تقوم وسائل الإعلام بنشر الأخبار على نطاق واسع للجمهور.,Amir,Amazon Translate
تفرض الحكومة القوانين وتحافظ على النظام المدني.,Amir,Amazon Translate
عدم المساواة يقسم السكان من خلال الوصول إلى الفرص.,Amir,Amazon Translate
التطوع يدعم الرفاهية الجماعية بدون أجر.,Amir,Amazon Translate
تساعد الإغاثة في حالات الكوارث الضحايا الذين يواجهون صعوبات مفاجئة.,Amir,Amazon Translate
تضمن العدالة المعاملة العادلة بموجب المعايير المتفق عليها.,Amir,Amazon Translate
تستجيب السياسة العامة للمشاكل المشتركة عمليًا.,Amir,Amazon Translate
حل النزاعات يشجع التسوية السلمية.,Amir,Amazon Translate
تحدد الأسواق الأسعار باستخدام العرض والطلب.,Amir,Amazon Translate
تحل التكنولوجيا المشكلات باستخدام المبادئ العلمية.,Amir,Amazon Translate
يربط الإنترنت الشبكات العالمية على الفور.,Amir,Amazon Translate
تدمج الهواتف الذكية المكالمات الهاتفية والحوسبة والكاميرات.,Amir,Amazon Translate
تقوم البرامج بإرشاد أجهزة الكمبيوتر باستخدام الأوامر المشفرة.,Amir,Amazon Translate
تقوم الروبوتات بأتمتة الوظائف المتكررة أو الخطرة.,Amir,Amazon Translate
تراقب الأقمار الصناعية الأرض عن بعد من المدار.,Amir,Amazon Translate
تعمل المحركات الكهربائية على تحويل الكهرباء إلى أعمال ميكانيكية.,Amir,Amazon Translate
تقوم الطباعة ثلاثية الأبعاد ببناء الكائنات طبقة تلو الأخرى.,Amir,Amazon Translate
يحفظ التخزين السحابي الملفات خارج الموقع عبر الويب.,Amir,Amazon Translate
يصور التصوير الطبي حالات الجسم الداخلية دون تدخل جراحي.,Amir,Amazon Translate
تعمل الطاقة المتجددة على تسخير الشمس أو الرياح أو الطاقة المائية.,Amir,Amazon Translate
يقوم الذكاء الاصطناعي بأداء المهام التي كانت تتطلب الإدراك البشري.,Amir,Amazon Translate
يقوم مهندسو تقنية النانو بالهياكل على المستوى الجزيئي.,Amir,Amazon Translate
تقوم الهندسة الوراثية بتعديل خصائص الكائن عن قصد.,Amir,Amazon Translate
تقوم ميكانيكا الكم بنمذجة الظواهر الذرية ودون الذرية.,Amir,Amazon Translate
يحمي الأمن السيبراني أنظمة المعلومات من الوصول غير المصرح به.,Amir,Amazon Translate
تقلل المواد البلاستيكية القابلة للتحلل من التلوث البيئي.,Amir,Amazon Translate
تتيح أشباه الموصلات إنتاج الدوائر الإلكترونية المدمجة.,Amir,Amazon Translate
توفر الوصفة تعليمات الطبخ خطوة بخطوة.,Amir,Amazon Translate
يدرس المؤرخون الأحداث الماضية من أجل السياق.,Amir,Amazon Translate
غسل الخضروات يزيل المبيدات السطحية.,Amir,Amazon Translate
يشمل الطبخ إعداد الطعام باستخدام الحرارة.,Amir,Amazon Translate
يستخدم الجبر الحروف لتمثيل الأرقام.,Amir,Amazon Translate
الهيدروجين هو أبسط عنصر كيميائي.,Amir,Amazon Translate
تؤثر الشخصية على التفاعلات الاجتماعية والسلوك.,Amir,Amazon Translate
يتطلب الشك الاستجواب قبل تصديق الادعاءات.,Amir,Amazon Translate
تشجع البوذية اليقظة والرحمة.,Amir,Amazon Translate
تقوم العائلات برعاية الأطفال حتى مرحلة البلوغ.,Amir,Amazon Translate
يسمح البريد الإلكتروني بالاتصال الرقمي عبر المسافات.,Amir,Amazon Translate
تستخدم الأبواب الأوتوماتيكية أجهزة استشعار للفتح.,Amir,Amazon Translate
تسرد المرادفات مرادفات للكلمات الشائعة الاستخدام.,Amir,Amazon Translate
تحتوي الأوركسترا على الآلات الوترية وآلات النفخ الخشبية والنحاس والآلات الإيقاعية.,Amir,Amazon Translate
تُعرف باريس باسم «مدينة النور».,Amir,Amazon Translate
الجري يقوي عضلات الساق بشكل كبير.,Amir,Amazon Translate
طلاء الجدران يغير مظهر الغرفة.,Amir,Amazon Translate
تحتوي الأعداد الأولية على مقسومين فقط.,Amir,Amazon Translate
يمكن للضحك أن يخفف التوتر مؤقتًا.,Amir,Amazon Translate
يميز المنطق المنطق عن العاطفة.,Amir,Amazon Translate
تشكل الطقوس الثقافية هوية المجموعة بمرور الوقت.,Amir,Amazon Translate
تحدد الانتخابات القادة السياسيين بشكل ديمقراطي.,Amir,Amazon Translate
تولد توربينات الرياح الطاقة دون تلوث الهواء.,Amir,Amazon Translate
تلخص الكتب المدرسية معلومات الموضوع بشكل منهجي.,Amir,Amazon Translate
غالبًا ما يكسر الفن الحديث القواعد التقليدية.,Amir,Amazon Translate
النوم السليم يدعم التركيز الذهني.,Amir,Amazon Translate
تزيد الكتابة بسرعة من إنتاجية المكتب.,Amir,Amazon Translate
الضرب في صفر ينتج عنه صفر.,Amir,Amazon Translate
تحتفظ الجاذبية بالكواكب في مدارات مستقرة.,Amir,Amazon Translate
الاحترام يكسب الثقة داخل العلاقات.,Amir,Amazon Translate
يتعرف التفكير المجرد على أنماط تتجاوز ما هو واضح.,Amir,Amazon Translate
كتاب الإسلام المقدس يسمى القرآن.,Amir,Amazon Translate
تختلف الأعراف الاجتماعية بين الثقافات.,Amir,Amazon Translate
يعمل الإنترنت اللاسلكي على توصيل الأجهزة المحمولة بكفاءة.,Amir,Amazon Translate
يتطلب العمل اليدوي مجهودًا بدنيًا.,Amir,Amazon Translate
تقوم القواميس بفرز تعريفات الكلمات أبجديًا.,Amir,Amazon Translate
تعمل تمارين الضغط على تقوية عضلات الصدر والذراع.,Amir,Amazon Translate
تنتج البستنة الزهور والفواكه والخضروات.,Amir,Amazon Translate
تقوم الشعبة بتوزيع العناصر في مجموعات متساوية.,Amir,Amazon Translate
يعكس احترام الذات الثقة في القدرات الشخصية.,Amir,Amazon Translate
يطور النقاش مهارات التفكير.,Amir,Amazon Translate
تعبد الشنتو الأرواح الموجودة في الطبيعة.,Amir,Amazon Translate
يركز التحضر الناس في المدن.,Amir,Amazon Translate
تعمل السيارات الكهربائية على بطاريات الليثيوم.,Amir,Amazon Translate
تجمع الموسوعات المعرفة أبجديًا أو موضعيًا.,Amir,Amazon Translate
استضافت المسارح اليونانية القديمة عروضًا درامية.,Amir,Amazon Translate
نهر الأمازون هو أطول نهر في أمريكا الجنوبية.,Amir,Amazon Translate
أدى اختراع المطبعة إلى زيادة معدلات معرفة القراءة والكتابة.,Amir,Amazon Translate
تقوم الآلات الحاسبة بتقريب النتائج العددية بسرعة.,Amir,Amazon Translate
يعبر الحزم عن الاحتياجات مع احترام حدود الآخرين.,Amir,Amazon Translate
يوضح الاستجواب الافتراضات الأساسية.,Amir,Amazon Translate
يؤثر التصويت على السياسات الحكومية.,Amir,Amazon Translate
الهندسة تبني الجسور والطرق والمركبات.,Amir,Amazon Translate
تعرض خرائط الطرق الطرق السريعة والتقاطعات.,Amir,Amazon Translate
تجمع الكتب المصورة بين الرسومات والحوار.,Amir,Amazon Translate
دار أوبرا سيدني هي المبنى الشهير في أستراليا.,Amir,Amazon Translate
يدمج التاي تشي الحركة البطيئة والتنفس.,Amir,Amazon Translate
توسعت الإمبراطورية الرومانية في معظم أنحاء أوروبا.,Amir,Amazon Translate
الكي يزيل التجاعيد من الملابس.,Amir,Amazon Translate
يصنف علماء الأحياء الكائنات الحية وفقًا لأوجه التشابه.,Amir,Amazon Translate
النزاهة الشخصية تعزز السمعة الجديرة بالثقة.,Amir,Amazon Translate
تتطلب الحجج أدلة داعمة للاعتقاد.,Amir,Amazon Translate
تؤكد الكونفوشية على احترام كبار السن والانسجام.,Amir,Amazon Translate
توثق شهادات الميلاد الوضع القانوني عند الولادة.,Amir,Amazon Translate
تنتج الألواح الشمسية طاقة كهربائية نظيفة.,Amir,Amazon Translate
تنظم الأدلة المرجعية الحقائق للوصول السريع.,Amir,Amazon Translate
يستخدم فن الفسيفساء قطعًا صغيرة ملونة.,Amir,Amazon Translate
تقع لندن على طول نهر التايمز.,Amir,Amazon Translate
تعمل الألواح على تطوير قوة العضلات الأساسية.,Amir,Amazon Translate
الحياكة تخلق النسيج من الحلقات المتشابكة.,Amir,Amazon Translate
تمثل الكسور كميات جزئية.,Amir,Amazon Translate
يقاوم الاحتكاك الحركة بين الأسطح.,Amir,Amazon Translate
تغذي الفرضيات التجارب العلمية.,Amir,Amazon Translate
تمثل الأعياد الدينية معتقدات أو أحداث مهمة.,Amir,Amazon Translate
تنظم الأنظمة القانونية سلوك المجتمع.,Amir,Amazon Translate
تقوم الرموز الشريطية بتخزين بيانات المنتج للمسح الضوئي.,Amir,Amazon Translate
تحدد المعاجم المصطلحات الفنية بإيجاز.,Amir,Amazon Translate
تقوم المعارض الفنية بتنظيم المعارض للعرض العام.,Amir,Amazon Translate
تخلق جبال البرانس حدودًا طبيعية بين فرنسا وإسبانيا.,Amir,Amazon Translate
توفر البقول البروتين في الوجبات الغذائية.,Amir,Amazon Translate
الهولوكوست يخلد ذكرى ضحايا الإبادة الجماعية.,Amir,Amazon Translate
يلتقط التصوير اللحظات من خلال العدسات.,Amir,Amazon Translate
تقيس الزوايا درجات الدوران.,Amir,Amazon Translate
الغليان يعقم أدوات المطبخ.,Amir,Amazon Translate
التأمل يخفض ضغط الدم بشكل طبيعي.,Amir,Amazon Translate
تحدد المباني نقاطًا في الجدال المنطقي.,Amir,Amazon Translate
النصوص الفيدية هي الكتب المقدسة الهندوسية القديمة.,Amir,Amazon Translate
تتفاوض النقابات العمالية على مصالح العمال بشكل جماعي.,Amir,Amazon Translate
تساعد الروبوتات الطبية في العمليات الجراحية الدقيقة.,Amir,Amazon Translate
تستشهد الببليوغرافيات بمواد المصدر.,Amir,Amazon Translate
التقط الرسامون الانطباعيون تأثيرات الضوء الطبيعي.,Amir,Amazon Translate
تتكون هاواي بالكامل من جزر بركانية.,Amir,Amazon Translate
أدت توترات الحرب الباردة إلى تقسيم السياسة العالمية بعد الحرب العالمية الثانية.,Amir,Amazon Translate
تدرس نظرية المجموعات الرياضية.,Amir,Amazon Translate
تتعرف نقاط القوة على القدرات الشخصية بموضوعية.,Amir,Amazon Translate
يعمل التناسق على محاذاة الإجراءات مع القيم المحددة.,Amir,Amazon Translate
يقوم علم الأخلاق بتقييم الأخلاق القائمة على الواجب.,Amir,Amazon Translate
الزي المدرسي يوحد ملابس الطلاب.,Amir,Amazon Translate
تنتقل البيانات المخزنة عبر كابلات الألياف الضوئية.,Amir,Amazon Translate
أدلة التعليمات توجه المستخدمين بوضوح.,Amir,Amazon Translate
تزين المفروشات الديكورات الداخلية بصور منسوجة.,Amir,Amazon Translate
يعرض جراند كانيون الجيولوجيا ذات الطبقات.,Amir,Amazon Translate
أعقبت معاهدة فرساي الحرب العالمية الأولى.,Amir,Amazon Translate
تدريب الكلاب يعلم السلوكيات المرغوبة بشكل منهجي.,Amir,Amazon Translate
تشرح قوانين نيوتن الميكانيكا الكلاسيكية.,Amir,Amazon Translate
اختبارات الكيمياء لحموضة المحاليل أو قلويتها.,Amir,Amazon Translate
الرهاب يحد من الأنشطة بسبب المخاوف الشديدة.,Amir,Amazon Translate
يدقق التقييم في مزايا الأفكار.,Amir,Amazon Translate
تقدم مراكز العبادة تجمعات روحية.,Amir,Amazon Translate
تحدد الدول متطلبات الجنسية بشكل قانوني.,Amir,Amazon Translate
يعمل التعلم الآلي على أتمتة عملية صنع القرار باستخدام الخوارزميات.,Amir,Amazon Translate
توفر مواقع الويب وصولاً سريعًا إلى المعلومات.,Amir,Amazon Translate
يستخدم الناس الإنترنت للتواصل.,Amir,Amazon Translate
الهندوسية نشأت في جنوب آسيا.,Amir,Amazon Translate
تعتمد الهواتف المحمولة على التكنولوجيا اللاسلكية.,Amir,Amazon Translate
تلخص الموسوعات المعرفة حول مواضيع مختلفة.,Amir,Amazon Translate
يرتفع جبل كليمنجارو في تنزانيا وأفريقيا.,Amir,Amazon Translate
تعمل التمارين اليومية على تحسين صحة القلب والأوعية الدموية.,Amir,Amazon Translate
أثرت روما القديمة على العمارة الحديثة.,Amir,Amazon Translate
يتطلب الطبخ الوصفات أو التعليمات التالية.,Amir,Amazon Translate
يعتمد المنطق على التفكير المتسق.,Amir,Amazon Translate
تعلم السيخية المساواة وخدمة المجتمع.,Amir,Amazon Translate
يجمع الباليه بين الرقص ورواية القصص التعبيرية.,Amir,Amazon Translate
تتضمن الرياضة النشاط البدني والمنافسة.,Amir,Amazon Translate
يميز المنطق الحجج الصحيحة عن تلك غير الصالحة.,Amir,Amazon Translate
تلتزم اليهودية بقوانين غذائية تسمى كاشروت.,Amir,Amazon Translate
تساعد عمليات التعداد الحكومات على تخطيط الموارد.,Amir,Amazon Translate
تقوم الكاميرات الرقمية بتخزين الصور إلكترونيًا.,Amir,Amazon Translate
تقدم الكتيبات إرشادات خطوة بخطوة.,Amir,Amazon Translate
تقع غابات الأمازون المطيرة في أمريكا الجنوبية.,Amir,Amazon Translate
النوم المنتظم يدعم وظيفة الدماغ الصحية.,Amir,Amazon Translate
عززت حركة الحقوق المدنية المساواة العرقية في الولايات المتحدة,Amir,Amazon Translate
يستخدم الجبر المتغيرات لحل المعادلات.,Amir,Amazon Translate
تدور الأرض حول الشمس سنويًا.,Amir,Amazon Translate
يؤثر احترام الذات على التحفيز وتحقيق الهدف.,Amir,Amazon Translate
يبدأ المنطق الاستنتاجي بالمبادئ العامة.,Amir,Amazon Translate
تُمارس الصلاة في العديد من الأديان.,Amir,Amazon Translate
توجه الأعراف الاجتماعية السلوكيات الجماعية المقبولة.,Amir,Amazon Translate
تختلف سرعات الإنترنت بين مقدمي الخدمة.,Amir,Amazon Translate
يشمل العمل اليدوي العمل بالأيدي.,Amir,Amazon Translate
يكسر الفن المعاصر الحدود الإبداعية التقليدية.,Amir,Amazon Translate
تقع دار أوبرا سيدني على ميناء سيدني.,Amir,Amazon Translate
تقلل السيارات الكهربائية من انبعاثات غازات الاحتباس الحراري.,Amir,Amazon Translate
العصف الذهني يولد حلولاً مبتكرة.,Amir,Amazon Translate
يعتبر الإسلام يوم الجمعة يومًا مقدسًا.,Amir,Amazon Translate
تحتفظ المتاحف بالقطع الأثرية للعرض العام.,Amir,Amazon Translate
تمتد جبال الهيمالايا في العديد من البلدان الآسيوية.,Amir,Amazon Translate
يوفر استهلاك الفاكهة الفيتامينات الأساسية.,Amir,Amazon Translate
حكم لويس الرابع عشر كملك لفرنسا.,Amir,Amazon Translate
تعلم لغات جديدة يوسع التفاهم الثقافي.,Amir,Amazon Translate
يحلل حساب التفاضل والتكامل التغيير والحركة رياضيًا.,Amir,Amazon Translate
الاحترام يعزز العلاقات الاجتماعية الإيجابية.,Amir,Amazon Translate
يشكك الفلاسفة في الوجود والأخلاق.,Amir,Amazon Translate
تقدر الكونفوشية التقوى الأبوية والتعليم.,Amir,Amazon Translate
تجمع المختارات الأعمال الأدبية حسب الموضوع أو العصر.,Amir,Amazon Translate
يشكل النحت فنًا بصريًا ثلاثي الأبعاد.,Amir,Amazon Translate
تحتوي بحيرة بايكال على أكبر حجم للمياه العذبة في روسيا.,Amir,Amazon Translate
النشاط الهوائي يقوي قدرة الرئة.,Amir,Amazon Translate
يقيس الاحتمال احتمالية النتائج.,Amir,Amazon Translate
يستخلص الاستقراء الاستنتاجات بناءً على الأدلة.,Amir,Amazon Translate
يحاكي التعلم الآلي عمليات الذكاء البشري.,Amir,Amazon Translate
تقوم الفهارس بتصنيف المحتوى لسهولة البحث.,Amir,Amazon Translate
مدينة الفاتيكان هي دولة مدينة مستقلة.,Amir,Amazon Translate
غيرت الطباعة الاتصال بعد مطبعة جوتنبرج.,Amir,Amazon Translate
ركوب الدراجات يقوي عضلات الساق ويحرق السعرات الحرارية.,Amir,Amazon Translate
تنتج تفاعلات التحييد الملح والماء.,Amir,Amazon Translate
تشكل المعتقدات المواقف ووجهات النظر.,Amir,Amazon Translate
تقارن المقارنات أوجه التشابه للحصول على تفسيرات أوضح.,Amir,Amazon Translate
تنظم المجتمعات الأحداث لتعزيز الانتماء.,Amir,Amazon Translate
العمل الجماعي يحقق الأهداف المعقدة بكفاءة.,Amir,Amazon Translate
تضمن القواعد النحوية التواصل الكتابي الواضح.,Amir,Amazon Translate
يعطي الفن التجريدي الأولوية للأفكار المفاهيمية.,Amir,Amazon Translate
تمارين التجديف لقوة الجزء العلوي من الجسم.,Amir,Amazon Translate
تسهل لغة الإشارة التواصل للأفراد الصم.,Amir,Amazon Translate
مهارات الملاحظة تعزز البحث العلمي.,Amir,Amazon Translate
يدرس علم الوراثة الوراثة في الكائنات الحية.,Amir,Amazon Translate
جوائز نوبل تكرم الإنجازات البارزة.,Amir,Amazon Translate
تتطلب السيمفونيات تعاونًا أوركستراليًا.,Amir,Amazon Translate
تقسم القارات سطح الأرض.,Amir,Amazon Translate
الراحة تدعم استعادة العضلات بعد التمرين.,Amir,Amazon Translate
قاد نابليون بونابرت الحملات العسكرية الفرنسية.,Amir,Amazon Translate
تمثل الأعداد العشرية القيم الكسرية.,Amir,Amazon Translate
تتحرك الصفائح التكتونية تحت القشرة الأرضية.,Amir,Amazon Translate
التعاطف يجسر سوء الفهم الشخصي.,Amir,Amazon Translate
تناقش الأخلاق الأفعال الصحيحة من الناحية الأخلاقية.,Amir,Amazon Translate
تركز المسيحية على تعاليم يسوع المسيح.,Amir,Amazon Translate
تسن الحكومات السياسات من خلال الهيئات التمثيلية.,Amir,Amazon Translate
تدمج الهواتف الذكية وظائف الحوسبة والاتصالات.,Amir,Amazon Translate
تعمل المخططات المرجعية على تبسيط المعلومات المعقدة بصريًا.,Amir,Amazon Translate
تجمع الموسوعة معلومات عامة حول العديد من الموضوعات.,Amir,Amazon Translate
تسرد المرادفات مرادفات للكلمات لتحسين الكتابة.,Amir,Amazon Translate
تعرض الخرائط العالمية القارات والمحيطات بدقة.,Amir,Amazon Translate
تزيد اليوجا من المرونة والوعي بالجسم.,Amir,Amazon Translate
أثينا هي عاصمة اليونان.,Amir,Amazon Translate
مياه الشرب تدعم وظائف الكلى.,Amir,Amazon Translate
تتضمن النجارة الأعمال الخشبية الماهرة.,Amir,Amazon Translate
تؤثر السمات الشخصية على الخيارات المهنية.,Amir,Amazon Translate
يقسم التحليل المفاهيم إلى أجزاء أصغر.,Amir,Amazon Translate
تعلم البوذية التأمل الذهني.,Amir,Amazon Translate
تنظم القواعد المجتمعية السلوك المقبول.,Amir,Amazon Translate
توفر الهواتف الذكية أدوات اتصال محمولة.,Amir,Amazon Translate
تعرض الساعات الرقمية الوقت باستخدام الأرقام فقط.,Amir,Amazon Translate
تتيح اللوحة الزيتية تقنيات مزج الألوان الغنية.,Amir,Amazon Translate
أستراليا بلد وقارة على حد سواء.,Amir,Amazon Translate
أثرت الحضارة الرومانية على الثقافات الأوروبية اللاحقة.,Amir,Amazon Translate
يعمل القلي السريع على طهي الطعام بسرعة على درجة حرارة عالية.,Amir,Amazon Translate
السعادة تعزز وظائف المناعة.,Amir,Amazon Translate
تختبر الطرق الاستنتاجية ما إذا كانت المطالبات تأتي من أماكن العمل.,Amir,Amazon Translate
تنسب الروحانية الصفات الروحية إلى الطبيعة.,Amir,Amazon Translate
البريد الإلكتروني ضروري الآن للمراسلات التجارية.,Amir,Amazon Translate
تقدم كتيبات التعليمات تعليمات التشغيل للمنتجات.,Amir,Amazon Translate
تتميز موسيقى الحجرة بعروض جماعية صغيرة.,Amir,Amazon Translate
يقع جبل رينييه في ولاية واشنطن بالولايات المتحدة الأمريكية.,Amir,Amazon Translate
يجمع التدريب الدائري بين تمارين القوة وتمارين القلب.,Amir,Amazon Translate
تحمي قوانين الحقوق المدنية تكافؤ الفرص.,Amir,Amazon Translate
يكرر الضرب عمليات الجمع بكفاءة.,Amir,Amazon Translate
تشمل القارات آسيا وأفريقيا وأوروبا.,Amir,Amazon Translate
الثقة تعزز التعاون في العمل.,Amir,Amazon Translate
يعيد التفكير النظر في التجارب لتحسين الفهم.,Amir,Amazon Translate
تشمل الكاثوليكية الأسرار والتقاليد الفريدة.,Amir,Amazon Translate
تتعقب التركيبة السكانية التغييرات في مجموعات السكان.,Amir,Amazon Translate
تقوم رقائق الكمبيوتر بمعالجة الإشارات الإلكترونية بسرعة.,Amir,Amazon Translate
تصف الرسائل المرجعية مؤهلات المرشح بشكل محايد.,Amir,Amazon Translate
تشتهر مدغشقر بأنواع الحياة البرية المتنوعة.,Amir,Amazon Translate
غالبًا ما يجمع عشاء الطهي العائلات معًا.,Amir,Amazon Translate
يقسم التقسيم العناصر إلى أجزاء متساوية.,Amir,Amazon Translate
يعزز التعاطف معدلات الرضا عن العمل الجماعي.,Amir,Amazon Translate
تستخدم الحجج المنطقية أدلة سليمة.,Amir,Amazon Translate
تقوم أنظمة المحاكم بتفسير القوانين وإنفاذها بنزاهة.,Amir,Amazon Translate
تنقل التكنولوجيا اللاسلكية البيانات بدون كابلات.,Amir,Amazon Translate
توصي الكتيبات الإرشادية بمناطق الجذب المحلية للزوار.,Amir,Amazon Translate
ازدهر أسلوب آرت ديكو خلال عشرينيات القرن الماضي.,Amir,Amazon Translate
يتدفق نهر الدانوب عبر أوروبا الوسطى والشرقية.,Amir,Amazon Translate
يعمل الترطيب على تحسين التركيز أثناء النشاط البدني.,Amir,Amazon Translate
وقع هجوم بيرل هاربور في ديسمبر 1941.,Amir,Amazon Translate
تمثل المتغيرات الجبرية كميات غير معروفة.,Amir,Amazon Translate
الحشرات لها ستة أرجل من الناحية التشريحية.,Amir,Amazon Translate
يتبع النمو الشخصي ممارسات التأمل الذاتي المنتظمة.,Amir,Amazon Translate
تحدث أخطاء المنطق بدون اتصالات صالحة.,Amir,Amazon Translate
يشجع الإسلام الصدقة من خلال إعطاء الزكاة.,Amir,Amazon Translate
التصويت العام يقرر التعيينات القيادية.,Amir,Amazon Translate
تنظم المعاجم معاني الكلمات أبجديًا.,Amir,Amazon Translate
تضع الجلسات البرلمانية القوانين الوطنية بشكل روتيني.,Amir,Amazon Translate
يمكن للدين تشكيل العادات الغذائية.,Amir,Amazon Translate
تدعم مجموعات الجوار برامج السلامة محليًا.,Amir,Amazon Translate
تقوم الكتالوجات بترتيب العناصر للمراجعة المنظمة.,Amir,Amazon Translate
يستلزم النقش قطع الصور أو التصاميم على الأسطح.,Amir,Amazon Translate
تمتد صحراء جوبي عبر شمال الصين ومنغوليا.,Amir,Amazon Translate
أنهى الإلغاء الأمريكي العبودية رسميًا.,Amir,Amazon Translate
تزيد آلات الخياطة من سرعات إنتاج الملابس.,Amir,Amazon Translate
تفصل النقاط العشرية بين الأعداد الصحيحة والكسور.,Amir,Amazon Translate
تستكشف الديناميكا الحرارية تحولات الطاقة الحرارية.,Amir,Amazon Translate
التعاطف يقوي الروابط الاجتماعية.,Amir,Amazon Translate
توجه المعايير الأخلاقية أولويات مكان العمل.,Amir,Amazon Translate
تنتشر أضرحة الشنتو في المناظر الطبيعية اليابانية.,Amir,Amazon Translate
يمرر التشريع المقترحات الحكومية إلى قانون تشريعي.,Amir,Amazon Translate
تقوم أجهزة الميكروويف بطهي الطعام عن طريق تحريك جزيئات الماء.,Amir,Amazon Translate
تدمج الأطالس مجموعات الخرائط جغرافيًا.,Amir,Amazon Translate
ظهرت موسيقى البانك روك كاحتجاج ثقافي.,Amir,Amazon Translate
تقع بحيرة فيكتوريا على حدود أوغندا وكينيا وتنزانيا.,Amir,Amazon Translate
تقوم فصول الأيروبيك بتنسيق الحركة مع الإيقاعات الإيقاعية.,Amir,Amazon Translate
اشتهر الأسطول الإسباني بإبحاره في عام 1588.,Amir,Amazon Translate
تحافظ مهارات الإصلاح على وظائف المعدات المنزلية.,Amir,Amazon Translate
تقارن النسب المئوية النسب بسهولة.,Amir,Amazon Translate
ينتج الانقسام الاختزالي خلايا تناسلية من خلال الانقسام.,Amir,Amazon Translate
تشرح نظريات الفيزياء القوى الأساسية.,Amir,Amazon Translate
الإبداع يقود تطوير المنتجات الجديدة.,Amir,Amazon Translate
يؤثر الإيمان على وجهات النظر العالمية بعمق.,Amir,Amazon Translate
تمثل عطلات المهرجانات الاحتفالات الوطنية.,Amir,Amazon Translate
تدير الخدمات المصرفية عبر الإنترنت الأموال إلكترونيًا.,Amir,Amazon Translate
النقاش المحترم يعزز المجتمعات المتناغمة.,Amir,Amazon Translate
تنظم القواعد النحوية تراكيب اللغة باستمرار.,Amir,Amazon Translate
يسلط الفن الانطباعي الضوء على تأثيرات الضوء والجو.,Amir,Amazon Translate
ترتفع نسبة التيتون في غرب وايومنغ بالولايات المتحدة الأمريكية.,Amir,Amazon Translate
جوائز نوبل تكرم الإنجازات العلمية العالمية.,Amir,Amazon Translate
يصنف التصنيف الكائنات الحية حسب الخصائص والنسب.,Amir,Amazon Translate
تدعم نظرية المجموعات المنطق الرياضي المتقدم.,Amir,Amazon Translate
تصنف الجداول الدورية العناصر بدقة.,Amir,Amazon Translate
الاستماع الفعال يحل سوء الفهم في العلاقات.,Amir,Amazon Translate
تؤكد أخلاقيات الفضيلة على تطوير الشخصية الأخلاقية.,Amir,Amazon Translate
تقدم المسيحية الأمل في الخلاص الأبدي.,Amir,Amazon Translate
تشمل الواجبات المدنية دفع الضرائب بمسؤولية.,Amir,Amazon Translate
تحدد الملاحة عبر الأقمار الصناعية إحداثيات محددة بدقة.,Amir,Amazon Translate
تربط الارتباطات التشعبية محتوى موقع الويب بشكل تفاعلي.,Amir,Amazon Translate
قدمت الانطباعية أساليب جديدة في الرسم.,Amir,Amazon Translate
بدأ الكساد الكبير في عام 1929.,Amir,Amazon Translate
تشمل المعاملات المصرفية عمليات الإيداع والسحب.,Amir,Amazon Translate
يستخدم الجبر الحروف لقيم غير معروفة.,Amir,Amazon Translate
طور تشارلز داروين نظرية التطور.,Amir,Amazon Translate
التحفيز الذاتي يدعم النمو الشخصي.,Amir,Amazon Translate
تعلم الرواقية المرونة العاطفية.,Amir,Amazon Translate
لدى المسيحية العديد من الطوائف في جميع أنحاء العالم.,Amir,Amazon Translate
تستخدم أجهزة GPS تقنية الأقمار الصناعية.,Amir,Amazon Translate
تلخص الكتيبات المعلومات الأساسية بسرعة.,Amir,Amazon Translate
تقع بحيرة سوبيريور على حدود كندا والولايات المتحدة.,Amir,Amazon Translate
يؤثر الترطيب على الأداء العقلي بشكل مباشر.,Amir,Amazon Translate
انتهت الحرب العالمية الأولى بمعاهدة فرساي.,Amir,Amazon Translate
تتطلب المدرسة حضور الأطفال بموجب القانون.,Amir,Amazon Translate
تساعد جداول الضرب في حل المعادلات بسرعة.,Amir,Amazon Translate
الوراثة الجينية تمرر الصفات بين الأجيال.,Amir,Amazon Translate
تتواصل لغة الجسد بدون كلمات منطوقة.,Amir,Amazon Translate
يستخلص التفكير الاختطافي استنتاجات معقولة.,Amir,Amazon Translate
تنظم التسلسلات الهرمية الاجتماعية الأشخاص في فصول مرتبة.,Amir,Amazon Translate
تؤدي تطبيقات الأجهزة المحمولة وظائف محددة على الهواتف الذكية.,Amir,Amazon Translate
تقوم الفهارس بترتيب الموضوعات أبجديًا لسهولة الموقع.,Amir,Amazon Translate
الموضوعات المكعبة المجزأة في الفن المرئي.,Amir,Amazon Translate
جبل إتنا هو البركان الأكثر نشاطًا في أوروبا.,Amir,Amazon Translate
التدريب الأساسي يقوي عضلات الظهر والبطن.,Amir,Amazon Translate
ترتيب زمني يرتب الأحداث حسب الوقت.,Amir,Amazon Translate
تقدم محلات السوبر ماركت خيارات البقالة ذات الخدمة الذاتية.,Amir,Amazon Translate
تعبر الأعداد العشرية عن الكسور باستخدام نظام النقاط.,Amir,Amazon Translate
يمكن أن تكون الطاقة حركية أو محتملة.,Amir,Amazon Translate
يشجع التعزيز الإيجابي السلوكيات المتكررة.,Amir,Amazon Translate
يختلف سن التصويت بين الدول.,Amir,Amazon Translate
تتيح تقنية Bluetooth للأجهزة تبادل البيانات لاسلكيًا.,Amir,Amazon Translate
تنتج النقوش الخشبية مطبوعات باستخدام كتل خشبية منحوتة.,Amir,Amazon Translate
تزيد رافعات القفز من القدرة على التحمل الهوائي.,Amir,Amazon Translate
توج نابليون نفسه إمبراطورًا لفرنسا.,Amir,Amazon Translate
تقوم وكالات السفر بترتيب النقل والإقامة.,Amir,Amazon Translate
يكتشف القسم عدد المرات التي يتناسب فيها أحدهما مع الآخر.,Amir,Amazon Translate
يحمل الحمض النووي تعليمات لعمليات الحياة.,Amir,Amazon Translate
تعمل المشاعر الصحية على تحسين عملية صنع القرار اليومية.,Amir,Amazon Translate
تتحدى المفارقات الحقائق التقليدية منطقيًا.,Amir,Amazon Translate
ظهرت الأنجليكانية خلال فترة الإصلاح في إنجلترا.,Amir,Amazon Translate
تنظم القوانين الإجراءات العامة والنزاعات.,Amir,Amazon Translate
يساعد التأمين الصحي على تغطية التكاليف الطبية.,Amir,Amazon Translate
تشرح أدلة المستخدم أدوات البرامج خطوة بخطوة.,Amir,Amazon Translate
دمجت موسيقى الجاز التقاليد الموسيقية الأفريقية والأوروبية.,Amir,Amazon Translate
تساعد أحزمة المقاومة في تمارين قوة العضلات.,Amir,Amazon Translate
وحّدت السكك الحديدية العابرة للقارات المناطق البعيدة تاريخيًا.,Amir,Amazon Translate
تزيد إضافة المجموعة من حجم المجموعة رياضيًا.,Amir,Amazon Translate
لا تحمل جزيئات النيوترون أي شحنة كهربائية.,Amir,Amazon Translate
تعمل مهارات التعلم على تحسين القدرة على التكيف في العمل.,Amir,Amazon Translate
تصدر مصابيح LED الضوء مع القليل من الحرارة المتولدة.,Amir,Amazon Translate
تقوم التراتيل بجمع الأغاني الدينية للعبادة الجماعية.,Amir,Amazon Translate
تقف ستونهنج كنصب تذكاري لعصور ما قبل التاريخ في إنجلترا.,Amir,Amazon Translate
تحاكي الدراجات الدوارة تمارين ركوب الدراجات في الهواء الطلق.,Amir,Amazon Translate
روج مارتن لوثر للإصلاحات البروتستانتية.,Amir,Amazon Translate
تتيح التجارة الإلكترونية المعاملات التجارية عبر الإنترنت على مستوى العالم.,Amir,Amazon Translate
يخزن التمثيل الضوئي الطاقة الشمسية في النباتات.,Amir,Amazon Translate
تقوم الطوبولوجيا بفحص الخصائص التي لم يتم تغييرها بالتشوه.,Amir,Amazon Translate
التعاطف يبني روابط قوية بين الأقران.,Amir,Amazon Translate
تركز البراغماتية على النتائج العملية للأفكار.,Amir,Amazon Translate
تشكل القواعد التوقعات الاجتماعية للسلوك.,Amir,Amazon Translate
تحدد المعاجم المصطلحات كمرجع.,Amir,Amazon Translate
يمثل Sumi-e لوحات غسيل الحبر اليابانية.,Amir,Amazon Translate
تقسم جبال الأورال أوروبا وآسيا جغرافيًا.,Amir,Amazon Translate
يعزز البيلاتس وضعية الجسم والثبات الأساسي.,Amir,Amazon Translate
حارب دعاة إلغاء العبودية العبودية في القرن التاسع عشر.,Amir,Amazon Translate
تتضمن المنسوجات نسج الألياف في سلع نسيجية.,Amir,Amazon Translate
تُظهر المعادلات العلاقات الرياضية بوضوح.,Amir,Amazon Translate
يؤدي التبخر إلى تحويل الماء السائل إلى غاز.,Amir,Amazon Translate
يعزز الاتساق الثقة على التفاعلات طويلة المدى.,Amir,Amazon Translate
تناقش الحجج الأنطولوجية وجود حقائق أعلى.,Amir,Amazon Translate
تتميز عبادة الطبيعة بتقديس القوى الطبيعية.,Amir,Amazon Translate
يسن أعضاء المجلس سياسات الحكومة المحلية.,Amir,Amazon Translate
تمنع أبحاث اللقاحات تفشي الأمراض الفيروسية.,Amir,Amazon Translate
تعمل قوائم البدء السريع على تبسيط إعداد الإلكترونيات.,Amir,Amazon Translate
يشكل نهر اليانغتسي أطول ممر مائي في الصين.,Amir,Amazon Translate
تعمل تمارين الجمباز على تطوير التحكم في الجسم باستخدام الحد الأدنى من المعدات.,Amir,Amazon Translate
أزاحت Trail of Tears مجتمعات الأمريكيين الأصليين.,Amir,Amazon Translate
يوفر تقديم الطعام خدمات الطعام للمجموعات أو الأحداث.,Amir,Amazon Translate
تشير الكسور إلى كميات جزئية من الوحدات الكاملة.,Amir,Amazon Translate
الفضول يلهم المخترعين لحل المشكلات.,Amir,Amazon Translate
يطبق الخصم القواعد المعروفة للوصول إلى الاستنتاجات.,Amir,Amazon Translate
تشرح أساطير الخلق أصول الكون ثقافيًا.,Amir,Amazon Translate
نظمت النقابات الحرف والمهن في العصور الوسطى.,Amir,Amazon Translate
تلتقط الطائرات بدون طيار الصور الجوية عبر جهاز التحكم عن بعد.,Amir,Amazon Translate
تقدم الموسوعات حقائق تم التحقق منها للقراء.,Amir,Amazon Translate
يجمع كتاب الحقائق إحصاءات أساسية حول البلدان.,Amir,Amazon Translate
غالبًا ما تتميز موسيقى البوب بجوقات متكررة.,Amir,Amazon Translate
شرب الشاي يرطب مثل الماء.,Amir,Amazon Translate
بدأت الثورة الصناعية في بريطانيا.,Amir,Amazon Translate
تسجل مراقبة الطيور مشاهدات وسلوكيات الأنواع.,Amir,Amazon Translate
الضرب يجد إجمالي المجموعات المتساوية.,Amir,Amazon Translate
ينتج البرق عن اجتماع الشحنات السالبة والإيجابية.,Amir,Amazon Translate
كتب أرسطو أعمالًا مؤثرة في المنطق والعلوم.,Amir,Amazon Translate
يعزز العمل الجماعي إنتاجية المجموعة.,Amir,Amazon Translate
يعتمد التفكير العقلاني على الخطوات المنطقية.,Amir,Amazon Translate
تعبد الزرادشتية إلهًا واحدًا، أهورا مازدا.,Amir,Amazon Translate
الزواج ينضم إلى الشركاء في عقد اجتماعي.,Amir,Amazon Translate
تعرض متصفحات الويب معلومات من مواقع الإنترنت.,Amir,Amazon Translate
توفر الكتب الإلكترونية القراءة التي يمكن الوصول إليها عبر الأجهزة الرقمية.,Amir,Amazon Translate
يؤكد الرقص الحديث على الحركة التعبيرية.,Amir,Amazon Translate
يقع جبل إيفرست على حدود نيبال والصين.,Amir,Amazon Translate
يتطلب الخبز قياسات دقيقة للنجاح.,Amir,Amazon Translate
تصور الرسوم البيانية العلاقات الرياضية.,Amir,Amazon Translate
ينتج التمثيل الضوئي جزيئات غنية بالطاقة في النباتات.,Amir,Amazon Translate
الإيثار يعني مساعدة الآخرين دون توقع المكافأة.,Amir,Amazon Translate
صياغة الفرضيات توجه المزيد من التحقيق.,Amir,Amazon Translate
تعلم السيخية المعتقدات في الحياة الصادقة.,Amir,Amazon Translate
تضمن القوانين النظام داخل المجتمعات.,Amir,Amazon Translate
يتيح العمل عن بعد العمل خارج المكاتب التقليدية.,Amir,Amazon Translate
تحدد أسماء المستخدمين الأفراد على منصات الإنترنت.,Amir,Amazon Translate
تقوم الكتالوجات بتنظيم العناصر للتصفح المنهجي.,Amir,Amazon Translate
يشكل فن الخزف الطين ثم يطلقه.,Amir,Amazon Translate
تقع البندقية على قمة شبكة من القنوات.,Amir,Amazon Translate
شهدت الحرب الباردة انقسامًا أيديولوجيًا بين الشرق والغرب.,Amir,Amazon Translate
تُعلم أبحاث السوق استراتيجية تطوير المنتج.,Amir,Amazon Translate
قسّم كميات الأجزاء إلى وحدات أصغر.,Amir,Amazon Translate
تقلل الطمأنينة من مشاعر القلق.,Amir,Amazon Translate
يعمل الاستدلال على تبسيط مهام حل المشكلات المعقدة.,Amir,Amazon Translate
يعزز الحج نمو الهوية الدينية.,Amir,Amazon Translate
تناقش الأطر الأخلاقية معايير العمل الصحيحة.,Amir,Amazon Translate
تبث وسائل الإعلام الأخبار في جميع أنحاء العالم.,Amir,Amazon Translate
تعمل تقنية البطاريات على تشغيل الإلكترونيات المحمولة.,Amir,Amazon Translate
تختصر الملخصات المقالات للرجوع إليها بشكل أسرع.,Amir,Amazon Translate
أكد فنانو الباروك التناقضات البصرية الدرامية.,Amir,Amazon Translate
الركض يدعم التحمل القلبي الوعائي.,Amir,Amazon Translate
ضمنت الحقوق المدنية الأمريكية حماية الناخبين.,Amir,Amazon Translate
يقدم تجار التجزئة البضائع مباشرة للمتسوقين.,Amir,Amazon Translate
تعبر الكسور عن النسب أو المقارنات.,Amir,Amazon Translate
تشرح قوانين كيبلر حركة الكواكب.,Amir,Amazon Translate
التفاعلات الكيميائية تعيد ترتيب الروابط الذرية فقط.,Amir,Amazon Translate
تزيد الجدارة من فرص الترويج في مكان العمل.,Amir,Amazon Translate
تحليل البيانات يوضح القرارات أو الاتجاهات.,Amir,Amazon Translate
يتم أداء صلاة المسلمين خمس مرات يوميًا.,Amir,Amazon Translate
تقوم البرلمانات بتشريع القوانين الوطنية بشكل ديمقراطي.,Amir,Amazon Translate
يقوم Bluetooth بمزامنة الأجهزة على المدى القصير.,Amir,Amazon Translate
تبسط المعاجم المصطلحات المتخصصة في النصوص.,Amir,Amazon Translate
يستخدم رسامو اللوحات الجدارية الجدران للوحات كبيرة الحجم.,Amir,Amazon Translate
تمتد جبال روكي عبر غرب أمريكا الشمالية.,Amir,Amazon Translate
تجمع رياضة التاي تشي بين فنون الدفاع عن النفس والتركيز التأملي.,Amir,Amazon Translate
تبيع المكتبات الكتب المطبوعة أو الإلكترونية.,Amir,Amazon Translate
تمتد الكسور العشرية إلى ما وراء الأعداد الصحيحة.,Amir,Amazon Translate
تعمل الأنواع الأساسية على استقرار النظم البيئية بشكل عام.,Amir,Amazon Translate
تساعد اليوميات على توضيح الأفكار الشخصية.,Amir,Amazon Translate
تشير النسبية إلى أن الحقائق تعتمد على وجهات النظر.,Amir,Amazon Translate
الممارسات الروحية تقدس أرواح الأسلاف.,Amir,Amazon Translate
تقدم البلديات خدمات الحكومة المحلية.,Amir,Amazon Translate
يكتب مطورو التطبيقات برامج للهواتف الذكية.,Amir,Amazon Translate
تربط قوائم الارتباطات الموضوعات ذات الصلة في المستندات.,Amir,Amazon Translate
تحتوي السيمفونيات على العديد من الحركات التي يتم لعبها معًا.,Amir,Amazon Translate
توفر التمارين الرياضية المائية مقاومة الطفو لممارسة الرياضة.,Amir,Amazon Translate
يضمن الإعلان العالمي لحقوق الإنسان الحريات الأساسية.,Amir,Amazon Translate
يتخصص الطهاة المحترفون في مختلف المأكولات.,Amir,Amazon Translate
يتم تنظيم الأماكن بناءً على إحداثيات خطوط الطول والعرض.,Amir,Amazon Translate
تتحرك الكهرباء عندما تتدفق الإلكترونات بحرية.,Amir,Amazon Translate
تكرر الفسيفساء الأنماط الهندسية بسلاسة.,Amir,Amazon Translate
يؤدي فهم الاستعارات إلى تحسين طلاقة اللغة.,Amir,Amazon Translate
تزن العواقبية النتائج قبل اتخاذ الخيارات.,Amir,Amazon Translate
تتبع الأعياد اليهودية هيكل التقويم القمري.,Amir,Amazon Translate
تقوم مسوحات التعداد بجمع الإحصاءات الديموغرافية السكانية.,Amir,Amazon Translate
تجد محركات البحث صفحات الويب باستخدام الكلمات الرئيسية.,Amir,Amazon Translate
تقوم الأدلة الإرشادية بتعليم المهارات الجديدة بشكل منهجي.,Amir,Amazon Translate
يقوم النقش بإنشاء صور عن طريق قطع الأسطح المعدنية.,Amir,Amazon Translate
مانيلا هي عاصمة الفلبين.,Amir,Amazon Translate
تدعم الرياضات الجماعية العمل الجماعي واللعب النظيف.,Amir,Amazon Translate
أثرت التجارة الثلاثية على اقتصادات الاستعمار على مستوى العالم.,Amir,Amazon Translate
توضح الكثافة مدى تراكم المادة من الناحية الهيكلية.,Amir,Amazon Translate
ردود الفعل الإيجابية تشجع الإجراءات المتكررة.,Amir,Amazon Translate
تحترم الموافقة المستنيرة استقلالية المشاركين في صنع القرار.,Amir,Amazon Translate
تحافظ المسيحية الأرثوذكسية على الليتورجيا التقليدية.,Amir,Amazon Translate
تحاول الحملات التأثير على الرأي العام.,Amir,Amazon Translate
توفر الكتب المرجعية حقائق للاستشارة السريعة.,Amir,Amazon Translate
تعرض المتاحف القطع الفنية والتاريخية علنًا.,Amir,Amazon Translate
تمتد اسطنبول على قارتين - أوروبا وآسيا.,Amir,Amazon Translate
يزيد ركوب الدراجات من التحمل القلبي التنفسي.,Amir,Amazon Translate
حدث D-Day في 6 يونيو 1944.,Amir,Amazon Translate
يحتاج السائقون المحترفون إلى تراخيص محددة.,Amir,Amazon Translate
تُظهر الكسور أجزاء أقل من الكل.,Amir,Amazon Translate
يعزز التفاؤل المرونة في المحن.,Amir,Amazon Translate
يؤثر التحيز المعرفي على الحكم دون وعي.,Amir,Amazon Translate
تؤكد الطاوية التوازن مع الطبيعة.,Amir,Amazon Translate
ترسل مرفقات البريد الإلكتروني الملفات إلكترونيًا.,Amir,Amazon Translate
تعمل الأجهزة المنزلية الذكية على أتمتة الوظائف المنزلية.,Amir,Amazon Translate
يستخدم Haiku ثلاثة أسطر مع مقاطع محددة.,Amir,Amazon Translate
البتراء هي مدينة حجرية قديمة في الأردن.,Amir,Amazon Translate
الرقص الهوائي يحسن التنسيق والقدرة على التحمل.,Amir,Amazon Translate
أحيا فن عصر النهضة التقنيات اليونانية الكلاسيكية.,Amir,Amazon Translate
إعداد الوجبات ينظم الطعام للجداول المزدحمة.,Amir,Amazon Translate
يستكشف علم المثلثات العلاقات بين زوايا المثلث.,Amir,Amazon Translate
الاهتمامات الشخصية هي الدافع وراء الخيارات الترفيهية.,Amir,Amazon Translate
التحيز التأكيدي يشوه التفسير الموضوعي للأدلة.,Amir,Amazon Translate
تحترم طقوس الشنتو أرواح الأجداد.,Amir,Amazon Translate
تقرر هيئة المحلفين الذنب أو البراءة في المحاكمات.,Amir,Amazon Translate
تقوم متاجر التطبيقات بتوزيع البرامج رقميًا.,Amir,Amazon Translate
تعزز الببليوغرافيات المصداقية في البحث الأكاديمي.,Amir,Amazon Translate
تستخدم تصميمات الباتيك الشمع لمقاومة الصبغة على القماش.,Amir,Amazon Translate
موناكو هي أصغر إمارة في العالم.,Amir,Amazon Translate
لا تحتاج تمارين وزن الجسم إلى معدات خاصة.,Amir,Amazon Translate
أسست الثورة الفرنسية حكومة جمهورية.,Amir,Amazon Translate
تدير خدمة العملاء مخاوف العملاء وملاحظاتهم.,Amir,Amazon Translate
الغازات النبيلة هي عناصر غير تفاعلية كيميائيًا.,Amir,Amazon Translate
يساعد التكيف الأنواع على النجاة من التغير البيئي.,Amir,Amazon Translate
يشكل ضغط الأقران سلوكيات المراهقين بعمق.,Amir,Amazon Translate
يحقق تحديد الهدف تقدمًا قابلًا للقياس بمرور الوقت.,Amir,Amazon Translate
ينكر النسبيون وجود الحقائق الأخلاقية العالمية.,Amir,Amazon Translate
الأشغال العامة تفيد المجتمع من خلال مشاريع البنية التحتية.,Amir,Amazon Translate
تسمح شاشات اللمس بإدخال المستخدم عبر الاتصال بأطراف الأصابع.,Amir,Amazon Translate
ينظم أمناء المكتبات موارد المعلومات ويحافظون عليها.,Amir,Amazon Translate
تتميز العمارة الرومانية بأقواس مستديرة وجدران سميكة.,Amir,Amazon Translate
يمر نهر الأمازون عبر البرازيل وبيرو.,Amir,Amazon Translate
يقيس معدل النبض نبضات القلب في الدقيقة.,Amir,Amazon Translate
اتفاقيات المعاهدات تحل النزاعات بين الدول.,Amir,Amazon Translate
تتيح التجارة الإلكترونية المبيعات المباشرة عبر الإنترنت.,Amir,Amazon Translate
تمثل الأعداد العشرية الوحدات الجزئية عدديًا.,Amir,Amazon Translate
يعمل التناضح على نشر الماء عبر الأغشية بشكل طبيعي.,Amir,Amazon Translate
الحزم يعبر عن الآراء باحترام.,Amir,Amazon Translate
يستمد المنطق الاستنتاجي التفاصيل من البيانات العامة.,Amir,Amazon Translate
الإيمان بوحدة الوجود يساوي الألوهية بالكون.,Amir,Amazon Translate
تسهل الأسواق تبادل السلع محليًا أو عالميًا.,Amir,Amazon Translate
تهدف الممارسات المستدامة إلى الحفاظ على الموارد الطبيعية.,Amir,Amazon Translate
توفر أدلة المستخدم تعليمات المنتج خطوة بخطوة.,Amir,Amazon Translate
تجمع الملصقات الرقمية الصور باستخدام أدوات التحرير.,Amir,Amazon Translate
يبني المجدفون القوة من خلال التجديف بالقوارب بشكل تنافسي.,Amir,Amazon Translate
تضع منظمة الصحة العالمية معايير الصحة العالمية.,Amir,Amazon Translate
تقوم الوكالات السياحية بترتيب الرحلات والرحلات الاستكشافية لمشاهدة معالم المدينة.,Amir,Amazon Translate
يحافظ الطفو على الأشياء طافية في السوائل.,Amir,Amazon Translate
نماذج الأدوار الإيجابية تلهم التغييرات السلوكية البناءة.,Amir,Amazon Translate
تؤكد البيانات التجريبية صحة الفرضيات العلمية.,Amir,Amazon Translate
تمثل الأسرار المسيحية مراحل حياة مهمة.,Amir,Amazon Translate
تقسم الحكومات الفيدرالية السلطة بين المستويات.,Amir,Amazon Translate
يقوم التخزين السحابي بعمل نسخة احتياطية من الملفات المهمة عن بُعد.,Amir,Amazon Translate
تصف الببليوغرافيات المشروحة كل مصدر بإيجاز.,Amir,Amazon Translate
يخلق نحت الخشب تصميمات زخرفية على الأسطح الخشبية.,Amir,Amazon Translate
يستضيف وادي لوار العديد من القلاع في فرنسا.,Amir,Amazon Translate
شكل التوسع الاستعماري المناطق الجغرافية في جميع أنحاء العالم.,Amir,Amazon Translate
تصور المخططات الدائرية النسب في البيانات الإحصائية.,Amir,Amazon Translate
اكتشف نيوتن الجاذبية بعد ملاحظة سقوط التفاح.,Amir,Amazon Translate
تتكون الصخور الرسوبية من طبقات معدنية مضغوطة.,Amir,Amazon Translate
يعمل التعاون على تسريع حل المشكلات في الفرق.,Amir,Amazon Translate
تحتفل اليهودية بعيد الفصح في فصل الربيع سنويًا.,Amir,Amazon Translate
تحمي المتنزهات الوطنية الحياة البرية والمناظر الطبيعية الفريدة.,Amir,Amazon Translate
تعمل ميزة تجميع الارتباطات على تجميع اتصالات الشبكة بكفاءة.,Amir,Amazon Translate
تستخدم موسيقى الراب كلمات منطوقة إيقاعية على الإيقاعات.,Amir,Amazon Translate
أوتاوا هي عاصمة كندا.,Amir,Amazon Translate
يرمز جدار برلين إلى تقسيم الحرب الباردة في أوروبا.,Amir,Amazon Translate
يقدم المستقلون خدمات بدون عقود عمل طويلة الأجل.,Amir,Amazon Translate
تقارن النسب المئوية الأرقام بـ 100 كنقطة مرجعية.,Amir,Amazon Translate
تتطلب الموجات الصوتية وسيطًا للإرسال.,Amir,Amazon Translate
بحثت ماري كوري النشاط الإشعاعي على نطاق واسع.,Amir,Amazon Translate
يعزز الانضباط الذاتي تحقيق الأهداف طويلة المدى.,Amir,Amazon Translate
تشمل الآلهة الهندوسية فيشنو وشيفا وبراهما.,Amir,Amazon Translate
يقوم القضاة بتفسير القوانين داخل أنظمة المحاكم.,Amir,Amazon Translate
تتيح المحافظ الرقمية المعاملات غير النقدية باستخدام الهواتف الذكية.,Amir,Amazon Translate
تكتشف شاشات اللمس حركات الإصبع أو القلم إلكترونيًا.,Amir,Amazon Translate
يستخدم فن الألوان المائية صبغة ممزوجة بالماء.,Amir,Amazon Translate
تعمل اللياقة الهوائية على تحسين كفاءة القلب والرئة.,Amir,Amazon Translate
تتميز الكاتدرائيات القوطية بأقواس مدببة ونوافذ زجاجية ملونة.,Amir,Amazon Translate
ينظم توقيت الوجبات الطاقة طوال اليوم.,Amir,Amazon Translate
يطلق التمثيل الضوئي الأكسجين في الغلاف الجوي للأرض.,Amir,Amazon Translate
تعمل شبكات الدعم الاجتماعي على تعزيز الرفاهية العاطفية.,Amir,Amazon Translate
ما وراء المعرفة يعني التفكير في أفكارك الخاصة.,Amir,Amazon Translate
يعتقد أتباع وحدة الوجود أن الألوهية موجودة في كل شيء طبيعي.,Amir,Amazon Translate
تسيطر انتخابات العمدة على قيادة الحكومة المحلية.,Amir,Amazon Translate
يبث التلفزيون إشارات الفيديو إلى الشاشات الرقمية.,Amir,Amazon Translate
تعمل الرسائل المشفرة على زيادة الخصوصية عبر الإنترنت وأمن البيانات.,Amir,Amazon Translate
تحكي المفروشات القصص من خلال صور الأقمشة المنسوجة.,Amir,Amazon Translate
سنغافورة هي مدينة وبلد على حد سواء.,Amir,Amazon Translate
العلاج المائي يعيد تأهيل الإصابات بمقاومة الماء.,Amir,Amazon Translate
ألغت الثورة الفرنسية الملكية بشكل دائم.,Amir,Amazon Translate
تشكل ملاحظات العملاء قرارات تطوير المنتج.,Amir,Amazon Translate
تقسم المشاركة الممتلكات بين عدة مستلمين.,Amir,Amazon Translate
تتغير حالة المادة من سائل إلى غاز عن طريق الغليان.,Amir,Amazon Translate
ينقل النتح الرطوبة من الأوراق إلى الهواء.,Amir,Amazon Translate
تقلل الصداقات الصحية من مستويات التوتر بشكل عام.,Amir,Amazon Translate
توضح المقارنات الأفكار غير المألوفة باستخدام مفاهيم مألوفة.,Amir,Amazon Translate
تحمي القواعد الأخلاقية الحقوق والكرامة في العمل.,Amir,Amazon Translate
تدير فروع البنوك الحسابات المالية محليًا.,Amir,Amazon Translate
يستخدم المصممون برامج النمذجة ثلاثية الأبعاد للنماذج الأولية.,Amir,Amazon Translate
تعد لوحات Ndebele الجدارية رموزًا ثقافية في جنوب إفريقيا.,Amir,Amazon Translate
حبل القفز يزيد من سرعة القدم بشكل فعال.,Amir,Amazon Translate
يحتفل يوم استقلال فيتنام بالتحرير الوطني.,Amir,Amazon Translate
يبيع تجار التجزئة الكبار كميات كبيرة من السلع الاستهلاكية.,Amir,Amazon Translate
تنقل الرسوم البيانية الدائرية النسب النسبية بصريًا.,Amir,Amazon Translate
الصفر المطلق هو أدنى درجة حرارة ممكنة يتم قياسها.,Amir,Amazon Translate
يؤدي تحليل نتائج التجربة إلى استنتاجات علمية.,Amir,Amazon Translate
يساهم متطوعو خدمة المجتمع بالمهارات من أجل المنفعة المشتركة.,Amir,Amazon Translate
تستخدم السيارات الآن أنظمة إدارة المحرك التي يتم التحكم فيها بواسطة الكمبيوتر.,Amir,Amazon Translate
جبل ماكينلي (دينالي) هو أعلى نقطة في أمريكا الشمالية.,Amir,Amazon Translate
يمثل يوم النصر في أوروبا نهاية الحرب العالمية الثانية في أوروبا.,Amir,Amazon Translate
يقدم الاستشاريون المشورة بشأن القضايا المهنية المتخصصة.,Amir,Amazon Translate
تعبر الأعداد العشرية عن قيم العشرات أو المئات ببساطة.,Amir,Amazon Translate
تقوم كلاب العلاج بزيارة المستشفيات لتهدئة المرضى.,Amir,Amazon Translate
تعمل المناطق الزمنية على محاذاة إعدادات الساعة عبر المواقع العالمية.,Amir,Amazon Translate
التأكيدات الإيجابية تعزز معتقدات القيمة الذاتية.,Amir,Amazon Translate
تعمل البديهيات كنقاط انطلاق أساسية في التفكير.,Amir,Amazon Translate
يقصر الفلاسفة الماديون الواقع على المادة المادية فقط.,Amir,Amazon Translate
تطلب الصلوات من الآلهة التوجيه أو المساعدة.,Amir,Amazon Translate
تختلف أيام العطل الرسمية حسب الولاية القضائية كل عام.,Amir,Amazon Translate
تعمل الكتب الإلكترونية على توسيع الوصول إلى المكتبة رقميًا في جميع أنحاء العالم.,Amir,Amazon Translate
رسم توضيحي على لوح الرسم يحفر خطوطًا بيضاء من الأسطح السوداء.,Amir,Amazon Translate
تقع حديقة يوسمايت الوطنية في سييرا نيفادا بكاليفورنيا.,Amir,Amazon Translate
تعزز فنون الدفاع عن النفس التركيز والانضباط والاحترام.,Amir,Amazon Translate
تكتب الاتفاقيات الدستورية وثائق حاكمة جديدة.,Amir,Amazon Translate
تعمل الآلات الهيدروليكية عبر السوائل المضغوطة.,Amir,Amazon Translate
يؤدي الطرح إلى طرح أعداد أصغر من الأعداد الأكبر.,Amir,Amazon Translate
عاش Ohlone على طول الساحل المركزي لكاليفورنيا تاريخيًا.,Amir,Amazon Translate
ويخصص التمثيل النسبي المقاعد السياسية بالتساوي.,Amir,Amazon Translate
تقوم قضبان الجرافيت بتوصيل الكهرباء بكفاءة في البطاريات.,Amir,Amazon Translate
تطلق الزلازل طاقة زلزالية تسبب حركة الأرض.,Amir,Amazon Translate
يُلهم الموجهون نمو المتدربين من خلال الخبرات المشتركة.,Amir,Amazon Translate
تؤكد الأخلاق القائمة على القواعد على اتباع المبادئ بدقة.,Amir,Amazon Translate
استقر رواد المورمون في وادي سولت ليك بولاية يوتا.,Amir,Amazon Translate
تمرر الغرف مشاريع القوانين التشريعية لسن القوانين.,Amir,Amazon Translate
تدمج السيارات الذكية أجهزة استشعار السلامة الآلية وأدوات التحكم.,Amir,Amazon Translate
يسرد دليل الهاتف معلومات الاتصال السكنية والتجارية.,Amir,Amazon Translate
تقع زيورخ بسويسرا على الشاطئ الشمالي لبحيرة زيورخ.,Amir,Amazon Translate
تتضمن مجالسة الأطفال مسؤوليات رعاية الأطفال قصيرة المدى.,Amir,Amazon Translate
يتكون سطح الأرض في الغالب من الماء.,Amir,Amazon Translate
طور إسحاق نيوتن ثلاثة قوانين للحركة.,Amir,Amazon Translate
توفر الصداقة الأمان العاطفي بمرور الوقت.,Amir,Amazon Translate
تدرس المداولات الخيارات قبل اتخاذ الخيارات.,Amir,Amazon Translate
تؤكد معتقدات السيخ على المساواة أمام الله.,Amir,Amazon Translate
يصرح البرلمان بفرض ضرائب جديدة أو فواتير الإنفاق.,Amir,Amazon Translate
تقدم خدمات البث محتوى الفيديو عبر الإنترنت.,Amir,Amazon Translate
تتواصل لوحات المفاتيح اللاسلكية مع أجهزة الكمبيوتر عن طريق إشارات الراديو.,Amir,Amazon Translate
قد تعبر الكتابة على الجدران عن رسائل احتجاج سياسية.,Amir,Amazon Translate
تقع مدينة مكسيكو على ارتفاع عالٍ فوق مستوى سطح البحر.,Amir,Amazon Translate
تمارين القوة تحرق السعرات الحرارية بسرعة أكبر من المشي.,Amir,Amazon Translate
ازدهرت حضارة الأزتك في وسط المكسيك.,Amir,Amazon Translate
تجمع وصفات الحساء بين المكونات المطبوخة في السائل.,Amir,Amazon Translate
تقوم المغناطيسية بتحريك إبر البوصلة نحو الأقطاب المغناطيسية.,Amir,Amazon Translate
حقائق التغذية تشير إلى محتويات العبوات الغذائية.,Amir,Amazon Translate
يطبق الاستدلال الاستنتاجي القواعد على الحالة.,Amir,Amazon Translate
تتحدى قروض Zen التفكير المعتاد.,Amir,Amazon Translate
تقوم اللجان بمراجعة المقترحات التشريعية للتغييرات المحتملة.,Amir,Amazon Translate
تتيح تطبيقات الأجهزة المحمولة للمستخدمين إجراء المعاملات المصرفية من المنزل.,Amir,Amazon Translate
يمكن تحديث الكتيبات من خلال التنزيلات الإلكترونية.,Amir,Amazon Translate
النوافذ الزجاجية الملونة تلون ضوء الشمس الذي يدخل الكاتدرائيات.,Amir,Amazon Translate
تغطي باتاغونيا مناطق جنوب الأرجنتين وشيلي.,Amir,Amazon Translate
تعمل جماجم التجديف على تطوير قوة عضلات الجزء العلوي من الجسم.,Amir,Amazon Translate
قام جسر برلين الجوي بتزويد برلين الغربية أثناء الحصار.,Amir,Amazon Translate
تجمع صالات الطعام العديد من المطاعم معًا.,Amir,Amazon Translate
تقارن الكسور الأرقام غير المقسمة بالتساوي.,Amir,Amazon Translate
تبرد الحمم البركانية وتشكل طبقات صخرية نارية.,Amir,Amazon Translate
يقوم الحكم بتقييم البدائل للحصول على أفضل النتائج.,Amir,Amazon Translate
تستخدم الإحصائيات عينات للاستدلال على السكان.,Amir,Amazon Translate
تبرز أخلاقيات الفضيلة التصرف بنية حسنة.,Amir,Amazon Translate
تقدم القنصليات المساعدة للمواطنين في الخارج.,Amir,Amazon Translate
غالبًا ما ترمز رموز التطبيقات إلى وظائف التطبيق الرئيسية.,Amir,Amazon Translate
تتيح مناطق المشاهدة العامة المراقبة الآمنة للحياة البرية.,Amir,Amazon Translate
تنزلق الزلاجات المائية بسرعة عبر أسطح البحيرة.,Amir,Amazon Translate
التزلج ينشط العضلات الأساسية والساق بالتساوي.,Amir,Amazon Translate
تعترف المعاهدات بالاستقلال الوطني بعد انتهاء الحرب.,Amir,Amazon Translate
تبيع متاجر الأجهزة الأدوات ومواد البناء.,Amir,Amazon Translate
تسمح الكسور العشرية بمقارنة القياس الدقيقة.,Amir,Amazon Translate
يتشكل الندى عندما يبرد الهواء إلى ما دون نقطة التشبع.,Amir,Amazon Translate
تعتمد الحجج المقنعة على المنطق القوي.,Amir,Amazon Translate
تلخص العقائد التعاليم الدينية الرسمية.,Amir,Amazon Translate
يقوم الأمناء بإدارة الممتلكات نيابة عن المستفيدين.,Amir,Amazon Translate
تمنع الكاميرات الأمنية السرقة في الأماكن العامة.,Amir,Amazon Translate
يعمل التعلم الآلي على تحليل مجموعات البيانات الكبيرة تلقائيًا.,Amir,Amazon Translate
تنظم الفصول محتوى الكتاب في أقسام منطقية.,Amir,Amazon Translate
تستخدم اللوحة الرملية في الاحتفالات الثقافية.,Amir,Amazon Translate
بن نيفيس هو أعلى جبل في اسكتلندا.,Amir,Amazon Translate
يجمع الباركور بين الجري والقفز وتسلق العقبات بسلاسة.,Amir,Amazon Translate
أحدثت المطبعة ثورة في الاتصال الجماهيري إلى الأبد.,Amir,Amazon Translate
سبقت كتالوجات الطلبات عبر البريد فرص التسوق عبر الإنترنت.,Amir,Amazon Translate
التناظر يخلق تركيبات فنية متوازنة بصريًا.,Amir,Amazon Translate
تشرح حركة الصفائح التكتونية الزلازل في حلقة النار في المحيط الهادئ.,Amir,Amazon Translate
تعمل الطاقة الشمسية على تشغيل ألواح الأسطح بكفاءة.,Amir,Amazon Translate
رسائل الامتنان تعبر عن التقدير بشكل هادف.,Amir,Amazon Translate
يطور الحث النظريات بعد ملاحظة الاتجاهات الشائعة.,Amir,Amazon Translate
تؤكد الحياة الرهبانية على البساطة وخدمة المجتمع.,Amir,Amazon Translate
يمول المانحون للحملة الأنشطة الانتخابية طواعية.,Amir,Amazon Translate
تحدد البرمجة مهام الكمبيوتر خطوة بخطوة بوضوح.,Amir,Amazon Translate
ترتيب أبجدي يرتب كتب المكتبة بسهولة.,Amir,Amazon Translate
يحتفظ Scrapbooking بالتذكارات في ألبومات مزخرفة.,Amir,Amazon Translate
تقرض البنوك الأموال على أساس الودائع المستلمة.,Amir,Amazon Translate
يتميز الكونشيرتو بأداة منفردة على خلفية أوركسترالية.,Amir,Amazon Translate
تقع جزر فوكلاند شرق ساحل أمريكا الجنوبية.,Amir,Amazon Translate
يتطلب تسلق الجدار حركة منسقة وقبضة.,Amir,Amazon Translate
أنهى إعلان التحرر العبودية في الولايات المتحدة المتمردة.,Amir,Amazon Translate
تتطلب جداول سداد الديون مدفوعات في الوقت المناسب.,Amir,Amazon Translate
تعطي القيمة المكانية للأرقام معاني مختلفة من حيث الحجم.,Amir,Amazon Translate
تفسر قوى الطفو سبب طفو الأجسام في السوائل.,Amir,Amazon Translate
تعكس المرايا الانعكاسية أشكال التماثل البصري.,Amir,Amazon Translate
يقيس التفكير النفعي السعادة الكاملة في القرارات.,Amir,Amazon Translate
الترسيم يضفي الطابع الرسمي على سلطة رجال الدين داخل الطوائف.,Amir,Amazon Translate
يدعو إصلاح السجون إلى زيادة جهود إعادة التأهيل.,Amir,Amazon Translate
تقوم مفاتيح الربط بتدوير البراغي والصواميل بإحكام.,Amir,Amazon Translate
تتيح وسائل التواصل الاجتماعي نشر الأخبار بسرعة في جميع أنحاء العالم.,Amir,Amazon Translate
يوفر كتاب الأنماط إرشادات لاتساق الكتابة.,Amir,Amazon Translate
الواقعية في الفن تصور الحياة اليومية بدقة.,Amir,Amazon Translate
القاهرة هي عاصمة مصر بالقرب من دلتا النيل.,Amir,Amazon Translate
قتل الموت الأسود الملايين خلال العصور الوسطى.,Amir,Amazon Translate
يقوم الصرافون بمعالجة المعاملات في نقاط البيع.,Amir,Amazon Translate
الصفر هو عنصر نائب في نظام الأرقام لدينا.,Amir,Amazon Translate
تدور الإلكترونات حول النوى الذرية في الأصداف.,Amir,Amazon Translate
فازت ماري كوري بجائزتي نوبل.,Amir,Amazon Translate
يعمل النقد البناء على تحسين الأداء أو المهارات.,Amir,Amazon Translate
تتلاشى الذاكرة قصيرة المدى بسرعة على مدار دقائق.,Amir,Amazon Translate
تؤكد التعاليم الكونفوشيوسية على الاحترام والواجبات الأبوية.,Amir,Amazon Translate
تشرف البلديات على التخطيط والخدمات المحلية.,Amir,Amazon Translate
تقوم تطبيقات الدفع عبر الهاتف المحمول بتحويل الأموال إلكترونيًا.,Amir,Amazon Translate
تستخدم مكبرات الصوت اللاسلكية Bluetooth لاستقبال الصوت.,Amir,Amazon Translate
يخلق طلاء السيراميك لمسة نهائية لامعة ومقاومة للماء.,Amir,Amazon Translate
يسافر الفينيسيون بالجندول على قنوات المدينة.,Amir,Amazon Translate
يتناوب التدريب المتقاطع مع التدريبات لمنع الإصابة.,Amir,Amazon Translate
تتميز العمارة الباروكية بتفاصيل مزخرفة.,Amir,Amazon Translate
تؤثر حصص الوجبات على تناول السعرات الحرارية والتمثيل الغذائي.,Amir,Amazon Translate
يعمل الانكسار على ثني الضوء من خلال مواد مختلفة.,Amir,Amazon Translate
قوة الإرادة تقاوم الإغراء باستمرار.,Amir,Amazon Translate
يساعد القياس على شرح المفاهيم الجديدة ببساطة.,Amir,Amazon Translate
فضل الكتاب المتعاليون الطبيعة على المجتمع الصناعي.,Amir,Amazon Translate
يحضر أبناء الرعية خدمات العبادة المنتظمة معًا.,Amir,Amazon Translate
تقدم المناقشات وجهات نظر مختلفة حول قضايا محددة.,Amir,Amazon Translate
تسهل البرامج التعليمية التعلم الذاتي عبر الإنترنت.,Amir,Amazon Translate
توضح كتب الأنماط الحرف اليدوية خطوة بخطوة.,Amir,Amazon Translate
تزين اللوحات الجدارية المصليات بلوحات جدارية ملونة.,Amir,Amazon Translate
تمتد مجتمعات الماساي في كينيا وتنزانيا.,Amir,Amazon Translate
فنون الدفاع عن النفس تبني الرشاقة والانضباط.,Amir,Amazon Translate
كانت جيمستاون أول مستوطنة دائمة في إنجلترا في أمريكا.,Amir,Amazon Translate
تنتج طابعات الإيصالات قسائم التحقق من الدفع على الفور.,Amir,Amazon Translate
تختلف مراحل القمر على مدار كل شهر.,Amir,Amazon Translate
يضمن الإدماج المساواة في المعاملة بغض النظر عن الاختلافات.,Amir,Amazon Translate
تحسب الاحتمالات المخاطر المتوقعة رياضيًا.,Amir,Amazon Translate
توفر القواعد الأخلاقية معايير جماعية للسلوك.,Amir,Amazon Translate
تستكشف التقاليد الغامضة الاتحاد الروحي مباشرة.,Amir,Amazon Translate
تحمي وثيقة الحقوق الحريات الأمريكية الأساسية.,Amir,Amazon Translate
تعمل أجهزة التحكم عن بعد العالمية على تشغيل أجهزة إلكترونية متعددة.,Amir,Amazon Translate
استخدم التصوير الفوتوغرافي Tintype الألواح المعدنية تاريخيًا.,Amir,Amazon Translate
يقسم مضيق البوسفور اسطنبول إلى أوروبا وآسيا.,Amir,Amazon Translate
التجديف يقوي عضلات الظهر والذراع والعضلات الأساسية.,Amir,Amazon Translate
تحدد اتفاقية جنيف المبادئ الإنسانية في زمن الحرب.,Amir,Amazon Translate
يصنع الحرفيون الأشياء يدويًا باستخدام تقنيات متخصصة.,Amir,Amazon Translate
تساعد جداول البيانات القابلة للمشاركة في إدارة مشروع الفريق.,Amir,Amazon Translate
تمثل الأسس السالبة القيم التبادلية للأرقام.,Amir,Amazon Translate
تحدث مناطق الاندساس حيث تلتقي الصفائح التكتونية.,Amir,Amazon Translate
الرسوم البيانية ترسم العلاقات المتغيرة بشكل مرئي.,Amir,Amazon Translate
تنتج الزراعة الغذاء من التربة بكفاءة.,Amir,Amazon Translate
تشجع قوائم الفضيلة التطوير الذاتي الأخلاقي يوميًا.,Amir,Amazon Translate
تربط المعتقدات الروحانية الأرواح بالنباتات والحيوانات.,Amir,Amazon Translate
تعمل القوانين الموحدة على توحيد اللوائح عبر الولايات.,Amir,Amazon Translate
يتتبع ضبط الوقت الساعات والأيام والشهور والسنوات بدقة.,Amir,Amazon Translate
يحفظ التشفير المعلومات سراً من خلال الخوارزميات.,Amir,Amazon Translate
تتميز الانتقادات الشعرية بالعروض المميزة للقصائد الأصلية.,Amir,Amazon Translate
يربط جسر سيدني هاربور أحياء المدينة عبر المياه.,Amir,Amazon Translate
تغير ظاهرة النينيو أنماط الطقس العالمية بشكل دوري.,Amir,Amazon Translate
تختبر مباريات الملاكمة القوة والاستراتيجية والتحمل.,Amir,Amazon Translate
تعمل التعديلات على تحديث النصوص القانونية بعناية.,Amir,Amazon Translate
تلتقط الموسيقى الانطباعية الحالة المزاجية العابرة بالصوت.,Amir,Amazon Translate
تعمل حملات الصحة العامة على مكافحة الأوبئة محليًا.,Amir,Amazon Translate
تلخص السير الذاتية النقاط البارزة في الحياة المهنية بإيجاز.,Amir,Amazon Translate
تقوم المجاهر بتكبير العينات الصغيرة للمراقبة.,Amir,Amazon Translate
برامج الولاء تكافئ مشتريات العملاء المتكررة.,Amir,Amazon Translate
تدرس التكتونيات حركات القشرة الأرضية.,Amir,Amazon Translate
التجنيد يقوم بتجنيد المواطنين للخدمة العسكرية.,Amir,Amazon Translate
يستثمر مديرو الأصول أموال العملاء بشكل استراتيجي.,Amir,Amazon Translate
يحلل الاقتصاد الإيجابي الحقائق دون إصدار أحكام.,Amir,Amazon Translate
تحتوي برامج الكمبيوتر الحتمية دائمًا على مخرجات يمكن التنبؤ بها.,Amir,Amazon Translate
نشأت لغة Nāhualt بين شعوب الأزتك.,Amir,Amazon Translate
تشتهر روما بهندستها المعمارية القديمة.,Amir,Amazon Translate
يتدفق نهر الأمازون عبر أمريكا الجنوبية.,Amir,Amazon Translate
النظام الغذائي المتوازن يدعم الصحة العامة والطاقة.,Amir,Amazon Translate
أثرت اليونان القديمة على الفلسفة الغربية.,Amir,Amazon Translate
تغطي المياه معظم سطح الأرض.,Amir,Amazon Translate
يشكل الأكسجين 21 بالمائة من الغلاف الجوي للأرض.,Amir,Amazon Translate
تستخدم الرياضيات الأرقام والرموز لحل المشكلات.,Amir,Amazon Translate
يؤدي الطرح إلى إزالة رقم من كمية أخرى.,Amir,Amazon Translate
يتم لعب كرة القدم من قبل فريقين باستخدام الكرة.,Amir,Amazon Translate
يقوم البريد الإلكتروني بإرسال الرسائل إلكترونيًا بين أجهزة الكمبيوتر.,Amir,Amazon Translate
يعتمد لون العين جزئيًا على الوراثة.,Amir,Amazon Translate
يسقط المطر عندما يتكثف بخار الماء إلى قطرات.,Amir,Amazon Translate
تنتج العواصف الشتوية الثلج أو الجليد.,Amir,Amazon Translate
يتبع الربيع الشتاء حيث يميل محور الأرض.,Amir,Amazon Translate
طور فيثاغورس نظريات حول المثلثات القائمة.,Amir,Amazon Translate
الكربون هو عنصر أساسي للكائنات الحية.,Amir,Amazon Translate
كانت سانت بطرسبرغ تسمى ذات مرة لينينغراد.,Amir,Amazon Translate
يعيش الرهبان تحت الوعود الدينية في بعض الأديان.,Amir,Amazon Translate
يقوم الأطباء بتشخيص الأمراض والإصابات.,Amir,Amazon Translate
يتحكم الطيارون في الطائرات أثناء الرحلات الجوية.,Amir,Amazon Translate
تقيس الكثافة السكانية الأشخاص لكل وحدة مساحة.,Amir,Amazon Translate
يمكن للضوضاء الصاخبة أن تلحق الضرر بالسمع بمرور الوقت.,Amir,Amazon Translate
تشمل الأعاصير رياحًا قوية وأمطارًا غزيرة.,Amir,Amazon Translate
يتم التحدث باللغة الفرنسية على نطاق واسع في غرب إفريقيا.,Amir,Amazon Translate
تكرم التماثيل شخصيات تاريخية مهمة.,Amir,Amazon Translate
الحيتان الزرقاء هي أكبر الحيوانات على قيد الحياة اليوم.,Amir,Amazon Translate
تتكيف الكائنات الحية مع التغيرات البيئية.,Amir,Amazon Translate
تخزن النباتات الطاقة في الجذور والبذور.,Amir,Amazon Translate
يعمل الوقود على تشغيل السيارات والآلات.,Amir,Amazon Translate
يحدد الحمض النووي الصفات الجسدية الموروثة من الوالدين.,Amir,Amazon Translate
تقدم المدارس العامة التعليم المجاني.,Amir,Amazon Translate
تتطلب لعبة الشطرنج التخطيط الدقيق والبصيرة.,Amir,Amazon Translate
تطلق الزلازل الطاقة المخزنة فجأة.,Amir,Amazon Translate
تقوم المصاعد بنقل الأشخاص عموديًا بين طوابق المبنى.,Amir,Amazon Translate
يقوم المزارعون بزراعة المحاصيل لإنتاج الغذاء.,Amir,Amazon Translate
تنتج القيثارات الصوت عن طريق اهتزاز الأوتار.,Amir,Amazon Translate
يمرر البرلمان البريطاني قوانين في المملكة المتحدة.,Amir,Amazon Translate
تساعد الممرضات الأطباء في رعاية المرضى.,Amir,Amazon Translate
يتم نسج ألياف القطن في خيوط.,Amir,Amazon Translate
تتضمن الرياضيات الحساب والهندسة والجبر.,Amir,Amazon Translate
يتم خبز الكيك للاحتفالات.,Amir,Amazon Translate
السباحة تقوي العضلات والتنسيق.,Amir,Amazon Translate
تزيد القراءة من المفردات والفهم.,Amir,Amazon Translate
تدور الأقمار الصناعية فوق الغلاف الجوي للأرض.,Amir,Amazon Translate
أضواء المدرج ترشد الطائرات التي تهبط ليلاً.,Amir,Amazon Translate
تتبع الموسيقى الكلاسيكية الأشكال المنظمة والتناغمات.,Amir,Amazon Translate
تحتفل مهرجانات الحصاد بجمع المحاصيل الناجح.,Amir,Amazon Translate
تقيس البارومترات ضغط الهواء الجوي.,Amir,Amazon Translate
ترمز الأعلام إلى البلدان والمنظمات.,Amir,Amazon Translate
تتميز السيمفونيات بمجموعات كبيرة من الموسيقيين الذين يعزفون معًا.,Amir,Amazon Translate
يوفر تناول الفاكهة الفيتامينات والألياف.,Amir,Amazon Translate
تقوم البرمجة بإرشاد أجهزة الكمبيوتر لإكمال مهام محددة.,Amir,Amazon Translate
تمنح الديمقراطية المواطنين حقوق التصويت.,Amir,Amazon Translate
مياه الشرب ضرورية للصحة.,Amir,Amazon Translate
تعمل القراءة على تحسين مهارات القراءة والكتابة.,Amir,Amazon Translate
تحدث الزلازل بسبب الحركة التكتونية.,Amir,Amazon Translate
ثاني أكسيد الكربون هو أحد غازات الدفيئة.,Amir,Amazon Translate
تحتوي الغيوم على قطرات صغيرة من الماء.,Amir,Amazon Translate
تنقل الطائرات الركاب بين المدن بسرعة.,Amir,Amazon Translate
بكين هي عاصمة الصين.,Amir,Amazon Translate
تقدم الأوركسترا موسيقى سمفونية مع العديد من الموسيقيين.,Amir,Amazon Translate
البطاطس المقلية مصنوعة من البطاطس.,Amir,Amazon Translate
يستخدم الإنترنت اللاسلكي موجات الراديو للاتصال.,Amir,Amazon Translate
تقوم البطارية بتخزين الطاقة للأجهزة الإلكترونية.,Amir,Amazon Translate
يحمل البعوض طفيليات الملاريا.,Amir,Amazon Translate
الساكسفونات شائعة في فرق الجاز.,Amir,Amazon Translate
يحل الجبر المعادلات بأحرف تمثل الأرقام.,Amir,Amazon Translate
تغطي المحيطات حوالي 71٪ من سطح الأرض.,Amir,Amazon Translate
كوكب الزهرة هو الكوكب الثاني من الشمس.,Amir,Amazon Translate
تُلعب كرة القدم في ملعب عشبي بأهداف.,Amir,Amazon Translate
يقوم البريد بتسليم الرسائل والحزم فعليًا.,Amir,Amazon Translate
تستخدم كرة السلة كرة واثنين من الأطواق.,Amir,Amazon Translate
تقوم التقويمات بتتبع التواريخ والأشهر.,Amir,Amazon Translate
يقوم المهندسون بتصميم المباني والجسور والمركبات.,Amir,Amazon Translate
الطبخ يحول المكونات الخام إلى وجبات.,Amir,Amazon Translate
تدرس الفيزياء المادة والطاقة والقوى.,Amir,Amazon Translate
يستكشف علم الفلك النجوم والكواكب والمجرات.,Amir,Amazon Translate
تعمل السيارات الكهربائية على بطاريات قابلة لإعادة الشحن.,Amir,Amazon Translate
تحكي الكتب قصصًا أو تقدم معلومات.,Amir,Amazon Translate
تجمع رياضة الجمباز بين القوة والمرونة والتنسيق.,Amir,Amazon Translate
تنمو الخضروات الجذرية تحت التربة.,Amir,Amazon Translate
تدمج موسيقى الهيب هوب الكلام الإيقاعي والموسيقى.,Amir,Amazon Translate
تتضمن مراقبة الطيور مراقبة الطيور البرية في الطبيعة.,Amir,Amazon Translate
تقتل المضادات الحيوية البكتيريا التي تسبب العدوى.,Amir,Amazon Translate
تنتج الديدان المتوهجة الضوء من خلال التلألؤ البيولوجي.,Amir,Amazon Translate
تبني النسور أعشاشًا عالية في الأشجار أو المنحدرات.,Amir,Amazon Translate
يتم تصنيف الطماطم نباتيًا على أنها توت.,Amir,Amazon Translate
يوجد في لندن خط سكة حديد تحت الأرض يسمى «الأنبوب».,Amir,Amazon Translate
ترسب دلتا الأنهار الرواسب حيث تلتقي الأنهار بالبحار.,Amir,Amazon Translate
تدور الكواكب حول الشمس في مدارات.,Amir,Amazon Translate
تقوم المكتبات العامة بإعارة الكتب بدون رسوم.,Amir,Amazon Translate
قامت روما القديمة ببناء قنوات لتوفير المياه العذبة.,Amir,Amazon Translate
الجيوب الأنفية هي تجاويف في الجمجمة بالقرب من الأنف.,Amir,Amazon Translate
قام الرومان ببناء الطرق عبر إمبراطوريتهم.,Amir,Amazon Translate
يمثل المحامون العملاء في المسائل القانونية.,Amir,Amazon Translate
تهاجر الحيتان مسافات شاسعة كل عام.,Amir,Amazon Translate
المشي لمسافات طويلة يحرق السعرات الحرارية ويفيد الصحة العقلية.,Amir,Amazon Translate
النقل عن بعد موجود حاليًا فقط في الخيال العلمي.,Amir,Amazon Translate
تسمى كرة القدم كرة القدم خارج أمريكا الشمالية.,Amir,Amazon Translate
يصنع الورق المعجن منحوتات ونماذج خفيفة الوزن.,Amir,Amazon Translate
استضاف الكولوسيوم في روما معارك المصارعين.,Amir,Amazon Translate
يدرس الجيولوجيون الصخور والمعادن والزلازل.,Amir,Amazon Translate
تضفي صناعة الدمى حركة نابضة بالحياة على الدمى والشخصيات.,Amir,Amazon Translate
يقوم الملحنون بإنشاء أعمال موسيقية وصوتية جديدة.,Amir,Amazon Translate
تتطلب الدراجات الهوائية الأحادية التوازن لركوب العجلات الفردية.,Amir,Amazon Translate
تعيش الفقمات على طول السواحل وتتغذى على الأسماك.,Amir,Amazon Translate
يفوز أساتذة الشطرنج بالبطولات الدولية من خلال إتقان الإستراتيجية.,Amir,Amazon Translate
يقوم المزارعون بتدوير المحاصيل للحفاظ على تربة صحية.,Amir,Amazon Translate
يتم تشكيل الفخار ثم حرقه في الأفران.,Amir,Amazon Translate
تحدد القواميس الكلمات الإنجليزية أبجديًا.,Amir,Amazon Translate
افتتحت ديزني لاند في كاليفورنيا عام 1955.,Amir,Amazon Translate
يعزف التشيلو على نغمات منخفضة في الأوركسترا.,Amir,Amazon Translate
تعتمد الحيوانات آكلة اللحوم بشكل أساسي على لحم الحيوانات.,Amir,Amazon Translate
يغلي الماء بشكل أسرع عند انخفاض الضغط الجوي.,Amir,Amazon Translate
تتدفق التيارات النفاثة عالياً فوق سطح الأرض.,Amir,Amazon Translate
يعمل الهضم على تقسيم الأطعمة إلى مغذيات.,Amir,Amazon Translate
تضم حدائق الحيوان الحيوانات الغريبة والمهددة بالانقراض بأمان.,Amir,Amazon Translate
تقدم الدراما عاطفة القصة من خلال الحوار والعمل.,Amir,Amazon Translate
تحدد المناهج ما يجب أن يتعلمه الطلاب في المدرسة.,Amir,Amazon Translate
يتم الاحتفال بيوم Pi في الرابع عشر من مارس من كل عام.,Amir,Amazon Translate
كتب شكسبير مسرحيات وسوناتات في الأدب الإنجليزي.,Amir,Amazon Translate
الماس مصنوع من الكربون المضغوط للغاية.,Amir,Amazon Translate
يتجاوز ارتفاع جبل إيفرست 8800 متر فوق مستوى سطح البحر.,Amir,Amazon Translate
يوفر الموز الألياف والبوتاسيوم للتغذية.,Amir,Amazon Translate
تعرض الخرائط المناطق والحدود والميزات بشكل مرئي.,Amir,Amazon Translate
يعالج الأطباء الأمراض لتحسين صحة المريض.,Amir,Amazon Translate
للمثلثات ثلاث زوايا مجموعها يساوي 180 درجة.,Amir,Amazon Translate
تؤكد موسيقى الجاز على الارتجال أكثر من الملاحظات الصارمة.,Amir,Amazon Translate
تحافظ المتاحف على التاريخ والثقافة للأجيال القادمة.,Amir,Amazon Translate
تزيد وضعيات اليوجا من القوة والمرونة والتوازن.,Amir,Amazon Translate
تتحد الذرات لتكوين مركبات كيميائية مميزة.,Amir,Amazon Translate
تسمح Wi-Fi بالاتصالات اللاسلكية للأجهزة.,Amir,Amazon Translate
ينتج المطر عندما تطلق السحب بخار الماء المكثف.,Amir,Amazon Translate
يعمل المال كوسيلة للتبادل في الأسواق.,Amir,Amazon Translate
يمكن أن ينمو الخيزران مترًا يوميًا في ظروف مثالية.,Amir,Amazon Translate
يجب على السائقين الامتثال لقواعد المرور من أجل السلامة.,Amir,Amazon Translate
يصنع نحل العسل العسل من مصادر السكر النباتية.,Amir,Amazon Translate
يتحرك الصوت بشكل أسرع في وسائط المواد الصلبة.,Amir,Amazon Translate
تحافظ الجاذبية على تتبع الأجسام الكوكبية لمسارات بيضاوية.,Amir,Amazon Translate
تشرح القواميس المعاني والتهجئات الصحيحة للكلمات.,Amir,Amazon Translate
يستخدم الطلاء أصباغ مطبقة بالفرش أو السكاكين.,Amir,Amazon Translate
تشمل الألوان المحايدة الأبيض والأسود والرمادي والبيج.,Amir,Amazon Translate
تؤدي الأوركسترا مؤلفات موسيقية كلاسيكية.,Amir,Amazon Translate
تنتقل الطائرات بين الوجهات بسرعة باستخدام المحركات النفاثة.,Amir,Amazon Translate
تنظم الزواحف درجة الحرارة عن طريق التشمس في ضوء الشمس.,Amir,Amazon Translate
تتيح الهواتف الاتصال الصوتي عبر مسافات طويلة.,Amir,Amazon Translate
الفيتامينات تكمّل الفجوات الغذائية من أجل صحة أفضل.,Amir,Amazon Translate
تشارك الكتب المعرفة أو الأفكار أو القصص مع القراء.,Amir,Amazon Translate
ينشر الطقس الغائم ضوء الشمس الطبيعي على نطاق واسع.,Amir,Amazon Translate
نشأت موسيقى الجاز في المجتمعات الأمريكية الأفريقية.,Amir,Amazon Translate
يعتني أطباء الأسنان بالأسنان واللثة على وجه التحديد.,Amir,Amazon Translate
تعمل الألواح الشمسية على تحويل طاقة الفوتون إلى كهرباء.,Amir,Amazon Translate
تمكن الديمقراطية المواطنين من التصويت للقادة.,Amir,Amazon Translate
يتشكل الجبن عن طريق تخمير إنزيمات الحليب الحيواني.,Amir,Amazon Translate
يقوم المزارعون بتربية نباتات المحاصيل للاستهلاك أو الثروة الحيوانية.,Amir,Amazon Translate
تصف الكسور الأرقام الأقل من القيم الكاملة.,Amir,Amazon Translate
تجمع أوبرا بين الأداء الصوتي ورواية القصص الدرامية.,Amir,Amazon Translate
تطفو زنابق الماء على البرك باستخدام أوراق عريضة.,Amir,Amazon Translate
تقام الألعاب الأولمبية كل أربع سنوات على مستوى العالم.,Amir,Amazon Translate
تقيس درجة الحرارة الطاقة الحرارية في المواد.,Amir,Amazon Translate
يضيف الليمون الحموضة والنكهة للأطعمة.,Amir,Amazon Translate
لا تحتوي القارة القطبية الجنوبية على مقيمين دائمين باستثناء العلماء.,Amir,Amazon Translate
تسجل اليوميات التجارب الشخصية والأفكار والمشاعر.,Amir,Amazon Translate
يوفر صيد الأسماك موارد غذائية عالية البروتين.,Amir,Amazon Translate
يتم تصنيع الزجاج عن طريق ذوبان الرمال ورماد الصودا.,Amir,Amazon Translate
تستخدم أقواس الكمان شعر الخيل لإنتاج الصوت.,Amir,Amazon Translate
تتغذى الزرافات على أشجار الأكاسيا باستخدام أعناق طويلة.,Amir,Amazon Translate
يقاوم الحديد التآكل بشكل أفضل عند طلائه بالطلاء.,Amir,Amazon Translate
تدمج النجوم ذرات الهيدروجين في نوى الهيليوم وتطلق الطاقة.,Amir,Amazon Translate
تحدد القواعد النحوية كيفية بناء اللغات للجمل بشكل منطقي.,Amir,Amazon Translate
يحدث البرق عندما تتساوى الشحنات المتعارضة في الغلاف الجوي.,Amir,Amazon Translate
تسجل الكاميرات الرقمية الصور كصور إلكترونية.,Amir,Amazon Translate
تقوم الهندسة بتطوير الآلات أو الطرق أو الأجهزة أو الهياكل.,Amir,Amazon Translate
الزنبق هي أزهار بصيلة موطنها مناطق آسيا الوسطى.,Amir,Amazon Translate
يحتوي الجزر على بيتا كاروتين الذي يحوله الجسم إلى فيتامين أ.,Amir,Amazon Translate
ينمو التفاح على الأشجار المتساقطة التي تفقد أوراقها سنويًا.,Amir,Amazon Translate
يتضمن العلم طرح الأسئلة وإجراء التجارب بشكل منهجي.,Amir,Amazon Translate
تقوم المكتبات العامة بإعارة الكتب ومواد الوسائط المتعددة بحرية.,Amir,Amazon Translate
يغير غروب الشمس لون السماء عن طريق تشتيت أشعة الشمس.,Amir,Amazon Translate
تحرق النيران كميات أكبر من الخشب في الهواء الطلق.,Amir,Amazon Translate
تساعد الأدوية في تخفيف أعراض المرض أو العدوى.,Amir,Amazon Translate
تمتزج الحمير الوحشية في الأراضي العشبية بفضل التمويه المخطط.,Amir,Amazon Translate
يجلب الشتاء العواصف الثلجية إلى المناطق المناخية الباردة.,Amir,Amazon Translate
يدعم المعلمون أهداف التعلم في المؤسسات التعليمية.,Amir,Amazon Translate
يدرس علماء الآثار القطع الأثرية من المجتمعات السابقة.,Amir,Amazon Translate
يسجل لاعبو كرة القدم الأهداف بركل الكرة.,Amir,Amazon Translate
تتسبب الأعاصير في أضرار شديدة بسبب الرياح والفيضانات.,Amir,Amazon Translate
يأتي الورق من ألياف الأشجار المعالجة.,Amir,Amazon Translate
تبدأ الشوكولاتة بحبوب الكاكاو المزروعة في المناخات الاستوائية.,Amir,Amazon Translate
تقدم كتب الطبخ وصفات وتعليمات تقنيات الطبخ.,Amir,Amazon Translate
يتدرب الرياضيون لتحسين مستويات الأداء البدني.,Amir,Amazon Translate
كانت روما موطنًا لأباطرة مثل يوليوس قيصر.,Amir,Amazon Translate
تتطلب القيثارات الكهربائية مكبرات صوت لزيادة الحجم.,Amir,Amazon Translate
تتشكل الجزر عندما تظهر البراكين فوق خط الماء.,Amir,Amazon Translate
تنبت البذور عند ترطيبها وتسخينها بواسطة البيئة.,Amir,Amazon Translate
يدرس علم النفس العمليات العقلية والسلوك علميًا.,Amir,Amazon Translate
يؤثر المناخ على أنواع النباتات الموجودة في المواقع الجغرافية.,Amir,Amazon Translate
تنفصل الجبال الجليدية عن الأنهار الجليدية الكبيرة العائمة في المحيط.,Amir,Amazon Translate
كتب شكسبير مسرحيات، بما في ذلك هاملت وماكبث.,Amir,Amazon Translate
يشمل النظام الغذائي المتوازن البروتينات والخضروات والحبوب.,Amir,Amazon Translate
يتكون الغلاف الجوي للأرض في الغالب من النيتروجين والأكسجين.,Amir,Amazon Translate
تنتج بساتين التفاح الفاكهة كل خريف.,Amir,Amazon Translate
يحفظ الملح اللحوم قبل التبريد.,Amir,Amazon Translate
المضلعات هي أشكال مغلقة ذات جوانب مستقيمة فقط.,Amir,Amazon Translate
ينقل الراديو موجات صوتية عبر المسافة لاسلكيًا.,Amir,Amazon Translate
تستخدم الرافعات أرجلًا طويلة للخوض في الماء.,Amir,Amazon Translate
تعمل العملات كعملة للمعاملات الصغيرة.,Amir,Amazon Translate
يتغير لون الأوراق في الخريف بسبب درجة الحرارة.,Amir,Amazon Translate
يقوم أخصائيو الرعاية الصحية بتشخيص الأمراض وعلاجها.,Amir,Amazon Translate
تستخدم لعبة الشطرنج حركات استراتيجية على لوحة ألعاب مربعة.,Amir,Amazon Translate
يصف الأطباء الأدوية والعلاجات للمرضى.,Amir,Amazon Translate
البعوض هو الناقل الشائع للأمراض المختلفة.,Amir,Amazon Translate
يشكل المنطق أساس الجدل العقلاني.,Amir,Amazon Translate
تقوم الرياضيات بتحليل الأنماط والكميات والتراكيب.,Amir,Amazon Translate
يؤدي الممثلون أدوارًا في الإنتاج المسرحي.,Amir,Amazon Translate
يقوم المعلمون بتعليم الطلاب في الفصول الدراسية حول العالم.,Amir,Amazon Translate
رسمت فريدا كاهلو صورًا ذاتية معبرة.,Amir,Amazon Translate
يقع برج إيفل في باريس، فرنسا.,Amir,Amazon Translate
تستخدم كرة السلة فرقًا من خمسة لاعبين يتنافسون لتسجيل النقاط.,Amir,Amazon Translate
تقوم الجرافات بتحريك الأرض أثناء مشاريع البناء.,Amir,Amazon Translate
تشير علامات الاقتباس إلى الكلام أو الاقتباسات في النص.,Amir,Amazon Translate
تقوم أجهزة الكمبيوتر بمعالجة المعلومات إلكترونيًا بسرعات عالية.,Amir,Amazon Translate
تحدث ومضات البرق أثناء الطقس العاصف.,Amir,Amazon Translate
تمثل الأهرامات الإنجازات المعمارية القديمة.,Amir,Amazon Translate
تساعد الفيتامينات في الحفاظ على وظائف الجسم والتمثيل الغذائي.,Amir,Amazon Translate
تستخدم الموسيقى الكلاسيكية مؤلفات منظمة مع أدوات منسقة.,Amir,Amazon Translate
توجه المخططات المهندسين في تصميمات المباني.,Amir,Amazon Translate
يمكن رؤية المريخ بالعين المجردة أثناء المعارضة.,Amir,Amazon Translate
تتنبأ تنبؤات الطقس بالظروف الجوية المستقبلية محليًا.,Amir,Amazon Translate
الأرز هو الحبوب الأساسية في الأنظمة الغذائية الآسيوية.,Amir,Amazon Translate
تجلب صناعة الدمى القصص إلى الحياة باستخدام شخصيات يتم التحكم فيها يدويًا.,Amir,Amazon Translate
يصف السرطان مجموعة من الأمراض ذات النمو غير الطبيعي للخلايا.,Amir,Amazon Translate
يقوم محرك بحث Google بفهرسة ملايين صفحات الويب يوميًا.,Amir,Amazon Translate
يأتي الجبن من حليب الألبان الرائب المخزن بشكل صحيح.,Amir,Amazon Translate
تعيش التماسيح على ضفاف الأنهار والأراضي الرطبة الدافئة.,Amir,Amazon Translate
تشهد القارة القطبية الجنوبية ستة أشهر من ضوء النهار المستمر سنويًا.,Amir,Amazon Translate
يقوم المهندسون بتصميم الآلات والمباني والبنى التحتية.,Amir,Amazon Translate
يعزف عازفو الكمان الألحان عن طريق انحناء الأوتار بدقة.,Amir,Amazon Translate
الجزر محاطة بالكامل بالمسطحات المائية.,Amir,Amazon Translate
يعمل الركض على تحسين المرونة ضد أنماط الحياة الخاملة.,Amir,Amazon Translate
يتشكل الجليد بشكل طبيعي عندما تنخفض درجات الحرارة إلى ما دون درجة التجمد.,Amir,Amazon Translate
تستخدم كرة القدم كرة كروية وأهداف لكل فريق.,Amir,Amazon Translate
يقوم النحاتون بإنشاء أعمال ثلاثية الأبعاد من الكتل الحجرية أو المعدنية.,Amir,Amazon Translate
الأكل الصحي يدعم وظيفة الجهاز المناعي القوية.,Amir,Amazon Translate
تعمل الكهرباء على تشغيل الأجهزة الإلكترونية في كل مكان.,Amir,Amazon Translate
يعالج الأطباء الإصابات والأمراض يوميًا.,Amir,Amazon Translate
تقوم أرفف المكتبة بتنظيم الكتب حسب الموضوع أو المؤلف.,Amir,Amazon Translate
يدرس التاريخ الأشخاص والأحداث الماضية.,Amir,Amazon Translate
تنتج الزلازل عن الحركة على طول الصدوع تحت الأرض.,Amir,Amazon Translate
تتضمن اليوجا تقنيات الوضعية والتنفس والتركيز.,Amir,Amazon Translate
يقوم راقصو الباليه بحركات مصممة برشاقة.,Amir,Amazon Translate
يدرس الجغرافيون التوزيعات والمواقع المكانية.,Amir,Amazon Translate
يزرع المزارعون الحبوب والخضروات للاستهلاك.,Amir,Amazon Translate
ينتج نحل العسل العسل داخل خلايا النحل.,Amir,Amazon Translate
بنى اليونانيون القدماء معابد لتكريم آلهتهم.,Amir,Amazon Translate
توفر الحافلات العامة وسائل نقل مشتركة حول المدن.,Amir,Amazon Translate
تعيش الفقمات على الأرض وفي البحار الباردة.,Amir,Amazon Translate
قسم جدار برلين برلين الشرقية والغربية بعد الحرب العالمية الثانية.,Amir,Amazon Translate
تمتلك أسماك القرش البيضاء الكبيرة صفوفًا متعددة من الأسنان.,Amir,Amazon Translate
تنضج الجوز لتصبح أشجار البلوط إذا تركت دون إزعاج.,Amir,Amazon Translate
ينمو الفول السوداني تحت الأرض في القرون.,Amir,Amazon Translate
تحتوي فاكهة الكيوي على قشر بني غامض ولحم أخضر.,Amir,Amazon Translate
تشكل الذرات جميع أنواع المواد الصلبة والسائلة والغازية.,Amir,Amazon Translate
تسبب الفيروسات الأنفلونزا ونزلات البرد الشائعة.,Amir,Amazon Translate
تخزن الذاكرة البشرية الحقائق والمهارات والخبرات.,Amir,Amazon Translate
تبيع محلات السوبر ماركت البقالة والأدوات المنزلية والسلع الشخصية.,Amir,Amazon Translate
تنقل الطائرات الركاب بسرعة عبر القارات.,Amir,Amazon Translate
غزا الإسكندر الأكبر معظم العالم القديم.,Amir,Amazon Translate
تعمل تقنية Bluetooth على توصيل الأجهزة الرقمية لاسلكيًا.,Amir,Amazon Translate
يعبر الفنانون عن الأفكار بصريًا من خلال وسائط مختلفة.,Amir,Amazon Translate
غسل الفواكه والخضروات يزيل الأوساخ والبكتيريا.,Amir,Amazon Translate
يجد حساب التفاضل والتكامل مناطق تحت المنحنيات ومعدلات التغيير.,Amir,Amazon Translate
تمثل الخرائط المناطق الجغرافية بشكل مرئي مع الرموز والخطوط.,Amir,Amazon Translate
النظام الغذائي المتوازن يدعم وظيفة المناعة القوية.,Amir,Amazon Translate
تعرض المتاحف معارض فنية وتاريخية وعلمية.,Amir,Amazon Translate
تحمل الجاذبية الأشياء على سطح الأرض.,Amir,Amazon Translate
يلتقط التصوير الفوتوغرافي الصور باستخدام الكاميرات والأفلام أو أجهزة الاستشعار.,Amir,Amazon Translate
تكتشف الأرانب الحيوانات المفترسة بآذانها الحساسة الكبيرة.,Amir,Amazon Translate
تقوم أجهزة الكمبيوتر بمعالجة البيانات باستخدام أنظمة رقمية ثنائية.,Amir,Amazon Translate
تعمل العملات كعملة للمعاملات التجارية.,Amir,Amazon Translate
يعزف عازفو الكمان نغمات عالية في الأوركسترا والفرق الموسيقية.,Amir,Amazon Translate
تنقل الطائرات الركاب بين المدن العالمية البعيدة.,Amir,Amazon Translate
يقوم الأطباء بتشخيص الأمراض والتوصية بالعلاجات.,Amir,Amazon Translate
تخوض الرافعات في المياه الضحلة لصيد الأسماك والحشرات.,Amir,Amazon Translate
تحيي التماثيل ذكرى الأشخاص البارزين أو الأحداث في الأماكن العامة.,Amir,Amazon Translate
يتعلم الطلاب مواد أكاديمية مثل الرياضيات والعلوم واللغة.,Amir,Amazon Translate
تساعد أنظمة تحديد المواقع العالمية (GPS) على التنقل في الهواء الطلق.,Amir,Amazon Translate
تتجاوز درجات الحرارة في الصيف بشكل عام تلك الموجودة في أشهر الشتاء.,Amir,Amazon Translate
تحتوي البحيرات على أجسام من المياه العذبة الراكدة أو المياه المالحة.,Amir,Amazon Translate
تتكون السحب من قطرات بخار الماء المكثف البارد.,Amir,Amazon Translate
تتنافس فرق كرة القدم لتسجيل الأهداف بالكرة.,Amir,Amazon Translate
يعتمد العلم على أدلة الملاحظة والتجربة.,Amir,Amazon Translate
تعمل النظارات على تصحيح مشاكل الرؤية مثل قصر النظر.,Amir,Amazon Translate
يتضمن الحساب الجمع والطرح والضرب والقسمة.,Amir,Amazon Translate
تقيس الساعات الفترات الزمنية بدقة.,Amir,Amazon Translate
تم اكتشاف البنسلين كمضاد حيوي من قبل ألكسندر فليمنج.,Amir,Amazon Translate
تستكشف ناسا الفضاء الخارجي باستخدام التلسكوبات والمركبات الفضائية.,Amir,Amazon Translate
تحصل الحيوانات آكلة اللحوم على التغذية بشكل أساسي عن طريق تناول حيوانات أخرى.,Amir,Amazon Translate
يعالج الدماغ الأفكار والعواطف ويتحكم في وظائف الجسم.,Amir,Amazon Translate
تنقل السيارات الأشخاص والبضائع بسرعة عبر الطرق.,Amir,Amazon Translate
كوكب الزهرة هو الكوكب الأكثر سخونة في نظامنا الشمسي.,Amir,Amazon Translate
آسيا هي أكبر قارات الأرض.,Amir,Amazon Translate
رسمت فريدا كاهلو صورًا ذاتية متأثرة بالثقافة المكسيكية.,Amir,Amazon Translate
تعمل الخرائط على تبسيط التضاريس والمسافات والحدود السياسية.,Amir,Amazon Translate
النوم الصحي يدعم وظيفة المناعة وتنظيم الحالة المزاجية.,Amir,Amazon Translate
يعالج الأطباء الأمراض باستخدام التشخيص والطب.,Amir,Amazon Translate
تجمع اليوجا بين التمدد والتنفس للحصول على فوائد صحية.,Amir,Amazon Translate
تفقد النباتات أوراقها في الخريف في المناخات المعتدلة.,Amir,Amazon Translate
طيور البطريق هي طيور تسبح ولكنها لا تطير.,Amir,Amazon Translate
تغطي المحيطات أكثر من ثلثي سطح الأرض.,Amir,Amazon Translate
يستمر البلاستيك في الطبيعة لمئات السنين.,Amir,Amazon Translate
تقوم المكتبات العامة بإعارة الكتب مجانًا لحاملي البطاقات.,Amir,Amazon Translate
تطرد الحيتان فوهات الهواء عند الظهور لالتقاط الأنفاس.,Amir,Amazon Translate
تستخدم الأرانب آذانًا كبيرة لاكتشاف الأصوات البيئية.,Amir,Amazon Translate
تعكس بيانات الرأي المعتقدات وليس الحقائق العالمية.,Amir,Amazon Translate
يصمم المهندسون الحلول التكنولوجية للتحديات العملية.,Amir,Amazon Translate
يعبر الفنانون عن مشاعرهم بصريًا من خلال الأعمال الإبداعية.,Amir,Amazon Translate
يجد المنطق استنتاجات صحيحة تستند إلى المقدمات الرسمية.,Amir,Amazon Translate
تقوم الروايات ببناء القصص كتسلسلات من الأحداث.,Amir,Amazon Translate
تسرد القواميس أبجديًا تعريفات الكلمات والنطق.,Amir,Amazon Translate
يدرس الجيولوجيون تكوين الصخور وتاريخها.,Amir,Amazon Translate
تدور الأقمار الصناعية حول الكواكب لنقل الإشارات عالميًا.,Amir,Amazon Translate
تقفز الجنادب كثيرًا بالنسبة لحجم أجسامها.,Amir,Amazon Translate
الأسواق هي الأماكن التي يتفاعل فيها المشترون والبائعون.,Amir,Amazon Translate
تنبعث البراكين من الحمم الساخنة أثناء الانفجارات.,Amir,Amazon Translate
أفريقيا هي ثاني أكبر قارة.,Amir,Amazon Translate
يقوم القلب بتوزيع الدم لتوصيل الأكسجين إلى الأنسجة.,Amir,Amazon Translate
يتطلب الباليه القوة والمرونة والتوازن الدقيق.,Amir,Amazon Translate
يتدفق نهر اليانغتسي عبر شرق الصين.,Amir,Amazon Translate
ينتج نمو العضلات عن تمارين المقاومة المتسقة.,Amir,Amazon Translate
تساعد اللقاحات على الحد من انتقال العدوى الفيروسية.,Amir,Amazon Translate
يساعد واقي الشمس على منع حروق الشمس في أيام الصيف المشرقة.,Amir,Amazon Translate
تسبح الدببة القطبية جيدًا وتصطاد عوامات الجليد.,Amir,Amazon Translate
يعيش الأكراد في مناطق تمتد عبر تركيا وسوريا والعراق وإيران.,Amir,Amazon Translate
تنمو البطاطس كدرنات تحت مستوى الأرض.,Amir,Amazon Translate
تقوم المكتبات العامة بإعارة الكتب لأفراد المجتمع مجانًا.,Amir,Amazon Translate
كانت العمارة الرومانية القديمة رائدة في الأقواس والقباب.,Amir,Amazon Translate
تقوم جسور Keystone Arch بتوزيع الوزن بكفاءة عبر الوديان.,Amir,Amazon Translate
تنتج الجبال عن التحولات التكتونية التي ترفع الأرض إلى أعلى.,Amir,Amazon Translate
كرة القدم هي رياضة جماعية تستخدم القدمين والكرة فقط.,Amir,Amazon Translate
الجبن عبارة عن حليب مخمر يعالج لأعمار مختلفة.,Amir,Amazon Translate
ينضج التفاح باللون الأحمر أو الأخضر أو الأصفر حسب التنوع.,Amir,Amazon Translate
تشكل الأنهار الجليدية الجبال ببطء من خلال الحركة البطيئة.,Amir,Amazon Translate
تنقل السكك الحديدية الركاب بين المدن عبر مسافات طويلة.,Amir,Amazon Translate
تخزن محلات السوبر ماركت منتجات تتراوح من اللحوم إلى مستلزمات التنظيف.,Amir,Amazon Translate
تولد توربينات الرياح الكهرباء دون حرق الوقود الأحفوري.,Amir,Amazon Translate
تعتبر الفراولة من أوائل الفواكه التي يتم حصادها كل ربيع.,Amir,Amazon Translate
يصف المناخ اتجاهات الطقس العامة على مدى أطر زمنية أطول.,Amir,Amazon Translate
يزدهر الفطر بشكل أفضل في البيئات المظللة الرطبة.,Amir,Amazon Translate
يقوم المهندسون ببناء الهياكل لتحمل الزلازل والفيضانات.,Amir,Amazon Translate
يحافظ الملح على لحوم الأسماك من التسوس.,Amir,Amazon Translate
تبعثر الغيوم ضوء الشمس وتنتج سماء مسائية فاتحة.,Amir,Amazon Translate
يعالج الأطباء الأمراض باستخدام الطب القائم على الأدلة.,Amir,Amazon Translate
يقوم أطباء الأسنان بتنظيف الأسنان لمنع تسوس الأسنان.,Amir,Amazon Translate
تشمل الرياضيات مجالات متنوعة مثل الهندسة والإحصاء.,Amir,Amazon Translate
يستخدم الهوكي العصي لتوجيه كرات الصولجان الصغيرة المستديرة.,Amir,Amazon Translate
تستخدم الأرانب أرجلها القوية للقفز والهروب.,Amir,Amazon Translate
تحمي العبوات البلاستيكية المواد الغذائية القابلة للتلف من التلف.,Amir,Amazon Translate
تسهل العملة المعاملات التجارية والتبادلات.,Amir,Amazon Translate
يؤدي موسيقيو الجاز عزفًا منفردًا وسط تناغم متغير.,Amir,Amazon Translate
يقوم النحاتون بنحت شخصيات حجرية تمثل الأشخاص التاريخيين.,Amir,Amazon Translate
تتسبب الجاذبية في تغير المد والجزر على طول الشواطئ الساحلية بشكل دوري.,Amir,Amazon Translate
تضيء ومضات البرق سماء الليل لفترة وجيزة.,Amir,Amazon Translate
لا تزال القارة القطبية الجنوبية مغطاة بالجليد تقريبًا على مدار العام.,Amir,Amazon Translate
يخلق الطلاء بالرش جداريات فنية على جدران المدينة.,Amir,Amazon Translate
تم اكتشاف البنسلين عن طريق الخطأ من التلوث بالعفن.,Amir,Amazon Translate
المنطق يقسم الحجج إلى مقدمات واستنتاجات عقلانية.,Amir,Amazon Translate
تظهر أوراق الشجر الربيعية بعد مواسم الشتاء الباردة.,Amir,Amazon Translate
يتم خبز الكوكيز بشكل أسرع في الأفران الحرارية مقارنة بالأفران التقليدية.,Amir,Amazon Translate
تنقل الكتب القصص والمعلومات بشكل فعال.,Amir,Amazon Translate
تلتقط الصور لحظات مرئية للاستمتاع بها لاحقًا.,Amir,Amazon Translate
تتقدم التكنولوجيا بسرعة بسبب التعاون العلمي العالمي.,Amir,Amazon Translate
يمكن غسل الزجاجات وإعادة استخدامها عدة مرات.,Amir,Amazon Translate
يحل الجبر المعادلات التي تتضمن متغيرات وعمليات حسابية.,Amir,Amazon Translate
تعمل الأجهزة اللوحية على دمج الشاشات والمعالجات والبطاريات ومكبرات الصوت بشكل محمول.,Amir,Amazon Translate
ترعى الزرافات الأشجار الطويلة التي لا تستطيع الحيوانات العاشبة الأخرى الوصول إليها.,Amir,Amazon Translate
تعرض الساعات الساعات والدقائق والثواني بدقة.,Amir,Amazon Translate
رسم مونيه مشاهد زنبق الماء الشهيرة.,Amir,Amazon Translate
يمثل جبل إيفرست أطول نقطة على وجه الأرض.,Amir,Amazon Translate
تساعد مياه الشرب على تنظيم درجة حرارة الجسم.,Amir,Amazon Translate
قامت مصر القديمة ببناء أهرامات كبيرة للفراعنة.,Amir,Amazon Translate
يستخدم الفن التجريدي الأشكال بدلاً من الواقعية.,Amir,Amazon Translate
تقع الأرجنتين في جنوب البرازيل في أمريكا الجنوبية.,Amir,Amazon Translate
تناول الخضروات يدعم نظام المناعة الصحي.,Amir,Amazon Translate
النحت ينحت أو يصنع الأعمال الفنية ثلاثية الأبعاد.,Amir,Amazon Translate
ينمو الموز جيدًا في المناخات الاستوائية.,Amir,Amazon Translate
يجب أن يرتفع الخبز قبل الخبز.,Amir,Amazon Translate
توفر أشعة الشمس الطاقة لجميع الكائنات الحية.,Amir,Amazon Translate
تقلل السيارات وقت السفر لمسافات طويلة.,Amir,Amazon Translate
تسجل الكتب القصص والمعلومات والتاريخ.,Amir,Amazon Translate
يحتوي البيض على البروتينات والفيتامينات A و D.,Amir,Amazon Translate
يغذي الأرز المليارات في جميع أنحاء العالم كل عام.,Amir,Amazon Translate
تمزج الأوبرا بين الغناء والمرافقة الأوركسترالية.,Amir,Amazon Translate
تستخدم الموسيقى الكلاسيكية المقاطع الوترية والنحاسية.,Amir,Amazon Translate
تولد محطات الطاقة الكهرباء للمجتمعات.,Amir,Amazon Translate
تعمل العملات كعملة للتبادل.,Amir,Amazon Translate
حكم نابليون فرنسا كإمبراطور لها.,Amir,Amazon Translate
كانت ويتني هيوستن مغنية بوب مؤثرة.,Amir,Amazon Translate
تقوم أجهزة الكمبيوتر بمعالجة المعلومات باستخدام الدوائر الإلكترونية.,Amir,Amazon Translate
يحتوي الجبر على متغيرات تمثل قيمًا غير معروفة.,Amir,Amazon Translate
توفر الأغنام الألياف لملابس الصوف الدافئة.,Amir,Amazon Translate
يقوم الأطباء بتشخيص الحالات بناءً على الأعراض والاختبارات.,Amir,Amazon Translate
تُبرز الخرائط الأنهار والمدن والحدود بصريًا.,Amir,Amazon Translate
تحدث ضربات البرق بشكل متكرر في العواصف الصيفية.,Amir,Amazon Translate
يقوم موسيقيو الجاز بالارتجال في الألحان بشكل غير متوقع.,Amir,Amazon Translate
الأغطية البلاستيكية تحمي العناصر من الرطوبة.,Amir,Amazon Translate
ينتج البيانو الصوت من خلال الأوتار التي يتم ضربها.,Amir,Amazon Translate
تبعث النجوم الضوء بسبب الاندماج النووي.,Amir,Amazon Translate
يرتدي رواد الفضاء بدلات الفضاء للحماية خارج الكوكب.,Amir,Amazon Translate
تتضمن الرياضيات الحساب والقياسات والتحليل.,Amir,Amazon Translate
تتقاسم العمليات المسؤوليات في الأحداث الدولية.,Amir,Amazon Translate
تعرض موناليزا تعابير وجه غامضة.,Amir,Amazon Translate
تعرض روما أطلال الحضارات القديمة.,Amir,Amazon Translate
تقوم ذاكرة الكمبيوتر بتخزين البيانات مؤقتًا للمعالجة.,Amir,Amazon Translate
تقيس السعرات الحرارية الطاقة المتاحة في الأطعمة التي يتم تناولها.,Amir,Amazon Translate
ينقل الدم العناصر الغذائية في جميع أنحاء الدورة الدموية.,Amir,Amazon Translate
تنظم الحصص المدخول الغذائي في الوجبات.,Amir,Amazon Translate
تعرض المتاحف أعمالًا ذات قيمة تاريخية وفنية.,Amir,Amazon Translate
تنتج أشجار الموز ثمارًا وأوراقًا صالحة للأكل.,Amir,Amazon Translate
تدعم وجبة الإفطار المغذية التركيز في المدرسة.,Amir,Amazon Translate
يمكن أن تحتوي المعادلات الرياضية على حل واحد أو عدة حلول.,Amir,Amazon Translate
تحافظ الجاذبية على ثبات الناس على سطح الأرض.,Amir,Amazon Translate
يحتوي نهر الأمازون على حوض تصريف واسع.,Amir,Amazon Translate
الأشكال المثلثة شائعة في الطائرات الورقية التقليدية.,Amir,Amazon Translate
تأتي الشوكولاتة من حبوب الكاكاو المصنعة.,Amir,Amazon Translate
يوصي الأطباء بلقاحات الإنفلونزا السنوية.,Amir,Amazon Translate
تؤثر الثقافة على الفن واللغة والعادات الاجتماعية.,Amir,Amazon Translate
تستخدم كرة القدم كرة كروية وشبكتين.,Amir,Amazon Translate
يعمل التأمل على تهدئة القلق وزيادة اليقظة.,Amir,Amazon Translate
طوكيو مكتظة بالسكان ومتقدمة تقنيًا.,Amir,Amazon Translate
تنقل الكتب المعرفة عبر الأجيال.,Amir,Amazon Translate
تعمل إجراءات التمرين على تقوية مجموعات عضلية معينة.,Amir,Amazon Translate
المضلعات عبارة عن أشكال مغلقة ذات جوانب متعددة.,Amir,Amazon Translate
يحافظ الملح على اللحوم عن طريق تثبيط نمو البكتيريا.,Amir,Amazon Translate
يتضمن إنتاج الجبن التخثر والتخمير.,Amir,Amazon Translate
يتم ترتيب الماس بشكل أساسي من الكربون رباعي السطوح.,Amir,Amazon Translate
توفر البطاطس الكربوهيدرات في وصفات متنوعة.,Amir,Amazon Translate
تصطاد النسور فريستها باستخدام مخالب قوية.,Amir,Amazon Translate
تلتقط الصور ذكريات مرئية للأجيال القادمة.,Amir,Amazon Translate
تتحرك الأنهار الجليدية ببطء تحت ثقلها.,Amir,Amazon Translate
تتغذى الزرافات على أوراق الشجرة التي يتعذر على الآخرين الوصول إليها.,Amir,Amazon Translate
تغرد الصراصير في الغالب خلال الليالي الدافئة.,Amir,Amazon Translate
تفرض الأنظمة القانونية القواعد داخل المجتمعات.,Amir,Amazon Translate
تقوم طواحين الهواء بتحويل الطاقة الحركية إلى عمل ميكانيكي.,Amir,Amazon Translate
يستخدم الأشخاص التقويمات لتخطيط الأحداث.,Amir,Amazon Translate
تصطاد الأسود بشكل تعاوني بكل فخر.,Amir,Amazon Translate
يحدد الطرح الفرق بين الكميات.,Amir,Amazon Translate
يجب قطف الفراولة عندما تنضج.,Amir,Amazon Translate
تتيح معرفة القراءة والكتابة فهم التعليمات المكتوبة.,Amir,Amazon Translate
تحفز اللقاحات الاستجابة المناعية بأمان.,Amir,Amazon Translate
تمثل المخططات الدائرية بصريًا أجزاء من الكل.,Amir,Amazon Translate
تعود السلاحف البحرية إلى الشواطئ لتعش بيضها.,Amir,Amazon Translate
تقوم الصحف بإبلاغ القراء بالقصص الإخبارية الحالية.,Amir,Amazon Translate
تتميز ملاعب الجولف بالخضرة والممرات والمخابئ الرملية.,Amir,Amazon Translate
ينعكس الضوء عن المرايا بزوايا متساوية.,Amir,Amazon Translate
تستضيف الغابات الكثيفة المزيد من التنوع الحيواني.,Amir,Amazon Translate
تنقل الخلايا العصبية إشارات في جميع أنحاء الجهاز العصبي.,Amir,Amazon Translate
يعتمد البصر على الضوء الوارد من خلال العدسات.,Amir,Amazon Translate
تستخدم السيارات الهجينة المحركات الكهربائية ومحركات الغاز.,Amir,Amazon Translate
تنقبض العضلات لإنتاج حركة الجسم.,Amir,Amazon Translate
تحدد قواميس الكلمات المصطلحات بوضوح.,Amir,Amazon Translate
تتميز كرة السلة بفرق تسدد الأطواق للحصول على نقاط.,Amir,Amazon Translate
غالبًا ما تتطلب القطع الكلاسيكية ترتيبًا أوركستراليًا.,Amir,Amazon Translate
يوفر الإنترنت وصولاً عالميًا إلى المعلومات.,Amir,Amazon Translate
تدعم العظام الأعضاء والأنسجة الرخوة.,Amir,Amazon Translate
تكشف الحفريات عن هياكل الحيوانات القديمة.,Amir,Amazon Translate
تتراوح اللوحات من الأنماط الواقعية إلى التجريدية.,Amir,Amazon Translate
تستكشف الفيزياء المادة والقوى والحركة.,Amir,Amazon Translate
يطور علماء الرياضيات نظريات حول الأرقام والمسافات.,Amir,Amazon Translate
تعبر Birdsong عن نوايا المنطقة أو الجذب.,Amir,Amazon Translate
يدعم الحساب الأساسي الحسابات اليومية.,Amir,Amazon Translate
تخزن الأقراص المدمجة بيانات الصوت الرقمية.,Amir,Amazon Translate
