statement,committer,elicitation
猫は一般的に家庭用ペットとして飼われています。,Amir,Amazon Translate
光は音よりも速く伝わります。,Amir,Amazon Translate
砂糖は水に溶けます。,Amir,Amazon Translate
冬の日は通常、夏の日よりも寒いです。,Amir,Amazon Translate
植物は光合成のために太陽光を必要とします。,Amir,Amazon Translate
ほとんどの成人は32本の歯を持っています。,Amir,Amazon Translate
本は紙から作ることができます。,Amir,Amazon Translate
雨は凝縮した水蒸気から発生します。,Amir,Amazon Translate
車が走るには燃料が必要です。,Amir,Amazon Translate
チェスは四角いボードで行われます。,Amir,Amazon Translate
蓋をしないままにしておくと、パンは古くなります。,Amir,Amazon Translate
月は地球の周りを回っています。,Amir,Amazon Translate
鉄は湿気にさらされると錆びます。,Amir,Amazon Translate
クモには8本の足があります。,Amir,Amazon Translate
象は最大の陸上動物です。,Amir,Amazon Translate
三角形には 3 つの辺があります。,Amir,Amazon Translate
牛乳はチーズを作るのによく使われます。,Amir,Amazon Translate
硬貨は一般的に金属製です。,Amir,Amazon Translate
冷蔵庫は食べ物を冷たく保ちます。,Amir,Amazon Translate
重力は物体を地球に引き寄せます。,Amir,Amazon Translate
靴下は足に着用します。,Amir,Amazon Translate
ミツバチは花から蜜を集めます。,Amir,Amazon Translate
魚はえらを使って水中で呼吸します。,Amir,Amazon Translate
火は熱と光を生み出します。,Amir,Amazon Translate
雲は水滴の目に見える堆積物です。,Amir,Amazon Translate
ダイヤモンドは貴重な宝石とみなされます。,Amir,Amazon Translate
火山は溶岩で噴火することがあります。,Amir,Amazon Translate
米は多くの国で主食です。,Amir,Amazon Translate
アマゾンは大きな熱帯雨林です。,Amir,Amazon Translate
鳥は卵を産むために巣を作ります。,Amir,Amazon Translate
一週間は七日間です。,Amir,Amazon Translate
電話は遠距離にわたって音声を送信します。,Amir,Amazon Translate
プラスチックは一部の施設でリサイクルできます。,Amir,Amazon Translate
りんごは木に生えます。,Amir,Amazon Translate
カンガルーはオーストラリア原産です。,Amir,Amazon Translate
風車は電気を発生させることができます。,Amir,Amazon Translate
人々は民主的な選挙で投票します。,Amir,Amazon Translate
図書館は本を一般に貸している。,Amir,Amazon Translate
列車は鉄道で移動します。,Amir,Amazon Translate
ほとんどの鉛筆にはグラファイトが含まれています。,Amir,Amazon Translate
カメラは写真を撮影します。,Amir,Amazon Translate
サッカーは楕円形のボールで行われます。,Amir,Amazon Translate
アイスクリームは熱にさらされると溶けます。,Amir,Amazon Translate
テレビには動画が表示されます。,Amir,Amazon Translate
飛行機は翼を使って飛ぶ。,Amir,Amazon Translate
じゃがいもは地下で育ちます。,Amir,Amazon Translate
砂糖はほとんどの人にとって甘い味がする。,Amir,Amazon Translate
靴は足を保護します。,Amir,Amazon Translate
イルカは哺乳類であり、魚ではありません。,Amir,Amazon Translate
キーはドアのロックを解除するために使用されます。,Amir,Amazon Translate
パリはフランスの首都です。,Amir,Amazon Translate
衛星は宇宙の惑星を周回します。,Amir,Amazon Translate
松の木は一年中緑のままです。,Amir,Amazon Translate
クラゲは海に住んでいます。,Amir,Amazon Translate
サハラは広大な砂漠です。,Amir,Amazon Translate
停電は電気の流れを止めます。,Amir,Amazon Translate
ひまわりは日光の方に向きを変えます。,Amir,Amazon Translate
自由の女神像はニューヨーク港に立っています。,Amir,Amazon Translate
光が水滴を通過すると虹ができます。,Amir,Amazon Translate
ほとんどのカエルは長距離ジャンプできます。,Amir,Amazon Translate
オオカミは群れをなして狩りをします。,Amir,Amazon Translate
カメは殻が硬い。,Amir,Amazon Translate
地震は構造プレートの移動から生じます。,Amir,Amazon Translate
蝶は変態します。,Amir,Amazon Translate
時計は時間を測定します。,Amir,Amazon Translate
金には黄色の金属光沢があります。,Amir,Amazon Translate
コンパスは基本的な方向を示します。,Amir,Amazon Translate
フクロウは夜行性の鳥です。,Amir,Amazon Translate
ボートは水に浮かぶ。,Amir,Amazon Translate
ピザは人気の食べ物です。,Amir,Amazon Translate
キリンは首が長い。,Amir,Amazon Translate
ろうそくは燃やすと光を放ちます。,Amir,Amazon Translate
竹は成長が早い。,Amir,Amazon Translate
サッカーは丸いボールで行われます。,Amir,Amazon Translate
キノコは菌類であり、植物ではありません。,Amir,Amazon Translate
レーザーは集束した光線を放射します。,Amir,Amazon Translate
万里の長城は中国にあります。,Amir,Amazon Translate
蚊は血を食べるために噛みます。,Amir,Amazon Translate
卵は一般的な朝食用食品です。,Amir,Amazon Translate
馬にはひづめがあります。,Amir,Amazon Translate
石鹸は肌の汚れを取り除きます。,Amir,Amazon Translate
多くの昆虫は完全に変態します。,Amir,Amazon Translate
北極にはホッキョクグマが生息しています。,Amir,Amazon Translate
マップには場所の場所が表示されます。,Amir,Amazon Translate
レインコートは体をドライに保ちます。,Amir,Amazon Translate
雷は背の高い物体に当たることがあります。,Amir,Amazon Translate
水は摂氏0度で凍ります。,Amir,Amazon Translate
犬は一般的な家畜です。,Amir,Amazon Translate
秋になると葉の色が変わります。,Amir,Amazon Translate
紙は木材パルプから作られています。,Amir,Amazon Translate
ほとんどの鳥は卵を産みます。,Amir,Amazon Translate
トマトにはビタミンCが含まれています。,Amir,Amazon Translate
コンピューターはデジタル情報を処理します。,Amir,Amazon Translate
牛は乳製品用の牛乳を生産します。,Amir,Amazon Translate
列車は乗客または貨物を運びます。,Amir,Amazon Translate
自転車はペダルを漕ぐことで動きます。,Amir,Amazon Translate
ハチミツはミツバチが作ります。,Amir,Amazon Translate
海は地球の表面の大部分を覆っています。,Amir,Amazon Translate
山は現地の天候に影響を与える可能性があります。,Amir,Amazon Translate
ほとんどの時計には時刻が表示されます。,Amir,Amazon Translate
脳は体の機能を制御します。,Amir,Amazon Translate
パイナップルの外皮はとがっています。,Amir,Amazon Translate
ほとんどの植物には緑の葉があります。,Amir,Amazon Translate
キリンは一番背の高い動物です。,Amir,Amazon Translate
プラスチックは石油から作られています。,Amir,Amazon Translate
コーヒーにはカフェインが含まれています。,Amir,Amazon Translate
音楽は楽器で作ることができます。,Amir,Amazon Translate
ライオンズは誇りを持って生きています。,Amir,Amazon Translate
ダイヤモンドは高圧下で形成されます。,Amir,Amazon Translate
ロンドンはイギリスにあります。,Amir,Amazon Translate
爬虫類は冷血動物です。,Amir,Amazon Translate
ほとんどの人は毎日3食を食べます。,Amir,Amazon Translate
羽毛はほとんどの鳥を覆っています。,Amir,Amazon Translate
にんじんはベータカロチンが豊富です。,Amir,Amazon Translate
ピーナッツは地下で育ちます。,Amir,Amazon Translate
靴ひもは靴を足に固定します。,Amir,Amazon Translate
火星は赤い惑星として知られています。,Amir,Amazon Translate
バスケットボールは屋内または屋外で行われます。,Amir,Amazon Translate
クジラはブローホールから空気を吸います。,Amir,Amazon Translate
マップはナビゲーションに役立ちます。,Amir,Amazon Translate
鋼は鉄と炭素の合金です。,Amir,Amazon Translate
一部の菌類は枯れた植物を分解します。,Amir,Amazon Translate
キーボードは入力に使用されます。,Amir,Amazon Translate
トラには縞模様の毛皮があります。,Amir,Amazon Translate
ほとんどの飛行機には2つの翼があります。,Amir,Amazon Translate
一部の砂漠には砂丘があります。,Amir,Amazon Translate
自動車エンジンは燃焼を利用して走ります。,Amir,Amazon Translate
虹には複数の可視色があります。,Amir,Amazon Translate
ペンギンは寒い気候に住んでいます。,Amir,Amazon Translate
水素は最も軽い元素です。,Amir,Amazon Translate
ほとんどの哺乳類には毛や毛皮があります。,Amir,Amazon Translate
図書館は情報資源を保管します。,Amir,Amazon Translate
オレンジはジューシーな柑橘系の果物です。,Amir,Amazon Translate
星は光と熱としてエネルギーを放出します。,Amir,Amazon Translate
サルは霊長類です。,Amir,Amazon Translate
ペンギンは飛べません。,Amir,Amazon Translate
川は標高の低いほうに流れています。,Amir,Amazon Translate
サメは歯が鋭い。,Amir,Amazon Translate
サトウキビは熱帯地域で育ちます。,Amir,Amazon Translate
冷たい空気の中で息が見えます。,Amir,Amazon Translate
貝殻はビーチにあります。,Amir,Amazon Translate
インターネットは世界中のコンピュータを接続します。,Amir,Amazon Translate
多くのラップトップにはタッチパッドが搭載されています。,Amir,Amazon Translate
オウムは人間の言葉をまねることができます。,Amir,Amazon Translate
チーターは最速の陸上動物です。,Amir,Amazon Translate
竜巻は激しい嵐の中で発生します。,Amir,Amazon Translate
孔雀にはカラフルな尾羽が見えます。,Amir,Amazon Translate
雨は川や湖を埋め尽くすことがあります。,Amir,Amazon Translate
歯磨き粉は歯をきれいにします。,Amir,Amazon Translate
ぶどうはワインにできる。,Amir,Amazon Translate
バラは花の咲く植物です。,Amir,Amazon Translate
コヨーテは野生の犬です。,Amir,Amazon Translate
イルカはカチッという音と笛でコミュニケーションをとります。,Amir,Amazon Translate
クモの巣は昆虫を捕らえます。,Amir,Amazon Translate
一部のバスは電気で動いています。,Amir,Amazon Translate
コアラはユーカリの葉を食べます。,Amir,Amazon Translate
乗馬は野外活動です。,Amir,Amazon Translate
デスクは作業用のスペースです。,Amir,Amazon Translate
フライトは空港から出発します。,Amir,Amazon Translate
コオロギは夜に鳴き声を上げます。,Amir,Amazon Translate
クジラは長距離でコミュニケーションをとることができます。,Amir,Amazon Translate
三角形は基本的な幾何学的形状です。,Amir,Amazon Translate
シャンプーは髪をきれいにします。,Amir,Amazon Translate
ペンギンは歩くとよちよちよち歩く。,Amir,Amazon Translate
スパゲッティはパスタの一種です。,Amir,Amazon Translate
カメラはビデオと静止画を記録できます。,Amir,Amazon Translate
マウスは小さなげっ歯類です。,Amir,Amazon Translate
ほとんどの市内バスは時刻表に従って運行しています。,Amir,Amazon Translate
膵臓はインスリンを産生します。,Amir,Amazon Translate
チューリップは春の花です。,Amir,Amazon Translate
熱帯雨林の植物は急速に成長します。,Amir,Amazon Translate
蚊は溜まった水に引き寄せられます。,Amir,Amazon Translate
チェスの駒は特定の方法で動きます。,Amir,Amazon Translate
サンゴ礁には多様な海洋生物が生息しています。,Amir,Amazon Translate
クマは冬に冬眠します。,Amir,Amazon Translate
マップはデジタルでも紙でもかまいません。,Amir,Amazon Translate
ラップトップはバッテリーで動作します。,Amir,Amazon Translate
木は水に浮かぶ。,Amir,Amazon Translate
葉は太陽光を取り込んでエネルギーを得ます。,Amir,Amazon Translate
凧は風に吹かれて飛ぶ。,Amir,Amazon Translate
トラは大きな獲物を狩ります。,Amir,Amazon Translate
光は人間が自分の環境を見ることを可能にします。,Amir,Amazon Translate
ほとんどの哺乳類は若くして産みます。,Amir,Amazon Translate
塩は多くの食品の味を高めます。,Amir,Amazon Translate
天の川は地球を含む銀河です。,Amir,Amazon Translate
猫はひげを使って周囲を感知します。,Amir,Amazon Translate
地球は24時間に1回回転します。,Amir,Amazon Translate
コインは小口購入の支払いに使用できます。,Amir,Amazon Translate
バターは室温で溶けます。,Amir,Amazon Translate
郵便は郵便サービスで配達されます。,Amir,Amazon Translate
犬は命令に従うように訓練することができます。,Amir,Amazon Translate
ウサギは主に植物や野菜を食べます。,Amir,Amazon Translate
太陽は地球の生態系にエネルギーを供給します。,Amir,Amazon Translate
多くの湖は氷河によって形成されています。,Amir,Amazon Translate
砂糖は虫歯の原因となります。,Amir,Amazon Translate
風は空気を高圧から低圧に移動させます。,Amir,Amazon Translate
お茶は葉をお湯に浸して作られます。,Amir,Amazon Translate
オオカミは飼い犬と関係があります。,Amir,Amazon Translate
日焼けは紫外線が原因です。,Amir,Amazon Translate
タコには腕が8本あります。,Amir,Amazon Translate
マラソンの長さは42キロです。,Amir,Amazon Translate
一部の鳥は人間の声をまねることができます。,Amir,Amazon Translate
秋には木から葉が落ちる。,Amir,Amazon Translate
石炭は化石燃料です。,Amir,Amazon Translate
キツネはしっぽがふさふさしている。,Amir,Amazon Translate
自転車は大気汚染を減らすのに役立ちます。,Amir,Amazon Translate
シマウマには黒と白の縞模様があります。,Amir,Amazon Translate
地震は断層に沿った動きを測定します。,Amir,Amazon Translate
ほとんどの船は水をずらして浮きます。,Amir,Amazon Translate
チョコレートにはココアが含まれています。,Amir,Amazon Translate
雲は天候の変化を予測します。,Amir,Amazon Translate
一部のクモは毒を使って獲物を鎮圧します。,Amir,Amazon Translate
牛は豆腐を噛んで食べ物を消化します。,Amir,Amazon Translate
バラにはとげのある茎があります。,Amir,Amazon Translate
多くのフクロウは夜に狩りをします。,Amir,Amazon Translate
じゃがいもは複数の方法で準備できます。,Amir,Amazon Translate
葉は二酸化炭素を取り込みます。,Amir,Amazon Translate
オオカミは群れをなして一緒に旅行します。,Amir,Amazon Translate
蚊はマラリアなどの病気を媒介する可能性があります。,Amir,Amazon Translate
アザラシは海洋哺乳類です。,Amir,Amazon Translate
航空機は滑走路から離陸します。,Amir,Amazon Translate
クレヨンは色付きのワックスでできています。,Amir,Amazon Translate
星は夜に見えます。,Amir,Amazon Translate
ブロッコリーは栄養価の高い野菜です。,Amir,Amazon Translate
水が凍ると氷ができます。,Amir,Amazon Translate
キリンはエサやり用の首が長い。,Amir,Amazon Translate
時計塔は一般に時間を表示します。,Amir,Amazon Translate
虫眼鏡を使うと、オブジェクトが大きく見えます。,Amir,Amazon Translate
マップはランドマークにシンボルを使用します。,Amir,Amazon Translate
オウムは明るい羽毛で知られています。,Amir,Amazon Translate
ジャックラビットは耳が長い。,Amir,Amazon Translate
貝殻は海洋動物によって作られています。,Amir,Amazon Translate
"太陽は地球から約9,300万マイル離れています。",Amir,Amazon Translate
火を燃やすには酸素が必要です。,Amir,Amazon Translate
キャタピラーは蝶に変身します。,Amir,Amazon Translate
オレンジは食べる前に皮をむきます。,Amir,Amazon Translate
冥王星は準惑星に分類されます。,Amir,Amazon Translate
点滅すると目がしっとりします。,Amir,Amazon Translate
きゅうりはほとんどが水です。,Amir,Amazon Translate
多くの魚は水に卵を産みます。,Amir,Amazon Translate
コンパスは磁力を使って北を見つけます。,Amir,Amazon Translate
落雷は山火事を引き起こす可能性があります。,Amir,Amazon Translate
シャボン玉は球形です。,Amir,Amazon Translate
多くのキノコは湿った森で育ちます。,Amir,Amazon Translate
飛行機は雲の上を飛ぶ。,Amir,Amazon Translate
ヤドカリは空っぽの殻を見つけて住む。,Amir,Amazon Translate
腕時計には現在の時刻が表示されます。,Amir,Amazon Translate
クジラの鳴き声は水中で長距離を伝わります。,Amir,Amazon Translate
猫は爪を引っ込めることができます。,Amir,Amazon Translate
バイオリンは弓で弾きます。,Amir,Amazon Translate
蘭は熱帯の花です。,Amir,Amazon Translate
暑い日には雨が空気を冷やす。,Amir,Amazon Translate
ワシは視力が優れている。,Amir,Amazon Translate
ミツバチは重要な花粉媒介者です。,Amir,Amazon Translate
松の木には針状の葉があります。,Amir,Amazon Translate
ほとんどのアパートには複数のフロアがあります。,Amir,Amazon Translate
クレーンは建設現場で重い材料を持ち上げます。,Amir,Amazon Translate
ラクダはこぶに脂肪を蓄えます。,Amir,Amazon Translate
地図は人々が道順を見つけるのに役立ちます。,Amir,Amazon Translate
うさぎは耳が長い。,Amir,Amazon Translate
睡眠は人間と動物のエネルギーを回復させます。,Amir,Amazon Translate
ハトは世界中の都市に住んでいます。,Amir,Amazon Translate
ナイフは食べ物を切るのに使われます。,Amir,Amazon Translate
ワタリガラスは非常に知的な鳥です。,Amir,Amazon Translate
苗は植えられた種から育ちます。,Amir,Amazon Translate
アルミニウムは缶に使われる軽量金属です。,Amir,Amazon Translate
山頂では気圧が低くなります。,Amir,Amazon Translate
川は岩や土壌を侵食する可能性があります。,Amir,Amazon Translate
アリは組織化されたコロニーに住んでいます。,Amir,Amazon Translate
子供は通常、12歳までに乳歯を失います。,Amir,Amazon Translate
鳥は飛ぶのを助けるために骨が空洞になっている。,Amir,Amazon Translate
金はジュエリーの製造に使用されます。,Amir,Amazon Translate
レモンはクエン酸のせいで酸味があります。,Amir,Amazon Translate
赤血球は酸素を運びます。,Amir,Amazon Translate
一部のコウモリはエコーロケーションを使用してナビゲートします。,Amir,Amazon Translate
緑は二次色です。,Amir,Amazon Translate
水は水素と酸素の化合物です。,Amir,Amazon Translate
頭部を270度回転させることができるフクロウもいます。,Amir,Amazon Translate
三角形には常に 3 つの角度があります。,Amir,Amazon Translate
ヘビは定期的に皮を剥がします。,Amir,Amazon Translate
チーズは発酵乳から作られています。,Amir,Amazon Translate
マップでは記号の説明に凡例を使用します。,Amir,Amazon Translate
ほとんどの人は20本の乳歯を持っています。,Amir,Amazon Translate
風は雲を空に動かします。,Amir,Amazon Translate
時計は電池またはバネで駆動されます。,Amir,Amazon Translate
一部の魚はカモフラージュとして色が変わります。,Amir,Amazon Translate
パンはイーストやベーキングパウダーを使って膨らませます。,Amir,Amazon Translate
タコは脅かされるとインクを噴出します。,Amir,Amazon Translate
一部の動物は冬の間冬眠します。,Amir,Amazon Translate
チーターは短いバーストで高速に到達できます。,Amir,Amazon Translate
日の出は東で起こります。,Amir,Amazon Translate
タツノオトシゴはつかみやすい尾で固定されます。,Amir,Amazon Translate
チョコレートは多くの動物にとって有毒です。,Amir,Amazon Translate
ミツバチは蜂蜜を巣箱に蓄えます。,Amir,Amazon Translate
銅は優れた導電体です。,Amir,Amazon Translate
ラクダには砂よけのために長いまつげがついています。,Amir,Amazon Translate
大西洋はいくつかの大陸に接しています。,Amir,Amazon Translate
竜巻は漏斗状の外観をしています。,Amir,Amazon Translate
バラは成長するために日光と水を必要とします。,Amir,Amazon Translate
郵便局は郵便物の配布を行います。,Amir,Amazon Translate
最近の電話のほとんどはスマートフォンです。,Amir,Amazon Translate
月の重力は地球に潮汐を引き起こします。,Amir,Amazon Translate
南極大陸はほとんど氷に覆われています。,Amir,Amazon Translate
ミミズは土壌構造の改善に役立ちます。,Amir,Amazon Translate
ほとんどのクモは人間に無害です。,Amir,Amazon Translate
ファンは部屋の空気を循環させます。,Amir,Amazon Translate
キウイはニュージーランドの飛べない鳥です。,Amir,Amazon Translate
ほとんどの生地は糸で織られています。,Amir,Amazon Translate
雷は雲の中の放電によって引き起こされます。,Amir,Amazon Translate
ペンギンは水中で魚を狩ります。,Amir,Amazon Translate
チーターはダッシュスピードが速いことで知られています。,Amir,Amazon Translate
猫は満足するとしばしばゴロゴロ鳴きます。,Amir,Amazon Translate
コアラは長時間眠ります。,Amir,Amazon Translate
木は日陰と避難所を提供します。,Amir,Amazon Translate
パンダは主に竹を食べます。,Amir,Amazon Translate
冷凍庫は食品を冷凍保存する。,Amir,Amazon Translate
氷は水よりも密度が低いため、浮きます。,Amir,Amazon Translate
地図は旅行者が旅行を計画するのに役立ちます。,Amir,Amazon Translate
溶岩は冷えて固い岩になります。,Amir,Amazon Translate
クレーンは、持ち上げるために使用される機械です。,Amir,Amazon Translate
トカゲは日光を浴びて体を温めます。,Amir,Amazon Translate
水田には水を溜める必要があります。,Amir,Amazon Translate
煙探知器は火からの粒子を感知します。,Amir,Amazon Translate
ホタルは腹部から光を発します。,Amir,Amazon Translate
スポンジは海に住んでいます。,Amir,Amazon Translate
サーモンは上流に泳いで産卵します。,Amir,Amazon Translate
ほとんどの哺乳類は血液が温かいです。,Amir,Amazon Translate
縞模様はシマウマが草の中でカモフラージュするのに役立ちます。,Amir,Amazon Translate
岩石は堆積岩、火成岩、変成岩のいずれでもかまいません。,Amir,Amazon Translate
ペンギンは水泳に足ひれを使います。,Amir,Amazon Translate
曇りの日は雲が日光を遮ります。,Amir,Amazon Translate
スノーフレークには6つの側面があります。,Amir,Amazon Translate
赤ちゃんは歩く前に這う。,Amir,Amazon Translate
葉は葉緑素を失い、秋には色あせます。,Amir,Amazon Translate
海は溶存ミネラルのせいで塩辛いです。,Amir,Amazon Translate
フクロウは夜に静かに狩りをします。,Amir,Amazon Translate
種子には胚性植物が含まれています。,Amir,Amazon Translate
多くの場合、地図には三角形の山が表示されます。,Amir,Amazon Translate
ダチョウは一番大きな鳥です。,Amir,Amazon Translate
赤ちゃんは栄養補給のために牛乳を飲みます。,Amir,Amazon Translate
消防士は水ホースで炎を消します。,Amir,Amazon Translate
マップは上部が北を向いています。,Amir,Amazon Translate
潮の満ち引きは1日に2回です。,Amir,Amazon Translate
カワウソは岩を使って殻を割ります。,Amir,Amazon Translate
雨水は川や湖を補充します。,Amir,Amazon Translate
落雷は停電の原因となります。,Amir,Amazon Translate
アザラシは水泳に足ひれを使います。,Amir,Amazon Translate
細菌はすぐに増殖できます。,Amir,Amazon Translate
樫の木はどんぐりを生産します。,Amir,Amazon Translate
コオロギは羽をこすることで音を出します。,Amir,Amazon Translate
ヤモリは壁にくっつくことがあります。,Amir,Amazon Translate
ホッキョクグマは泳ぎが上手です。,Amir,Amazon Translate
惑星は太陽系の星の周りを回っています。,Amir,Amazon Translate
ハゲタカは食べ物を探します。,Amir,Amazon Translate
バイオリンは弦楽器です。,Amir,Amazon Translate
ヤギは急な地形を登ることができます。,Amir,Amazon Translate
火は触ると熱い。,Amir,Amazon Translate
海は多くの動物の生息地です。,Amir,Amazon Translate
雨が降った後、日光が屈折すると虹が現れます。,Amir,Amazon Translate
スマートフォンには写真を撮るためのカメラが内蔵されています。,Amir,Amazon Translate
ほとんどの車はガソリンまたはディーゼルを燃料として使用します。,Amir,Amazon Translate
魚はフィンを使って水中を泳ぎます。,Amir,Amazon Translate
コーヒーは温かいまま提供されることが多い。,Amir,Amazon Translate
クモは獲物を捕まえるためにクモの巣を回します。,Amir,Amazon Translate
ミツバチはコロニーに住んでいます。,Amir,Amazon Translate
ヘリウムは空気より軽いため、風船は浮き上がります。,Amir,Amazon Translate
松の木は種として円錐形を作ります。,Amir,Amazon Translate
雨はたいてい地面を濡らします。,Amir,Amazon Translate
カエルはジャンプして動き回ります。,Amir,Amazon Translate
飛行機は長距離を飛ぶことができます。,Amir,Amazon Translate
蝶には色とりどりの羽があります。,Amir,Amazon Translate
リンゴは赤、緑、黄色のいずれでもかまいません。,Amir,Amazon Translate
列車は金属製の線路を走ります。,Amir,Amazon Translate
キリンは背の高い木の葉を食べます。,Amir,Amazon Translate
靴は足に履きます。,Amir,Amazon Translate
川は海や湖に向かって流れます。,Amir,Amazon Translate
火山は噴火時に灰と溶岩を放出します。,Amir,Amazon Translate
カンガルーは長距離を飛び跳ねることができます。,Amir,Amazon Translate
ブロッコリーは緑色で食べられます。,Amir,Amazon Translate
オレンジはビタミンCの供給源です。,Amir,Amazon Translate
蒸発した水蒸気から雲ができます。,Amir,Amazon Translate
猫は舌で体をきれいにする。,Amir,Amazon Translate
草は緑色で、地面から生えています。,Amir,Amazon Translate
冬は気温が低いのが特徴です。,Amir,Amazon Translate
犬は吠えてコミュニケーションをとることができます。,Amir,Amazon Translate
象は耳と体幹が大きい。,Amir,Amazon Translate
熱い空気は冷たい空気の上に上がります。,Amir,Amazon Translate
鹿には毎年枝角が抜けます。,Amir,Amazon Translate
クジラは最大の海洋哺乳類です。,Amir,Amazon Translate
石炭は燃料源として使用されます。,Amir,Amazon Translate
月は海の潮汐に影響します。,Amir,Amazon Translate
鶴は首が長い背の高い鳥です。,Amir,Amazon Translate
サルはバランスを取るために尻尾を使います。,Amir,Amazon Translate
風は木の枝を動かします。,Amir,Amazon Translate
羊は毎年羊毛を育てます。,Amir,Amazon Translate
燃料はほとんどの車に動力を供給します。,Amir,Amazon Translate
砂漠は通常、乾燥した環境です。,Amir,Amazon Translate
塩は特定の食品を保存します。,Amir,Amazon Translate
ナスは植物で育ちます。,Amir,Amazon Translate
チョークは黒板に書きます。,Amir,Amazon Translate
カワウソは川や湖に住んでいます。,Amir,Amazon Translate
蚊は人間や動物を噛みます。,Amir,Amazon Translate
ラップトップはポータブルコンピューターです。,Amir,Amazon Translate
地図には国境と国が表示されます。,Amir,Amazon Translate
日焼け止めは日焼けから肌を守ります。,Amir,Amazon Translate
サッカーを効果的にプレーするにはチームワークが必要です。,Amir,Amazon Translate
肉食動物は肉を食べます。,Amir,Amazon Translate
昆虫には3つの体節があります。,Amir,Amazon Translate
牛乳は多くの文化で定番の飲み物です。,Amir,Amazon Translate
雪片には独特の模様があります。,Amir,Amazon Translate
バッタは長距離を飛ぶことができます。,Amir,Amazon Translate
重力は物体を接地させ続けます。,Amir,Amazon Translate
豚は農場の動物です。,Amir,Amazon Translate
ラジオは音楽やニュースを放送します。,Amir,Amazon Translate
鶏は食用に卵を産みます。,Amir,Amazon Translate
マップはさまざまな縮尺で描画できます。,Amir,Amazon Translate
雨水は植物や樹木に水をまきます。,Amir,Amazon Translate
鋼は鉄より強い。,Amir,Amazon Translate
水はすべての既知の生命にとって不可欠です。,Amir,Amazon Translate
カエルは大声で鳴きます。,Amir,Amazon Translate
トウモロコシは夏の終わりに収穫されます。,Amir,Amazon Translate
イルカは野生の社会的な生き物です。,Amir,Amazon Translate
カタツムリにはらせん状の殻があります。,Amir,Amazon Translate
アリは体より重い荷物を運ぶ。,Amir,Amazon Translate
チューリップは土の中の球根から育てられます。,Amir,Amazon Translate
日中は太陽が光を出します。,Amir,Amazon Translate
雲が飽和すると雨が降ります。,Amir,Amazon Translate
猫はしっぽを使ってバランスを取ります。,Amir,Amazon Translate
沸騰したお湯は多くの細菌を殺します。,Amir,Amazon Translate
バナナは木の上で群生しています。,Amir,Amazon Translate
電気ファンは部屋を冷やします。,Amir,Amazon Translate
オオカミは遠吠えすることでコミュニケーションをとります。,Amir,Amazon Translate
トウモロコシは一般的な穀物です。,Amir,Amazon Translate
飛行機は乗客を長距離輸送します。,Amir,Amazon Translate
ほとんどの魚は皮膚にうろこがついている。,Amir,Amazon Translate
ウサギは避難所に巣穴を掘ります。,Amir,Amazon Translate
テレビは様々な番組を放送しています。,Amir,Amazon Translate
犬は飼い主に警告するために吠えます。,Amir,Amazon Translate
ペンギンは陸地をよちよち歩きます。,Amir,Amazon Translate
スイカには主に水が含まれています。,Amir,Amazon Translate
サルはしばしば木の枝から揺れます。,Amir,Amazon Translate
蝶は毛虫から育ちます。,Amir,Amazon Translate
フランスはヨーロッパにあります。,Amir,Amazon Translate
馬は疾走して速く走る。,Amir,Amazon Translate
イルカは海水環境に住んでいます。,Amir,Amazon Translate
ペンは紙に書くために使われます。,Amir,Amazon Translate
月の表面にはたくさんのクレーターがあります。,Amir,Amazon Translate
牛乳はカルシウムの源です。,Amir,Amazon Translate
雷は森林火災を引き起こす可能性があります。,Amir,Amazon Translate
きゅうりは漬け込むことができます。,Amir,Amazon Translate
ほとんどのシャツには袖が付いています。,Amir,Amazon Translate
トラは肉食性哺乳類です。,Amir,Amazon Translate
パンはオーブンで焼きます。,Amir,Amazon Translate
シマウマには縞模様の皮があります。,Amir,Amazon Translate
リンゴは夏の終わりに熟します。,Amir,Amazon Translate
石鹸はグリースや汚れを溶かします。,Amir,Amazon Translate
山。エベレストは人気の登山地です。,Amir,Amazon Translate
本は架空の物語を語ることができます。,Amir,Amazon Translate
ハクトウワシは北米原産です。,Amir,Amazon Translate
サメは海の頂点捕食者です。,Amir,Amazon Translate
ピアノには黒鍵と白鍵があります。,Amir,Amazon Translate
デジタル時計は時間を数値で示します。,Amir,Amazon Translate
椅子は座るように設計されています。,Amir,Amazon Translate
雄鶏は夜明けに鳴きます。,Amir,Amazon Translate
バラにはたくさんの色があります。,Amir,Amazon Translate
カバはアフリカの川や湖に生息しています。,Amir,Amazon Translate
カレンダーには、日、週、月が表示されます。,Amir,Amazon Translate
パラシュートは高所からの降下を遅らせるのに役立ちます。,Amir,Amazon Translate
ライオンズは「ジャングルの王」として知られています。,Amir,Amazon Translate
ピーナッツはアレルギー反応を引き起こす可能性があります。,Amir,Amazon Translate
ニンジンは視力の健康に良い。,Amir,Amazon Translate
ガチョウはV字型で飛ぶ。,Amir,Amazon Translate
松の木は冬でも針を張ります。,Amir,Amazon Translate
ブドウは群生します。,Amir,Amazon Translate
冷凍庫ではアイスキューブができます。,Amir,Amazon Translate
クラゲは触手で刺します。,Amir,Amazon Translate
馬糞は肥料として使用されます。,Amir,Amazon Translate
レインコートは雨季に着用します。,Amir,Amazon Translate
地震は地殻変動により地面を揺らします。,Amir,Amazon Translate
レーザーはバーコードをすばやくスキャンできます。,Amir,Amazon Translate
硬貨は小銭を入れるのに使われます。,Amir,Amazon Translate
イチゴは熟すと赤くなります。,Amir,Amazon Translate
食塩は塩化ナトリウムです。,Amir,Amazon Translate
サイには1つか2つの角があります。,Amir,Amazon Translate
タコは腕が柔軟です。,Amir,Amazon Translate
リスは冬に木の実を集める。,Amir,Amazon Translate
溶岩は固まって火山岩になります。,Amir,Amazon Translate
ズッキーニはスカッシュの一種です。,Amir,Amazon Translate
竜巻は激しく回転する風です。,Amir,Amazon Translate
シダは胞子を使って繁殖します。,Amir,Amazon Translate
マップは標高の変化を示すことができます。,Amir,Amazon Translate
太平洋は地球の広い地域を覆っています。,Amir,Amazon Translate
犬は身近な人を認識できます。,Amir,Amazon Translate
木の根は植物を土に固定します。,Amir,Amazon Translate
鳥には歯の代わりにくちばしがあります。,Amir,Amazon Translate
氷は摂氏0度を超える温度で溶けます。,Amir,Amazon Translate
雨は作物の成長を助けます。,Amir,Amazon Translate
チョコレートは暖かい状態では溶けます。,Amir,Amazon Translate
マウスは小さな夜行性のげっ歯類です。,Amir,Amazon Translate
蒸気は沸騰したお湯から上がります。,Amir,Amazon Translate
月は夜に太陽光を反射します。,Amir,Amazon Translate
コウモリは逆さまにぶら下がって眠ります。,Amir,Amazon Translate
ヨーグルトは細菌培養で作られています。,Amir,Amazon Translate
本は読書用に保管されています。,Amir,Amazon Translate
イチゴは地面の近くで育ちます。,Amir,Amazon Translate
冷たい空気は暖かい空気よりも密度が高い。,Amir,Amazon Translate
ラクダは体に水を蓄えることができます。,Amir,Amazon Translate
金は錆びません。,Amir,Amazon Translate
植物は光合成中に酸素を放出します。,Amir,Amazon Translate
ライオンズはアフリカのサバンナに住んでいます。,Amir,Amazon Translate
レタスはサラダによく使われます。,Amir,Amazon Translate
竹は草の一種です。,Amir,Amazon Translate
じゃがいもはつぶしたり揚げたりできます。,Amir,Amazon Translate
バナナは熟しすぎると茶色に変わります。,Amir,Amazon Translate
北極圏には長い冬の夜があります。,Amir,Amazon Translate
クラゲの体はほとんどが水です。,Amir,Amazon Translate
キウイフルーツには黒い種が入っています。,Amir,Amazon Translate
ワニは顎が強い。,Amir,Amazon Translate
山頂は谷よりも気温が低い。,Amir,Amazon Translate
プラスチックは包装によく使われています。,Amir,Amazon Translate
サイの皮膚は厚く、保護作用があります。,Amir,Amazon Translate
バスケットボールはコートで行われます。,Amir,Amazon Translate
新鮮な空気は呼吸にとって重要です。,Amir,Amazon Translate
パンダンの葉はアジア料理に使われています。,Amir,Amazon Translate
ニンジンは地下で育ちます。,Amir,Amazon Translate
コーヒー豆は茂みで育ちます。,Amir,Amazon Translate
ヤギは葉や草を食べます。,Amir,Amazon Translate
チーズは風味を出すために熟成させています。,Amir,Amazon Translate
シマウマは安全のために群れをなして走ります。,Amir,Amazon Translate
カワウソは断熱のために毛皮が密集しています。,Amir,Amazon Translate
ピーナッツは実際にはマメ科植物です。,Amir,Amazon Translate
どんぐりは秋に樫の木から落ちる。,Amir,Amazon Translate
オオカミの遠吠えは長距離を伝えます。,Amir,Amazon Translate
ヘリコプターは垂直に離陸できます。,Amir,Amazon Translate
蚊は人間の呼吸に引き寄せられます。,Amir,Amazon Translate
雨水は樽に集めることができます。,Amir,Amazon Translate
コンピューターマウスは画面上の動きを制御します。,Amir,Amazon Translate
ヒトデは失われた腕を再生できます。,Amir,Amazon Translate
ナマケモノは木々の間をゆっくりと移動します。,Amir,Amazon Translate
ペンギンは暖かさを保つために群がります。,Amir,Amazon Translate
ほとんどのオレンジは冬に収穫されます。,Amir,Amazon Translate
毛虫は蛹化する前に葉を食べます。,Amir,Amazon Translate
灯台は海上で船を案内します。,Amir,Amazon Translate
カメは貝殻を使って身を守ります。,Amir,Amazon Translate
川は時間の経過とともに水路を切り開きます。,Amir,Amazon Translate
パンプキンはパイに使用されます。,Amir,Amazon Translate
ひまわりは食用の種を作ります。,Amir,Amazon Translate
ヤモリは特別なつま先パッドで表面にしがみつきます。,Amir,Amazon Translate
金星は地球の双子の惑星と呼ばれています。,Amir,Amazon Translate
ペーパークリップは曲がったワイヤーで作られています。,Amir,Amazon Translate
雪は凍った水蒸気から形成されます。,Amir,Amazon Translate
山はしばしば構造プレートによって形成されます。,Amir,Amazon Translate
ライオンズは轟音でコミュニケーションをとります。,Amir,Amazon Translate
チェスは駒を2つ使います。,Amir,Amazon Translate
小麦は粉砕して小麦粉を作る。,Amir,Amazon Translate
タケノコは食用です。,Amir,Amazon Translate
煙は火の上から上がる。,Amir,Amazon Translate
レーダーは電波を使用して物体を検出します。,Amir,Amazon Translate
氷山は極海に浮かんでいます。,Amir,Amazon Translate
ほとんどのヘビは卵を産みます。,Amir,Amazon Translate
アリはコミュニケーションにフェロモンを使います。,Amir,Amazon Translate
落雷は複数回発生することがあります。,Amir,Amazon Translate
オタマジャクシはカエルに変身します。,Amir,Amazon Translate
心臓が思わず鼓動します。,Amir,Amazon Translate
トカゲは尻尾を落として捕食者から逃げることができます。,Amir,Amazon Translate
果物には繁殖用の種子が含まれていることがよくあります。,Amir,Amazon Translate
電球は電気を可視光に変換します。,Amir,Amazon Translate
車には安定性のために4つの車輪があります。,Amir,Amazon Translate
パイは通常、ペストリークラストで作られています。,Amir,Amazon Translate
自転車は前に進むためにペダルを踏む必要があります。,Amir,Amazon Translate
紙は筆記や印刷に使用されます。,Amir,Amazon Translate
コーヒーは焙煎した豆から淹れます。,Amir,Amazon Translate
チーターは他の動物よりも速く走ることができます。,Amir,Amazon Translate
オオカミは群れと呼ばれる家族グループで生活しています。,Amir,Amazon Translate
歯ブラシは歯と歯茎をきれいにします。,Amir,Amazon Translate
歯科医は1日2回ブラッシングすることをお勧めします。,Amir,Amazon Translate
羊は羊毛のために飼われている。,Amir,Amazon Translate
コンピューターは情報を保存して処理します。,Amir,Amazon Translate
水は植物の成長に不可欠です。,Amir,Amazon Translate
雨が降ると多くのキノコが生えます。,Amir,Amazon Translate
ミツバチは多くの顕花植物に受粉します。,Amir,Amazon Translate
猫は快適に感じるとゴロゴロ鳴きます。,Amir,Amazon Translate
パイではりんごが人気です。,Amir,Amazon Translate
ほとんどの爬虫類は卵を産みます。,Amir,Amazon Translate
ヘビは滑って足がなくても動きます。,Amir,Amazon Translate
鳥には断熱用の羽毛があります。,Amir,Amazon Translate
雨は栄養分を土壌に運びます。,Amir,Amazon Translate
バナナは摘み取った後に熟します。,Amir,Amazon Translate
草は一般的な地被植物です。,Amir,Amazon Translate
夕日は一日の終わりを告げる。,Amir,Amazon Translate
冬の間は雪が地面を覆います。,Amir,Amazon Translate
哺乳類は子供にミルクを与えます。,Amir,Amazon Translate
チェスは2人用のボードゲームです。,Amir,Amazon Translate
クモの巣はシルク製です。,Amir,Amazon Translate
ミルクは哺乳類に由来します。,Amir,Amazon Translate
ピーナッツはバターを作るのに使われます。,Amir,Amazon Translate
鉄は鉄に炭素を加えて作られます。,Amir,Amazon Translate
虹は色とりどりの光の弧です。,Amir,Amazon Translate
ホッキョクグマの毛皮は厚いので暖かいです。,Amir,Amazon Translate
北極は一年中ほとんど寒いです。,Amir,Amazon Translate
植物は二酸化炭素を吸収して光合成を行います。,Amir,Amazon Translate
都市は人口密度の高い都市部です。,Amir,Amazon Translate
カンガルーは幼鳥を袋に入れて運ぶ。,Amir,Amazon Translate
サツマイモは繊維が豊富です。,Amir,Amazon Translate
マップには等高線で標高を表示できます。,Amir,Amazon Translate
車は定期的なメンテナンスが必要です。,Amir,Amazon Translate
磁石にはN極とS極があります。,Amir,Amazon Translate
コウモリは音を使って暗闇の中をナビゲートします。,Amir,Amazon Translate
ペンギンの羽には防水加工が施されています。,Amir,Amazon Translate
蜂蜜は甘味料としてよく使われます。,Amir,Amazon Translate
ガラスは砂と熱から作られます。,Amir,Amazon Translate
クジラは低周波音でコミュニケーションします。,Amir,Amazon Translate
ペーパークリップは紙をくっつけます。,Amir,Amazon Translate
マヨネーズは卵と油から作られています。,Amir,Amazon Translate
チーズにはさまざまな種類があります。,Amir,Amazon Translate
チョークマークは拭き取ることができます。,Amir,Amazon Translate
スープは通常温かい状態で提供されます。,Amir,Amazon Translate
マップは情報を視覚的に表示します。,Amir,Amazon Translate
火は食べ物を調理するのに使われます。,Amir,Amazon Translate
金は貴金属とみなされます。,Amir,Amazon Translate
雨は地下水源を補充することができます。,Amir,Amazon Translate
ほとんどの成人は8時間の睡眠が必要です。,Amir,Amazon Translate
きゅうりはサラダで食べられます。,Amir,Amazon Translate
スープはたくさんの材料で作ることができます。,Amir,Amazon Translate
カメは砂浜に産卵します。,Amir,Amazon Translate
クォーツは一般的な鉱物です。,Amir,Amazon Translate
キーボードのキーはコンピュータにデータを入力します。,Amir,Amazon Translate
セイウチは寒い海洋環境に住んでいます。,Amir,Amazon Translate
ドングリはリスに食べられます。,Amir,Amazon Translate
ホッチキスは紙を留めます。,Amir,Amazon Translate
雨は土壌水分を増やします。,Amir,Amazon Translate
犬は介助動物として使用されます。,Amir,Amazon Translate
車は舗装された道路を走行します。,Amir,Amazon Translate
パンは小麦粉から作られています。,Amir,Amazon Translate
猫はニャーと鳴いたりしてコミュニケーションをとります。,Amir,Amazon Translate
卵は食事にタンパク質を供給します。,Amir,Amazon Translate
氷は暖かい温度で溶けます。,Amir,Amazon Translate
バスは一度に複数の乗客を輸送します。,Amir,Amazon Translate
水は生物に水分を与えます。,Amir,Amazon Translate
牛は野原で放牧します。,Amir,Amazon Translate
カメラは動画を記録できます。,Amir,Amazon Translate
本には情報が書かれています。,Amir,Amazon Translate
トラにはカモフラージュ用のストライプがあります。,Amir,Amazon Translate
蚊は水に卵を産みます。,Amir,Amazon Translate
春にはバラが咲きます。,Amir,Amazon Translate
土壌は植物の根を支えます。,Amir,Amazon Translate
石鹸は細菌の除去に役立ちます。,Amir,Amazon Translate
扇風機は冷たい空気を循環させます。,Amir,Amazon Translate
マップは地理的空間を表します。,Amir,Amazon Translate
草は春になるとすぐに生えます。,Amir,Amazon Translate
猫は木に登ることができます。,Amir,Amazon Translate
レインブーツは濡れた状態で着用してください。,Amir,Amazon Translate
フットボールはフィールドで行われます。,Amir,Amazon Translate
鉛筆は木とグラファイトでできています。,Amir,Amazon Translate
靴下は足を暖かく保ちます。,Amir,Amazon Translate
鳥は翼を使って飛ぶ。,Amir,Amazon Translate
水は下り坂を流れます。,Amir,Amazon Translate
日の出には太陽が大きく見える。,Amir,Amazon Translate
風は気象パターンに影響を与えます。,Amir,Amazon Translate
建設には竹が使われています。,Amir,Amazon Translate
クジラは哺乳類です。,Amir,Amazon Translate
牛乳は冷蔵せずに放置すると腐ります。,Amir,Amazon Translate
コインは趣味で集めることができます。,Amir,Amazon Translate
枕は頭を支えます。,Amir,Amazon Translate
ハチミツはハニカムに貯蔵されています。,Amir,Amazon Translate
地図は政治的境界を強調しています。,Amir,Amazon Translate
ガチョウは長距離を移動します。,Amir,Amazon Translate
樹液はカエデの木から流れます。,Amir,Amazon Translate
車はガソリンか電気で燃料が供給されます。,Amir,Amazon Translate
シャワーは人体をきれいにします。,Amir,Amazon Translate
竜巻は急速に回転する空気の柱です。,Amir,Amazon Translate
りんごは秋に摘み取られます。,Amir,Amazon Translate
雷には多くの雷雨が伴います。,Amir,Amazon Translate
ワシは小動物を狩ります。,Amir,Amazon Translate
ドアは入口と出口を提供します。,Amir,Amazon Translate
イルカはジャンプができる。,Amir,Amazon Translate
ビニール袋はリサイクルできます。,Amir,Amazon Translate
トウモロコシは新鮮なものやポップコーンとして食べられます。,Amir,Amazon Translate
拡大鏡は小さなオブジェクトを拡大します。,Amir,Amazon Translate
パスタはデュラム小麦から作られています。,Amir,Amazon Translate
カボチャには食用の種が含まれています。,Amir,Amazon Translate
ラジオは放送信号を受信します。,Amir,Amazon Translate
オウムは簡単なトリックを学ぶことができます。,Amir,Amazon Translate
カワウソは道具を使って食べ物を開けます。,Amir,Amazon Translate
トカゲの皮膚はうろこ状です。,Amir,Amazon Translate
太陽は私たちの太陽系の中心にある星です。,Amir,Amazon Translate
牛は牛乳と肉のために育てられます。,Amir,Amazon Translate
秋になると葉が黄色くなる。,Amir,Amazon Translate
ほとんどの川は海に向かって流れます。,Amir,Amazon Translate
植物は生き残るために水を必要とします。,Amir,Amazon Translate
鉛筆は筆記や絵を描くのに使われます。,Amir,Amazon Translate
牛乳は冷蔵庫で冷やしておく。,Amir,Amazon Translate
嵐の際に雷が落ちることがあります。,Amir,Amazon Translate
フクロウは暗闇でもよく見えます。,Amir,Amazon Translate
オウムのくちばしは湾曲しています。,Amir,Amazon Translate
太平洋は地球最大の海です。,Amir,Amazon Translate
マップには道路や都市を表示できます。,Amir,Amazon Translate
犬は幸せになると尻尾を振る。,Amir,Amazon Translate
貝は海に生息しています。,Amir,Amazon Translate
本はフィクションでもノンフィクションでもかまいません。,Amir,Amazon Translate
ダイヤモンドは地球の奥深くで形成されます。,Amir,Amazon Translate
ライオンはネコ科の一員です。,Amir,Amazon Translate
カエルは水の中や近くに住んでいます。,Amir,Amazon Translate
馬のひづめには定期的な手入れが必要です。,Amir,Amazon Translate
冬は気温が低くなることが多い。,Amir,Amazon Translate
飛行機は滑走路に着陸します。,Amir,Amazon Translate
列車は都市と町の間を移動します。,Amir,Amazon Translate
車には定期的な燃料補給が必要です。,Amir,Amazon Translate
トマトはブドウの木で育ちます。,Amir,Amazon Translate
マップには山の標高を表示できます。,Amir,Amazon Translate
蝶は繭から孵化します。,Amir,Amazon Translate
コインの価値は異なります。,Amir,Amazon Translate
クジラは海に住んでいます。,Amir,Amazon Translate
秋には葉が落ちます。,Amir,Amazon Translate
ゴルフはクラブとボールで行われます。,Amir,Amazon Translate
ミツバチは多くの種類の花を訪れます。,Amir,Amazon Translate
にんじんは根菜です。,Amir,Amazon Translate
チーズは動物のミルクから作られています。,Amir,Amazon Translate
犬はいろいろな理由で吠えます。,Amir,Amazon Translate
山は地質学的な力によって形成されます。,Amir,Amazon Translate
星は核融合によってエネルギーを生み出します。,Amir,Amazon Translate
コオロギは鳴くことで知られています。,Amir,Amazon Translate
プラスチックは多くの製品に使用されています。,Amir,Amazon Translate
ヒクイドリは大きくて飛べない鳥です。,Amir,Amazon Translate
稲は浸水した畑で育ちます。,Amir,Amazon Translate
食料品店では果物や野菜を販売しています。,Amir,Amazon Translate
カササギは光沢のあるオブジェクトを集めます。,Amir,Amazon Translate
マップはシンボルを使用してフィーチャを表示します。,Amir,Amazon Translate
イルカは知的な海洋動物です。,Amir,Amazon Translate
飛行機は車よりも速く移動します。,Amir,Amazon Translate
化石は堆積岩にあります。,Amir,Amazon Translate
ぶどうはブドウの木に房状に生えています。,Amir,Amazon Translate
温かいパンにバターが溶ける。,Amir,Amazon Translate
キウイは果物の一種です。,Amir,Amazon Translate
金属は電気をよく通します。,Amir,Amazon Translate
ソーラーパネルが機能するには日光が必要です。,Amir,Amazon Translate
インコは小さくてカラフルな鳥です。,Amir,Amazon Translate
ほとんどのお茶はカメリア・シネンシスの葉から作られています。,Amir,Amazon Translate
マップはナビゲーションに役立ちます。,Amir,Amazon Translate
水は海抜で摂氏100度で沸騰します。,Amir,Amazon Translate
猫には登山や狩猟用の引き込み式の爪があります。,Amir,Amazon Translate
砂漠の年間降雨量は10インチ未満です。,Amir,Amazon Translate
ミツバチはダンスパターンを使ってコミュニケーションをとります。,Amir,Amazon Translate
惑星は重力によって太陽の周りを回っています。,Amir,Amazon Translate
バッテリーは、将来の使用に備えて電気エネルギーを蓄えます。,Amir,Amazon Translate
心臓は人体全体に血液を循環させます。,Amir,Amazon Translate
サメは呼吸するために泳ぎ続けなければなりません。,Amir,Amazon Translate
カエルは水生オタマジャクシとして生活を始めます。,Amir,Amazon Translate
塩は水に溶けやすい。,Amir,Amazon Translate
ペンギンは寒い気候に適応した飛べない鳥です。,Amir,Amazon Translate
火には熱、燃料、酸素が必要です。,Amir,Amazon Translate
クラゲは体を収縮させたりリラックスさせたりして動きます。,Amir,Amazon Translate
トカゲは成長するにつれて皮を剥がします。,Amir,Amazon Translate
ほとんどのヘビは肉食です。,Amir,Amazon Translate
マップには、国、都市、および地理的特徴が表示されます。,Amir,Amazon Translate
草は穀物と呼ばれる種から育ちます。,Amir,Amazon Translate
牛は草を食べて牛乳を産みます。,Amir,Amazon Translate
飛行機は離着陸に滑走路が必要です。,Amir,Amazon Translate
アリのコロニーには分業があります。,Amir,Amazon Translate
熱帯雨林には高い生物多様性があります。,Amir,Amazon Translate
イグルーは氷の塊でできたシェルターです。,Amir,Amazon Translate
ヤシの木は熱帯気候で育ちます。,Amir,Amazon Translate
コケは湿った日陰の環境で繁殖します。,Amir,Amazon Translate
タコには3つの心臓と青い血があります。,Amir,Amazon Translate
太陽光は地球の主なエネルギー源です。,Amir,Amazon Translate
クランベリーはエアポケットのおかげで水に浮きます。,Amir,Amazon Translate
氷河はゆっくりと陸地を移動します。,Amir,Amazon Translate
消しゴムは紙から鉛筆の跡を取り除きます。,Amir,Amazon Translate
砂糖は熱い液体に素早く溶けます。,Amir,Amazon Translate
カンガルーは力強い後ろ足を使って飛び跳ねます。,Amir,Amazon Translate
雨水は作物や植物に栄養を与えます。,Amir,Amazon Translate
本は情報と物語の源です。,Amir,Amazon Translate
マグマが地球の表面に到達すると、火山が噴火します。,Amir,Amazon Translate
はしごは人が高い物体にたどり着くのを助けます。,Amir,Amazon Translate
曇りの日は地面の日光を減らします。,Amir,Amazon Translate
川は高地から低地へと流れます。,Amir,Amazon Translate
七面鳥は短距離を飛ぶことができます。,Amir,Amazon Translate
タマネギは地下で育つ球根です。,Amir,Amazon Translate
砂のお城は湿った砂浜に建てられます。,Amir,Amazon Translate
カタツムリは筋肉質の足を使って動きます。,Amir,Amazon Translate
雷は暴風雨時の放電です。,Amir,Amazon Translate
バッタは足をこすることで音を出します。,Amir,Amazon Translate
シャボン玉は乾くと飛び出します。,Amir,Amazon Translate
レインジャケットは雨天時に衣類を保護します。,Amir,Amazon Translate
猫は毛皮をなめることで身だしなみをする。,Amir,Amazon Translate
川は重力によって下り坂を流れます。,Amir,Amazon Translate
葉は日光を吸収して植物を成長させます。,Amir,Amazon Translate
ペンギンは主に南極の近くに住んでいます。,Amir,Amazon Translate
マップは地理情報を提供します。,Amir,Amazon Translate
風力タービンは風力エネルギーから電気を生成します。,Amir,Amazon Translate
チョコレートは口の中でとろけます。,Amir,Amazon Translate
多くの哺乳類には暖かく過ごすための毛皮があります。,Amir,Amazon Translate
羽は鳥が飛ぶのを助けます。,Amir,Amazon Translate
車輪は車両の効率的な移動に役立ちます。,Amir,Amazon Translate
氷河は動きの遅い巨大な氷体です。,Amir,Amazon Translate
花火は明るい光と色を見せます。,Amir,Amazon Translate
犬は人間への忠誠心で知られています。,Amir,Amazon Translate
熱帯雨林は植生が密集し、湿度が高い。,Amir,Amazon Translate
コウモリは真の飛行が可能な哺乳類です。,Amir,Amazon Translate
トラには独特のオレンジと黒の縞模様があります。,Amir,Amazon Translate
コインは取引のお金として使用されます。,Amir,Amazon Translate
サメは世界中の海に生息しています。,Amir,Amazon Translate
シャチはイルカ科の最大の仲間です。,Amir,Amazon Translate
釘を木に打ち込んで施工します。,Amir,Amazon Translate
時計は時間を記録します。,Amir,Amazon Translate
コオロギは仲間を引き付けるために鳴きます。,Amir,Amazon Translate
キノコは湿気の多い暗い場所で育ちます。,Amir,Amazon Translate
カメは安全のために頭を甲羅に引っ込めます。,Amir,Amazon Translate
日没は、太陽が地平線の下に沈むときに発生します。,Amir,Amazon Translate
雨は大気中の雲から降ります。,Amir,Amazon Translate
カニには保護のために硬い外骨格があります。,Amir,Amazon Translate
車はガソリン、電気、またはディーゼルで走ります。,Amir,Amazon Translate
山はハイキングやスキーを楽しむ観光客を魅了します。,Amir,Amazon Translate
マップは世界中の場所を見つけるのに役立ちます。,Amir,Amazon Translate
パンはサンドイッチ用にスライスされます。,Amir,Amazon Translate
トウモロコシは畑の背の高い茎で育ちます。,Amir,Amazon Translate
豆はタンパク質の優れた供給源です。,Amir,Amazon Translate
キーはセキュリティのためにロックを開きます。,Amir,Amazon Translate
ペットボトルは多くの場合リサイクル可能です。,Amir,Amazon Translate
犬は家畜化された哺乳類です。,Amir,Amazon Translate
芝生は一般的に芝生に見られます。,Amir,Amazon Translate
太陽は星です。,Amir,Amazon Translate
葉は光合成して植物のエネルギーを作ります。,Amir,Amazon Translate
羊毛は羊から採れます。,Amir,Amazon Translate
タイヤは自動車にトラクションを与えます。,Amir,Amazon Translate
木は一年輪生えます。,Amir,Amazon Translate
土壌はほとんどの陸生植物を支えます。,Amir,Amazon Translate
オートバイには車輪が2つあります。,Amir,Amazon Translate
ペンギンは鳥です。,Amir,Amazon Translate
塗料は乾燥した空気でより速く乾燥します。,Amir,Amazon Translate
砂は小さな岩でできています。,Amir,Amazon Translate
クレーンには長い脚があります。,Amir,Amazon Translate
じゃがいもは主食です。,Amir,Amazon Translate
朝はひまわりが東向きです。,Amir,Amazon Translate
マップには基本的な方向が表示されます。,Amir,Amazon Translate
コケは日陰に生えています。,Amir,Amazon Translate
キノコは胞子で繁殖します。,Amir,Amazon Translate
ナスは紫色の野菜です。,Amir,Amazon Translate
タマネギは目を裂かせます。,Amir,Amazon Translate
机は書くのに使われます。,Amir,Amazon Translate
サメには軟骨骨格があります。,Amir,Amazon Translate
ハトは一般的な都市の鳥です。,Amir,Amazon Translate
にんじんはオレンジ色で甘いです。,Amir,Amazon Translate
水が滴るとつららができます。,Amir,Amazon Translate
油は種子から抽出されます。,Amir,Amazon Translate
列車は線路を走ります。,Amir,Amazon Translate
アプリコットは乾燥させてスナックにすることができます。,Amir,Amazon Translate
レインコートは耐水性があります。,Amir,Amazon Translate
ピーマンは辛いことがあります。,Amir,Amazon Translate
スピーカーは音波を発します。,Amir,Amazon Translate
ココナッツには硬い殻があります。,Amir,Amazon Translate
テープは2つの表面をくっつけます。,Amir,Amazon Translate
ロックはドアとゲートを固定します。,Amir,Amazon Translate
カニは横に動きます。,Amir,Amazon Translate
チューリップは咲くには寒い気候が必要です。,Amir,Amazon Translate
サボテンは茎に水を蓄えます。,Amir,Amazon Translate
草は一般的な植物です。,Amir,Amazon Translate
ヘリウムバルーンは浮きます。,Amir,Amazon Translate
アザラシは魚を食べます。,Amir,Amazon Translate
キウイフルーツは皮がぼやけています。,Amir,Amazon Translate
山は標高が高い。,Amir,Amazon Translate
マップはスケールバーを使用します。,Amir,Amazon Translate
ワシには鋭い爪があります。,Amir,Amazon Translate
風は気象システムを動かします。,Amir,Amazon Translate
トマトには種が含まれています。,Amir,Amazon Translate
本にはページが印刷されています。,Amir,Amazon Translate
ほとんどのヘビはげっ歯類を食べます。,Amir,Amazon Translate
釘はスチール製です。,Amir,Amazon Translate
虹は7つの色を見せます。,Amir,Amazon Translate
トンネルは地下に行きます。,Amir,Amazon Translate
西には夕日があります。,Amir,Amazon Translate
マップにはコンパスローズが付いています。,Amir,Amazon Translate
砂漠にはほとんど雨が降りません。,Amir,Amazon Translate
クレーンは長距離を飛ぶことができます。,Amir,Amazon Translate
マンゴーはトロピカルフルーツです。,Amir,Amazon Translate
カワウソは岩を道具として使う。,Amir,Amazon Translate
虫は作物に寄生する可能性があります。,Amir,Amazon Translate
ビーチには砂や小石があります。,Amir,Amazon Translate
雨水は液滴に集まります。,Amir,Amazon Translate
猫は小動物を餌として狩ります。,Amir,Amazon Translate
ツールはユーザーが手動でタスクを完了するのに役立ちます。,Amir,Amazon Translate
犬はペットとして飼われることが多い。,Amir,Amazon Translate
草は世界中の多くの環境で育ちます。,Amir,Amazon Translate
葉は日中に光合成を行います。,Amir,Amazon Translate
バナナは大きな草本植物で育ちます。,Amir,Amazon Translate
にんじんはビタミンAを多く含む根菜です。,Amir,Amazon Translate
風車は風を回転エネルギーに変換します。,Amir,Amazon Translate
コオロギは翼をこすって鳴きます。,Amir,Amazon Translate
コウモリは唯一の空飛ぶ哺乳類です。,Amir,Amazon Translate
ペッパーにはさまざまな色と強さがあります。,Amir,Amazon Translate
消防車は消防士と設備を輸送します。,Amir,Amazon Translate
木は大気から二酸化炭素を吸収します。,Amir,Amazon Translate
犬は嗅覚が強化されています。,Amir,Amazon Translate
マップには通常、スケールとキーが含まれます。,Amir,Amazon Translate
竜巻の風は非常に速く回転します。,Amir,Amazon Translate
マップでは道路に線とシンボルを使用します。,Amir,Amazon Translate
電気は照明や電子機器に電力を供給します。,Amir,Amazon Translate
カワウソは浮力を使って水に浮きます。,Amir,Amazon Translate
りんごは生で食べるか調理します。,Amir,Amazon Translate
街灯柱は夜間に街路照明を提供します。,Amir,Amazon Translate
飛行機は安全に着陸するために空港を必要とします。,Amir,Amazon Translate
ハヤブサは速いダイビングで知られる鳥です。,Amir,Amazon Translate
イチゴは小さな顕花植物から育ちます。,Amir,Amazon Translate
イチジクは落葉樹で育ちます。,Amir,Amazon Translate
ヘッドフォンは音を耳に直接届けます。,Amir,Amazon Translate
タマネギは多くの調理済み食品に使われています。,Amir,Amazon Translate
ペンギンは飛べない水鳥です。,Amir,Amazon Translate
硬貨は小さな金属のお金です。,Amir,Amazon Translate
飛行機は長距離を素早く移動します。,Amir,Amazon Translate
フェレットは飼いならされた遊び心のある動物です。,Amir,Amazon Translate
キノコは日陰で育つ菌類です。,Amir,Amazon Translate
巣には鳥の卵や孵化したばかりの子ガメが生息しています。,Amir,Amazon Translate
植物は根から水分を吸収します。,Amir,Amazon Translate
金は通貨として使われてきました。,Amir,Amazon Translate
アザラシは寒さに適応した哺乳類です。,Amir,Amazon Translate
マップは相対距離と絶対距離を示します。,Amir,Amazon Translate
川は水を海に運ぶ。,Amir,Amazon Translate
塩は食品の味付けに使われます。,Amir,Amazon Translate
ハヤブサは速く飛ぶ捕食鳥です。,Amir,Amazon Translate
チューリップにはさまざまな色があります。,Amir,Amazon Translate
パンは食事の時に出されることが多い。,Amir,Amazon Translate
ワシは狩猟に対する優れた視力を持っています。,Amir,Amazon Translate
樹木は野生生物にとって重要な生息地です。,Amir,Amazon Translate
岩石は鉱物組成によって分類できます。,Amir,Amazon Translate
アヒルには水泳用の水かきのある足が付いています。,Amir,Amazon Translate
ヤギは牛乳、肉、繊維を提供します。,Amir,Amazon Translate
ガラスは一般的に窓ガラスに使用されます。,Amir,Amazon Translate
本は電子形式と印刷形式で提供されます。,Amir,Amazon Translate
メープルシロップは樹液から作られています。,Amir,Amazon Translate
クラゲの重量の 95% は水分です。,Amir,Amazon Translate
鉄は一般的な建築用金属です。,Amir,Amazon Translate
風がヨットを水上に押しやる。,Amir,Amazon Translate
山はハイカーやスキーヤーを魅了します。,Amir,Amazon Translate
猫は小さなげっ歯類を追いかけます。,Amir,Amazon Translate
マップには自然地理が表示されます。,Amir,Amazon Translate
バナナは熟すと黄色になります。,Amir,Amazon Translate
じゃがいもは塊茎野菜です。,Amir,Amazon Translate
硬貨は平らで丸い通貨です。,Amir,Amazon Translate
山々は海抜高くそびえています。,Amir,Amazon Translate
セミは大きなブーンという音を出します。,Amir,Amazon Translate
雷は嵐の稲妻に追随する。,Amir,Amazon Translate
アリは地下にコロニーを形成します。,Amir,Amazon Translate
カササギは賢い鳥です。,Amir,Amazon Translate
イルカはエコーロケーションを使って移動します。,Amir,Amazon Translate
アザラシは陸と海で時間を過ごします。,Amir,Amazon Translate
カワウソは道具を使って殻を開けます。,Amir,Amazon Translate
消防士は防護服を着用します。,Amir,Amazon Translate
マップは大陸と国を表します。,Amir,Amazon Translate
牛は牛乳と皮革を提供します。,Amir,Amazon Translate
マップには距離を測定するための縮尺が表示されます。,Amir,Amazon Translate
ロビンは一般的な鳴き鳥です。,Amir,Amazon Translate
にわか雨が降ると虹が現れます。,Amir,Amazon Translate
カラスは簡単なパズルを解きます。,Amir,Amazon Translate
パン生地は焼くとできあがります。,Amir,Amazon Translate
巣は多くの鳥によって作られています。,Amir,Amazon Translate
バナナは房状に育ちます。,Amir,Amazon Translate
トマトはサラダに使われています。,Amir,Amazon Translate
表面にチョークマークを付けます。,Amir,Amazon Translate
水は熱で蒸発します。,Amir,Amazon Translate
カエルは水に卵を産みます。,Amir,Amazon Translate
マップには都市名が表示されます。,Amir,Amazon Translate
雨は植物の生命を養います。,Amir,Amazon Translate
蝶は蜜を食べます。,Amir,Amazon Translate
マップには川のシンボルが表示されます。,Amir,Amazon Translate
二足す二は四に等しい。,Amir,Amazon Translate
クレーンは大きな渡り鳥です。,Amir,Amazon Translate
鉄は磁性元素です。,Amir,Amazon Translate
じゃがいもは根菜です。,Amir,Amazon Translate
カラスは非常に知的な鳥です。,Amir,Amazon Translate
パンはトーストできます。,Amir,Amazon Translate
山では気温が低くなります。,Amir,Amazon Translate
馬は蹄鉄を履きます。,Amir,Amazon Translate
小麦は主食です。,Amir,Amazon Translate
火を燃やすには3つの要素が必要です。,Amir,Amazon Translate
白鳥は水面を滑空します。,Amir,Amazon Translate
雨水は水たまりに集められます。,Amir,Amazon Translate
マップには人口データが表示される場合があります。,Amir,Amazon Translate
ピーマンはマイルドでもホットでもかまいません。,Amir,Amazon Translate
マップには道路と地形の特徴が表示されます。,Amir,Amazon Translate
山は地球上の高地です。,Amir,Amazon Translate
マップは距離に関する情報を提供します。,Amir,Amazon Translate
暖かい空気が冷えると雲ができます。,Amir,Amazon Translate
蝶はクリサリドから出てきます。,Amir,Amazon Translate
マップには都市の相対位置が表示されます。,Amir,Amazon Translate
トマトは熟すと赤くなります。,Amir,Amazon Translate
地図には海と海の位置が表示されます。,Amir,Amazon Translate
クレーンは渡り鳥です。,Amir,Amazon Translate
マップには方位記号が付いています。,Amir,Amazon Translate
地図は地理研究にとって重要です。,Amir,Amazon Translate
マップには自然の風景が表示されます。,Amir,Amazon Translate
キリンには柄物のコートがあります。,Amir,Amazon Translate
エッグロールは人気の食べ物です。,Amir,Amazon Translate
チョークは黒板にほこりを残します。,Amir,Amazon Translate
マップにはマイルまたはキロメートルが表示されます。,Amir,Amazon Translate
地図にはしばしば川や湖が描かれています。,Amir,Amazon Translate
葉は日光を利用して食べ物を作ります。,Amir,Amazon Translate
地図は位置と方向を正確に表示します。,Amir,Amazon Translate
パンは小麦粉と酵母から焼いています。,Amir,Amazon Translate
カエルは成熟するにつれて変態します。,Amir,Amazon Translate
光合成は植物の葉で起こります。,Amir,Amazon Translate
小石は小さな丸い石です。,Amir,Amazon Translate
ウサギは葉物野菜を食べます。,Amir,Amazon Translate
クレーンは、くちばしを使って魚を捕まえます。,Amir,Amazon Translate
マップには山や川を表示できます。,Amir,Amazon Translate
パン生地はパン粉よりも硬いです。,Amir,Amazon Translate
マップでは文字を使用して都市にラベルを付けます。,Amir,Amazon Translate
クラゲの体はゼラチン状の傘の形をしています。,Amir,Amazon Translate
蚊は一般的な害虫です。,Amir,Amazon Translate
チョコレートを溶かしてフォンデュを作ります。,Amir,Amazon Translate
山の天気は丘よりも遅い。,Amir,Amazon Translate
マップは州または国の境界にラベルを付けます。,Amir,Amazon Translate
本は情報と娯楽を提供します。,Amir,Amazon Translate
地図はハイカーが迷子にならないようにするのに役立ちます。,Amir,Amazon Translate
マップはロードトリップの計画に役立ちます。,Amir,Amazon Translate
消防車は緊急対応要員を輸送します。,Amir,Amazon Translate
正確な距離を得るには、マップには縮尺が必要です。,Amir,Amazon Translate
地図には空港と港が表示されます。,Amir,Amazon Translate
土壌は植物に栄養を与えます。,Amir,Amazon Translate
チューリップの球根は秋に植えられます。,Amir,Amazon Translate
マップは探検家にとって重要です。,Amir,Amazon Translate
フラミンゴの羽はピンクです。,Amir,Amazon Translate
ピーナッツは厳密には本物のナッツではありません。,Amir,Amazon Translate
山は野生生物の生息地です。,Amir,Amazon Translate
トマトは厳密には果物です。,Amir,Amazon Translate
サッカー場は草の房で覆われています。,Amir,Amazon Translate
ブレッドスティックは前菜として提供されます。,Amir,Amazon Translate
地図は地理学の授業で使用されます。,Amir,Amazon Translate
ワシは気流に乗って滑空する。,Amir,Amazon Translate
塩は肉を保存するのに使われます。,Amir,Amazon Translate
マップには水域が表示されます。,Amir,Amazon Translate
ダイヤモンドは最も硬い天然物質です。,Amir,Amazon Translate
新型コロナウイルスはコロナウイルスによって引き起こされます。,Amir,Amazon Translate
牛乳にはカルシウムとビタミンDが含まれています。,Amir,Amazon Translate
ガチョウはしばしばV字型に移動します。,Amir,Amazon Translate
海には塩水が含まれており、地球の大部分を覆っています。,Amir,Amazon Translate
ミツバチは植物に受粉し、蜂蜜を作ります。,Amir,Amazon Translate
電気は電流として電線を通って流れます。,Amir,Amazon Translate
ダニはライム病を人間に感染させる可能性があります。,Amir,Amazon Translate
家具は表面と座り心地を提供します。,Amir,Amazon Translate
猫は何時間も寝ることが多い。,Amir,Amazon Translate
マップには、政治的または物理的な情報が表示される場合があります。,Amir,Amazon Translate
電車は物や人を効率的に輸送します。,Amir,Amazon Translate
カエルは仲間を引き付けるために鳴きます。,Amir,Amazon Translate
ハエには複眼があります。,Amir,Amazon Translate
牛乳は販売前に低温殺菌されます。,Amir,Amazon Translate
マップには、方向を示すコンパスの方向が表示されます。,Amir,Amazon Translate
トラは孤独で縄張り意識のある猫です。,Amir,Amazon Translate
葉には水を供給する葉脈があります。,Amir,Amazon Translate
マップは色を使用して標高を示します。,Amir,Amazon Translate
雲は雨、雪、またはひょうをもたらします。,Amir,Amazon Translate
犬は鼻を使って追跡します。,Amir,Amazon Translate
マップは空間認識にとって重要です。,Amir,Amazon Translate
川は湖に淡水を運びます。,Amir,Amazon Translate
マップは地形や地域を視覚化するのに役立ちます。,Amir,Amazon Translate
雪は凍った降水です。,Amir,Amazon Translate
マップには地理的な境界が表示されます。,Amir,Amazon Translate
多くの場合、マップには凡例が含まれています。,Amir,Amazon Translate
ホタルは生物発光によって光を発します。,Amir,Amazon Translate
パンは世界的に主食です。,Amir,Amazon Translate
バッテリーは化学エネルギーを蓄えます。,Amir,Amazon Translate
消防士は水を使って火を消します。,Amir,Amazon Translate
ブロッコリーはキャベツ科の一部です。,Amir,Amazon Translate
星は独自の光を放ちます。,Amir,Amazon Translate
ホッキョクグマは北極の近くに住んでいます。,Amir,Amazon Translate
温度計は温度を測定します。,Amir,Amazon Translate
猫は足で着地します。,Amir,Amazon Translate
結晶は規則正しい原子構造をしています。,Amir,Amazon Translate
硬貨は銀でも銅でもかまいません。,Amir,Amazon Translate
犬は家畜化された群れ動物です。,Amir,Amazon Translate
多くの場合、マップではフィーチャに色を使用します。,Amir,Amazon Translate
跳躍するカエルは捕食者から逃れるのに役立ちます。,Amir,Amazon Translate
バラは世界中の庭園に咲きます。,Amir,Amazon Translate
葉には光合成用のクロロフィルが含まれています。,Amir,Amazon Translate
猫はリラックスするとよくゴロゴロ鳴きます。,Amir,Amazon Translate
花は鮮やかな色で花粉交配者を引き付けます。,Amir,Amazon Translate
蝶は毛虫として生活を始める。,Amir,Amazon Translate
カボチャは秋に収穫されます。,Amir,Amazon Translate
牛は草や飼料を食べます。,Amir,Amazon Translate
塩は食品保存料として使用されます。,Amir,Amazon Translate
パンはたいていパンで焼きます。,Amir,Amazon Translate
マップには気象条件を表示できます。,Amir,Amazon Translate
マップは空間的な関係を視覚化するのに役立ちます。,Amir,Amazon Translate
雨は厚い雲が原因であることが多い。,Amir,Amazon Translate
マップには気候と植生を表示できます。,Amir,Amazon Translate
鳥は季節ごとに暖かい地域に移動します。,Amir,Amazon Translate
パンは食べる前にスライスすることが多い。,Amir,Amazon Translate
山は気候と降雨量に影響を与える可能性があります。,Amir,Amazon Translate
卵は必須タンパク質を提供します。,Amir,Amazon Translate
チョークは教室の黒板に使われています。,Amir,Amazon Translate
パンには小麦由来のグルテンが含まれています。,Amir,Amazon Translate
マップはルートプランニングに役立ちます。,Amir,Amazon Translate
カニには硬い保護殻が付いています。,Amir,Amazon Translate
海には塩水と海洋生物が含まれています。,Amir,Amazon Translate
牛乳はヨーグルトに加工できます。,Amir,Amazon Translate
マップでは、レリーフのために等高線が使用されることがあります。,Amir,Amazon Translate
ホタルは光を発して仲間を引き付けます。,Amir,Amazon Translate
地図では人口密度のために色が使用されることがあります。,Amir,Amazon Translate
イルカは海に生息する哺乳類です。,Amir,Amazon Translate
マップには緯度線と経度線が表示されます。,Amir,Amazon Translate
クレヨンは絵のぬりえに使われます。,Amir,Amazon Translate
卵はスクランブルしたり、揚げたり、ゆでたりできます。,Amir,Amazon Translate
マップは興味のある場所を見つけるのに役立ちます。,Amir,Amazon Translate
水域には、湖、川、海が含まれます。,Amir,Amazon Translate
雲には水滴や氷の結晶が入っています。,Amir,Amazon Translate
マップには投票パターンを表示できます。,Amir,Amazon Translate
ホタルはコミュニケーション用の光を出します。,Amir,Amazon Translate
コインにはリーダーのイメージが描かれていることが多いです。,Amir,Amazon Translate
夕暮れは日没と夜の間に発生します。,Amir,Amazon Translate
雨の日は屋外の視界を低下させます。,Amir,Amazon Translate
マップにはタイムゾーンが含まれる場合があります。,Amir,Amazon Translate
オウムは熱帯地域に住んでいます。,Amir,Amazon Translate
パンは放置するとカビが生えます。,Amir,Amazon Translate
自動車は内燃機関または電気エンジンを使用して移動します。,Amir,Amazon Translate
クレヨンは色付きの描画ツールです。,Amir,Amazon Translate
金は貴重な軟金属です。,Amir,Amazon Translate
マップには道路や交通データが含まれる場合があります。,Amir,Amazon Translate
鶏は卵と肉のために育てられます。,Amir,Amazon Translate
馬は交通やスポーツに使われます。,Amir,Amazon Translate
マップは気候帯を示すことができます。,Amir,Amazon Translate
蝶は足で味をする。,Amir,Amazon Translate
マップは位置のグリッド参照を使用します。,Amir,Amazon Translate
コインの値は各ピースに印刷されています。,Amir,Amazon Translate
マップには、身体的特徴と人間的特徴の両方が描かれています。,Amir,Amazon Translate
葉緑素のおかげで葉は緑色です。,Amir,Amazon Translate
雨粒が雲をつくる。,Amir,Amazon Translate
風は空気を動かしています。,Amir,Amazon Translate
貝殻は海の軟体動物を保護します。,Amir,Amazon Translate
蝶には4つの翼があります。,Amir,Amazon Translate
コインには通常、顔がついています。,Amir,Amazon Translate
地図には陸と水の両方が描かれています。,Amir,Amazon Translate
子供たちはブロックを使って組み立てます。,Amir,Amazon Translate
マップには気候情報が表示されることがあります。,Amir,Amazon Translate
地図は緊急時に役立ちます。,Amir,Amazon Translate
地図は携帯電話にダウンロードできます。,Amir,Amazon Translate
チューリップは花の球根として人気があります。,Amir,Amazon Translate
マップには、参照用に世界の首都が表示されます。,Amir,Amazon Translate
アザラシの体は流線型で泳げます。,Amir,Amazon Translate
牛乳は丈夫な骨にカルシウムを供給します。,Amir,Amazon Translate
カニには防御と餌付けのための爪があります。,Amir,Amazon Translate
マップには天然資源が表示される場合があります。,Amir,Amazon Translate
じゃがいもは最も広く食べられている野菜の1つです。,Amir,Amazon Translate
エベレスト山はヒマラヤにあります。,Amir,Amazon Translate
ニンジンは一般的に生で食べられるオレンジの根です。,Amir,Amazon Translate
犬種はサイズが大きく異なります。,Amir,Amazon Translate
蚊に刺されるとかゆくなることがあります。,Amir,Amazon Translate
コオロギは夜行性の昆虫です。,Amir,Amazon Translate
卵は一般的にさまざまな方法で調理されます。,Amir,Amazon Translate
チョークは黒板から簡単に拭き取ることができます。,Amir,Amazon Translate
パンは焼きたてのほうがスライスしやすい。,Amir,Amazon Translate
マップには、ガイダンス用のマップキーが含まれています。,Amir,Amazon Translate
保護しないとパンは古くなります。,Amir,Amazon Translate
マップは自然災害の影響を示すことができます。,Amir,Amazon Translate
マップには、さまざまな色でデータが表示されます。,Amir,Amazon Translate
オオカミは集団で生活し、狩りをします。,Amir,Amazon Translate
パンは最も古い食べ物のひとつです。,Amir,Amazon Translate
地図は船に不可欠なナビゲーションを提供します。,Amir,Amazon Translate
トマトは花の咲く植物から育ちます。,Amir,Amazon Translate
雨はゲージを使って測定できます。,Amir,Amazon Translate
地図は交通網を表すことができます。,Amir,Amazon Translate
地図は都市計画に不可欠です。,Amir,Amazon Translate
チューリップは涼しい気候で最もよく育ちます。,Amir,Amazon Translate
地図は過去の土地の変化を明らかにすることができます。,Amir,Amazon Translate
地図は現代のナビゲーションにとって依然として重要です。,Amir,Amazon Translate
卵は鳥や爬虫類によって作られます。,Amir,Amazon Translate
クジラは空気を得るために浮上する必要があります。,Amir,Amazon Translate
マップにはさまざまなタイプのフィーチャが表示されます。,Amir,Amazon Translate
マップでは、区別するために色を使用することがよくあります。,Amir,Amazon Translate
マップでは多くの場合、計測に縮尺を使用します。,Amir,Amazon Translate
カエデの木はシロップを作ります。,Amir,Amazon Translate
地図は旅行者が迷子にならないようにするのに役立ちます。,Amir,Amazon Translate
マップには都市部と農村部が表示されます。,Amir,Amazon Translate
ガチョウは毎年グループで移動します。,Amir,Amazon Translate
地図は首都と主要都市を識別します。,Amir,Amazon Translate
マップは空間を視覚的に表現します。,Amir,Amazon Translate
光合成は動物と人間に酸素を生成します。,Amir,Amazon Translate
葉は太陽光を吸収し、光合成中に炭水化物を生成します。,Amir,Amazon Translate
ほとんどのサメは海水にしか生息していません。,Amir,Amazon Translate
牛は世界中の人々に牛乳と牛肉を提供しています。,Amir,Amazon Translate
エベレスト山は地球上で海抜で最も高い山です。,Amir,Amazon Translate
虹色は常に同じ順序で観察されます。,Amir,Amazon Translate
ほとんどの陸上植物の栽培には土壌が不可欠です。,Amir,Amazon Translate
落花生は地下で食用の種子を生産します。,Amir,Amazon Translate
魚は水中でえらを使って溶存酸素を吸収します。,Amir,Amazon Translate
クラゲにはゼラチン状の体と刺すような触手があります。,Amir,Amazon Translate
イチゴは熟して赤くて甘い果実になります。,Amir,Amazon Translate
コヨーテは都市環境によく適応します。,Amir,Amazon Translate
ビニール袋は完全に分解するまでに数十年かかります。,Amir,Amazon Translate
お金は商品やサービスと交換されます。,Amir,Amazon Translate
マップは、道路、都市、および物理的なランドマークを正確に表しています。,Amir,Amazon Translate
パンダはほとんどタケノコだけを食べます。,Amir,Amazon Translate
アップルソースは、リンゴを調理してつぶして作られています。,Amir,Amazon Translate
地図は旅行者をなじみのない目的地へと導きます。,Amir,Amazon Translate
綿は植物のふわふわした種子の頭から作られます。,Amir,Amazon Translate
車のエンジンはガソリンに頼って作動します。,Amir,Amazon Translate
シマウマは馬科に属し、縞模様のコートを着ています。,Amir,Amazon Translate
学校は年齢や科目別にクラスを編成しています。,Amir,Amazon Translate
タマネギは調理済みの料理に強い風味をもたらします。,Amir,Amazon Translate
ガソリンは室温ですぐに蒸発します。,Amir,Amazon Translate
飛行機は空気力学を考慮して設計された翼を使って離陸します。,Amir,Amazon Translate
マウストラップは、屋内でのげっ歯類の存在を制御するように設定されています。,Amir,Amazon Translate
書籍は、印刷物またはデジタル形式で情報を伝えます。,Amir,Amazon Translate
ブドウは茎を支柱に巻き付けて登ります。,Amir,Amazon Translate
ベッドシーツは一般的に綿生地で作られています。,Amir,Amazon Translate
限られたスペースでは、混雑により騒音レベルが上がります。,Amir,Amazon Translate
紙は布やプラスチックよりも破れやすい。,Amir,Amazon Translate
キーでロックを解除すると、対応するロックが取り付けられたドアがロック解除されます。,Amir,Amazon Translate
ハゲタカは生きた獲物を狩る代わりに腐肉を探します。,Amir,Amazon Translate
カタツムリは危険から身を守るために殻の内側に後退します。,Amir,Amazon Translate
デザートはメインの食事の後に食べます。,Amir,Amazon Translate
恐竜は約6500万年前に絶滅しました。,Amir,Amazon Translate
傘は大雨からユーザーを守ります。,Amir,Amazon Translate
トマトは繁殖するために暖かい温度を必要とします。,Amir,Amazon Translate
バックパックは本や物資を快適に運ぶことができます。,Amir,Amazon Translate
ブランコは屋外の遊び場では一般的な備品です。,Amir,Amazon Translate
ミツバチは植物の受粉活動に直接貢献しています。,Amir,Amazon Translate
スーツケースには、旅行用の衣類や持ち物を収納できます。,Amir,Amazon Translate
月明かりは、太陽の光が月に反射することから生じます。,Amir,Amazon Translate
ベルトはパンツとスカートのフィット感を調整します。,Amir,Amazon Translate
手袋は指を寒さから守ります。,Amir,Amazon Translate
ドアベルは、玄関の外にいる訪問者に合図します。,Amir,Amazon Translate
金は非常によく電気を通します。,Amir,Amazon Translate
アンカーはボートを水中で1つの位置に固定します。,Amir,Amazon Translate
ピザは個別に提供する前にスライスされます。,Amir,Amazon Translate
はさみで紙、布、ひもを効率的にカットできます。,Amir,Amazon Translate
雪だるまは冬に転がされた雪玉から作られます。,Amir,Amazon Translate
スプリンクラーは芝生や庭に水を均等に分配します。,Amir,Amazon Translate
チェスでは、ユニークなゲームピースを戦略的に動かします。,Amir,Amazon Translate
カレンダーは、日、週、月を体系的に追跡します。,Amir,Amazon Translate
スクールバスは子供たちを家と学校の間を運びます。,Amir,Amazon Translate
ミツバチは花の蜜から蜂蜜を作ります。,Amir,Amazon Translate
犬はしっぽを使ってさまざまな感情を伝えます。,Amir,Amazon Translate
キノコは湿った環境で育つことを好みます。,Amir,Amazon Translate
クモは絹のような網を使って昆虫を捕まえます。,Amir,Amazon Translate
金は希少性と外観から貴重です。,Amir,Amazon Translate
じゃがいもは地下で栽培された食用塊茎です。,Amir,Amazon Translate
本は知識と物語を書面で保存しています。,Amir,Amazon Translate
角のある動物は捕食者から身を守ることができます。,Amir,Amazon Translate
ワシは人間よりも遠くの物体をはるかにはっきりと見えます。,Amir,Amazon Translate
高層ビルは都市では超高層ビルと呼ばれます。,Amir,Amazon Translate
橋は水や障害物で隔てられた土地をつないでいます。,Amir,Amazon Translate
雷雨時には自然に雷が発生します。,Amir,Amazon Translate
豆は植物由来のタンパク質を食事に供給します。,Amir,Amazon Translate
ラクダは、水が不足している砂漠の条件で繁殖します。,Amir,Amazon Translate
目覚まし時計は、音や振動の信号で人を目覚めさせます。,Amir,Amazon Translate
クッキーは世界中で人気のある甘い焼き菓子です。,Amir,Amazon Translate
鍵でロックを解除し、対応するロックで固定されたドアを開けます。,Amir,Amazon Translate
冷蔵庫は生鮮食品をより長く新鮮に保ちます。,Amir,Amazon Translate
ベルトはズボンやスカートをウエストに固定します。,Amir,Amazon Translate
ろうそくは芯をワックスで燃やすことで発光します。,Amir,Amazon Translate
カレンダーは、日付と関連する年次イベントを記録します。,Amir,Amazon Translate
ユニコーンは存在が証明されていない神話上の生き物です。,Amir,Amazon Translate
マウンテンバイクは起伏の多いオフロード地形でも簡単に走行できます。,Amir,Amazon Translate
マップには、方向を示すコンパスのバラが付いていることがよくあります。,Amir,Amazon Translate
コンピュータはバイナリコードを使用して情報を電子的に処理します。,Amir,Amazon Translate
手袋は手を保護し、暖かさを与えます。,Amir,Amazon Translate
歯科医は健康な歯のために口腔衛生を推進しています。,Amir,Amazon Translate
タブレットはポータブル電子コンピューティングデバイスとして機能します。,Amir,Amazon Translate
ガラスは透明で、可視光を通すことができます。,Amir,Amazon Translate
観葉植物は室内の空気の質と湿度レベルを改善します。,Amir,Amazon Translate
天気予報では、今後の降水量と気温の変化を予測しています。,Amir,Amazon Translate
バックパックは肩全体に均等に体重を分散します。,Amir,Amazon Translate
スプリンクラーシステムは、芝生や庭を自動的に灌漑します。,Amir,Amazon Translate
高層ビルではエレベーターで人を上げたり下げたりできます。,Amir,Amazon Translate
鏡は外観を正確に反映します。,Amir,Amazon Translate
壁掛け時計は時間が一目でわかります。,Amir,Amazon Translate
スクーターには個人輸送用の車輪が2つ付いています。,Amir,Amazon Translate
チューリップは毎年春に咲きます。,Amir,Amazon Translate
羊は羊毛を紡いで糸にします。,Amir,Amazon Translate
ペットボトルは自然に分解するのに何年もかかります。,Amir,Amazon Translate
米は水田と呼ばれる畑で栽培されています。,Amir,Amazon Translate
ウサギは脅威を察知する耳が長い。,Amir,Amazon Translate
クラゲには防御のために刺すような触手があります。,Amir,Amazon Translate
バラには、草食動物が食べるのを思いとどまらせるためのとげがあります。,Amir,Amazon Translate
リンゴには、赤、緑、黄色の種類があります。,Amir,Amazon Translate
キリンは長い首を使って高い木の葉にたどり着きます。,Amir,Amazon Translate
小さなフックとループを使ったベルクロスティック。,Amir,Amazon Translate
列車はエンジンパワーを使って線路沿いを走ります。,Amir,Amazon Translate
砂漠は森林に比べて年間降水量がほとんどありません。,Amir,Amazon Translate
火山は噴火時に溶けた溶岩と灰を排出します。,Amir,Amazon Translate
摩擦や化学反応によって軽い火にマッチします。,Amir,Amazon Translate
本はページの集まりです。,Amir,Amazon Translate
歯は噛むときに食べ物を分解するのに役立ちます。,Amir,Amazon Translate
草は平野、芝生、そしてさまざまな風景を覆っています。,Amir,Amazon Translate
ボウルには液体や固形食品を入れることができます。,Amir,Amazon Translate
デンタルフロスは、ブラシが届かない歯の間をきれいにします。,Amir,Amazon Translate
洗剤は衣類の生地の汚れを落とすのに役立ちます。,Amir,Amazon Translate
ピザは焼きたての生地にトッピングを加えたものです。,Amir,Amazon Translate
ハンドソープは、適切な洗濯中に細菌を殺します。,Amir,Amazon Translate
ミラーは、表面がきれいなときに画像を正確に反射します。,Amir,Amazon Translate
アリはコロニーのサバイバルタスクを効率的に調整します。,Amir,Amazon Translate
シマウマはアフリカのサバンナ全域で群れをなして暮らしています。,Amir,Amazon Translate
ラジオは電磁波を介して音声信号を送信します。,Amir,Amazon Translate
スーツケースは旅行用品の持ち運びをより便利にします。,Amir,Amazon Translate
クレーンはケーブルシステムを使用して重い荷物を持ち上げます。,Amir,Amazon Translate
馬は動きが速く、人間のライダーをサポートします。,Amir,Amazon Translate
傘は雨や強い日差しから身を守るのに役立ちます。,Amir,Amazon Translate
タブレットは、タッチスクリーンと計算能力を組み合わせて携帯性を高めています。,Amir,Amazon Translate
ファンは空気を循環させて密閉空間を冷却します。,Amir,Amazon Translate
目覚まし時計は特定の時間に人を目覚めさせます。,Amir,Amazon Translate
自転車は、足で動くペダルを使ってライダーを運びます。,Amir,Amazon Translate
ヘリコプターは回転ブレードのおかげで垂直に飛びます。,Amir,Amazon Translate
枕はヘッドをクッションし、快適な睡眠姿勢を実現します。,Amir,Amazon Translate
カーテンは部屋への光の侵入を遮断します。,Amir,Amazon Translate
掃除機は床からほこりや破片を吸引します。,Amir,Amazon Translate
ドアベルは、訪問者の到着を自宅の居住者に警告します。,Amir,Amazon Translate
ベンチは、公共またはプライベートな場所に座席を提供します。,Amir,Amazon Translate
ペイントロールは壁に均等に色を付けます。,Amir,Amazon Translate
ショッピングカートは、店舗での食料品の購入を簡単にします。,Amir,Amazon Translate
財布には、身分証明書、お金、領収書が入ります。,Amir,Amazon Translate
ノートブックを使用すると、ユーザーはメモを書いたり整理したりできます。,Amir,Amazon Translate
パンは空気に触れると古くなります。,Amir,Amazon Translate
オウムは多くの環境音をまねることができます。,Amir,Amazon Translate
アリは特別な役割を持つコロニーを作ります。,Amir,Amazon Translate
シマウマには独特の白黒の縞模様があります。,Amir,Amazon Translate
曇りの日は雨や暴風雨の可能性があります。,Amir,Amazon Translate
ペンギンは空を飛ぶことはできませんが、水中では巧みに泳ぎます。,Amir,Amazon Translate
コモドオオトカゲは現存する最大のトカゲです。,Amir,Amazon Translate
菌類は土壌中の有機物を分解します。,Amir,Amazon Translate
花火は大きな音を出し、色とりどりの光を放ちます。,Amir,Amazon Translate
ホッキョクグマは北極海の海氷地域に生息しています。,Amir,Amazon Translate
晴れた空では夕日がより鮮やかに見えます。,Amir,Amazon Translate
チョークは粗い表面にも簡単に書けます。,Amir,Amazon Translate
ピーナッツはマメ科植物として水面下で育ちます。,Amir,Amazon Translate
コーヒー豆はコーヒーチェリーの種を焙煎したものです。,Amir,Amazon Translate
ブロッコリーはビタミンや食物繊維が豊富です。,Amir,Amazon Translate
マップでは、地形タイプを表すために色を使用することがよくあります。,Amir,Amazon Translate
プラスチック汚染は海洋野生生物の生態系を脅かしています。,Amir,Amazon Translate
草原は大きな動物の群れの放牧を支えています。,Amir,Amazon Translate
海洋生物には、魚、カニ、タコなどの生き物が含まれます。,Amir,Amazon Translate
氷河は何世紀にもわたってゆっくりと風景を変えています。,Amir,Amazon Translate
自動車は通常、内燃機関を使用して運転します。,Amir,Amazon Translate
ショッピングカートは食料品の輸送に役立ちます。,Amir,Amazon Translate
鏡は光を反射して画像を表示します。,Amir,Amazon Translate
子牛は成牛になる前の若い牛です。,Amir,Amazon Translate
財布は身分証明書とお金を安全に保管します。,Amir,Amazon Translate
新聞は最近の出来事や情報を毎日報道しています。,Amir,Amazon Translate
接着剤は多様な素材をしっかりと接着します。,Amir,Amazon Translate
巣は卵や孵化したばかりの子を安全に保護します。,Amir,Amazon Translate
ガラスは強い衝撃を受けると粉々になります。,Amir,Amazon Translate
バナナはエネルギーとしてカリウムと天然糖を供給します。,Amir,Amazon Translate
プラスチック容器は食品を安全かつ便利に保管します。,Amir,Amazon Translate
オレンジには免疫に重要なビタミンCが含まれています。,Amir,Amazon Translate
ミツバチは巣箱と呼ばれる組織化されたコロニーで蜂蜜を作ります。,Amir,Amazon Translate
米は湿った環境で育つ主食です。,Amir,Amazon Translate
カエルは、足が発達する前はオタマジャクシとして始まります。,Amir,Amazon Translate
チョークは教育的な執筆目的でよく使用されます。,Amir,Amazon Translate
砂漠は毎年ほとんど降雨がなく、乾燥したままです。,Amir,Amazon Translate
マップには、等高線を使用して標高の変化が表示されます。,Amir,Amazon Translate
アザラシは冷たい海で優雅に動きます。,Amir,Amazon Translate
トマトは果実を熟成させるために暖かさと日光を必要とします。,Amir,Amazon Translate
接着剤は紙片を表面に強く付着させます。,Amir,Amazon Translate
ショッピングカートは、大型食料品店のお客様を支援します。,Amir,Amazon Translate
キーはお揃いのロックにぴったり合うようにカットされています。,Amir,Amazon Translate
飛行機は高高度で長距離を移動します。,Amir,Amazon Translate
コットン生地は柔らかく、吸収性の高い素材です。,Amir,Amazon Translate
あらかじめ設定した時間に目覚まし時計が鳴り、ユーザーを起こします。,Amir,Amazon Translate
バックパックは物資を肩にかけて快適に運べます。,Amir,Amazon Translate
クルミは木の固い保護殻の中で育ちます。,Amir,Amazon Translate
はさみでさまざまな紙や薄くて柔軟な素材を切ります。,Amir,Amazon Translate
馬はしばしば広大な土地を素早く駆け抜けます。,Amir,Amazon Translate
ベッドは睡眠をサポートし、一晩中快適に休息します。,Amir,Amazon Translate
階段は建物内のフロアを垂直に接続します。,Amir,Amazon Translate
窓からは天候を遮りながら光が入ります。,Amir,Amazon Translate
ベルトはウエストにループが付いたズボンを支えます。,Amir,Amazon Translate
オレンジジュースは熟したオレンジを搾ったものです。,Amir,Amazon Translate
カーテンは日光を遮断し、室内のプライバシーを守ります。,Amir,Amazon Translate
テレビはビデオとオーディオのエンターテイメント信号を送信します。,Amir,Amazon Translate
子供は大人の歯が生える前に乳歯を失います。,Amir,Amazon Translate
列車は効率的な大量輸送のために線路上を移動します。,Amir,Amazon Translate
地図は未知の場所や都市を簡単に移動するのに役立ちます。,Amir,Amazon Translate
卵には筋肉の成長に不可欠なタンパク質が含まれています。,Amir,Amazon Translate
コインは、金属製のブランクに平らにスタンプを押して作られています。,Amir,Amazon Translate
オオカミは小型の哺乳類を揃えて群れをなして狩りをします。,Amir,Amazon Translate
アザラシは陸上でも水上でも効率的に動きます。,Amir,Amazon Translate
羊は世界中で織物に広く使われている羊毛を生産しています。,Amir,Amazon Translate
車が走るには内燃機関または電気モーターが必要です。,Amir,Amazon Translate
ピーナッツは生分解性の殻の中で自然に地下で熟します。,Amir,Amazon Translate
チョークは暗いスレートの表面に目に見えて書けます。,Amir,Amazon Translate
リコピン色素が含まれているため、トマトは赤く熟します。,Amir,Amazon Translate
観葉植物は、定期的な水やりと屋内の間接的な日光を必要とします。,Amir,Amazon Translate
田んぼは水田と呼ばれ、通常は浸水します。,Amir,Amazon Translate
ワシは幅広で力強い羽根を使って高く舞い上がります。,Amir,Amazon Translate
本は、印刷ページまたはデジタルページで情報を整理します。,Amir,Amazon Translate
コンピュータは、バイナリ電気信号を介してデータを処理します。,Amir,Amazon Translate
咀の過程で歯が固形食を分解します。,Amir,Amazon Translate
温度計は、水銀、アルコール、または電子機器を使用して温度を測定します。,Amir,Amazon Translate
カワウソは足で岩を持って貝を割って開きます。,Amir,Amazon Translate
雷は雷雨時の静電気から発生します。,Amir,Amazon Translate
ノートブックには、メモやリマインダーを書くための裏地付きのページがあります。,Amir,Amazon Translate
ペイントブラシは液体塗料を表面に滑らかに塗ります。,Amir,Amazon Translate
鏡は、背面の磨かれたガラス表面を使用して画像を反射します。,Amir,Amazon Translate
ベンチには同時に複数の人が座れます。,Amir,Amazon Translate
クルミは、健康的な脂肪が豊富な殻の固いナッツです。,Amir,Amazon Translate
掃除機は床からほこりの粒子を効率的に取り除きます。,Amir,Amazon Translate
ランプは夜間の読書用の直射光を提供します。,Amir,Amazon Translate
エレベーターは、複数階建ての建物間で居住者を便利に持ち上げることができます。,Amir,Amazon Translate
エアコンは暑い夏の間、室内の温度を調節します。,Amir,Amazon Translate
キーボードは、書かれた文字をコンピューティングデバイスに正確に入力します。,Amir,Amazon Translate
時計は昼夜を問わず常に時を刻みます。,Amir,Amazon Translate
シャベルはガーデニングや造園プロジェクトで効果的に土を掘ります。,Amir,Amazon Translate
ヘルメットは、サイクリングやオートバイ活動中の頭部外傷を軽減します。,Amir,Amazon Translate
石鹸はグリース分子を分解して洗浄中に除去します。,Amir,Amazon Translate
卵には成長に重要なタンパク質やその他の栄養素が含まれています。,Amir,Amazon Translate
チーズはミルクプロテインを凝固させて作られます。,Amir,Amazon Translate
プラスチックは屋外で自然に分解するのに何世紀もかかります。,Amir,Amazon Translate
冷蔵庫は低温を維持することで生鮮食品を新鮮に保ちます。,Amir,Amazon Translate
酵母が二酸化炭素を放出するので、パンは上がります。,Amir,Amazon Translate
チョークはボードに描くのによく使われます。,Amir,Amazon Translate
蝶は変態後、クリサリスから孵化します。,Amir,Amazon Translate
レインコートは着用者が雨に濡れるのを防ぎます。,Amir,Amazon Translate
氷は分子構造により水に浮きます。,Amir,Amazon Translate
雷は、雷雨の際に電荷の不均衡が原因で発生します。,Amir,Amazon Translate
コインは、国の通貨価値を使用して少額の購入を行う場合に使用できます。,Amir,Amazon Translate
キーを使用すると、正確にカットされた溝に合わせてドアが開きます。,Amir,Amazon Translate
財布には、現金、硬貨、カードを安全に収納できます。,Amir,Amazon Translate
ベッドは快適で、日常の睡眠をサポートしてくれます。,Amir,Amazon Translate
ショッピングカートでは、店内で食料品を集めることができます。,Amir,Amazon Translate
タブレットを使用すると、ユーザーはデジタルで閲覧、読み取り、入力できます。,Amir,Amazon Translate
時計は昼夜を問わず正確な時刻を表示します。,Amir,Amazon Translate
カレンダーは、月、週、祝日、予定を明確に整理します。,Amir,Amazon Translate
バックパックにはショルダーストラップが付いているので、アイテムを簡単に持ち運べます。,Amir,Amazon Translate
ブランコは前後に動いてレクリエーションを行います。,Amir,Amazon Translate
目覚まし時計は大音量で鳴り、眠っている人を確実に目覚めさせます。,Amir,Amazon Translate
リンゴは温帯気候の落葉樹で育ちます。,Amir,Amazon Translate
塩は風味を高め、保存に使用されます。,Amir,Amazon Translate
うさぎは緑の植物を食べ、耳が長い。,Amir,Amazon Translate
アリのコロニーは、労働者、兵士、女王で構成されています。,Amir,Amazon Translate
落花生は地下の保護殻の中で成長します。,Amir,Amazon Translate
本は蓄積された情報を書面による記録にまとめます。,Amir,Amazon Translate
トマトの果実は、品種に応じて赤、黄、またはピンクに熟します。,Amir,Amazon Translate
ミツバチはワグルダンスを通してコミュニケーションをとります。,Amir,Amazon Translate
石鹸は手の汚れや油分を効率的に取り除くのに役立ちます。,Amir,Amazon Translate
キーボードは、コンピューターまたはデジタルデバイスの文字を入力します。,Amir,Amazon Translate
はさみで紙、布、または薄いシートを正確にカットします。,Amir,Amazon Translate
カレンダーページでは、時間を日、週、月に分けます。,Amir,Amazon Translate
ペイントブラシは、木、壁、またはキャンバスに均一に仕上げます。,Amir,Amazon Translate
映画は、連続した動画を使用してストーリーを提示します。,Amir,Amazon Translate
接着剤は、乾燥すると材料をすばやく永久に結合します。,Amir,Amazon Translate
熱気球が上昇するのは、熱気が冷たい空気よりも密度が低いためです。,Amir,Amazon Translate
鏡は可視光をはっきりと反射するので、身だしなみを整えることができます。,Amir,Amazon Translate
財布には、お金、カード、重要な書類を整理できます。,Amir,Amazon Translate
歯は食べ物を噛んで胃で消化しやすくします。,Amir,Amazon Translate
犬は興奮を伝えたり、危険を知らせるために吠えます。,Amir,Amazon Translate
バナナは筋肉機能に必要なカリウムを供給します。,Amir,Amazon Translate
アリのコロニーは異なる社会的カーストで組織化されています。,Amir,Amazon Translate
列車は線路に沿って遠くの目的地間を移動します。,Amir,Amazon Translate
牛は何百万もの人々が消費する牛乳を供給しています。,Amir,Amazon Translate
クラゲは海流を利用して受動的に動きます。,Amir,Amazon Translate
イチゴは最初は白く、熟すと真っ赤になります。,Amir,Amazon Translate
リンゴは、世界中の涼しく温暖な気候で最もよく育ちます。,Amir,Amazon Translate
チョークは暗い色の筆記板に印を付けるのに適しています。,Amir,Amazon Translate
カンガルーは若いジョーイを腹部ポーチに入れて運びます。,Amir,Amazon Translate
クジラは大気中の酸素を吸い込むために定期的に浮上します。,Amir,Amazon Translate
イーグルスは並外れた視力を使って獲物を見つけます。,Amir,Amazon Translate
ハンマーツールは釘をしっかりと木に打ち込みます。,Amir,Amazon Translate
カワウソは石を使って貝の餌を割ります。,Amir,Amazon Translate
最適な植物開発のため、田んぼは浸水しています。,Amir,Amazon Translate
バックパックを使用すると、ハンズフリーで快適に持ち物を運ぶことができます。,Amir,Amazon Translate
スプリンクラーシステムは、定期的に芝生に自動的に水をやります。,Amir,Amazon Translate
電気は家、オフィス、通りを照らします。,Amir,Amazon Translate
牛は肉と乳製品の両方を供給します。,Amir,Amazon Translate
チョークはボードに印を付け、簡単に消すことができます。,Amir,Amazon Translate
パンダはほぼ毎日竹だけを消費します。,Amir,Amazon Translate
クラゲは自由に浮き、防御のために刺します。,Amir,Amazon Translate
パンが盛り上がるのは、酵母が気泡を作るからです。,Amir,Amazon Translate
リンゴは春に花が咲く木に生えます。,Amir,Amazon Translate
チーズは、牛乳、山羊乳、または羊乳を発酵させたものです。,Amir,Amazon Translate
ホッキョクグマは北極圏の生息地にのみ生息しています。,Amir,Amazon Translate
イルカは水中を航行するためにソナークリックを使います。,Amir,Amazon Translate
落花生は地上ではなく土壌の内部で成熟します。,Amir,Amazon Translate
椅子は座り心地が良く、室内では座り心地が良くなります。,Amir,Amazon Translate
本には、紙のページに印刷された事実や物語が含まれています。,Amir,Amazon Translate
鍵はロック付きで、ドアからの入室が可能です。,Amir,Amazon Translate
ベンチシートは複数の人が外で休むことができます。,Amir,Amazon Translate
クルミは、硬い殻と殻で覆われたナッツです。,Amir,Amazon Translate
スープは一般的にボウルに入れて熱々で提供されます。,Amir,Amazon Translate
ベッドは人間が毎晩快適に眠れるようサポートします。,Amir,Amazon Translate
ワクチンはさまざまな伝染病を予防します。,Amir,Amazon Translate
スーツケースには、人々が家を離れる間、衣類を収納できます。,Amir,Amazon Translate
ホッチキスは、金属製のホッチキスを使ってばらばらの紙シートを取り付けます。,Amir,Amazon Translate
カワウソは水中で見つかった岩を使って貝を開きます。,Amir,Amazon Translate
懐中電灯は電池を使って暗い場所を照らします。,Amir,Amazon Translate
ベンチは公共の屋外休憩用家具として機能します。,Amir,Amazon Translate
自転車などのアクティビティでは、ヘルメットが頭部を保護します。,Amir,Amazon Translate
掃除機は吸引力でほこりやごみを取り除きます。,Amir,Amazon Translate
シェイクスピアは多くの有名な戯曲を書いた。,Amir,Amazon Translate
モナリザはルーヴル美術館に飾られています。,Amir,Amazon Translate
レオナルド・ダ・ヴィンチは「最後の晩餐」を描きました。,Amir,Amazon Translate
フリーダ・カーロはメキシコの画家でした。,Amir,Amazon Translate
アテネは最初の近代オリンピックを開催しました。,Amir,Amazon Translate
ランニングは心血管の健康を高めます。,Amir,Amazon Translate
ラップミュージックはアメリカで生まれました。,Amir,Amazon Translate
ヴェネツィアは運河で知られています。,Amir,Amazon Translate
ビタミンCは免疫機能を高めます。,Amir,Amazon Translate
古代のピラミッドはエジプトにあります。,Amir,Amazon Translate
日本は4つの主要な島で構成されています。,Amir,Amazon Translate
飲料水は脱水を防ぎます。,Amir,Amazon Translate
ルネッサンス時代はイタリアで始まりました。,Amir,Amazon Translate
サッカーは世界中で人気があります。,Amir,Amazon Translate
オーストラリアにはカンガルーのようなユニークな有袋類がいます。,Amir,Amazon Translate
咳は気道から刺激物を排出します。,Amir,Amazon Translate
印象派は芸術家の光の使い方を変えました。,Amir,Amazon Translate
カナダは米国と国境を接しています。,Amir,Amazon Translate
喫煙は肺組織に損傷を与えます。,Amir,Amazon Translate
アレクサンダー・グラハム・ベルが電話を発明しました。,Amir,Amazon Translate
アマゾンの熱帯雨林は9か国にまたがっています。,Amir,Amazon Translate
俳句は日本の詩の一形態です。,Amir,Amazon Translate
ナイアガラの滝は米国とカナダの国境にあります。,Amir,Amazon Translate
彫刻には、石や金属などの素材を形作ることが含まれます。,Amir,Amazon Translate
アフリカには50か国以上が含まれています。,Amir,Amazon Translate
ロンドンのビッグベンは有名な時計塔です。,Amir,Amazon Translate
運動は筋肉と骨を強化します。,Amir,Amazon Translate
喘息は呼吸能力に影響します。,Amir,Amazon Translate
クラシック音楽はオーケストラをよく使います。,Amir,Amazon Translate
ローマにはコロッセオがあります。,Amir,Amazon Translate
コミック本は絵と言葉を使って物語を語ります。,Amir,Amazon Translate
アイスランドは地熱活動で知られています。,Amir,Amazon Translate
サハラ以南のアフリカには、多様な文化と言語があります。,Amir,Amazon Translate
バレエは正確でフォーマルな動きを使います。,Amir,Amazon Translate
エイブラハム・リンカーンはアメリカの奴隷制度を廃止しました。,Amir,Amazon Translate
バスケットボールにはドリブルとシューティングのスキルが必要です。,Amir,Amazon Translate
ギリシャには何千もの島があります。,Amir,Amazon Translate
禁煙はがんのリスクを軽減します。,Amir,Amazon Translate
フッ化物は歯を健康に保つのに役立ちます。,Amir,Amazon Translate
タージ・マハルはインドにあります。,Amir,Amazon Translate
貧血は赤血球が少ないことが原因です。,Amir,Amazon Translate
カリグラフィーは装飾的な手書きスタイルです。,Amir,Amazon Translate
ケニアは野生動物サファリで有名です。,Amir,Amazon Translate
映画制作は、脚本、演技、編集を組み合わせたものです。,Amir,Amazon Translate
ブラジルでは最大のカーニバルフェスティバルが開催されます。,Amir,Amazon Translate
腕立て伏せは上半身の強度を高めます。,Amir,Amazon Translate
ブロンズは銅とスズを混ぜて作られています。,Amir,Amazon Translate
ジャズはニューオーリンズで生まれました。,Amir,Amazon Translate
ネパールは中国とインドの間にあります。,Amir,Amazon Translate
脳卒中は脳の血流を乱します。,Amir,Amazon Translate
オペラは歌と演劇を組み合わせたものです。,Amir,Amazon Translate
南アメリカには熱帯雨林と高山があります。,Amir,Amazon Translate
マチュピチュはペルーの古代遺跡です。,Amir,Amazon Translate
水泳は素晴らしい有酸素運動です。,Amir,Amazon Translate
風邪はウイルスによって引き起こされます。,Amir,Amazon Translate
スペインはフラメンコダンスで知られています。,Amir,Amazon Translate
マリー・キュリーは放射性元素を発見しました。,Amir,Amazon Translate
ハイキングはカロリーを消費し、脚の筋肉を引き締めます。,Amir,Amazon Translate
化石は先史時代の生命の証拠となります。,Amir,Amazon Translate
カリブ海の島々はビーチを訪れる観光客を魅了します。,Amir,Amazon Translate
瞑想はストレスレベルを下げることができます。,Amir,Amazon Translate
封建時代の日本には武士がいました。,Amir,Amazon Translate
インドネシアは何千もの島々で構成されています。,Amir,Amazon Translate
血圧は定期的に監視する必要があります。,Amir,Amazon Translate
キュービズムは抽象芸術運動です。,Amir,Amazon Translate
ニューヨーク市には5つの区があります。,Amir,Amazon Translate
ウェイトリフティングは筋力を高めます。,Amir,Amazon Translate
マラリアは蚊に刺されて広がります。,Amir,Amazon Translate
ペルシャ絨毯は手織りの芸術作品です。,Amir,Amazon Translate
アラスカ州は米国で最も長い海岸線を持っています。,Amir,Amazon Translate
健康的な睡眠は記憶力と気分を改善します。,Amir,Amazon Translate
中世の城は防御構造でした。,Amir,Amazon Translate
仏教はインドからアジアに広がりました。,Amir,Amazon Translate
サン・ピエトロ大聖堂はバチカン市国にあります。,Amir,Amazon Translate
台風は東アジアの海岸線を頻繁に襲います。,Amir,Amazon Translate
野菜は食物繊維を供給します。,Amir,Amazon Translate
スミソニアン協会はアメリカの歴史を保存しています。,Amir,Amazon Translate
ノルウェーの沿岸地域にはフィヨルドがあります。,Amir,Amazon Translate
タンゴダンスはアルゼンチンで始まりました。,Amir,Amazon Translate
1989年にベルリンの壁が崩壊しました。,Amir,Amazon Translate
折り紙は日本の伝統的な折り紙芸術です。,Amir,Amazon Translate
タイには水上マーケットがあります。,Amir,Amazon Translate
第二次世界大戦は1945年に終わりました。,Amir,Amazon Translate
砂糖の摂取量が多すぎると肥満につながります。,Amir,Amazon Translate
フランスはワイン生産で有名です。,Amir,Amazon Translate
写真は現実の瞬間を永久に捉えます。,Amir,Amazon Translate
エルサレムはいくつかの宗教にとって重要です。,Amir,Amazon Translate
トルコはヨーロッパとアジアの架け橋です。,Amir,Amazon Translate
マヤ文明はピラミッド型の寺院を建てました。,Amir,Amazon Translate
ヨガは心と体の両方に利益をもたらします。,Amir,Amazon Translate
バロック音楽は装飾性が高い。,Amir,Amazon Translate
テスラは交流技術を開発しました。,Amir,Amazon Translate
BRICS諸国は、ブラジル、ロシア、インド、中国、南アフリカです。,Amir,Amazon Translate
巡礼者はプリマスロックに上陸しました。,Amir,Amazon Translate
シベリアはロシア北部の広大な領土をカバーしています。,Amir,Amazon Translate
ロッククライミングはグリップ力を高めます。,Amir,Amazon Translate
クレオパトラは古代エジプトを支配しました。,Amir,Amazon Translate
バイアスは社会調査の結果に影響を与えます。,Amir,Amazon Translate
儒教は中国の哲学に影響を与えました。,Amir,Amazon Translate
太陽エネルギーは一部の家庭に電力を供給します。,Amir,Amazon Translate
インドは毎年ディワリを祝います。,Amir,Amazon Translate
ジカウイルスは先天性欠損症を引き起こす可能性があります。,Amir,Amazon Translate
伝統的な漢方薬はハーブを使います。,Amir,Amazon Translate
ミケランジェロはルネッサンス時代にダビデを彫刻しました。,Amir,Amazon Translate
ミシシッピ川は米国を東西に分けます。,Amir,Amazon Translate
ヒップホップ文化は都市コミュニティで出現しました。,Amir,Amazon Translate
階段を登るのは体重を支える運動です。,Amir,Amazon Translate
海王星は太陽から8番目の惑星です。,Amir,Amazon Translate
柔道はスローとホールドを重視します。,Amir,Amazon Translate
ウォルト・ディズニーはアニメーションに革命をもたらしました。,Amir,Amazon Translate
シンガポールには、マレー、中国、インドの伝統が融合しています。,Amir,Amazon Translate
プラトンは古代ギリシャでアリストテレスを教えました。,Amir,Amazon Translate
イスラエルのキブツジムは共同生活を実践しています。,Amir,Amazon Translate
森林破壊は生物多様性を脅かします。,Amir,Amazon Translate
ストーンヘンジは先史時代の英国にまでさかのぼります.,Amir,Amazon Translate
チリは南米の西海岸沿いに広がっています。,Amir,Amazon Translate
血液検査は臓器の機能をチェックします。,Amir,Amazon Translate
太鼓はエネルギッシュな日本の舞台演奏です。,Amir,Amazon Translate
アーミッシュ文化はシンプルな生活を実践しています。,Amir,Amazon Translate
エッフェル塔はパリを象徴しています。,Amir,Amazon Translate
ピザはイタリアで生まれました。,Amir,Amazon Translate
ナイル川はエジプトを流れています。,Amir,Amazon Translate
毎日の水分補給は腎臓の健康を維持します。,Amir,Amazon Translate
第一次世界大戦は1914年に始まりました。,Amir,Amazon Translate
絵画は創造的な表現の一形態です。,Amir,Amazon Translate
東京は日本の首都です。,Amir,Amazon Translate
サイクリングは心血管の持久力を向上させます。,Amir,Amazon Translate
ジュリアス・シーザーはローマで暗殺されました。,Amir,Amazon Translate
農業は多くの社会に食糧を供給しています。,Amir,Amazon Translate
感情は個人の意思決定に影響します。,Amir,Amazon Translate
倫理は道徳的判断と行動を導きます。,Amir,Amazon Translate
カトリックにはバプテスマなどの秘跡があります。,Amir,Amazon Translate
民主主義には、市民が法律や指導者に投票することが含まれます。,Amir,Amazon Translate
スマートフォンは、信号を使ってどこからでも情報にアクセスします。,Amir,Amazon Translate
がん細胞は体内で制御不能に増殖します。,Amir,Amazon Translate
中世ヨーロッパには城や騎士が見られました。,Amir,Amazon Translate
国立公園にはハイキングコースがあります。,Amir,Amazon Translate
カナダはメープルシロップで有名です。,Amir,Amazon Translate
象形文字は古代エジプト人によって使用されていました。,Amir,Amazon Translate
バレエダンサーはトウシューズを履いて踊ります。,Amir,Amazon Translate
オーストラリアは太平洋とインド洋に囲まれています。,Amir,Amazon Translate
プロテインはトレーニング後の筋肉の回復を助けます。,Amir,Amazon Translate
ナポレオン・ボナパルトは1800年代初頭にフランスを統治しました。,Amir,Amazon Translate
調理には、熱を使って生の材料を組み合わせることが含まれます。,Amir,Amazon Translate
素数には 2 つの要素しかありません。,Amir,Amazon Translate
原子は結合して分子を形成します。,Amir,Amazon Translate
自尊心は精神的健康に影響します。,Amir,Amazon Translate
ロジックは複雑な問題を合理的に解決するのに役立ちます。,Amir,Amazon Translate
イスラム教には五柱と呼ばれる慣習が含まれています。,Amir,Amazon Translate
経済学は資源の生産と分配を研究します。,Amir,Amazon Translate
3D プリンタは、デジタル設計から物理モデルを作成します。,Amir,Amazon Translate
鳥の渡りは世界中で季節パターンに従います。,Amir,Amazon Translate
折り紙は紙を装飾的な形に変えます。,Amir,Amazon Translate
マチュピチュはインカ人によって建てられました。,Amir,Amazon Translate
中国は何世紀も前に火薬を発明しました。,Amir,Amazon Translate
買い物は地域経済を後押しします。,Amir,Amazon Translate
掛け算は足し算を繰り返すことです。,Amir,Amazon Translate
ジークムント・フロイトは精神分析を開発しました。,Amir,Amazon Translate
功利主義は全体的に最大限の幸福を目指しています。,Amir,Amazon Translate
ヒンドゥー教にはカルマと生まれ変わりの概念が組み込まれています。,Amir,Amazon Translate
社会的規範はグループの行動を形作ります。,Amir,Amazon Translate
人工知能は人間の思考プロセスを模倣します。,Amir,Amazon Translate
足首はウォーキングとランニングの動きをサポートします。,Amir,Amazon Translate
ベルリンでは主要な国際映画祭が開催されます。,Amir,Amazon Translate
アマゾンのジャングルは数百万平方キロメートルをカバーしています。,Amir,Amazon Translate
国旗は国家のアイデンティティを表しています。,Amir,Amazon Translate
歯磨きは虫歯や歯周病を防ぎます。,Amir,Amazon Translate
アポロ11号は人類を月に着陸させました。,Amir,Amazon Translate
イタリアのルネッサンスは有名な芸術家や思想家を輩出しました。,Amir,Amazon Translate
エジプトのピラミッドはファラオの墓の役割を果たしています。,Amir,Amazon Translate
釣りは食べ物とレクリエーションを提供します。,Amir,Amazon Translate
数値には、自然数、整数、整数、有理数のいずれでもかまいません。,Amir,Amazon Translate
抗生物質はウイルスではなく細菌感染症を治療します。,Amir,Amazon Translate
メンタルヘルスは日常生活の活動に影響します。,Amir,Amazon Translate
二元論は存在を心と物質に分けます。,Amir,Amazon Translate
刑事司法制度は法規を施行します。,Amir,Amazon Translate
衛星はテレビ放送を国際的に中継します。,Amir,Amazon Translate
予防接種は一般的な感染症を予防します。,Amir,Amazon Translate
キリンは主にアフリカのサバンナに生息しています。,Amir,Amazon Translate
交響曲では、オーケストラが全曲演奏する必要があります。,Amir,Amazon Translate
武道は護身術を発達させます。,Amir,Amazon Translate
万里の長城は中国北部に広がっています。,Amir,Amazon Translate
グルテンフリー食品はセリアック病の人を助けます。,Amir,Amazon Translate
フランス革命は君主制を終わらせた。,Amir,Amazon Translate
ダンスは身体の動きを通して感情を表現します。,Amir,Amazon Translate
銀河は何十億もの星で構成されています。,Amir,Amazon Translate
ボディランゲージは暗黙の感情を伝えます。,Amir,Amazon Translate
合理的思考は証拠を論理的に評価します。,Amir,Amazon Translate
仏教徒は実践を通して悟りを求めます。,Amir,Amazon Translate
投票は市民に政治的代表権を与えます。,Amir,Amazon Translate
クラウドコンピューティングは、外部サーバーにファイルを保存します。,Amir,Amazon Translate
十字軍は中世の宗教戦争を伴いました。,Amir,Amazon Translate
キャンプには屋外で一時的に寝ることが含まれます。,Amir,Amazon Translate
方程式変数は未知の値を表します。,Amir,Amazon Translate
惑星の軌道は太陽の周りの楕円軌道をたどります。,Amir,Amazon Translate
スエズ運河は地中海と紅海を結んでいます。,Amir,Amazon Translate
アマゾン川は世界中のほとんどの川よりも長い。,Amir,Amazon Translate
チェスは8×8のグリッドで行われます。,Amir,Amazon Translate
呼吸法は体を落ち着かせます。,Amir,Amazon Translate
バイキングは木造のボートで海を渡りました。,Amir,Amazon Translate
ファッショントレンドは文化の変化とともに進化します。,Amir,Amazon Translate
幾何学は形状、角度、表面を研究します。,Amir,Amazon Translate
物理学は、エネルギーが物質とどのように相互作用するかを説明します。,Amir,Amazon Translate
思春期は成人期への移行期を迎えます。,Amir,Amazon Translate
共感は他者の視点を理解することを可能にします。,Amir,Amazon Translate
不可知論は、神に関する知識の確実性に疑問を投げかけています。,Amir,Amazon Translate
富士山は日本で一番高い山です。,Amir,Amazon Translate
ヒップホップはニューヨークのブロンクスで始まりました。,Amir,Amazon Translate
サハラ砂漠は北アフリカの大部分を覆っています。,Amir,Amazon Translate
ローマ帝国は西暦476年に崩壊しました。,Amir,Amazon Translate
ショッピングモールには、1つの屋根の下に複数の店舗があります。,Amir,Amazon Translate
円周は円周を直径で割ったものです。,Amir,Amazon Translate
内向的な人は孤独からエネルギーを取り戻します。,Amir,Amazon Translate
批判的思考は仮定と証拠に疑問を投げかけます。,Amir,Amazon Translate
ヒンドゥー教の祭りは神々や季節の出来事を祝います。,Amir,Amazon Translate
社会階級は人々を地位別に整理します。,Amir,Amazon Translate
電気自動車はガソリンエンジンの代わりにバッテリーを使用します。,Amir,Amazon Translate
ジャズ音楽は即興が特徴です。,Amir,Amazon Translate
ナイル川はアフリカで最も長い川です。,Amir,Amazon Translate
第二次世界大戦は1939年に始まりました。,Amir,Amazon Translate
家で料理するとお金を節約できます。,Amir,Amazon Translate
代数は未知の変数を解きます。,Amir,Amazon Translate
個人の価値観は意思決定に影響します。,Amir,Amazon Translate
議論は分析的思考を促します。,Amir,Amazon Translate
トーラーにはユダヤ教の宗教文書が含まれています。,Amir,Amazon Translate
政府は国内で法律を施行します。,Amir,Amazon Translate
ラップトップは旅行中もコンピューティングが可能です。,Amir,Amazon Translate
アボカドはメキシコ原産の木に生えています。,Amir,Amazon Translate
キュービズムは芸術が空間を表現する方法を変えました。,Amir,Amazon Translate
イエローストーンはアメリカ初の国立公園です。,Amir,Amazon Translate
適切な水分補給は、運動時の熱中症を防ぎます。,Amir,Amazon Translate
ナポレオンはウォータールーで敗北しました。,Amir,Amazon Translate
ガーデニングはストレスレベルを下げることができます。,Amir,Amazon Translate
ポリゴンには 3 つ以上の辺があります。,Amir,Amazon Translate
銅は電気をよく通します。,Amir,Amazon Translate
セルフコントロールは長期的な目標の達成をサポートします。,Amir,Amazon Translate
控除は一般原則から詳細を推測します。,Amir,Amazon Translate
儒教は道徳的発達を強調します。,Amir,Amazon Translate
世論調査は民主主義における世論を示しています。,Amir,Amazon Translate
Wi-Fiはワイヤレスインターネットアクセスを提供します。,Amir,Amazon Translate
オペラはルネッサンス期にイタリアで始まりました。,Amir,Amazon Translate
モスクワはロシア最大の都市です。,Amir,Amazon Translate
筋力トレーニングは筋肉組織を構築します。,Amir,Amazon Translate
天然痘ワクチン接種により、この病気は世界中で根絶されました。,Amir,Amazon Translate
エッフェル塔は1889年に完成しました。,Amir,Amazon Translate
ブレイクダンスにはアクロバティックな動きとスピンが含まれます。,Amir,Amazon Translate
ビクトリアの滝はジンバブエとザンビアの間にあります。,Amir,Amazon Translate
ジョギングはカロリーを効率的に燃焼します。,Amir,Amazon Translate
エカチェリーナ2世はロシアの領土を拡大しました。,Amir,Amazon Translate
ピクニックは食事とアウトドアレジャーを組み合わせたものです。,Amir,Amazon Translate
数学の方程式には、ステートメントを満たす答えが必要です。,Amir,Amazon Translate
チームワークは、協力とコミュニケーション能力に依存しています。,Amir,Amazon Translate
分析的推論は問題を小さな部分に分割します。,Amir,Amazon Translate
カルマはヒンドゥー教の信仰体系における再生に影響を与えます。,Amir,Amazon Translate
家族構成は社会によって異なります。,Amir,Amazon Translate
自転車ギアは、ライダーがさまざまな地形を走るのに役立ちます。,Amir,Amazon Translate
キウイフルーツにはビタミンCが豊富に含まれています。,Amir,Amazon Translate
現代のポップミュージックは、多くの音楽スタイルを融合させています。,Amir,Amazon Translate
ポルトガルはヨーロッパでスペインとだけ接しています。,Amir,Amazon Translate
長い散歩は心臓の健康を促進します。,Amir,Amazon Translate
内戦は国を内部で分裂させます。,Amir,Amazon Translate
ランドリーは、水と石鹸を使って衣類をきれいにします。,Amir,Amazon Translate
微積分学は、学生が微積分学の概念を理解できるようにするためのものです。,Amir,Amazon Translate
ストレス管理は全体的な回復力を高めます。,Amir,Amazon Translate
ロジックパズルは体系的な推論能力をテストします。,Amir,Amazon Translate
宗教的断食は通常、特定の食品を制限します。,Amir,Amazon Translate
グローバリゼーションは市場をグローバルに結び付けます。,Amir,Amazon Translate
ロボットが自動的に掃除機で床を掃除します。,Amir,Amazon Translate
グラフィティは都会のストリートアートと見なされています。,Amir,Amazon Translate
スカンジナビアには、スウェーデン、ノルウェー、デンマークが含まれます。,Amir,Amazon Translate
睡眠は記憶の統合を助けます。,Amir,Amazon Translate
中世の騎士たちは騎士道の規範に従いました。,Amir,Amazon Translate
捕鯨船は北極と南極の海域を探検しました。,Amir,Amazon Translate
キルトは生地の切れ端を毛布やアートに変えます。,Amir,Amazon Translate
ゴールデンゲートブリッジはサンフランシスコ湾に架かっています。,Amir,Amazon Translate
理学療法は怪我をした後の動きを回復させます。,Amir,Amazon Translate
ハリエット・タブマンは奴隷にされた人々を自由に導きました。,Amir,Amazon Translate
陶器作りには、粘土を形作り、焼成することが含まれます。,Amir,Amazon Translate
対数は掛け算と割り算を単純化します。,Amir,Amazon Translate
性格特性は個人の性格を形作ります。,Amir,Amazon Translate
懐疑論者は、十分な証拠がないと主張を疑います。,Amir,Amazon Translate
イスラムの祈りはメッカに向いています。,Amir,Amazon Translate
公共交通機関は交通渋滞を緩和します。,Amir,Amazon Translate
クラウドストレージは、個人デバイスからデータを保護します。,Amir,Amazon Translate
オリーブは主に地中海地域で栽培されています。,Amir,Amazon Translate
ルネッサンスの芸術家は遠近法を高度化しました。,Amir,Amazon Translate
シュノーケリングでは、水面近くの水中探索が可能です。,Amir,Amazon Translate
有機化学は炭素系分子を研究します。,Amir,Amazon Translate
社会的役割は行動に対する期待を定義します。,Amir,Amazon Translate
ファイアウォールは、コンピュータネットワークを不正アクセスから保護します。,Amir,Amazon Translate
ビタミンDはカルシウムの吸収を助け、骨の健康に役立ちます。,Amir,Amazon Translate
封建領主は中世ヨーロッパの土地を統治していました。,Amir,Amazon Translate
民話は世代を超えて文化的知恵を共有しています。,Amir,Amazon Translate
アジアは世界で最も人口が多い。,Amir,Amazon Translate
陸上競技には、ランニング、ジャンプ、投げなどがあります。,Amir,Amazon Translate
リスト内包表記はプログラミングコード構造を簡略化します。,Amir,Amazon Translate
超新星は大質量星の死を告げる。,Amir,Amazon Translate
感情的知性は健全な関係を促進します。,Amir,Amazon Translate
形而上学は、物理的な世界を超えた現実を調べます。,Amir,Amazon Translate
生まれ変わりは、魂が新しい体に戻ることを意味します。,Amir,Amazon Translate
モーツァルトはクラシック時代に交響曲を作曲しました。,Amir,Amazon Translate
インドネシアは世界最大の島国です。,Amir,Amazon Translate
アフリカはどの大陸でも最も多くの国があります。,Amir,Amazon Translate
毎日歩くと血圧を下げることができます。,Amir,Amazon Translate
ジュリアス・シーザーは自らを生涯独裁者と宣言した。,Amir,Amazon Translate
彫刻家は粘土、石、木、または金属を材料として使用します。,Amir,Amazon Translate
キリマンジャロ山はアフリカで最も高い山です。,Amir,Amazon Translate
ウェイトを持ち上げると骨密度が上がります。,Amir,Amazon Translate
独立記念日は植民地支配からの解放を記念します。,Amir,Amazon Translate
天の川は私たちの故郷の銀河です。,Amir,Amazon Translate
自信はポジティブな社会的交流をサポートします。,Amir,Amazon Translate
演論理は前提から結論に達します。,Amir,Amazon Translate
瞑想の習慣は多くの東洋の宗教に存在しています。,Amir,Amazon Translate
結婚は、社会によって認められた正式なパートナーシップです。,Amir,Amazon Translate
フォークミュージックは伝統的な物語を歌の形で保存しています。,Amir,Amazon Translate
スペリオル湖は北米最大の湖です。,Amir,Amazon Translate
有酸素運動には継続的な酸素摂取が必要です。,Amir,Amazon Translate
第一次世界大戦はヴェルサイユ条約で終わりました。,Amir,Amazon Translate
バーベキューは直接加熱して料理を作ります。,Amir,Amazon Translate
酸のpHは7未満です。,Amir,Amazon Translate
自己啓発とは、多くの場合、新しいスキルを学ぶことを意味します。,Amir,Amazon Translate
倫理的ジレンマにはさまざまな側面があります。,Amir,Amazon Translate
イスラム教では、毎日特定の時間に祈る必要があります。,Amir,Amazon Translate
ソーシャルネットワークは、世界中の人々をオンラインでつなぎます。,Amir,Amazon Translate
電子書籍は文献へのポータブルアクセスを可能にします。,Amir,Amazon Translate
パパイヤは熱帯気候で最もよく育ちます。,Amir,Amazon Translate
シュールレアリスムは、芸術における夢のようなシーンを強調しています。,Amir,Amazon Translate
バグダッドはチグリス川の近くにあります。,Amir,Amazon Translate
食物繊維は消化器系の健康を改善します。,Amir,Amazon Translate
公民権法は人種差別を禁止しました。,Amir,Amazon Translate
ワークアウトを行うと、気分を改善するエンドルフィンが放出されます。,Amir,Amazon Translate
アルバート・アインシュタインは一般相対性理論を開発しました。,Amir,Amazon Translate
アーバンガーデニングは都市の中で植物を育てます。,Amir,Amazon Translate
素因数が乗算されて元の数になります。,Amir,Amazon Translate
電荷が突然放電すると雷が発生します。,Amir,Amazon Translate
共感はより強いコミュニティの構築に役立ちます。,Amir,Amazon Translate
類推による推論は、状況間の比較を引き出します。,Amir,Amazon Translate
道教は自然との調和が満足をもたらすと示唆しています。,Amir,Amazon Translate
世論は政策決定に影響を与えます。,Amir,Amazon Translate
ドローンは上から風景を撮影します。,Amir,Amazon Translate
オペラ歌手は厳しいボーカルトレーニングを受けます。,Amir,Amazon Translate
アンデス山脈は南米西部に沿って走っています。,Amir,Amazon Translate
コーヒーはエチオピアで生まれました。,Amir,Amazon Translate
コーヒーを適度に摂取すると、覚醒度が高まる可能性があります。,Amir,Amazon Translate
ヘンリー8世はイングランド国教会を設立しました。,Amir,Amazon Translate
サッカーの試合は時間を半分に分けます。,Amir,Amazon Translate
数独パズルは論理的思考能力に挑戦します。,Amir,Amazon Translate
化学の分野には、有機タイプと無機タイプがあります。,Amir,Amazon Translate
原子は結晶のなかに繰り返して並んでいます。,Amir,Amazon Translate
感謝の気持ちは感情的な幸福を高めます。,Amir,Amazon Translate
論理ステートメントは真か偽でなければなりません。,Amir,Amazon Translate
理神論は神を信じるが、組織化された宗教は信じない。,Amir,Amazon Translate
離婚は家族の法的関係を変えます。,Amir,Amazon Translate
検索エンジンは、デジタル情報をすばやく見つけるのに役立ちます。,Amir,Amazon Translate
さくらんぼは花の咲く樹種で育ちます。,Amir,Amazon Translate
ソナタはソロ楽器用の楽曲です。,Amir,Amazon Translate
サウナは発汗を促進してリラックスさせます。,Amir,Amazon Translate
文明はメソポタミアでくさび文字を生み出しました。,Amir,Amazon Translate
ボートは主要な筋肉群を活性化します。,Amir,Amazon Translate
群島とは、連なる島々を指します。,Amir,Amazon Translate
天然ガスは家を効率的に暖めます。,Amir,Amazon Translate
知恵は経験、知識、そして適切な判断から成り立っています。,Amir,Amazon Translate
バイアスクラウド研究の客観性,Amir,Amazon Translate
ギリシャ正教会のキリスト教はビザンチンの伝統に従っています。,Amir,Amazon Translate
国勢調査では定期的に人口データを集計します。,Amir,Amazon Translate
スマートウォッチはフィットネスやカレンダーイベントを記録します。,Amir,Amazon Translate
川は何世紀にもわたって徐々に谷を侵食します。,Amir,Amazon Translate
ストリートアートには、公共の場所での壁画やインスタレーションが含まれます。,Amir,Amazon Translate
カリフォルニアのヨセミテバレーはアウトドア愛好家を魅了しています。,Amir,Amazon Translate
プロテインパウダーはアスリートの食事を補います。,Amir,Amazon Translate
ジャンヌ・ダルクはフランス軍を率いてイギリス軍と戦った。,Amir,Amazon Translate
デザートには、砂糖、チョコレート、またはフルーツのフレーバーが含まれていることがよくあります。,Amir,Amazon Translate
指数は数値の繰り返し乗算を示します。,Amir,Amazon Translate
海の潮汐は、主に月の引力によって変化します。,Amir,Amazon Translate
実験の変数は結果に体系的に影響します。,Amir,Amazon Translate
創造的な表現は個性を奨励します。,Amir,Amazon Translate
不条理主義は哲学的見地における無意味さを浮き彫りにする。,Amir,Amazon Translate
神道は日本では神と呼ばれる霊を称えます。,Amir,Amazon Translate
市民的自由は個人の自由の権利を保護します。,Amir,Amazon Translate
暗号化は、複雑なアルゴリズムを通じてデジタル通信を保護します。,Amir,Amazon Translate
クラウドコンピューティングは、インターネット接続を介して処理リソースを共有します。,Amir,Amazon Translate
オレンジは地中海性気候や亜熱帯気候で繁栄します。,Amir,Amazon Translate
モザイクアートは小さなタイルや石をつなぎ合わせています。,Amir,Amazon Translate
南極大陸は最も乾燥していて最も寒い大陸です。,Amir,Amazon Translate
マウンテンバイクには、巧みなバランスとコーディネーションが必要です。,Amir,Amazon Translate
古生物学は化石を研究して古代の生物を理解します。,Amir,Amazon Translate
政党は、共通の信念に基づいてメンバーを組織します。,Amir,Amazon Translate
ファイアウォールソフトウェアは、不要なトラフィックがコンピュータシステムに入るのを防ぎます。,Amir,Amazon Translate
ビタミンB12は神経機能と赤血球形成を助けます。,Amir,Amazon Translate
ローマ陥落後、シャルルマーニュは西ヨーロッパを支配しました。,Amir,Amazon Translate
叙事詩には英雄的な行動と壮大なテーマが使われています。,Amir,Amazon Translate
アジアは他の大陸よりも多くの土地をカバーしています。,Amir,Amazon Translate
五種競技は5つのスポーツイベントを組み合わせたものです。,Amir,Amazon Translate
ブーリアンロジックは、値を真または偽の状態に制限します。,Amir,Amazon Translate
銀河はその巨大な中心の周りをゆっくりと回転します。,Amir,Amazon Translate
何が正しくて何が間違っているかは、道徳によって決まります。,Amir,Amazon Translate
汎神論は、宇宙のあらゆる側面に神性を見出しています。,Amir,Amazon Translate
ピカソは芸術におけるキュービズム運動を創設しました。,Amir,Amazon Translate
グリーンランドは地球最大の島です。,Amir,Amazon Translate
米国は複数のタイムゾーンにまたがっています。,Amir,Amazon Translate
第二次世界大戦は日本の降伏で終わりました。,Amir,Amazon Translate
血液は血管網を通って流れます。,Amir,Amazon Translate
アイデンティティは、人々が自分自身をどのように見るかを形作ります。,Amir,Amazon Translate
三段論法は演法的推論に論理を使用します。,Amir,Amazon Translate
無神論とは、神々の存在に対する不信です。,Amir,Amazon Translate
世俗社会は宗教を政府業務から切り離します。,Amir,Amazon Translate
Bluetooth はデバイスを短距離でワイヤレスで接続します。,Amir,Amazon Translate
ハーレム・ルネッサンスはブラック・アメリカン・アートを育てました。,Amir,Amazon Translate
マドリードはスペインの首都で最大の都市です。,Amir,Amazon Translate
水泳ラップは有酸素フィットネスを高めます。,Amir,Amazon Translate
条約は国家間の平和を形式化します。,Amir,Amazon Translate
揚げ物は熱い油で食べ物を調理します。,Amir,Amazon Translate
電卓は算術タスクをスピードアップします。,Amir,Amazon Translate
すべての物質は原子からなる。,Amir,Amazon Translate
日常的な睡眠は感情的な健康を改善します。,Amir,Amazon Translate
帰納論理は証拠から一般化を引き出します。,Amir,Amazon Translate
道教は楽な行動、つまりウーウェイを目指しています。,Amir,Amazon Translate
慈善団体は、困っているコミュニティを支援します。,Amir,Amazon Translate
自動化工場は製品の生産量を効率的に増やします。,Amir,Amazon Translate
キウイは温暖な気候で最もよく育ちます。,Amir,Amazon Translate
ポップバンドはギター、ベース、ドラムをよく使います。,Amir,Amazon Translate
マッターホルンはスイスとイタリアにまたがっています。,Amir,Amazon Translate
ゆっくり食べるとカロリー摂取量が減ることがあります。,Amir,Amazon Translate
中国の王朝は、支配的な家族によって歴史的な時代を迎えました。,Amir,Amazon Translate
ローラースケートはバランスとコーディネーションのスキルを兼ね備えています。,Amir,Amazon Translate
分度器は、形状の問題が発生した場合に角度を測定します。,Amir,Amazon Translate
導体は電流を容易に伝達します。,Amir,Amazon Translate
マインドフルネスは、現在に注意を集中するのに役立ちます。,Amir,Amazon Translate
アナロジーは、無関係なトピック間の類似点を比較します。,Amir,Amazon Translate
ヒューマニズムは理性、科学、そして人間の尊厳を大切にします。,Amir,Amazon Translate
聖典は宗教的教えを定義します。,Amir,Amazon Translate
司法機関は裁判所制度内の法律を解釈します。,Amir,Amazon Translate
ハイブリッド車は、ガソリンと電力を組み合わせたものです。,Amir,Amazon Translate
マンゴーはアジア原産の核果です。,Amir,Amazon Translate
デジタルコラージュは、複数の視覚要素を電子的にミックスします。,Amir,Amazon Translate
バグパイプは封入されたリードを使って音楽を奏でます。,Amir,Amazon Translate
アマルフィ海岸は風光明媚な美しさで有名です。,Amir,Amazon Translate
ジョギングを定期的に行うと、心臓病のリスクが軽減されます。,Amir,Amazon Translate
クリミア戦争はヨーロッパの同盟を再形成しました。,Amir,Amazon Translate
編み物は糸と針を使って生地を作ります。,Amir,Amazon Translate
系列の合計は、連続した数値を合計します。,Amir,Amazon Translate
静電気が原因で髪が立ち上がることがあります。,Amir,Amazon Translate
ビタミンEは抗酸化物質として作用します。,Amir,Amazon Translate
民族は日常の習慣や伝統に影響を与えます。,Amir,Amazon Translate
ルター派はプロテスタント改革中に確立された教義に従います。,Amir,Amazon Translate
コンセンサスには、グループメンバー間の一般的な合意が含まれます。,Amir,Amazon Translate
ワイヤレスヘッドフォンを使用すると、オーディオデバイスのコードが不要になります。,Amir,Amazon Translate
ニンジンは根として栄養分を地下に蓄えます。,Amir,Amazon Translate
ベネチアンマスクは精巧な装飾が施されています。,Amir,Amazon Translate
アイスランド人は地熱温水プールを楽しんでいます。,Amir,Amazon Translate
ほうれん草には鉄分とビタミンAとCが含まれています。,Amir,Amazon Translate
スパルタはギリシャの軍国主義文化で知られていました。,Amir,Amazon Translate
チェスをすることは戦略的思考能力を高めます。,Amir,Amazon Translate
重力は、落下する物体を9.8 m/s²で地球に引き寄せます。,Amir,Amazon Translate
非二元論は、主体体験と対象体験の区別を取り除きます。,Amir,Amazon Translate
禅仏教はマインドフルネス瞑想を実践しています。,Amir,Amazon Translate
国民投票では、特定の問題について直接投票することができます。,Amir,Amazon Translate
交通信号は交差点を規制します。,Amir,Amazon Translate
トラは主にアジアの森林や草原に生息しています。,Amir,Amazon Translate
オペラには、ソロパフォーマーが歌うアリアが含まれます。,Amir,Amazon Translate
チェコ人はチェコ語を公式に話します。,Amir,Amazon Translate
エジプト人は最も初期の書体の一つを開発しました。,Amir,Amazon Translate
プードルはコンパニオンドッグの品種に属します。,Amir,Amazon Translate
バルバロッサはナチスドイツのソ連に対するキャンペーンでした。,Amir,Amazon Translate
荷物は旅行中に持ち物を保護します。,Amir,Amazon Translate
面積は数学で表面サイズを測定します。,Amir,Amazon Translate
原子質量は、陽子と中性子を合わせたものとほぼ同じです。,Amir,Amazon Translate
仲間からの影響は、思春期の選択に大きな影響を与えます。,Amir,Amazon Translate
批判的合理主義は、改善のためにアイデアをテストすることを強調します。,Amir,Amazon Translate
クロスシンボリズムは多くの宗教に現れています。,Amir,Amazon Translate
議会は新しい法律について議論し、可決します。,Amir,Amazon Translate
グリッドは、地理学者が場所を正確に見つけるのに役立ちます。,Amir,Amazon Translate
土壌には、植物の成長に不可欠な生物が生息しています。,Amir,Amazon Translate
グレープフルーツは柑橘類に属します。,Amir,Amazon Translate
ヒスイは彫刻やジュエリーとして珍重されています。,Amir,Amazon Translate
ベルリンギングはイベントを通知するために使用されます。,Amir,Amazon Translate
インカ帝国は南アメリカ西部に広がりました。,Amir,Amazon Translate
人種差別は歴史的にアメリカの施設を人種ごとに分けていました。,Amir,Amazon Translate
エアコンは暖かい地域の建物を冷やします。,Amir,Amazon Translate
プッシュ通知アラートは、モバイルデバイスのユーザーに即座に届きます。,Amir,Amazon Translate
レンブラントは多くの自画像を描きました。,Amir,Amazon Translate
スマトラ島はインドネシア最大の島の一つです。,Amir,Amazon Translate
アイスランドは中部大西洋海嶺に位置しています。,Amir,Amazon Translate
運動前にストレッチすることで、筋肉の損傷を防ぎます。,Amir,Amazon Translate
フランス革命は1789年に始まりました。,Amir,Amazon Translate
料理には、ベーキング、グリル、ロースト、ソテーなどがあります。,Amir,Amazon Translate
六角形には 6 つの辺があります。,Amir,Amazon Translate
音を伝えるには媒体が必要です。,Amir,Amazon Translate
内省は個人の理解を深めます。,Amir,Amazon Translate
帰納的推論は、観察を利用して理論を形成します。,Amir,Amazon Translate
神社は日本では一般的です。,Amir,Amazon Translate
憲法は政府の構造と権利を概説しています。,Amir,Amazon Translate
光ファイバーケーブルは光信号を伝送します。,Amir,Amazon Translate
ザクロはイランとインド北部に自生しています。,Amir,Amazon Translate
クラシックバレエは、ルネッサンス期にイタリアで始まりました。,Amir,Amazon Translate
モントリオールはケベック州の都市です。,Amir,Amazon Translate
早歩きはゆっくり歩くよりも多くのカロリーを消費します。,Amir,Amazon Translate
休戦記念日は第一次世界大戦の終結を記念します。,Amir,Amazon Translate
スープはスープでもクリーミーでもかまいません。,Amir,Amazon Translate
代数式では、文字を使用して数値を表します。,Amir,Amazon Translate
物質は固体、液体、または気体として存在します。,Amir,Amazon Translate
ドーパミンは気分とモチベーションを調節します。,Amir,Amazon Translate
論理引数には有効な形式と無効な形式があります。,Amir,Amazon Translate
汎神論は自然を神聖なものと見なしています。,Amir,Amazon Translate
聖職者はしばしば宗教儀式を主導します。,Amir,Amazon Translate
ドローンカメラは空中からの視点を撮影します。,Amir,Amazon Translate
ケールは涼しい気候でよく育ちます。,Amir,Amazon Translate
チェンバロはバロック音楽で人気がありました。,Amir,Amazon Translate
バイカル湖は世界で最も深いです。,Amir,Amazon Translate
縄跳びは心拍数と協調性を向上させます。,Amir,Amazon Translate
アポロミッションは月面を探索しました。,Amir,Amazon Translate
アーティストはクリエイティブな効果を出すためにミクストメディアを使います。,Amir,Amazon Translate
ビットマップはピクセルから作られたデジタル画像です。,Amir,Amazon Translate
棚田は農業用の水を管理しています。,Amir,Amazon Translate
カロリー摂取量が少なすぎると、飢餓が起こります。,Amir,Amazon Translate
酵素は細胞内の化学反応を促進します。,Amir,Amazon Translate
円形のオブジェクトは平らな表面上をスムーズに転がります。,Amir,Amazon Translate
ティーハウスは、アジアの友達と交流する酒飲みの場です。,Amir,Amazon Translate
宇宙論は宇宙の起源と構造を探ります。,Amir,Amazon Translate
美徳は文化を超えて倫理的行動を導きます。,Amir,Amazon Translate
信仰の伝統は道徳的選択に影響を与えます。,Amir,Amazon Translate
投票により、ガバナンスへの国民の参加が保証されます。,Amir,Amazon Translate
クラウドベースのバックアップは、デジタルデータをオフサイトで保護します。,Amir,Amazon Translate
ジャズバンドには、ウィンド、ブラス、リズムのセクションがあります。,Amir,Amazon Translate
シナイ半島はアフリカとアジアを結んでいます。,Amir,Amazon Translate
バドミントンには速い反射神経と敏捷性が必要です。,Amir,Amazon Translate
原子には陽子、中性子、電子が含まれています。,Amir,Amazon Translate
感覚ニューロンは刺激を脳に中継します。,Amir,Amazon Translate
告白詩は私的な感情体験を明らかにします。,Amir,Amazon Translate
チャド湖の大きさは毎年大きく異なります。,Amir,Amazon Translate
後ろ向きのランニングは、さまざまな筋肉に挑戦します。,Amir,Amazon Translate
サウナセラピーは毒素の発汗を促します。,Amir,Amazon Translate
侵食は土や岩を取り除くことで景観を形作ります。,Amir,Amazon Translate
修道女は霊的奉仕に人生を捧げます。,Amir,Amazon Translate
照明デザインは劇場やイベントに雰囲気を作り出します。,Amir,Amazon Translate
クロスワードパズルは英語の語彙力を高めます。,Amir,Amazon Translate
細気管支は肺の肺胞に空気を供給します。,Amir,Amazon Translate
ナノテクノロジーは物質を原子スケールで操作します。,Amir,Amazon Translate
サフィックスは基本単語の意味を変更します。,Amir,Amazon Translate
人類の進化は何百万年も前にさかのぼります。,Amir,Amazon Translate
かつては路面電車が都市交通網を支配していました。,Amir,Amazon Translate
確率は、事象の発生確率を数学的に推定します。,Amir,Amazon Translate
標準偏差はデータの変動性を測定します。,Amir,Amazon Translate
フロイトはイド、エゴ、スーパーエゴの概念を開発しました。,Amir,Amazon Translate
偶像破壊主義は歴史的に宗教的なイメージに抵抗していました。,Amir,Amazon Translate
州政府は地方政策を制定します。,Amir,Amazon Translate
スルタンはオスマン帝国を統治しました。,Amir,Amazon Translate
各国は紛争を平和的に解決するための条約に署名します。,Amir,Amazon Translate
行と列はスプレッドシートの情報を整理します。,Amir,Amazon Translate
引き潮がスイマーを岸から引き離します。,Amir,Amazon Translate
蝶は顕花植物に受粉します。,Amir,Amazon Translate
アクチュアリーは数学モデルを使用して財務リスクを評価します。,Amir,Amazon Translate
熱力学は、熱と仕事の関係を表します。,Amir,Amazon Translate
叙情詩は強い感情を簡潔に表現します。,Amir,Amazon Translate
多神教は複数の神を崇拝します。,Amir,Amazon Translate
一夫多妻制は複数のパートナーとの結婚を可能にします。,Amir,Amazon Translate
自動車は20世紀の輸送に革命をもたらしました。,Amir,Amazon Translate
LED電球は白熱灯よりも消費電力が少なくて済みます。,Amir,Amazon Translate
深海海溝は構造プレート間の境界を示しています。,Amir,Amazon Translate
クラウドファンディングは、少額の個人寄付を通じてプロジェクトを支援します。,Amir,Amazon Translate
肉食動物は主に動物の組織を食べます。,Amir,Amazon Translate
疑わしい真実にもかかわらず、都市伝説は広く広まった。,Amir,Amazon Translate
クリティカル・リアリズムは、客観的な事実と主観的な視点を組み合わせたものです。,Amir,Amazon Translate
フレスコ画の技法では、濡れた石膏に絵を描きます。,Amir,Amazon Translate
教会の聖歌隊は賛美歌を調和して歌います。,Amir,Amazon Translate
吸収スペクトルは元素組成の特定に役立ちます。,Amir,Amazon Translate
ジャガーは中南米の熱帯雨林に生息しています。,Amir,Amazon Translate
北京は2008年に夏季オリンピックを開催しました。,Amir,Amazon Translate
データ暗号化コードは不正アクセスを制限します。,Amir,Amazon Translate
風が冷えると冷たい空気が冷たく感じられます。,Amir,Amazon Translate
スフィンクスはエジプトのピラミッドの近くにあります。,Amir,Amazon Translate
マダガスカルはアフリカ沖の島国です。,Amir,Amazon Translate
ジャンピングジャックは心拍数をすばやく上げます。,Amir,Amazon Translate
マグナカルタは英国の王権を制限しました。,Amir,Amazon Translate
グラフィティは公共の場に描かれた芸術です。,Amir,Amazon Translate
五角形にはまっすぐな辺が5つあります。,Amir,Amazon Translate
敬意は個人に前向きな自己概念を築きます。,Amir,Amazon Translate
経験的証拠は論理的な結論を裏付けています。,Amir,Amazon Translate
儀式は、崇拝者にとって重要な出来事を再現するものです。,Amir,Amazon Translate
公民権は個人の自由を守るために存在します。,Amir,Amazon Translate
ブルートゥーステクノロジーは物理的なケーブルの代わりになります。,Amir,Amazon Translate
ピスタチオはグリーンナッツの一種です。,Amir,Amazon Translate
オートクチュールはハイエンドのカスタムファッションを代表しています。,Amir,Amazon Translate
カサブランカはモロッコ最大の人口都市です。,Amir,Amazon Translate
サイクリングは定期的に脚の筋肉を強化します。,Amir,Amazon Translate
アレキサンダー大王はヘレニズム文化を広めました。,Amir,Amazon Translate
ゆっくり調理するとより深い味わいになります。,Amir,Amazon Translate
方程式では、2 つの式の間に等号を使用します。,Amir,Amazon Translate
分子は、原子が電子を共有したり移動したりするときに形成されます。,Amir,Amazon Translate
一貫したルーチンは、ストレスと不安を軽減します。,Amir,Amazon Translate
演論理は、特定のケースに一般的なルールを適用します。,Amir,Amazon Translate
ヒューマニズムは人間の福祉と尊厳を優先します。,Amir,Amazon Translate
説教は宗教的なメッセージと教訓を伝えます。,Amir,Amazon Translate
フィットネストラッカーは身体活動レベルを監視します。,Amir,Amazon Translate
マンゴーは暖かく湿った気候で繁栄します。,Amir,Amazon Translate
バロック絵画は、光と影の劇的なコントラストを示しています。,Amir,Amazon Translate
トスカーナはイタリア中部のなだらかな丘陵地帯にあります。,Amir,Amazon Translate
間食が多すぎると体重が増えます。,Amir,Amazon Translate
ローマ帝国は最盛期に3つの大陸にまたがっていました。,Amir,Amazon Translate
賃貸により一時的な生活の手配が可能になります。,Amir,Amazon Translate
鉄の釘は湿った状態では錆びます。,Amir,Amazon Translate
定期的なマインドフルネスの実践は衝動的な行動を減らします。,Amir,Amazon Translate
アナロジーは、関連する例を使用して抽象的なアイデアを明確にします。,Amir,Amazon Translate
プラグマティズムは、実際の結果に基づいて行動を判断します。,Amir,Amazon Translate
聖典は信仰の伝統を形作ります。,Amir,Amazon Translate
議会は法規を作成し、改正します。,Amir,Amazon Translate
携帯電話は通信にセルラーネットワークを使用します。,Amir,Amazon Translate
カブは地下で根菜として育ちます。,Amir,Amazon Translate
ステンドグラスは多くの古い教会を飾っています。,Amir,Amazon Translate
シンガポールは厳しい清潔規制で知られています。,Amir,Amazon Translate
カリウムは細胞内の体液バランスを維持します。,Amir,Amazon Translate
ジェンダーの役割は文化と歴史によって形作られます。,Amir,Amazon Translate
大司教は広大なキリスト教地域を監督します。,Amir,Amazon Translate
社会契約は、法律が公の合意からどのように生まれるかを説明しています。,Amir,Amazon Translate
オンラインフォーラムでは、世界中のグループディスカッションが可能です。,Amir,Amazon Translate
ビザンチン様式のモザイクは、金色の背景に聖書の場面を描いています。,Amir,Amazon Translate
キリマンジャロは東アフリカの平野にそびえています。,Amir,Amazon Translate
フィールドホッケーはスティックとハードボールを使用します。,Amir,Amazon Translate
炭素原子は容易に結合して長い有機分子になります。,Amir,Amazon Translate
神経信号は感覚メッセージを迅速に送ります。,Amir,Amazon Translate
メーターはメートル法で長さを測定します。,Amir,Amazon Translate
エピック小説は、世代や旅を超えてヒーローを追っています。,Amir,Amazon Translate
アニミズムは、精霊が自然の物体に生息することを考えています。,Amir,Amazon Translate
シャリアは一部のイスラム諸国の法律に影響を与えます。,Amir,Amazon Translate
外交は国際的に和平協定を交渉します。,Amir,Amazon Translate
国民投票は、問題に関する直接的な民主主義を招きます。,Amir,Amazon Translate
緯度は赤道の北または南の距離を表します。,Amir,Amazon Translate
ハリケーンは地球のコリオリ効果によって自転します。,Amir,Amazon Translate
マルハナバチは、蜜を探している間、花に肥料を与えるのに役立ちます。,Amir,Amazon Translate
アナリストは株式市場の動向を毎日解釈します。,Amir,Amazon Translate
モーションセンサーは屋内と屋外の動きを検出します。,Amir,Amazon Translate
橋は川や谷に架かる道路を支えます。,Amir,Amazon Translate
喘息は、特定のトリガー時に呼吸を制限します。,Amir,Amazon Translate
グリフは画像ベースのシンボルを通して言語を伝えます。,Amir,Amazon Translate
北極探検家は極寒と孤立に直面しています。,Amir,Amazon Translate
映画のストーリーテリングにはシネマトグラフィーが不可欠です。,Amir,Amazon Translate
四足動物は自然に4本足で歩きます。,Amir,Amazon Translate
指紋は独自の個人識別方法を提供します。,Amir,Amazon Translate
バンクシーは有名な匿名のストリートアーティストです。,Amir,Amazon Translate
チベットは世界で最も高い高原に位置しています。,Amir,Amazon Translate
ブラジルは、チリとエクアドルを除くすべての南米諸国と国境を接しています。,Amir,Amazon Translate
腹筋運動は腹筋と体幹を鍛えます。,Amir,Amazon Translate
月面着陸は1969年に行われました。,Amir,Amazon Translate
ストリートフォトは、公共の場での率直な瞬間を捉えます。,Amir,Amazon Translate
液体は容器の形をしています。,Amir,Amazon Translate
個人的な成果は、自尊心とモチベーションを高めます。,Amir,Amazon Translate
直感は意思決定における論理的分析を補完します。,Amir,Amazon Translate
シーク教は15世紀のパンジャブで始まりました。,Amir,Amazon Translate
公共図書館では、コミュニティで利用できる無料の本を提供しています。,Amir,Amazon Translate
ゴマはベーキングや料理に使用されます。,Amir,Amazon Translate
ボリウッド映画は、音楽、ドラマ、ダンスを組み合わせたものです。,Amir,Amazon Translate
バンコクはタイの首都で最大の都市です。,Amir,Amazon Translate
パワーウォーキングは、関節への影響を最小限に抑えながらスタミナを増加させます。,Amir,Amazon Translate
独立宣言は1776年に署名されました。,Amir,Amazon Translate
自家醸造では、制御された発酵によってビールが作られます。,Amir,Amazon Translate
小数は小数点以下の桁数表記で表されます。,Amir,Amazon Translate
ガスは膨張して利用可能なスペースをすべて満たします。,Amir,Amazon Translate
ルーチンは、子供たちが安全で安心できるようにするのに役立ちます。,Amir,Amazon Translate
循環論法は、有効な証拠なしに主張を繰り返します。,Amir,Amazon Translate
超越主義は直感と自然な精神性を強調します。,Amir,Amazon Translate
牧師はキリスト教の会衆と儀式を主導します。,Amir,Amazon Translate
ウェアラブルテクノロジーは、歩数、心拍数、または睡眠サイクルを追跡します。,Amir,Amazon Translate
グアバは熱帯の常緑樹に生えています。,Amir,Amazon Translate
表現主義は大胆な色と形を通して感情を伝えます。,Amir,Amazon Translate
リオデジャネイロには有名なビーチやカーニバルパレードがあります。,Amir,Amazon Translate
午前中の間食は食欲調節を妨げる可能性があります。,Amir,Amazon Translate
ヨーロッパとの接触前は、アステカ帝国が中央メキシコを支配していました。,Amir,Amazon Translate
ルームメイトは費用と家事を一緒に分担します。,Amir,Amazon Translate
うるう年は 2 月に 1 日追加されます。,Amir,Amazon Translate
アルミニウムは鉄よりも腐食に強い。,Amir,Amazon Translate
予算編成は、不必要な支出を長期的に制限します。,Amir,Amazon Translate
象徴主義は、物語や芸術においてオブジェクトに幅広い意味を与えます。,Amir,Amazon Translate
現象学は意識的な経験を体系的に研究します。,Amir,Amazon Translate
たとえ話は宗教的な経典で道徳を教えています。,Amir,Amazon Translate
行政機関は政府レベルで法律を施行します。,Amir,Amazon Translate
光ファイバーはインターネット速度を大幅に向上させます。,Amir,Amazon Translate
グラフィティは都市の表面で社会的なメッセージを表現します。,Amir,Amazon Translate
牧師は信仰の問題について教区民に助言します。,Amir,Amazon Translate
民事訴訟は、非刑事上の法的意見の相違を解決します。,Amir,Amazon Translate
デジタルプラットフォームでは、グローバルな会話を簡単に行うことができます。,Amir,Amazon Translate
花粉交配者は花粉を移すことによって植物の繁殖を助けます。,Amir,Amazon Translate
アールデコ建築は、幾何学的で流線型のデザインを使用しています。,Amir,Amazon Translate
ロッキー山脈は北米で最も長く連続した山脈を形成しています。,Amir,Amazon Translate
野球では、ボールをバットでベースに向かって打ちます。,Amir,Amazon Translate
運動ニューロンは全身の筋肉の動きを制御します。,Amir,Amazon Translate
ドラマは感情の発達や葛藤に焦点を当てています。,Amir,Amazon Translate
ストイシズムは美徳を人生の最大の利益として教えています。,Amir,Amazon Translate
説教者は礼拝中に説教を行います。,Amir,Amazon Translate
裁判官は確立された法律に従って規則を解釈します。,Amir,Amazon Translate
スマートフォンはモバイルオペレーティングシステムで動作します。,Amir,Amazon Translate
大根は種から収穫まで早く成熟します。,Amir,Amazon Translate
壁画は建物を大きく描いた絵で飾ります。,Amir,Amazon Translate
ソウルは韓国の首都です。,Amir,Amazon Translate
リンは健康な骨と歯の形成をサポートします。,Amir,Amazon Translate
社会的役割は、グループ内で期待される行動を定義します。,Amir,Amazon Translate
修道士は祈りと学習に人生を捧げます。,Amir,Amazon Translate
請願書は、ポリシー変更要求の署名を集めます。,Amir,Amazon Translate
テキストメッセージは、簡単な通信をデジタルで送信します。,Amir,Amazon Translate
固有種は特定の地域にのみ生息しています。,Amir,Amazon Translate
犬ぞりは、雪に覆われた地形を横断して物資を運びます。,Amir,Amazon Translate
ローマ時代のモザイクが床と壁を小さなタイルで飾りました。,Amir,Amazon Translate
エベレストベースキャンプは世界中のトレッカーを魅了しています。,Amir,Amazon Translate
シェフは専門的に料理のレシピを作成します。,Amir,Amazon Translate
長除算では、数字を整数に分割します。,Amir,Amazon Translate
遺伝学は生物に受け継がれてきた特徴を説明しています。,Amir,Amazon Translate
ショートフィクションは数ページで完全な物語を語ります。,Amir,Amazon Translate
トーテムポールは先住民の祖先を表しています。,Amir,Amazon Translate
アニメーターはキャラクターをフレームごとに生き生きとさせます。,Amir,Amazon Translate
甲殻類には、カニ、ロブスター、エビが含まれます。,Amir,Amazon Translate
北斎は有名な版画「神奈川沖の大波」を作成しました。,Amir,Amazon Translate
タスマニアはオーストラリアの島国です。,Amir,Amazon Translate
スイスは内陸国であり、5か国に隣接しています。,Amir,Amazon Translate
腕立て伏せはレジスタンストレーニングに体重を使用します。,Amir,Amazon Translate
アポロ13号は災害に近い月面ミッションでした。,Amir,Amazon Translate
カリグラフィーでは、ペンやブラシのストロークを注意深く制御する必要があります。,Amir,Amazon Translate
円には無限の対称線があります。,Amir,Amazon Translate
物質は物理反応または化学反応で保存されます。,Amir,Amazon Translate
毎日の断言は自尊心の成長をサポートします。,Amir,Amazon Translate
研究方法は、観察を通じて仮説を検証します。,Amir,Amazon Translate
禅の庭は、岩、砂、植物を美的に配置しています。,Amir,Amazon Translate
市民の義務には、投票と陪審員サービスが含まれます。,Amir,Amazon Translate
ワイヤレスネットワークにより、コードなしでデバイスを接続できます。,Amir,Amazon Translate
天日干しトマトは料理の材料として使用されます。,Amir,Amazon Translate
サルサ音楽は、アフロキューバのリズムとジャズの要素を融合させています。,Amir,Amazon Translate
バンクーバーは太平洋とコースト山脈の間に位置しています。,Amir,Amazon Translate
ローイングでは、腕と背筋の力を調整します。,Amir,Amazon Translate
ナントの勅令はフランスの宗教の自由を認めました。,Amir,Amazon Translate
スチームはより多くの栄養素を保持しながら野菜を調理します。,Amir,Amazon Translate
16進法では、可能な16桁の数字を使用します。,Amir,Amazon Translate
プラズマはガスよりも電気をよく伝導します。,Amir,Amazon Translate
概日リズムは、さまざまな時期の覚醒に影響します。,Amir,Amazon Translate
アナログ信号は時間とともに連続的に変化します。,Amir,Amazon Translate
構造主義は文化システム内のパターンを分析します。,Amir,Amazon Translate
司祭は世界の多くの宗教で儀式を行います。,Amir,Amazon Translate
ライドシェアリングサービスはモバイルアプリケーションに依存しています。,Amir,Amazon Translate
ドリアンの果実は強い香りがしますが、味は甘いです。,Amir,Amazon Translate
アールヌーボーは、流れるような曲線と自然な形が特徴です。,Amir,Amazon Translate
ウィーン・フィルハーモニー管弦楽団は有名なクラシックオーケストラです。,Amir,Amazon Translate
立って食べると分量が減ることがあります。,Amir,Amazon Translate
インカ人は南アメリカに広範な道路網を建設しました。,Amir,Amazon Translate
学生寮は大学の共同住宅です。,Amir,Amazon Translate
習慣の積み重ねは、既存の習慣に基づいて新しいルーチンを構築します。,Amir,Amazon Translate
視覚的なメタファーは、芸術におけるアイディアを象徴的に表します。,Amir,Amazon Translate
結果主義は行動の結果によって道徳を判断します。,Amir,Amazon Translate
典礼は公の礼拝の決まった形態です。,Amir,Amazon Translate
民法は非刑法問題を対象としています。,Amir,Amazon Translate
暗号化はデジタルデータをスクランブルしてプライバシーを守ります。,Amir,Amazon Translate
ラディッキオはミックスサラダに苦味を加えます。,Amir,Amazon Translate
グラフィティにタグを付けると、アーティストのIDがパブリックウォールに残ります。,Amir,Amazon Translate
修道女は学校の授業を教えたり、病人の世話をしたりすることがあります。,Amir,Amazon Translate
特許法は発明者のオリジナル作品を一時的に保護します。,Amir,Amazon Translate
クラウドファンディングは、中小企業が金融資本を調達するのに役立ちます。,Amir,Amazon Translate
食物網は、エネルギーが生態系でどのように流れるかを表しています。,Amir,Amazon Translate
バロック様式の教会では、祭壇に金メッキの彫刻が使用されていました。,Amir,Amazon Translate
アパラチア山脈はアラバマ州からカナダまで広がっています。,Amir,Amazon Translate
バドミントンラケットには長いハンドルと紐付きのヘッドが付いています。,Amir,Amazon Translate
メタンは燃焼すると熱を放出します。,Amir,Amazon Translate
光は他の既知の現象よりも速く伝わります。,Amir,Amazon Translate
椅子は仕事中や休憩中に体重を支えます。,Amir,Amazon Translate
叙事詩は英雄的な冒険や探求を語ります。,Amir,Amazon Translate
聖約はユダヤ人の伝統における拘束力のある約束を定めています。,Amir,Amazon Translate
憲法裁判所は、法律が国の憲法に適合するかどうかを決定します。,Amir,Amazon Translate
クラウドシーディングは、人工的に降雨を誘発することを目的としています。,Amir,Amazon Translate
ブロードバンドは高速インターネット接続を提供します。,Amir,Amazon Translate
耐久イベントでは、距離を重ねるごとに参加者のスタミナが試されます。,Amir,Amazon Translate
ダンスグループはシンクロナイズド・パフォーマンスのために広範囲にトレーニングを行っています。,Amir,Amazon Translate
アブラナ科の野菜には健康増進化合物が含まれています。,Amir,Amazon Translate
エピソード記憶には、特定の個人的経験が保存されます。,Amir,Amazon Translate
アイコンペインターは、アイコンと呼ばれるスピリチュアルなイメージを作成します。,Amir,Amazon Translate
教会法はローマカトリック教会内の手続きを規定しています。,Amir,Amazon Translate
ミナレットはイスラム教のモスクを視覚的に示しています。,Amir,Amazon Translate
緊急治療室は生命にかかわる医療状況を治療します。,Amir,Amazon Translate
琥珀は硬化した樹木樹脂から作られています。,Amir,Amazon Translate
草食動物は植物材料のみを消費します。,Amir,Amazon Translate
実習は、学習と実践的な実務経験を組み合わせたものです。,Amir,Amazon Translate
メディアリテラシーはニュースの信頼性の分析を可能にします。,Amir,Amazon Translate
生物圏には、グローバルに相互作用するすべての生物が含まれます。,Amir,Amazon Translate
科学実験中、試験管は液体を保持します。,Amir,Amazon Translate
用語集は書籍の専門用語を定義します。,Amir,Amazon Translate
折り紙鶴は希望と癒しを象徴しています。,Amir,Amazon Translate
左脳機能は論理と細部志向を重視します。,Amir,Amazon Translate
バンクシーの壁画は、しばしば政治的なテーマを扱っています。,Amir,Amazon Translate
シチリア島は地中海最大の島です。,Amir,Amazon Translate
グリニッジは経度ゼロで本初子午線を示します。,Amir,Amazon Translate
肺は脚と臀筋を強化します。,Amir,Amazon Translate
ライト兄弟は最初の飛行機を操縦しました。,Amir,Amazon Translate
ストップモーションアニメーションは、静止画像を使用してモーションを作成します。,Amir,Amazon Translate
四辺形には4つの辺があります。,Amir,Amazon Translate
溶液は物質の均質な混合物です。,Amir,Amazon Translate
時間管理は学生の自己効力感を高めます。,Amir,Amazon Translate
ヒューリスティックは複雑な意思決定プロセスをスピードアップします。,Amir,Amazon Translate
巡礼は信者を神聖な場所に引き寄せます。,Amir,Amazon Translate
非営利団体は、利益を配当として分配することなく運営されています。,Amir,Amazon Translate
スマートサーモスタットは暖房スケジュールを自動的に調整します。,Amir,Amazon Translate
ポルカは中央ヨーロッパを起源としています。,Amir,Amazon Translate
ベルリンはシュプレー川沿いにあります。,Amir,Amazon Translate
女性は1920年に米国の選挙権を獲得しました。,Amir,Amazon Translate
バリスタは専門的にコーヒー飲料を用意します。,Amir,Amazon Translate
パーセンテージは100点満点の値を表します。,Amir,Amazon Translate
蒸留は沸点によって液体を分離します。,Amir,Amazon Translate
栄養表示は健康食品の選択に役立ちます。,Amir,Amazon Translate
妥当性とは、テストが何かをどれだけうまく測定できるかを指します。,Amir,Amazon Translate
論理的パラドックスは意図しない矛盾を明らかにします。,Amir,Amazon Translate
正統派キリスト教では、礼拝の慣習にアイコンを採用しています。,Amir,Amazon Translate
行政命令は政府機関の行動を指示します。,Amir,Amazon Translate
Bluetooth ヘッドセットを使用すると、ハンズフリー通話が可能になります。,Amir,Amazon Translate
ターメリックは料理に黄色と素朴な風味を加えます。,Amir,Amazon Translate
コミックストリップはイラストで連続したストーリーを伝えます。,Amir,Amazon Translate
アルハンブラ宮殿はスペインのイスラム建築を反映しています。,Amir,Amazon Translate
グリルチキンは食事に赤身のタンパク質を供給します。,Amir,Amazon Translate
オスマン帝国は3大陸の一部にまたがっていました。,Amir,Amazon Translate
テナントはアパートを借りるときにリースに署名します。,Amir,Amazon Translate
周長 (Perimeter) は、ポリゴンエッジの周りの合計距離を計算します。,Amir,Amazon Translate
クォーツ時計は水晶振動を利用して正確な時間を刻みます。,Amir,Amazon Translate
衝動制御は子供の危険な行動を防ぎます。,Amir,Amazon Translate
実存哲学は人間の自由と目的を扱います。,Amir,Amazon Translate
寓話は動物を使って道徳的な教訓を教えます。,Amir,Amazon Translate
市長は市の指導者を務めます。,Amir,Amazon Translate
Amazon Kindleはデジタル電子書籍を世界的に普及させました。,Amir,Amazon Translate
パースニップはニンジンに似ていますが、薄くて甘いです。,Amir,Amazon Translate
キアロスクーロは、アートにおける光と影の対比を劇的に引き立てます。,Amir,Amazon Translate
ネス湖はスコットランド北部にあります。,Amir,Amazon Translate
ピックルボールは、テニス、バドミントン、ピンポンのルールを組み合わせたものです。,Amir,Amazon Translate
ニッケルは腐食に強く、合金を形成しやすい。,Amir,Amazon Translate
光はさまざまな透明な材料の中を伝わります。,Amir,Amazon Translate
映画化は、本を視覚的なストーリーテリングに変換します。,Amir,Amazon Translate
儒教の教えは家族の忠誠心を強調します。,Amir,Amazon Translate
警察は地元で刑法を施行します。,Amir,Amazon Translate
モバイルアプリは、スマートフォンに特化したユーティリティを提供します。,Amir,Amazon Translate
大根はすぐに熟成し、新鮮なサラダになります。,Amir,Amazon Translate
折り紙折り鶴は日本文化における希望を表しています。,Amir,Amazon Translate
タップダンスは同期した足の音を特徴としています。,Amir,Amazon Translate
キンカンは丸ごと食べる小さな柑橘系の果物です。,Amir,Amazon Translate
自己実現は心理的充足感のピークを表します。,Amir,Amazon Translate
ロールモデルは青少年の育成にプラスの影響を与えます。,Amir,Amazon Translate
牧師は病院で精神的なサポートを提供します。,Amir,Amazon Translate
教会裁判所は、宗教上の法的問題について判決を下します。,Amir,Amazon Translate
ジムには、レジスタンストレーニングとカーディオトレーニング用の施設があります。,Amir,Amazon Translate
ポートフォリオは、レビューやプレゼンテーション用にアートワークを収集します。,Amir,Amazon Translate
グラフ理論は、接続されたノード間の関係を研究します。,Amir,Amazon Translate
人事部門は企業内の雇用関係を管理します。,Amir,Amazon Translate
礼拝には、献身的な祈り、歌、儀式が含まれます。,Amir,Amazon Translate
大聖堂にはアーチ型の天井とステンドグラスの窓があります。,Amir,Amazon Translate
印象派の画家たちは、素早い筆致と屋外のシーンを使いました。,Amir,Amazon Translate
ハラール食品はイスラム教の食事基準に準拠しています。,Amir,Amazon Translate
高齢者介護は、高齢者の日常生活のニーズをサポートします。,Amir,Amazon Translate
植物園にはさまざまな植物種が展示されています。,Amir,Amazon Translate
火星ミッションは生命の証拠を探します。,Amir,Amazon Translate
リトマス紙は物質の酸性度またはアルカリ度をテストします。,Amir,Amazon Translate
個人衛生は病気や感染を防ぎます。,Amir,Amazon Translate
カウンセリングは、個人的および感情的な問題の解決に役立ちます。,Amir,Amazon Translate
グラフィックノベルは、絵と書かれたストーリーテリングを組み合わせたものです。,Amir,Amazon Translate
Pi は不合理な数学定数です。,Amir,Amazon Translate
農学は土壌の肥沃度と作物収量を向上させます。,Amir,Amazon Translate
タバナクルズはカトリック教会に奉献されたパンを保管しています。,Amir,Amazon Translate
考古学は、資料の残骸を通して過去の文化を調べます。,Amir,Amazon Translate
神社の鳥居は神社の入り口を示しています。,Amir,Amazon Translate
炭酸はソフトドリンクに泡を作ります。,Amir,Amazon Translate
直喩は、「いいね」や「as」を使うものとは違って比較します。,Amir,Amazon Translate
マグネタイトは天然に存在する磁性鉱物です。,Amir,Amazon Translate
一般的な参考書には、多くのトピックの概要が記載されています。,Amir,Amazon Translate
辞書は単語とその用法を定義します。,Amir,Amazon Translate
百科事典は、複数の分野にわたる知識をまとめたものです。,Amir,Amazon Translate
地図帳には、参照用に地図のコレクションが表示されます。,Amir,Amazon Translate
参考図書館は、一般利用のための資料を整理しています。,Amir,Amazon Translate
統計は大量の数値情報をまとめたものです。,Amir,Amazon Translate
参考文献には、学術研究で参照されている出典が記載されています。,Amir,Amazon Translate
索引は、本の中の特定の主題を見つけるのに役立ちます。,Amir,Amazon Translate
用語集は、テキストで使用される用語を明確にします。,Amir,Amazon Translate
アルマナックは毎年のデータと事実を提示します。,Amir,Amazon Translate
引用形式は、学術論文の明快さを保証します。,Amir,Amazon Translate
年表は、イベントを順番に概説します。,Amir,Amazon Translate
カタログは、アイテムまたは製品を関連するカテゴリ別に整理します。,Amir,Amazon Translate
ガイドブックには、場所やアクティビティに関する実践的なアドバイスが書かれています。,Amir,Amazon Translate
シソーラスでは別の単語を選択できます。,Amir,Amazon Translate
アブストラクトは研究論文の内容を要約したものです。,Amir,Amazon Translate
マニュアルには、さまざまなデバイスの操作方法が説明されています。,Amir,Amazon Translate
大要は、複数の知識体系を1つの情報源にまとめたものです。,Amir,Amazon Translate
スケジュールは、タスクまたはイベントを時系列に並べます。,Amir,Amazon Translate
公式文書には、重要な取引または契約が記録されています。,Amir,Amazon Translate
美術館は作品を収集、保存、展示します。,Amir,Amazon Translate
バレエは動きと音楽を使って物語を語ります。,Amir,Amazon Translate
詩は慎重に選ばれた言葉を通して感情を表現します。,Amir,Amazon Translate
小説は読者に想像の世界を創造します。,Amir,Amazon Translate
民謡は文化的アイデンティティと遺産を反映しています。,Amir,Amazon Translate
彫刻は素材を立体的な形に変換します。,Amir,Amazon Translate
建築は、設計された構造を通じて人間の環境を形作ります。,Amir,Amazon Translate
コミックはビジュアルとセリフを組み合わせて物語効果を出します。,Amir,Amazon Translate
交響曲は複雑なオーケストラ音楽作品です。,Amir,Amazon Translate
映画はストーリーを伝えるために動画を使います。,Amir,Amazon Translate
壁画は大きな壁に芸術的なシーンを飾ります。,Amir,Amazon Translate
ドラマは、口頭での対話と行動を通して対立を描きます。,Amir,Amazon Translate
ファッションデザインは世界中の服のトレンドに影響を与えます。,Amir,Amazon Translate
写真はカメラで瞬間をとらえます。,Amir,Amazon Translate
陶器は粘土を機能的または装飾的なオブジェクトに変えます。,Amir,Amazon Translate
舞台芸術では、観客の前でライブプレゼンテーションを行う必要があります。,Amir,Amazon Translate
製本により、耐久性に優れ、読みやすい大量の文書を作成できます。,Amir,Amazon Translate
文化的伝統は民族グループによって異なります。,Amir,Amazon Translate
祭りは、重要な社会的または宗教的行事です。,Amir,Amazon Translate
職人技は手作業による巧みな創造を重視しています。,Amir,Amazon Translate
絵画の技法には、水彩絵の具や油絵の具などがあります。,Amir,Amazon Translate
文学はフィクションや詩を通して社会を分析します。,Amir,Amazon Translate
ダンスは話し言葉を使わずに意味を伝えます。,Amir,Amazon Translate
神話は、自然現象についての伝統的な説明を表しています。,Amir,Amazon Translate
デジタルアートはクリエイティブな表現にテクノロジーを活用します。,Amir,Amazon Translate
博物館はアーティファクトの展示を通して歴史を解釈します。,Amir,Amazon Translate
世界の首都は、各国の行政ハブとして機能します。,Amir,Amazon Translate
島は水に囲まれた陸地です。,Amir,Amazon Translate
熱帯雨林には、密集した植生と多様な野生生物が生息しています。,Amir,Amazon Translate
高原は標高が高く平坦な地形をしています。,Amir,Amazon Translate
森林は多くの種の生息地を提供します。,Amir,Amazon Translate
峡谷は長期にわたる侵食プロセスの結果として生じます。,Amir,Amazon Translate
境界線は国または地域を地理的に区切ります。,Amir,Amazon Translate
湖は内陸に淡水を貯めます。,Amir,Amazon Translate
谷は丘や山の間にあります。,Amir,Amazon Translate
半島はより大きな水域に広がっています。,Amir,Amazon Translate
デルタは、川がより大きな水域と合流する場所で形成されます。,Amir,Amazon Translate
都市部には人口とインフラが集中しています。,Amir,Amazon Translate
河口は海水と淡水の生態系のバランスを取ります。,Amir,Amazon Translate
洞窟は地下に自然に発達します。,Amir,Amazon Translate
湿地は飽和土壌に適応した植物を支えます。,Amir,Amazon Translate
運動は心血管の健康を維持します。,Amir,Amazon Translate
水分補給は脱水や熱中症を防ぎます。,Amir,Amazon Translate
睡眠回復は健康な免疫機能をサポートします。,Amir,Amazon Translate
ビタミンは必須の代謝過程に寄与します。,Amir,Amazon Translate
手洗いは感染症の伝染を減らします。,Amir,Amazon Translate
バランスの取れた食事には、毎日果物と野菜が含まれます。,Amir,Amazon Translate
定期検診は、健康問題の早期発見を促進します。,Amir,Amazon Translate
身体活動は体重増加の管理に役立ちます。,Amir,Amazon Translate
歯科医は虫歯と歯周病を予防します。,Amir,Amazon Translate
ウォーキングは心身の健康に役立ちます。,Amir,Amazon Translate
適切な姿勢は、関節の痛みや怪我を防ぎます。,Amir,Amazon Translate
精神的弛緩はストレスホルモンを減少させます。,Amir,Amazon Translate
ワクチンは特定のウイルス性疾患を防ぎます。,Amir,Amazon Translate
健康的な食習慣は慢性疾患の可能性を減らします。,Amir,Amazon Translate
朝食を食べると朝のエネルギーレベルが上がります。,Amir,Amazon Translate
アレルギーは、免疫系が無害な物質に反応したときに発生します。,Amir,Amazon Translate
第一次世界大戦は1918年に終わりました。,Amir,Amazon Translate
ロンドンの大火は1666年に起こりました。,Amir,Amazon Translate
古代ギリシャは西洋文明に大きく貢献しました。,Amir,Amazon Translate
ローマは帝国になる前に共和国になりました。,Amir,Amazon Translate
マグナカルタは1215年に署名されました。,Amir,Amazon Translate
クリストファー・コロンブスは1492年にアメリカに到着しました。,Amir,Amazon Translate
マハトマ・ガンジーはインドの独立運動を主導しました。,Amir,Amazon Translate
封建制は中世ヨーロッパで流行していた。,Amir,Amazon Translate
アメリカでは1865年に奴隷制度が廃止されました。,Amir,Amazon Translate
宇宙探査は20世紀半ばに始まりました。,Amir,Amazon Translate
ネルソン・マンデラは南アフリカでアパルトヘイトと戦った。,Amir,Amazon Translate
印刷機の発明はコミュニケーションに革命をもたらしました。,Amir,Amazon Translate
産業革命は機械化と都市の成長を促進しました。,Amir,Amazon Translate
女性は20世紀を通じて世界中で参政権を獲得しました。,Amir,Amazon Translate
1990年以降、インターネットの発展は急速に加速しました。,Amir,Amazon Translate
ルネッサンスはヨーロッパの古典知識と芸術を再発見しました。,Amir,Amazon Translate
英語は世界中で広く話されています。,Amir,Amazon Translate
旅行者は海外旅行にパスポートを使用します。,Amir,Amazon Translate
小売業では、消費者に商品を直接販売します。,Amir,Amazon Translate
交渉は当事者間の相違を解決します。,Amir,Amazon Translate
ガーデニングは美容や食のために植物を育てます。,Amir,Amazon Translate
料理は食材を消費する準備をします。,Amir,Amazon Translate
投票により、市民は民主的に指導者を選ぶことができます。,Amir,Amazon Translate
仕事には、有給雇用または自営業が含まれます。,Amir,Amazon Translate
ショッピングは必要な商品とお金を交換します。,Amir,Amazon Translate
教育は知識とスキルを学習者に伝えます。,Amir,Amazon Translate
運転は公道で車両を操作します。,Amir,Amazon Translate
水泳は水中で協調運動することで効率的に動きます。,Amir,Amazon Translate
ハイキングは徒歩で自然環境を探索します。,Amir,Amazon Translate
ランニングレースはスピードと持久力を測定します。,Amir,Amazon Translate
木工品は木材資源から便利なアイテムを作ります。,Amir,Amazon Translate
演技はドラマチックなプレゼンテーションで役割を果たします。,Amir,Amazon Translate
勉強は、新しいアイデアを保持したり学んだりするためのレビュー資料です。,Amir,Amazon Translate
建築は設計図に従って建物を組み立てます。,Amir,Amazon Translate
数学は数、パターン、関係を研究します。,Amir,Amazon Translate
加算は値を組み合わせて合計を生成します。,Amir,Amazon Translate
分割では、数量をグループ間で均等に分割します。,Amir,Amazon Translate
減算は 2 つの数値の差を求めます。,Amir,Amazon Translate
分数は全体の一部を表します。,Amir,Amazon Translate
小数点は1単位未満の部分を表します。,Amir,Amazon Translate
確率は、起こり得る結果の可能性を推定します。,Amir,Amazon Translate
微積分学は変化と蓄積を定量的に扱います。,Amir,Amazon Translate
ロジックは妥当な推論の原則を調査します。,Amir,Amazon Translate
グラフは分析用にデータセットを視覚化します。,Amir,Amazon Translate
素数は 1 とそれ自体だけで割り切れます。,Amir,Amazon Translate
面積は、特定の境界内のスペースを測定します。,Amir,Amazon Translate
比率は 2 つの量のサイズを直接比較します。,Amir,Amazon Translate
関数は入力と出力を一貫して関連付けます。,Amir,Amazon Translate
数式は計算手順を標準化します。,Amir,Amazon Translate
密度は、材料の体積あたりの質量を表します。,Amir,Amazon Translate
侵食は岩や土をすり減らせます。,Amir,Amazon Translate
重力はすべてを惑星のコアに引き寄せます。,Amir,Amazon Translate
磁石は極間の引力または反発を誘発します。,Amir,Amazon Translate
金属は電流を伝導しやすい。,Amir,Amazon Translate
酸素は動物と人間の呼吸をサポートします。,Amir,Amazon Translate
炭素は有機化合物の基礎を形成します。,Amir,Amazon Translate
酸は酸味があり、溶液中に水素イオンを放出します。,Amir,Amazon Translate
塩基は滑りやすく、酸を中和します。,Amir,Amazon Translate
ウイルスは生体に感染して繁殖します。,Amir,Amazon Translate
音波は障害物や障壁の周りを曲がります。,Amir,Amazon Translate
熱は、高温の物体から低温の物体に自発的に流れます。,Amir,Amazon Translate
拡大すると、顕微鏡標本が拡大して観察できます。,Amir,Amazon Translate
栄養は身体を修復するための基礎となります。,Amir,Amazon Translate
原子番号は元素核内の陽子を数えます。,Amir,Amazon Translate
人々はスピーチ、ボディランゲージ、顔の表情を通して交流します。,Amir,Amazon Translate
記憶は過去の経験を将来の想起のために保持します。,Amir,Amazon Translate
性格特性は個人をユニークに区別します。,Amir,Amazon Translate
加齢は人間に徐々に生物学的変化をもたらします。,Amir,Amazon Translate
成長率は人生のあらゆる段階で異なります。,Amir,Amazon Translate
好奇心は学習と探求の動機となります。,Amir,Amazon Translate
コラボレーションは、単独で取り組むよりも多くの成果をもたらします。,Amir,Amazon Translate
モチベーションは個人的な目標の追求を促します。,Amir,Amazon Translate
信頼は対人関係を強化します。,Amir,Amazon Translate
クリティカルシンキングは、入手可能な証拠を論理的に評価します。,Amir,Amazon Translate
内省は強みを評価し、改善を促します。,Amir,Amazon Translate
習慣は長期間にわたって行動を形作ります。,Amir,Amazon Translate
ストレスは心身の健康に悪影響を及ぼします。,Amir,Amazon Translate
創造性は独創的な解決策やアイデアを生み出します。,Amir,Amazon Translate
価値観は道徳的判断と日々の選択を導きます。,Amir,Amazon Translate
信念は世界観の形成に影響を与えます。,Amir,Amazon Translate
注意力の持続期間は、興味や疲労によって変動します。,Amir,Amazon Translate
推論は、観察された手がかりから結論を引き出します。,Amir,Amazon Translate
哲学は存在、目的、道徳について議論します。,Amir,Amazon Translate
理性は決定を下す前に結果を考慮します。,Amir,Amazon Translate
帰納法は観察から一般原理を推測します。,Amir,Amazon Translate
倫理は、どのような行動が良いのか、正しいのかを問います。,Amir,Amazon Translate
自由意志は自発的な選択能力を引き継ぎます。,Amir,Amazon Translate
二元論は心と体を概念的に分離します。,Amir,Amazon Translate
客観性は、公平性と偏見の欠如を目的としています。,Amir,Amazon Translate
知識は正当化された真の信念を求めます。,Amir,Amazon Translate
美学は美または芸術的品質を高く評価します。,Amir,Amazon Translate
決定論は、すべての事象が因果法則に従うことを提案しています。,Amir,Amazon Translate
美徳は、外部の報酬よりもキャラクターの優秀さを優先します。,Amir,Amazon Translate
功利主義は、最大数の人の幸福を最大化します。,Amir,Amazon Translate
アナロジーは概念間の類似点を比較します。,Amir,Amazon Translate
理想主義は、現実は精神的に構築されていると仮定します。,Amir,Amazon Translate
唯物論は、物質だけが存在を構成すると主張している。,Amir,Amazon Translate
信仰は経験的な証拠を超えて信頼します。,Amir,Amazon Translate
ドグマは教えを疑う余地のない真実として受け入れます。,Amir,Amazon Translate
聖書には、信奉者によって崇拝されている神聖な書物が含まれています。,Amir,Amazon Translate
祈りは神々に願いや感謝の気持ちを伝えます。,Amir,Amazon Translate
巡礼は旅行を通して宗教的伝統を尊重します。,Amir,Amazon Translate
一神教は一つの至高の神を信じています。,Amir,Amazon Translate
アニミズムは、魂を動物、植物、または物体に起因させます。,Amir,Amazon Translate
儀式は、儀式を繰り返すことで精神的な信念を定着させます。,Amir,Amazon Translate
聖職者は会衆礼拝サービスを主導します。,Amir,Amazon Translate
罪は神の律法に反する行為を識別します。,Amir,Amazon Translate
贖いは不正行為の許しを約束します。,Amir,Amazon Translate
教義は宗教的信念の解釈を体系化します。,Amir,Amazon Translate
証人は公に信仰を他の人と分かち合います。,Amir,Amazon Translate
タブーは、特定の行動を文化的または精神的に禁止しています。,Amir,Amazon Translate
救いは来世の成就または解放への希望をもたらします。,Amir,Amazon Translate
社会規範は、期待されるグループ行動の方向性を定めます。,Amir,Amazon Translate
民主主義は多数決によって指導者を選出します。,Amir,Amazon Translate
家族は子供の最も早い発達を育てます。,Amir,Amazon Translate
コミュニティは相互利益のためにリソースを共有します。,Amir,Amazon Translate
経済は商品やサービスを通貨と交換します。,Amir,Amazon Translate
教育は必要な識字能力と専門知識を与えます。,Amir,Amazon Translate
マスメディアはニュースを広く一般に広めます。,Amir,Amazon Translate
政府は法律を施行し、市民の秩序を維持します。,Amir,Amazon Translate
不平等は、機会へのアクセスによって人口を分けている。,Amir,Amazon Translate
ボランティア活動は、無給で集団福祉を支援します。,Amir,Amazon Translate
災害救援は、突然の困難に直面した被災者を支援します。,Amir,Amazon Translate
司法は、合意された基準に基づく公正な待遇を保証します。,Amir,Amazon Translate
公共政策は、共通の問題に実質的に対応します。,Amir,Amazon Translate
紛争解決は平和的な妥協を促します。,Amir,Amazon Translate
市場は需要と供給を利用して価格を決定します。,Amir,Amazon Translate
テクノロジーは科学的原理を使用して問題を解決します。,Amir,Amazon Translate
インターネットはグローバルネットワークを瞬時にリンクします。,Amir,Amazon Translate
スマートフォンは、通話、コンピューティング、カメラを統合します。,Amir,Amazon Translate
ソフトウェアプログラムは、コード化されたコマンドでコンピュータに指示します。,Amir,Amazon Translate
ロボット工学は、反復作業や危険な作業を自動化します。,Amir,Amazon Translate
衛星は軌道から遠隔で地球を監視します。,Amir,Amazon Translate
電気モーターは電気を機械的な仕事に変えます。,Amir,Amazon Translate
3Dプリントはオブジェクトをレイヤーごとに構築します。,Amir,Amazon Translate
クラウドストレージは、ウェブ経由でファイルをオフサイトに保存します。,Amir,Amazon Translate
医療画像は、体内の状態を非侵襲的に視覚化します。,Amir,Amazon Translate
再生可能エネルギーは、太陽光、風力、または水力を利用します。,Amir,Amazon Translate
人工知能は、かつては人間の認知を必要としていたタスクを実行します。,Amir,Amazon Translate
ナノテクノロジーは分子スケールの構造を設計します。,Amir,Amazon Translate
遺伝子工学は生物の特徴を意図的に変更します。,Amir,Amazon Translate
量子力学は、原子および亜原子現象をモデル化します。,Amir,Amazon Translate
サイバーセキュリティは、情報システムを不正アクセスから保護します。,Amir,Amazon Translate
生分解性プラスチックは環境汚染を減らします。,Amir,Amazon Translate
半導体はコンパクトな電子回路製造を可能にします。,Amir,Amazon Translate
レシピには段階的な調理方法が記載されています。,Amir,Amazon Translate
歴史家は過去の出来事を背景として研究します。,Amir,Amazon Translate
野菜を洗うと表面の農薬が除去されます。,Amir,Amazon Translate
調理には、熱を使って料理を準備することが含まれます。,Amir,Amazon Translate
代数は数字を表すのに文字を使います。,Amir,Amazon Translate
水素は最も単純な化学元素です。,Amir,Amazon Translate
性格は社会的相互作用と行動に影響を与えます。,Amir,Amazon Translate
懐疑論は、主張を信じる前に疑問を投げかける必要がある。,Amir,Amazon Translate
仏教はマインドフルネスと思いやりを奨励します。,Amir,Amazon Translate
家族は子供を大人になるまで育てます。,Amir,Amazon Translate
電子メールは、距離を問わずデジタル通信を可能にします。,Amir,Amazon Translate
自動ドアはセンサーを使って開きます。,Amir,Amazon Translate
類義語辞典には、よく使われる単語の同義語が一覧表示されます。,Amir,Amazon Translate
オーケストラには、弦楽器、木管楽器、金管楽器、打楽器が含まれます。,Amir,Amazon Translate
パリは「光の都」として知られています。,Amir,Amazon Translate
ランニングは脚の筋肉を大幅に強化します。,Amir,Amazon Translate
壁を塗ると部屋の外観が変わります。,Amir,Amazon Translate
素数には約数が2つしかありません。,Amir,Amazon Translate
笑いはストレスを一時的に和らげることができます。,Amir,Amazon Translate
推論は論理と感情を区別します。,Amir,Amazon Translate
文化的儀式は、時間の経過とともにグループのアイデンティティを形成します。,Amir,Amazon Translate
選挙は政治指導者を民主的に決定します。,Amir,Amazon Translate
風力タービンは大気汚染なしに発電します。,Amir,Amazon Translate
教科書は教科情報を体系的にまとめています。,Amir,Amazon Translate
現代美術はしばしば伝統的なルールを破ります。,Amir,Amazon Translate
適切な睡眠は精神的な集中力を高めます。,Amir,Amazon Translate
タイピングはオフィスの生産性をすばやく向上させます。,Amir,Amazon Translate
0 を掛けると 0 になります。,Amir,Amazon Translate
重力は惑星を安定した軌道に保ちます。,Amir,Amazon Translate
敬意は人間関係の中で信頼を得ます。,Amir,Amazon Translate
抽象的思考は、当たり前のことを超えたパターンを認識します。,Amir,Amazon Translate
イスラム教の聖典はコーランと呼ばれています。,Amir,Amazon Translate
社会規範は文化によって異なります。,Amir,Amazon Translate
ワイヤレスインターネットはモバイルデバイスを効率的に接続します。,Amir,Amazon Translate
肉体労働には肉体的な努力が必要です。,Amir,Amazon Translate
辞書は単語の定義をアルファベット順にソートします。,Amir,Amazon Translate
腕立て伏せは胸と腕の筋肉を強化します。,Amir,Amazon Translate
ガーデニングは花、果物、野菜を生み出します。,Amir,Amazon Translate
部門はアイテムを均等なグループに分配します。,Amir,Amazon Translate
自尊心は個人の能力への自信を反映しています。,Amir,Amazon Translate
ディベートは推論力を養います。,Amir,Amazon Translate
神道は自然界の精霊を崇拝します。,Amir,Amazon Translate
都市化は人々を都市に集中させます。,Amir,Amazon Translate
電気自動車はリチウム電池で走ります。,Amir,Amazon Translate
百科事典は知識をアルファベット順またはトピック別に収集します。,Amir,Amazon Translate
古代ギリシャの劇場ではドラマチックな公演が行われました。,Amir,Amazon Translate
アマゾン川は南米で最も長い川です。,Amir,Amazon Translate
印刷機の発明は識字率を高めた。,Amir,Amazon Translate
電卓は数値結果をすばやく近似します。,Amir,Amazon Translate
アサーティブネスは、他者の境界を尊重しながらニーズを表現します。,Amir,Amazon Translate
質問は根底にある仮定を明確にします。,Amir,Amazon Translate
投票は政府の政策に影響を与えます。,Amir,Amazon Translate
エンジニアリングは橋、道路、車両を建設します。,Amir,Amazon Translate
ロードマップには、高速道路と交差点が表示されます。,Amir,Amazon Translate
コミック本は絵と台詞を組み合わせたものです。,Amir,Amazon Translate
シドニーオペラハウスはオーストラリアを象徴する建物です。,Amir,Amazon Translate
太極拳はゆっくりとした動きと呼吸を統合します。,Amir,Amazon Translate
ローマ帝国はヨーロッパの大部分に拡大しました。,Amir,Amazon Translate
アイロンをかけると服のしわを取り除きます。,Amir,Amazon Translate
生物学者は類似点に従って生物を分類します。,Amir,Amazon Translate
個人の誠実さは信頼できる評判を育みます。,Amir,Amazon Translate
議論には信念の裏付けとなる証拠が必要です。,Amir,Amazon Translate
儒教は長老への敬意と調和を強調しています。,Amir,Amazon Translate
出生証明書には、出生時の法的地位が記載されています。,Amir,Amazon Translate
ソーラーパネルはクリーンな電気エネルギーを生成します。,Amir,Amazon Translate
リファレンスガイドは、すばやくアクセスできるように事実を整理しています。,Amir,Amazon Translate
モザイクアートは小さな色のピースを使用しています。,Amir,Amazon Translate
ロンドンはテムズ川沿いにあります。,Amir,Amazon Translate
プランクは体幹の筋力を発達させます。,Amir,Amazon Translate
編むとループが絡み合って生地が作られます。,Amir,Amazon Translate
分数は部分量を表します。,Amir,Amazon Translate
摩擦は表面間の動きに抵抗します。,Amir,Amazon Translate
仮説は科学実験を促進します。,Amir,Amazon Translate
宗教上の祝日は、重要な信仰や出来事を示すものです。,Amir,Amazon Translate
法制度は地域社会の行動を規制します。,Amir,Amazon Translate
バーコードには、スキャン用の製品データが保存されます。,Amir,Amazon Translate
用語集は技術用語を簡潔に定義します。,Amir,Amazon Translate
アートギャラリーは、一般公開のために展覧会をキュレーションします。,Amir,Amazon Translate
ピレネー山脈はフランスとスペインの間に自然な国境を作ります。,Amir,Amazon Translate
豆類は食事にタンパク質を供給します。,Amir,Amazon Translate
ホロコーストは大量虐殺の犠牲者を追悼するものです。,Amir,Amazon Translate
写真はレンズを通して瞬間を捉えます。,Amir,Amazon Translate
角度は回転角度を測定します。,Amir,Amazon Translate
沸騰させると台所用品が殺菌されます。,Amir,Amazon Translate
瞑想は血圧を自然に下げます。,Amir,Amazon Translate
前提は論理的な議論の要点を確立します。,Amir,Amazon Translate
ヴェーダのテキストはヒンドゥー教の古代の経典です。,Amir,Amazon Translate
労働組合は労働者の利益について共同で交渉する。,Amir,Amazon Translate
医療ロボットは正確な手術を支援します。,Amir,Amazon Translate
参考文献は出典を引用しています。,Amir,Amazon Translate
印象派の画家は自然光の効果を捉えました。,Amir,Amazon Translate
ハワイはすべて火山島で構成されています。,Amir,Amazon Translate
第二次世界大戦後、冷戦の緊張が世界の政治を分断しました。,Amir,Amazon Translate
集合論は数学コレクションを研究します。,Amir,Amazon Translate
強みは個人の能力を客観的に認識します。,Amir,Amazon Translate
一貫性があると、アクションは定められた値と一致します。,Amir,Amazon Translate
デントロジーは義務に基づく道徳を評価します。,Amir,Amazon Translate
学校の制服は学生の服装を標準化します。,Amir,Amazon Translate
保存されたデータは光ファイバーケーブルを介して送信されます。,Amir,Amazon Translate
取扱説明書はユーザーを明確にガイドします。,Amir,Amazon Translate
タペストリーは織物のイメージでインテリアを飾ります。,Amir,Amazon Translate
グランドキャニオンには層状の地質が見られます。,Amir,Amazon Translate
第一次世界大戦後のヴェルサイユ条約,Amir,Amazon Translate
犬のしつけは、希望する行動を体系的に教えます。,Amir,Amazon Translate
ニュートンの法則は古典力学を説明しています。,Amir,Amazon Translate
溶液の酸性またはアルカリ度を化学的に試験します。,Amir,Amazon Translate
恐怖症は強い恐怖により活動を制限します。,Amir,Amazon Translate
評価はアイデアのメリットを精査します。,Amir,Amazon Translate
礼拝センターではスピリチュアルな集まりを楽しめます。,Amir,Amazon Translate
各国は市民権要件を合法的に定めています。,Amir,Amazon Translate
機械学習は、アルゴリズムを使用して意思決定を自動化します。,Amir,Amazon Translate
Web サイトでは、情報にすばやくアクセスできます。,Amir,Amazon Translate
人々はコミュニケーションにインターネットを使います。,Amir,Amazon Translate
ヒンドゥー教は南アジアで始まりました。,Amir,Amazon Translate
携帯電話はワイヤレス技術に依存しています。,Amir,Amazon Translate
百科事典は、さまざまなトピックに関する知識をまとめたものです。,Amir,Amazon Translate
キリマンジャロ山はアフリカのタンザニアにそびえています。,Amir,Amazon Translate
毎日の運動は心血管の健康を改善します。,Amir,Amazon Translate
古代ローマは近代建築に影響を与えました。,Amir,Amazon Translate
調理には以下のレシピまたは指示が必要です。,Amir,Amazon Translate
論理は一貫した推論に依存しています。,Amir,Amazon Translate
シーク教は平等と地域奉仕を教えています。,Amir,Amazon Translate
バレエはダンスと表現力豊かなストーリーテリングを組み合わせたものです。,Amir,Amazon Translate
スポーツには身体活動と競技が含まれます。,Amir,Amazon Translate
推論は有効な引数と無効な引数を区別します。,Amir,Amazon Translate
ユダヤ教はカシュルートと呼ばれる食事法を遵守しています。,Amir,Amazon Translate
国勢調査数は、政府が資源を計画するのに役立ちます。,Amir,Amazon Translate
デジタルカメラは画像を電子的に保存します。,Amir,Amazon Translate
ハンドブックにはステップバイステップのガイダンスが記載されています。,Amir,Amazon Translate
アマゾンの熱帯雨林は南アメリカにあります。,Amir,Amazon Translate
定期的な睡眠は健康な脳機能をサポートします。,Amir,Amazon Translate
公民権運動は米国で人種平等を促進しました。,Amir,Amazon Translate
代数は変数を使用して方程式を解きます。,Amir,Amazon Translate
地球は毎年太陽の周りを公転しています。,Amir,Amazon Translate
自尊心はモチベーションと目標達成に影響します。,Amir,Amazon Translate
演論理は一般原則から始まります。,Amir,Amazon Translate
祈りは多くの宗教で実践されています。,Amir,Amazon Translate
社会的規範は、許容できるグループ行動を導きます。,Amir,Amazon Translate
インターネットの速度はプロバイダーによって異なります。,Amir,Amazon Translate
肉体労働には手作業が含まれます。,Amir,Amazon Translate
現代アートは伝統的な創造の境界を打ち破ります。,Amir,Amazon Translate
シドニーオペラハウスはシドニーの港にあります。,Amir,Amazon Translate
電気自動車は温室効果ガスの排出を削減します。,Amir,Amazon Translate
ブレーンストーミングは革新的なソリューションを生み出します。,Amir,Amazon Translate
イスラム教は金曜日を聖なる日と見なしています。,Amir,Amazon Translate
博物館は一般公開のために遺物を保存しています。,Amir,Amazon Translate
ヒマラヤはアジアのいくつかの国にまたがっています。,Amir,Amazon Translate
果物の摂取は必須ビタミンを供給します。,Amir,Amazon Translate
ルイ14世はフランス国王として君臨しました。,Amir,Amazon Translate
新しい言語を学ぶことは文化的理解を広げます。,Amir,Amazon Translate
微積分学は変化と運動を数学的に解析します。,Amir,Amazon Translate
敬意は前向きな社会的関係を育みます。,Amir,Amazon Translate
哲学者は存在と倫理に疑問を投げかけています。,Amir,Amazon Translate
儒教は親孝行と教育を大切にしています。,Amir,Amazon Translate
アンソロジーは、テーマや時代ごとに文学作品を集めています。,Amir,Amazon Translate
彫刻は立体的なビジュアルアートを形成します。,Amir,Amazon Translate
バイカル湖はロシア最大の淡水量を誇っています。,Amir,Amazon Translate
有酸素運動は肺活量を強化します。,Amir,Amazon Translate
確率は、結果が出る可能性を測定します。,Amir,Amazon Translate
帰納法は証拠に基づいて結論を導き出します。,Amir,Amazon Translate
機械学習は人間の知能プロセスをシミュレートします。,Amir,Amazon Translate
索引は、検索しやすいようにコンテンツを分類します。,Amir,Amazon Translate
バチカン市国は独立した都市国家です。,Amir,Amazon Translate
グーテンベルクの出版後、印刷はコミュニケーションを変えました。,Amir,Amazon Translate
サイクリングは脚の筋肉を引き締め、カロリーを消費します。,Amir,Amazon Translate
中和反応により塩と水が生成されます。,Amir,Amazon Translate
信念は態度や視点を形作ります。,Amir,Amazon Translate
アナロジーは、より明確な説明のために類似点を比較します。,Amir,Amazon Translate
コミュニティは、帰属意識を高めるためにイベントを開催します。,Amir,Amazon Translate
チームワークは複雑な目標を効率的に達成します。,Amir,Amazon Translate
文法規則は、明確な書面によるコミュニケーションを保証します。,Amir,Amazon Translate
抽象芸術は概念的なアイデアを優先します。,Amir,Amazon Translate
ボートは上半身の筋力を鍛えます。,Amir,Amazon Translate
手話は聴覚障害者のコミュニケーションを促進します。,Amir,Amazon Translate
観察スキルは科学的探求を強化します。,Amir,Amazon Translate
遺伝学は生物の遺伝を調べます。,Amir,Amazon Translate
ノーベル賞は優れた業績を称えます。,Amir,Amazon Translate
交響曲にはオーケストラのコラボレーションが必要です。,Amir,Amazon Translate
大陸は地球の地表を分けます。,Amir,Amazon Translate
休息は運動後の筋肉の回復をサポートします。,Amir,Amazon Translate
ナポレオン・ボナパルトはフランスの軍事キャンペーンを主導しました。,Amir,Amazon Translate
小数は小数値を表します。,Amir,Amazon Translate
テクトニックプレートは地球の地殻の下を移動します。,Amir,Amazon Translate
共感は個人的な誤解を埋めます。,Amir,Amazon Translate
倫理とは、どのような行動が道徳的に正しいかを議論するものです。,Amir,Amazon Translate
キリスト教はイエス・キリストの教えを中心としています。,Amir,Amazon Translate
政府は代表機関を通じて政策を制定します。,Amir,Amazon Translate
スマートフォンはコンピューティング機能と通信機能を統合します。,Amir,Amazon Translate
リファレンスチャートは複雑な情報を視覚的に簡略化します。,Amir,Amazon Translate
百科事典には、多くの主題に関する一般的な情報がまとめられています。,Amir,Amazon Translate
類義語辞典には、文章を改善するために単語の同義語がリストされています。,Amir,Amazon Translate
グローバルマップは大陸と海を正確に表示します。,Amir,Amazon Translate
ヨガは柔軟性と身体意識を高めます。,Amir,Amazon Translate
アテネはギリシャの首都です。,Amir,Amazon Translate
飲料水は腎機能をサポートします。,Amir,Amazon Translate
大工仕事には熟練した木工が必要です。,Amir,Amazon Translate
個人の特性はキャリアの選択に影響します。,Amir,Amazon Translate
分析は概念をより小さな部分に分割します。,Amir,Amazon Translate
仏教はマインドフルネス瞑想を教えています。,Amir,Amazon Translate
社会的規則は容認できる行動を規制します。,Amir,Amazon Translate
スマートフォンはポータブルなコミュニケーションツールを提供します。,Amir,Amazon Translate
デジタル時計は数字のみを使用して時間を表示します。,Amir,Amazon Translate
油絵は豊かな色調技術を可能にします。,Amir,Amazon Translate
オーストラリアは国であると同時に大陸でもあります。,Amir,Amazon Translate
ローマ文明は後のヨーロッパ文化に影響を与えました。,Amir,Amazon Translate
炒めると強火ですばやく料理が炊き上がります。,Amir,Amazon Translate
幸福は免疫機能を高めます。,Amir,Amazon Translate
控除法は、請求が敷地内から生じるかどうかをテストします。,Amir,Amazon Translate
アニミズムは精神的な資質を自然に起因させます。,Amir,Amazon Translate
メールは今やビジネス通信に不可欠です。,Amir,Amazon Translate
取扱説明書には、製品の操作方法が記載されています。,Amir,Amazon Translate
室内楽は小さなアンサンブル演奏が特徴です。,Amir,Amazon Translate
レーニア山はアメリカのワシントン州にあります。,Amir,Amazon Translate
サーキットトレーニングは、筋力と有酸素運動を組み合わせたものです。,Amir,Amazon Translate
公民権法は機会均等を保護します。,Amir,Amazon Translate
掛け算は加算処理を効率よく繰り返します。,Amir,Amazon Translate
大陸には、アジア、アフリカ、ヨーロッパが含まれます。,Amir,Amazon Translate
信頼は仕事のコラボレーションを強化します。,Amir,Amazon Translate
リフレクションは理解を深めるために経験を再検討します。,Amir,Amazon Translate
カトリックには独特の秘跡と伝統が含まれています。,Amir,Amazon Translate
人口統計はグループ人口の変化を追跡します。,Amir,Amazon Translate
コンピュータチップは電子信号を迅速に処理します。,Amir,Amazon Translate
参考書には、候補者の資格が中立的に記載されています。,Amir,Amazon Translate
マダガスカルは多様な野生生物種で有名です。,Amir,Amazon Translate
夕食を作ると、家族が集まることがよくあります。,Amir,Amazon Translate
除算では、項目を均等に分割します。,Amir,Amazon Translate
共感はチームワークの満足度を高めます。,Amir,Amazon Translate
理性的な議論は確かな証拠を使います。,Amir,Amazon Translate
裁判所制度は法律を公平に解釈し、執行します。,Amir,Amazon Translate
ワイヤレステクノロジーは、ケーブルなしでデータを送信します。,Amir,Amazon Translate
ガイドブックは訪問者に地元の観光スポットを勧めます。,Amir,Amazon Translate
アールデコ様式は1920年代に栄えました。,Amir,Amazon Translate
ドナウ川は中央ヨーロッパと東ヨーロッパを流れています。,Amir,Amazon Translate
水分補給は身体活動中の集中力を高めます。,Amir,Amazon Translate
真珠湾攻撃は1941年12月に発生しました。,Amir,Amazon Translate
代数変数は未知の量を表します。,Amir,Amazon Translate
昆虫には解剖学的に6本の足があります。,Amir,Amazon Translate
個人の成長は、定期的な内省の実践に従って行われます。,Amir,Amazon Translate
ロジックエラーは、有効な接続がないと発生します。,Amir,Amazon Translate
イスラム教はザカートを贈ることで慈善を奨励しています。,Amir,Amazon Translate
一般投票により指導者の任命が決定されます。,Amir,Amazon Translate
レキシコンは単語の意味をアルファベット順に整理します。,Amir,Amazon Translate
議会は日常的に国内法を制定します。,Amir,Amazon Translate
宗教は食習慣を形作ることができます。,Amir,Amazon Translate
近隣団体は地域の安全プログラムを支援しています。,Amir,Amazon Translate
カタログは、整理されたレビュー用にアイテムを整理します。,Amir,Amazon Translate
彫刻では、画像やデザインを表面に切り取ります。,Amir,Amazon Translate
ゴビ砂漠は中国北部とモンゴルに広がっています。,Amir,Amazon Translate
アメリカの廃止は奴隷制を公式に終わらせました。,Amir,Amazon Translate
ミシンは衣服の生産速度を上げます。,Amir,Amazon Translate
小数点は整数と分数を区切ります。,Amir,Amazon Translate
熱力学は熱エネルギー変換を研究します。,Amir,Amazon Translate
思いやりは社会的絆を強めます。,Amir,Amazon Translate
倫理基準は職場の優先事項を導きます。,Amir,Amazon Translate
日本の風景には神社が点在しています。,Amir,Amazon Translate
法律は政府の提案を法定法に移行します。,Amir,Amazon Translate
電子レンジは水分子をかき混ぜて食品を調理します。,Amir,Amazon Translate
アトラスは地図コレクションを地理的に統合します。,Amir,Amazon Translate
パンクロックミュージックは文化的な抗議として台頭した。,Amir,Amazon Translate
ビクトリア湖はウガンダ、ケニア、タンザニアに接しています。,Amir,Amazon Translate
エアロビクスクラスは、リズミカルなビートに合わせて動きを調整します。,Amir,Amazon Translate
スペイン艦隊は1588年に出航したことで有名です。,Amir,Amazon Translate
修理技術は家庭用機器の機能を維持します。,Amir,Amazon Translate
パーセンテージは比率を簡単に比較できます。,Amir,Amazon Translate
減数分裂は分裂によって生殖細胞を生成します。,Amir,Amazon Translate
物理理論は基本的な力を説明しています。,Amir,Amazon Translate
創造性は新製品開発を促進します。,Amir,Amazon Translate
信仰は世界観に深く影響します。,Amir,Amazon Translate
フェスティバルの祝日は全国的な祝日です。,Amir,Amazon Translate
オンラインバンキングはお金を電子的に管理します。,Amir,Amazon Translate
敬意を払った議論は調和のとれた社会を促進します。,Amir,Amazon Translate
文法は言語構造を一貫して整理します。,Amir,Amazon Translate
印象派アートは、光と雰囲気の効果を強調しています。,Amir,Amazon Translate
米国ワイオミング州西部ではティトンが上昇しています。,Amir,Amazon Translate
ノーベル賞は世界的な科学的成果を称えるものです。,Amir,Amazon Translate
分類は、特徴と系統によって生物をランク付けします。,Amir,Amazon Translate
集合論は高度な数学的論理をサポートします。,Amir,Amazon Translate
周期表は元素を正確に分類します。,Amir,Amazon Translate
アクティブリスニングは人間関係の誤解を解決します。,Amir,Amazon Translate
美徳倫理は道徳的性格の発達を強調します。,Amir,Amazon Translate
キリスト教は永遠の救いに希望を与えます。,Amir,Amazon Translate
市民の義務には、責任を持って税金を支払うことが含まれます。,Amir,Amazon Translate
衛星ナビゲーションは特定の座標を正確に見つけます。,Amir,Amazon Translate
ハイパーリンクは Web サイトのコンテンツをインタラクティブに接続します。,Amir,Amazon Translate
印象派は絵画に新しいスタイルをもたらしました。,Amir,Amazon Translate
大恐慌は1929年に始まりました。,Amir,Amazon Translate
銀行取引には入出金が含まれます。,Amir,Amazon Translate
代数演算では、未知の値には文字を使用します。,Amir,Amazon Translate
チャールズ・ダーウィンは進化論を開発しました。,Amir,Amazon Translate
自己動機付けは個人の成長をサポートします。,Amir,Amazon Translate
ストイシズムは感情的な回復力を教えます。,Amir,Amazon Translate
キリスト教には世界中に多くの宗派があります。,Amir,Amazon Translate
GPSデバイスは衛星技術を使用しています。,Amir,Amazon Translate
ハンドブックには、基本情報がすばやくまとめられています。,Amir,Amazon Translate
スペリオル湖はカナダとアメリカに接しています。,Amir,Amazon Translate
水分補給は精神的パフォーマンスに直接影響します。,Amir,Amazon Translate
第一次世界大戦はヴェルサイユ条約で終わりました。,Amir,Amazon Translate
学校は法律により子供の出席を義務付けています。,Amir,Amazon Translate
乗算表は方程式をすばやく解くのに役立ちます。,Amir,Amazon Translate
遺伝的継承は世代間で形質を受け継ぎます。,Amir,Amazon Translate
ボディランゲージは話し言葉なしでコミュニケーションします。,Amir,Amazon Translate
アブダクション推論はもっともらしい結論を導き出します。,Amir,Amazon Translate
社会階層は人々をランク付けされたクラスに編成します。,Amir,Amazon Translate
モバイルアプリはスマートフォンで特定の機能を実行します。,Amir,Amazon Translate
簡単に見つけられるように、トピックをアルファベット順に索引付けします。,Amir,Amazon Translate
キュービズムはビジュアルアートの主題を断片化しました。,Amir,Amazon Translate
エトナ山はヨーロッパで最も活発な火山です。,Amir,Amazon Translate
コアトレーニングは背中と腹部の筋肉を強化します。,Amir,Amazon Translate
時系列順では、イベントを時間順に並べます。,Amir,Amazon Translate
スーパーマーケットではセルフサービスの食料品店を提供しています。,Amir,Amazon Translate
小数はドットシステムを使用して分数を表します。,Amir,Amazon Translate
エネルギーは運動エネルギーでもポテンシャルエネルギーでもかまいません。,Amir,Amazon Translate
ポジティブな強化は繰り返しの行動を促します。,Amir,Amazon Translate
投票年齢は国によって異なります。,Amir,Amazon Translate
Bluetooth を使用すると、デバイスはワイヤレスでデータを交換できます。,Amir,Amazon Translate
木版画は、彫刻された木製ブロックを使用して版画を作成します。,Amir,Amazon Translate
ジャンピングジャックは有酸素持久力を高めます。,Amir,Amazon Translate
ナポレオンはフランス皇帝に戴冠しました。,Amir,Amazon Translate
旅行会社は交通機関と宿泊を手配します。,Amir,Amazon Translate
割り算は、あるものが別のものに何回当てはまるかを求めます。,Amir,Amazon Translate
DNAには生命過程の指示が書かれています。,Amir,Amazon Translate
健康的な感情は日々の意思決定を改善します。,Amir,Amazon Translate
パラドックスは従来の真実に論理的に挑戦します。,Amir,Amazon Translate
アングリカニズムはイギリスの宗教改革期に出現しました。,Amir,Amazon Translate
法律は公共の行動と紛争を規制します。,Amir,Amazon Translate
健康保険は医療費の補償に役立ちます。,Amir,Amazon Translate
ユーザーガイドでは、ソフトウェアツールを段階的に説明しています。,Amir,Amazon Translate
ジャズはアフリカとヨーロッパの音楽の伝統を融合させました。,Amir,Amazon Translate
レジスタンスバンドは筋力トレーニングに役立ちます。,Amir,Amazon Translate
大陸横断鉄道は歴史的に遠い地域を統合していました。,Amir,Amazon Translate
セットを追加すると、コレクションのサイズが数学的に増加します。,Amir,Amazon Translate
中性子粒子は電荷を帯びません。,Amir,Amazon Translate
学習スキルは職場での適応力を高めます。,Amir,Amazon Translate
LEDはほとんど熱を発生させずに発光します。,Amir,Amazon Translate
賛美歌隊は宗教的な歌を集めて集団礼拝を行います。,Amir,Amazon Translate
ストーンヘンジはイギリスの先史時代の記念碑です。,Amir,Amazon Translate
スピニングバイクは屋外でのサイクリングエクササイズをシミュレートします。,Amir,Amazon Translate
マルティン・ルターはプロテスタント改革を推進しました。,Amir,Amazon Translate
電子商取引はビジネスのオンライン取引をグローバルに可能にします。,Amir,Amazon Translate
光合成は太陽エネルギーを植物に蓄えます。,Amir,Amazon Translate
トポロジーは、変形によって変化しないプロパティを調べます。,Amir,Amazon Translate
共感は強い仲間とのつながりを築きます。,Amir,Amazon Translate
プラグマティズムは、アイデアの実践的な結果に焦点を当てています。,Amir,Amazon Translate
規範は行動に対する社会的期待を形作ります。,Amir,Amazon Translate
用語集は参照用の用語を定義します。,Amir,Amazon Translate
墨絵は日本の水墨画の代表です。,Amir,Amazon Translate
ウラル山脈はヨーロッパとアジアを地理的に分けます。,Amir,Amazon Translate
ピラティスは姿勢と体幹の安定性を高めます。,Amir,Amazon Translate
奴隷制度廃止論者は19世紀に奴隷制と戦った。,Amir,Amazon Translate
テキスタイルとは、繊維を織物に織り込むことです。,Amir,Amazon Translate
方程式は数学的な関係を明確に示しています。,Amir,Amazon Translate
蒸発は液体の水を気体に変えます。,Amir,Amazon Translate
一貫性は、長期的なやり取りにおける信頼を育みます。,Amir,Amazon Translate
存在論的議論は、より高い現実の存在について議論している。,Amir,Amazon Translate
自然崇拝は自然の力への敬意を特徴としています。,Amir,Amazon Translate
評議員は地方自治体の政策を制定します。,Amir,Amazon Translate
ワクチン研究はウイルス性疾患の発生を防ぎます。,Amir,Amazon Translate
クイックスタートメニューにより、電子機器のセットアップが簡単になります。,Amir,Amazon Translate
長江は中国最長の水路を形成しています。,Amir,Amazon Translate
Calisthenicsは、最小限の機器を使用してボディコントロールを開発しています。,Amir,Amazon Translate
トレイル・オブ・ティアーズはネイティブアメリカンのコミュニティを追放しました。,Amir,Amazon Translate
ケータリングは、グループやイベントにフードサービスを提供します。,Amir,Amazon Translate
端数は単位全体の一部の量を示します。,Amir,Amazon Translate
好奇心は発明者に問題を解決するよう促します。,Amir,Amazon Translate
控除は既知のルールを適用して結論を出します。,Amir,Amazon Translate
創造神話は宇宙の起源を文化的に説明しています。,Amir,Amazon Translate
ギルドは中世の工芸品や職業を規制していました。,Amir,Amazon Translate
ドローンはリモコンで航空写真を撮影します。,Amir,Amazon Translate
百科事典は読者に検証済みの事実を提示します。,Amir,Amazon Translate
ファクトブックは、国に関する重要な統計をまとめたものです。,Amir,Amazon Translate
ポップミュージックではしばしばコーラスが繰り返されます。,Amir,Amazon Translate
お茶を飲むと水のように水分が補給されます。,Amir,Amazon Translate
産業革命は英国で始まりました。,Amir,Amazon Translate
バードウォッチングは、種の目撃と行動を記録します。,Amir,Amazon Translate
掛け算は等しいグループの合計を求めます。,Amir,Amazon Translate
雷は、負電荷と正電荷が出会うことで発生します。,Amir,Amazon Translate
アリストテレスは論理と科学に関する影響力のある作品を書きました。,Amir,Amazon Translate
チームワークはグループの生産性を高めます。,Amir,Amazon Translate
合理的思考は合理的なステップに依存しています。,Amir,Amazon Translate
ゾロアスター教はアフラ・マズダという一つの神を崇拝しています。,Amir,Amazon Translate
結婚はパートナーを結びつけて社会契約を結びます。,Amir,Amazon Translate
Web ブラウザは、インターネット Web サイトからの情報を表示します。,Amir,Amazon Translate
電子書籍では、デジタルデバイスを介して読むことができます。,Amir,Amazon Translate
モダンダンスは表現力豊かな動きを強調しています。,Amir,Amazon Translate
エベレスト山はネパールと中国に接しています。,Amir,Amazon Translate
ベーキングを成功させるには、正確な測定が必要です。,Amir,Amazon Translate
グラフは数学的関係を視覚化します。,Amir,Amazon Translate
光合成は植物にエネルギーが豊富な分子を生成します。,Amir,Amazon Translate
利他主義とは、報酬を期待せずに他の人を助けることです。,Amir,Amazon Translate
仮説を立てることが、さらなる調査の指針となります。,Amir,Amazon Translate
シーク教は正直な生活への信念を教えています。,Amir,Amazon Translate
法律は社会内の秩序を保証します。,Amir,Amazon Translate
リモートワークにより、従来のオフィス外での雇用が可能になります。,Amir,Amazon Translate
ユーザー名は、インターネットプラットフォーム上の個人を識別します。,Amir,Amazon Translate
カタログは項目を整理して体系的に閲覧できます。,Amir,Amazon Translate
陶芸は粘土を形作り、焼成します。,Amir,Amazon Translate
ヴェネツィアは運河網の頂上に位置しています。,Amir,Amazon Translate
冷戦ではイデオロギーが東西に分裂した。,Amir,Amazon Translate
市場調査は製品開発戦略に役立ちます。,Amir,Amazon Translate
部品の数量を小さな単位に分割します。,Amir,Amazon Translate
安心感は不安感を軽減します。,Amir,Amazon Translate
ヒューリスティックは複雑な問題解決タスクを簡素化します。,Amir,Amazon Translate
巡礼は宗教的アイデンティティの成長を促進します。,Amir,Amazon Translate
倫理的枠組みは正しい行動基準について議論します。,Amir,Amazon Translate
メディアは世界中でニュースを放送しています。,Amir,Amazon Translate
バッテリーテクノロジーはポータブル電子機器に電力を供給します。,Amir,Amazon Translate
要約は記事を短くして参照しやすくします。,Amir,Amazon Translate
バロック芸術家は劇的な視覚的コントラストを強調しました。,Amir,Amazon Translate
ジョギングは心血管の持久力をサポートします。,Amir,Amazon Translate
アメリカの公民権は有権者の保護を確保しました。,Amir,Amazon Translate
小売業者は買い物客に直接商品を提供します。,Amir,Amazon Translate
分数は比率または比較を表します。,Amir,Amazon Translate
ケプラーの法則は惑星の運動を説明しています。,Amir,Amazon Translate
化学反応は原子結合のみを再配列します。,Amir,Amazon Translate
メリットは職場昇進の機会を増やします。,Amir,Amazon Translate
データを分析することで、意思決定や傾向が明確になります。,Amir,Amazon Translate
イスラム教徒の祈りは毎日5回行われます。,Amir,Amazon Translate
議会は国内法を民主的に立法化します。,Amir,Amazon Translate
ブルートゥースは近距離でデバイスを同期します。,Amir,Amazon Translate
用語集は、テキスト内の専門用語を簡略化します。,Amir,Amazon Translate
壁画家は大規模な絵画に壁を使います。,Amir,Amazon Translate
ロッキー山脈は北アメリカ西部に広がっています。,Amir,Amazon Translate
太極拳は、武道と瞑想的な集中力を組み合わせたものです。,Amir,Amazon Translate
書店は印刷物または電子書籍を販売しています。,Amir,Amazon Translate
10 進数は整数より大きくなります。,Amir,Amazon Translate
キーストーン種は生態系全体を安定させます。,Amir,Amazon Translate
ジャーナリングは個人的な考えを明確にするのに役立ちます。,Amir,Amazon Translate
相対主義は、真実は視点に依存することを示唆しています。,Amir,Amazon Translate
アニミズムの慣習は先祖の霊を崇拝します。,Amir,Amazon Translate
自治体は地方自治体のサービスを提供しています。,Amir,Amazon Translate
アプリ開発者はスマートフォン用のソフトウェアを作成します。,Amir,Amazon Translate
リンクリストは文書内の関連トピックをつなぎます。,Amir,Amazon Translate
交響曲には、一緒に演奏されるいくつかの楽章が含まれています。,Amir,Amazon Translate
水中エアロビクスは、運動時に浮力抵抗を与えます。,Amir,Amazon Translate
世界人権宣言は基本的自由を保証します。,Amir,Amazon Translate
プロの料理人は様々な料理を専門としています。,Amir,Amazon Translate
場所は緯度と経度の座標に基づいて整理されます。,Amir,Amazon Translate
電子が自由に流れると電気が動きます。,Amir,Amazon Translate
テッセレーションは幾何学模様をシームレスに繰り返します。,Amir,Amazon Translate
メタファーを理解することで、言語の流暢さが向上します。,Amir,Amazon Translate
結果主義は、選択を行う前に結果を重視します。,Amir,Amazon Translate
ユダヤ教の祝日は太陰暦の構造に従います。,Amir,Amazon Translate
国勢調査は人口統計を収集します。,Amir,Amazon Translate
検索エンジンはキーワードを使用してウェブページを検索します。,Amir,Amazon Translate
ハウツーガイドは、新しいスキルを系統的に教えます。,Amir,Amazon Translate
エッチングは金属表面をカットして画像を作成します。,Amir,Amazon Translate
マニラはフィリピンの首都です。,Amir,Amazon Translate
グループスポーツはチームワークとフェアプレーをサポートします。,Amir,Amazon Translate
三角貿易は世界中の植民地経済に影響を与えました。,Amir,Amazon Translate
密度は、物質がどの程度構造的に詰まっているかを示します。,Amir,Amazon Translate
ポジティブなフィードバックは繰り返しの行動を促します。,Amir,Amazon Translate
インフォームドコンセントは、参加者の意思決定の自律性を尊重します。,Amir,Amazon Translate
正統派キリスト教は伝統的な典礼を維持しています。,Amir,Amazon Translate
キャンペーンは世論を揺さぶろうとします。,Amir,Amazon Translate
参考書には、すぐに相談できる事実が記載されています。,Amir,Amazon Translate
美術館は美術品や歴史的建造物を公開しています。,Amir,Amazon Translate
イスタンブールは、ヨーロッパとアジアの2つの大陸にまたがっています。,Amir,Amazon Translate
サイクリングは心肺持久力を高めます。,Amir,Amazon Translate
D-Dayは1944年6月6日に発生しました。,Amir,Amazon Translate
プロの運転手には特定の免許が必要です。,Amir,Amazon Translate
分数は全体よりも部分数が少ないことを示します。,Amir,Amazon Translate
楽観主義は逆境における回復力を育みます。,Amir,Amazon Translate
認知バイアスは無意識のうちに判断に影響を与えます。,Amir,Amazon Translate
道教は自然とのバランスを重視しています。,Amir,Amazon Translate
電子メールの添付ファイルは、ファイルを電子的に送信します。,Amir,Amazon Translate
スマートホームデバイスは家庭の機能を自動化します。,Amir,Amazon Translate
俳句は音節が設定された三行を用います。,Amir,Amazon Translate
ペトラはヨルダンの古代の石造りの街です。,Amir,Amazon Translate
エアロビクスダンスはコーディネーションとスタミナを向上させます。,Amir,Amazon Translate
ルネッサンス芸術は古典的なギリシャの技法を復活させました。,Amir,Amazon Translate
食事の準備をしておくと、忙しいスケジュールに合わせて食事を整理できます。,Amir,Amazon Translate
三角法は、三角形の角度間の関係を調べます。,Amir,Amazon Translate
個人的な興味がレクリエーションの選択を左右します。,Amir,Amazon Translate
確証バイアスは証拠の客観的な解釈を歪めます。,Amir,Amazon Translate
神道の儀式は先祖の精神を尊重します。,Amir,Amazon Translate
陪審員は裁判で有罪か無罪かを決定します。,Amir,Amazon Translate
アプリストアはソフトウェアをデジタルで配布します。,Amir,Amazon Translate
書誌は学術研究の信頼性を高めます。,Amir,Amazon Translate
バティックデザインでは、布に染みがつきにくいようにワックスを使用しています。,Amir,Amazon Translate
モナコは世界で最も小さい公国です。,Amir,Amazon Translate
ボディウェイトエクササイズには特別な機器は必要ありません。,Amir,Amazon Translate
フランス革命は共和党政府を樹立しました。,Amir,Amazon Translate
カスタマーサービスは、クライアントの懸念事項とフィードバックを管理します。,Amir,Amazon Translate
希ガスは化学的に非反応性の元素です。,Amir,Amazon Translate
適応は種が環境の変化に耐えるのに役立ちます。,Amir,Amazon Translate
仲間からの圧力は思春期の行動を深く形作ります。,Amir,Amazon Translate
目標設定により、時間の経過とともに測定可能な進歩が達成されます。,Amir,Amazon Translate
相対主義者は普遍的な道徳的真理が存在することを否定している。,Amir,Amazon Translate
公共事業はインフラプロジェクトを通じて社会に利益をもたらします。,Amir,Amazon Translate
タッチスクリーンでは、ユーザーが指先でタッチして入力できます。,Amir,Amazon Translate
図書館員は情報資源を整理し、維持します。,Amir,Amazon Translate
ロマネスク様式の建築は、丸みを帯びたアーチと厚い壁が特徴です。,Amir,Amazon Translate
アマゾン川はブラジルとペルーを流れています。,Amir,Amazon Translate
脈拍数は1分あたりの心拍数を測定します。,Amir,Amazon Translate
条約協定は国家間の紛争を解決します。,Amir,Amazon Translate
電子商取引はオンラインでの直接販売を可能にします。,Amir,Amazon Translate
10 進数は一部の単位を数値で表します。,Amir,Amazon Translate
浸透は水を膜全体に自然に拡散させます。,Amir,Amazon Translate
アサーティブネスは意見を尊重して表現します。,Amir,Amazon Translate
演論理は、一般的な記述から詳細を導き出します。,Amir,Amazon Translate
汎神論的信念は、神性を宇宙と同一視します。,Amir,Amazon Translate
マーケットプレイスは、ローカルまたはグローバルでの商品の交換を促進します。,Amir,Amazon Translate
持続可能な慣行は、天然資源の保護を目的としています。,Amir,Amazon Translate
ユーザーガイドには、製品の手順が説明されています。,Amir,Amazon Translate
デジタルコラージュは、編集ツールを使用して画像を組み合わせます。,Amir,Amazon Translate
漕ぎ手は競い合ってボートを漕ぐことで体力をつけます。,Amir,Amazon Translate
世界保健機関は世界的な健康基準を定めています。,Amir,Amazon Translate
ツアー代理店が旅行や観光ツアーを手配します。,Amir,Amazon Translate
浮力は、物体を流体中に浮かせたままにします。,Amir,Amazon Translate
ポジティブなロールモデルは建設的な行動の変化を促します。,Amir,Amazon Translate
経験的データは科学的仮説を検証します。,Amir,Amazon Translate
クリスチャンの秘跡は人生の重要な段階を示しています。,Amir,Amazon Translate
連邦政府は権力をレベルに分けます。,Amir,Amazon Translate
クラウドストレージは重要なファイルをリモートでバックアップします。,Amir,Amazon Translate
注釈付きの参考文献には、各出典が簡単に説明されています。,Amir,Amazon Translate
木彫りは、木材の表面に装飾的なデザインを作成します。,Amir,Amazon Translate
ロワール渓谷にはフランスに多くの城があります。,Amir,Amazon Translate
植民地時代の拡大は世界中の地理を形作りました。,Amir,Amazon Translate
円グラフは統計データの比率を視覚化します。,Amir,Amazon Translate
ニュートンはリンゴが落ちるのを観察した後に重力を発見しました。,Amir,Amazon Translate
堆積岩は圧縮された鉱物層から形成されます。,Amir,Amazon Translate
コラボレーションはチームの問題解決を加速します。,Amir,Amazon Translate
ユダヤ教は毎年春に過越祭を祝います。,Amir,Amazon Translate
国立公園は野生生物とユニークな景観を保護します。,Amir,Amazon Translate
リンクアグリゲーションはネットワーク接続を効率的にバンドルします。,Amir,Amazon Translate
ラップミュージックは、ビートよりもリズミカルな話し言葉を使います。,Amir,Amazon Translate
オタワはカナダの首都です。,Amir,Amazon Translate
ベルリンの壁はヨーロッパの冷戦時代の分裂を象徴していました。,Amir,Amazon Translate
フリーランサーは長期雇用契約なしでサービスを提供します。,Amir,Amazon Translate
パーセンテージは、基準点として数値を100と比較します。,Amir,Amazon Translate
音波には伝送用の媒体が必要です。,Amir,Amazon Translate
マリー・キュリーは放射能を広範囲に研究しました。,Amir,Amazon Translate
自己規律は長期目標の達成を促進します。,Amir,Amazon Translate
ヒンドゥー教の神々には、ヴィシュヌ、シヴァ、ブラフマーが含まれます。,Amir,Amazon Translate
裁判官は裁判所制度内の法律を解釈します。,Amir,Amazon Translate
デジタルウォレットは、スマートフォンを使ったキャッシュレス取引を可能にします。,Amir,Amazon Translate
タッチスクリーンは、指やスタイラスの動きを電子的に検出します。,Amir,Amazon Translate
水彩画は、水に混ぜた顔料を使用しています。,Amir,Amazon Translate
有酸素フィットネスは、心臓と肺の効率を向上させます。,Amir,Amazon Translate
ゴシック様式の大聖堂には、先のとがったアーチとステンドグラスの窓があります。,Amir,Amazon Translate
食事のタイミングは、一日を通してエネルギーを調節します。,Amir,Amazon Translate
光合成は酸素を地球の大気に放出します。,Amir,Amazon Translate
ソーシャルサポートネットワークは感情的な幸福を高めます。,Amir,Amazon Translate
メタ認知とは、自分の考えについて考えることです。,Amir,Amazon Translate
汎神論者は、自然界のあらゆるものに神性が存在すると信じています。,Amir,Amazon Translate
市長選挙は地方自治体の指導者を統制します。,Amir,Amazon Translate
テレビはビデオ信号をデジタルディスプレイにストリーミングします。,Amir,Amazon Translate
暗号化されたメッセージは、オンラインプライバシーとデータセキュリティを強化します。,Amir,Amazon Translate
タペストリーは織物のイメージを通して物語を語ります。,Amir,Amazon Translate
シンガポールは都市であり国でもあります。,Amir,Amazon Translate
水生療法は、耐水性で怪我を修復します。,Amir,Amazon Translate
フランス革命は君主制を永久に廃止しました。,Amir,Amazon Translate
顧客からのフィードバックは、製品開発の意思決定を形作ります。,Amir,Amazon Translate
共有すると、所有物が複数の受信者間で分割されます。,Amir,Amazon Translate
物質は沸騰によって液体から気体に状態が変化します。,Amir,Amazon Translate
蒸散は水分を葉から空気中に移動させます。,Amir,Amazon Translate
健全な友情は全体的なストレスレベルを下げます。,Amir,Amazon Translate
アナロジーは、なじみのないアイデアを、なじみのある概念を使って説明します。,Amir,Amazon Translate
倫理規定は職場における権利と尊厳を保護します。,Amir,Amazon Translate
銀行支店は金融口座を現地で管理しています。,Amir,Amazon Translate
設計者はプロトタイプに3Dモデリングソフトウェアを使用します。,Amir,Amazon Translate
ンデベレの壁画は南アフリカの文化的シンボルです。,Amir,Amazon Translate
スキップロープは足のスピードを効果的に上げます。,Amir,Amazon Translate
ベトナム独立記念日は国家解放を祝います。,Amir,Amazon Translate
大型小売店は大量の消費財を販売しています。,Amir,Amazon Translate
円グラフは相対的なパーセンテージを視覚的に伝えます。,Amir,Amazon Translate
絶対零度は、測定可能な最低温度です。,Amir,Amazon Translate
実験結果を分析することは科学的な結論につながります。,Amir,Amazon Translate
コミュニティサービスボランティアは、共通の利益のためにスキルを提供します。,Amir,Amazon Translate
自動車は現在、コンピューター制御のエンジン管理システムを使用しています。,Amir,Amazon Translate
マッキンリー山（デナリ）は北米で最も高い地点です。,Amir,Amazon Translate
ヨーロッパ戦勝記念日は、第二次世界大戦のヨーロッパでの終結を記念します。,Amir,Amazon Translate
コンサルタントは専門的な問題について助言します。,Amir,Amazon Translate
10 進数は 10 分の 1 または 100 分の 1 の値を簡単に表します。,Amir,Amazon Translate
セラピードッグは患者を慰めるために病院を訪れます。,Amir,Amazon Translate
タイムゾーンは、世界各地の時計設定を調整します。,Amir,Amazon Translate
肯定的な断言は自尊心を強化します。,Amir,Amazon Translate
公理は推論の基本的な出発点となります。,Amir,Amazon Translate
唯物主義の哲学者は、現実を物理的な物質のみに限定します。,Amir,Amazon Translate
祈りは神々に導きや助けを求めます。,Amir,Amazon Translate
法定休日は、管轄区域によって毎年異なります。,Amir,Amazon Translate
電子書籍は、世界中の図書館へのアクセスをデジタルで拡大します。,Amir,Amazon Translate
スクラッチボードイラストは黒い表面に白い線をエッチングします。,Amir,Amazon Translate
ヨセミテ国立公園はカリフォルニアのシエラネバダ山脈にあります。,Amir,Amazon Translate
武道は集中力、規律、敬意を促進します。,Amir,Amazon Translate
憲法制定会議は新しい統治文書を作成します。,Amir,Amazon Translate
油圧機械は加圧流体を介して作動します。,Amir,Amazon Translate
減算は、大きい数値から小さい数を減算します。,Amir,Amazon Translate
オーロンは歴史的にカリフォルニアのセントラルコースト沿いに住んでいました。,Amir,Amazon Translate
比例代表制は政治的議席を均等に割り当てます。,Amir,Amazon Translate
グラファイトロッドはバッテリー内で効率的に電気を伝導します。,Amir,Amazon Translate
地震は地震エネルギーを放出して地盤の動きを引き起こします。,Amir,Amazon Translate
メンターは、経験を共有することでメンティーの成長を促します。,Amir,Amazon Translate
ルールに基づく倫理は、以下の原則を厳密に強調しています。,Amir,Amazon Translate
モルモン開拓者たちはユタ州のソルトレイクバレーに定住しました。,Amir,Amazon Translate
商工会議所は立法法案を可決して法律を制定します。,Amir,Amazon Translate
スマートカーには、自動化された安全センサーと制御が組み込まれています。,Amir,Amazon Translate
電話帳には、居住地と会社の連絡先情報が記載されています。,Amir,Amazon Translate
スイスのチューリッヒは、チューリッヒ湖の北岸にあります。,Amir,Amazon Translate
ベビーシッターには、短期間の育児責任が伴います。,Amir,Amazon Translate
地球の表面はほとんどが水でできています。,Amir,Amazon Translate
アイザック・ニュートンは運動の3つの法則を開発しました。,Amir,Amazon Translate
友情は時間の経過とともに感情的な安定をもたらします。,Amir,Amazon Translate
審議では、選択する前に選択肢を検討します。,Amir,Amazon Translate
シーク教徒の信仰は神の前での平等を強調しています。,Amir,Amazon Translate
議会は新しい税金または支出法案を承認します。,Amir,Amazon Translate
ストリーミングサービスは、インターネット経由でビデオコンテンツを配信します。,Amir,Amazon Translate
ワイヤレスキーボードは、無線信号によってコンピューターと通信します。,Amir,Amazon Translate
グラフィティは政治的抗議のメッセージを表現することがあります。,Amir,Amazon Translate
メキシコシティは海抜の高い場所にあります。,Amir,Amazon Translate
筋力トレーニングは、ウォーキングよりも早くカロリーを消費します。,Amir,Amazon Translate
アステカ文明は中央メキシコで栄えました。,Amir,Amazon Translate
スープレシピは、液体で煮た材料を組み合わせたものです。,Amir,Amazon Translate
磁気はコンパスの針を磁極に向かって動かします。,Amir,Amazon Translate
栄養成分表示は食品パッケージの中身です。,Amir,Amazon Translate
演推論はケースにルールを適用します。,Amir,Amazon Translate
禅の香りは習慣的な思考に挑戦します。,Amir,Amazon Translate
委員会は立法案を審査し、変更の可能性があるかどうかを検討します。,Amir,Amazon Translate
モバイルアプリを使用すると、ユーザーは自宅から銀行取引を行うことができます。,Amir,Amazon Translate
マニュアルは電子ダウンロードにより更新できます。,Amir,Amazon Translate
ステンドグラスの窓は大聖堂に入る日光を彩ります。,Amir,Amazon Translate
パタゴニアはアルゼンチン南部とチリ地域をカバーしています。,Amir,Amazon Translate
ローイングスカルは上半身の筋力を発達させます。,Amir,Amazon Translate
ベルリン空輸は封鎖中に西ベルリンに補給しました。,Amir,Amazon Translate
フードコートには複数のレストランが集まっています。,Amir,Amazon Translate
分数は均等に分割されていない数値を比較します。,Amir,Amazon Translate
溶岩は冷えて火成岩層を形成します。,Amir,Amazon Translate
ジャッジメントは、最良の結果を得るために代替案を評価します。,Amir,Amazon Translate
統計では、サンプルを使用して人口を推測します。,Amir,Amazon Translate
美徳倫理は、善意を持って行動することを強調します。,Amir,Amazon Translate
領事館は海外の国民を支援します。,Amir,Amazon Translate
アプリアイコンは、多くの場合、アプリの主要な機能を象徴しています。,Amir,Amazon Translate
公共の観覧エリアでは、安全な野生生物を観察できます。,Amir,Amazon Translate
水上スキーは湖面を素早く滑ります。,Amir,Amazon Translate
スケートは体幹と脚の筋肉を等しく活性化します。,Amir,Amazon Translate
条約は、戦争が終わった後の国家の独立を認めています。,Amir,Amazon Translate
金物屋では工具や建材を販売しています。,Amir,Amazon Translate
小数点以下を使用すると正確な測定値を比較できます。,Amir,Amazon Translate
空気が飽和点以下に冷えると、結露が発生します。,Amir,Amazon Translate
説得力のある議論は強い論理に基づいています。,Amir,Amazon Translate
教義は公式の宗教的教えを要約したものです。,Amir,Amazon Translate
受託者は受益者に代わって財産を管理します。,Amir,Amazon Translate
セキュリティカメラは公共スペースでの盗難を防止します。,Amir,Amazon Translate
機械学習は大規模なデータセットの分析を自動化します。,Amir,Amazon Translate
各章では、本の内容が論理的なセクションにまとめられています。,Amir,Amazon Translate
砂絵は文化的な儀式に使われます。,Amir,Amazon Translate
ベン・ネビスはスコットランドで最も高い山です。,Amir,Amazon Translate
パルクールは、ランニング、ジャンプ、障害物の登りをスムーズに組み合わせています。,Amir,Amazon Translate
印刷機はマスコミュニケーションに永遠に革命をもたらしました。,Amir,Amazon Translate
通信販売のカタログは、オンラインショッピングの機会に先立っていました。,Amir,Amazon Translate
シンメトリーは、視覚的にバランスの取れたアートワーク構成を作成します。,Amir,Amazon Translate
プレートテクトニクスは環太平洋火山帯の地震を説明しています。,Amir,Amazon Translate
太陽エネルギーは屋上パネルに効率的に電力を供給します。,Amir,Amazon Translate
感謝の手紙は感謝の気持ちを意味のある形で表現します。,Amir,Amazon Translate
帰納法は、共通の傾向を観察した後に理論を発展させます。,Amir,Amazon Translate
修道院生活はシンプルさと地域奉仕を重視しています。,Amir,Amazon Translate
選挙献金者は自発的に選挙活動に資金を提供します。,Amir,Amazon Translate
プログラミングは、コンピュータタスクを段階的に明確に定義します。,Amir,Amazon Translate
アルファベット順にすると、図書館の本を簡単に整理できます。,Amir,Amazon Translate
スクラップブッキングは、装飾されたアルバムに記念品を保存します。,Amir,Amazon Translate
銀行は受け取った預金に基づいてお金を貸します。,Amir,Amazon Translate
コンチェルトは、オーケストラを背景にしたソロ楽器が特徴です。,Amir,Amazon Translate
フォークランド諸島は南米沿岸の東にあります。,Amir,Amazon Translate
ウォールクライミングには、協調的な動きとグリップが必要です。,Amir,Amazon Translate
奴隷解放宣言は、米国の反政府勢力国家における奴隷制を終わらせました。,Amir,Amazon Translate
債務返済スケジュールにはタイムリーな支払いが必要です。,Amir,Amazon Translate
場所の値は数字ごとに異なる大きさの意味を与えます。,Amir,Amazon Translate
物体が液体に浮く理由は、浮力によって説明がつきます。,Amir,Amazon Translate
反射は形状を視覚的に対称的に映し出します。,Amir,Amazon Translate
功利主義的思考は、意思決定における総合的な幸福度を測定します。,Amir,Amazon Translate
叙階は、教派内の聖職者の権限を正式化します。,Amir,Amazon Translate
刑務所改革は、リハビリテーションの取り組みを強化することを提唱しています。,Amir,Amazon Translate
ソケットレンチはボルトとナットをしっかりと回転させます。,Amir,Amazon Translate
ソーシャルメディアは、世界中に迅速にニュースを広めることを可能にします。,Amir,Amazon Translate
スタイルブックは、一貫性のある文章を書くためのガイドラインを提供します。,Amir,Amazon Translate
アートのリアリズムは、日常生活を正確に描写しています。,Amir,Amazon Translate
カイロはナイルデルタの近くにあるエジプトの首都です。,Amir,Amazon Translate
黒死病は中世に数百万人を殺しました。,Amir,Amazon Translate
レジ係は販売時点で取引を処理します。,Amir,Amazon Translate
ゼロはナンバーシステムのプレースホルダーです。,Amir,Amazon Translate
電子は殻の中の原子核の周りを回っています。,Amir,Amazon Translate
マリー・キュリーはノーベル賞を2回受賞しました。,Amir,Amazon Translate
建設的な批判はパフォーマンスやスキルを向上させます。,Amir,Amazon Translate
短期記憶は数分で急速に消えていきます。,Amir,Amazon Translate
儒教の教えは、敬意と親孝行を重視しています。,Amir,Amazon Translate
自治体は地域の計画とサービスを監督します。,Amir,Amazon Translate
モバイル決済アプリは電子的に資金を送金します。,Amir,Amazon Translate
ワイヤレススピーカーは Bluetooth を使用して音声を受信します。,Amir,Amazon Translate
セラミックの釉薬が光沢のある防水加工を施しています。,Amir,Amazon Translate
ベネチア人は街の運河をゴンドラで移動します。,Amir,Amazon Translate
クロストレーニングは、怪我を防ぐためにワークアウトを交互に行います。,Amir,Amazon Translate
バロック建築は華やかなディテールが特徴です。,Amir,Amazon Translate
食事の量はカロリー摂取量と代謝に影響します。,Amir,Amazon Translate
屈折は光をさまざまな素材に曲げます。,Amir,Amazon Translate
意志力は一貫して誘惑に抵抗します。,Amir,Amazon Translate
類推は新しい概念を簡単に説明するのに役立ちます。,Amir,Amazon Translate
超越主義者の作家は、産業社会よりも自然を好んだ。,Amir,Amazon Translate
教区民は一緒に定期的な礼拝に出席します。,Amir,Amazon Translate
討論では、特定の問題についてさまざまな視点が提示されます。,Amir,Amazon Translate
チュートリアルは、オンラインでのセルフガイド学習を促進します。,Amir,Amazon Translate
パターンブックはクラフトを段階的に説明しています。,Amir,Amazon Translate
フレスコ画はカラフルな壁画で礼拝堂を飾ります。,Amir,Amazon Translate
マサイ族のコミュニティはケニアとタンザニアにまたがっています。,Amir,Amazon Translate
格闘技は敏捷性と規律を高めます。,Amir,Amazon Translate
ジェームズタウンはイギリスがアメリカで最初に定住した場所でした。,Amir,Amazon Translate
レシートプリンターは、支払い確認伝票を即座に生成します。,Amir,Amazon Translate
月の満ち欠けは毎月異なります。,Amir,Amazon Translate
インクルージョンは、違いに関係なく平等に扱われることを保証します。,Amir,Amazon Translate
確率は、予想されるリスクを数学的に計算します。,Amir,Amazon Translate
道徳規範は行動の集合的基準を提供します。,Amir,Amazon Translate
神秘的な伝統は精神的な結合を直接探求します。,Amir,Amazon Translate
権利章典はアメリカの基本的な自由を保護します。,Amir,Amazon Translate
ユニバーサルリモコンは複数の電子機器を操作します。,Amir,Amazon Translate
ティンタイプの写真は歴史的に金属板を使用していました。,Amir,Amazon Translate
ボスポラス海峡はイスタンブールをヨーロッパとアジアに分けます。,Amir,Amazon Translate
カヤックは背中、腕、体幹の筋肉を強化します。,Amir,Amazon Translate
ジュネーブ条約は戦時中の人道的原則を定めています。,Amir,Amazon Translate
職人は特別な技術を使ってオブジェクトを手作りします。,Amir,Amazon Translate
共有可能なスプレッドシートは、チームのプロジェクト管理に役立ちます。,Amir,Amazon Translate
負の指数は数値の逆数を表します。,Amir,Amazon Translate
沈み込み帯は、構造プレートが出会う場所で発生します。,Amir,Amazon Translate
グラフは変数の関係を視覚的にグラフ化します。,Amir,Amazon Translate
栽培は土壌から効率的に食料を生産します。,Amir,Amazon Translate
美徳リストは日々の倫理的な自己啓発を促します。,Amir,Amazon Translate
アニミズムの信念は、精神と植物や動物を結びつけます。,Amir,Amazon Translate
統一法は州間の規制を標準化します。,Amir,Amazon Translate
タイムキーピングは、時間、日、月、年を正確に追跡します。,Amir,Amazon Translate
暗号化は、アルゴリズムを通じて情報を密かに保存します。,Amir,Amazon Translate
ポエトリー・スラムでは、オリジナルの詩の演奏が行われます。,Amir,Amazon Translate
シドニー・ハーバー・ブリッジは、水上を挟んで市街地を結んでいます。,Amir,Amazon Translate
エルニーニョは世界の気象パターンを周期的に変化させます。,Amir,Amazon Translate
ボクシングの試合では、強さ、戦略、持久力が試されます。,Amir,Amazon Translate
改正案は法律文書を慎重に更新します。,Amir,Amazon Translate
印象派の音楽は、一瞬のムードを音で捉えます。,Amir,Amazon Translate
公衆衛生キャンペーンは、地元で流行と闘っています。,Amir,Amazon Translate
履歴書には、キャリアのハイライトが簡潔にまとめられています。,Amir,Amazon Translate
顕微鏡は小さなサンプルを拡大して観察します。,Amir,Amazon Translate
ロイヤルティプログラムは、顧客が繰り返し購入する場合に報酬を与えます。,Amir,Amazon Translate
テクトニクスは地球の地殻の動きを研究します。,Amir,Amazon Translate
徴兵制は市民を徴兵して徴兵する。,Amir,Amazon Translate
資産運用会社は顧客の資金を戦略的に投資します。,Amir,Amazon Translate
ポジティブ経済学は判断なしに事実を分析します。,Amir,Amazon Translate
決定論的コンピュータプログラムには、常に予測可能な出力があります。,Amir,Amazon Translate
ナーフアルト語はアステカの人々の間で生まれました。,Amir,Amazon Translate
ローマはその古代建築で知られています。,Amir,Amazon Translate
アマゾン川は南アメリカを流れています。,Amir,Amazon Translate
バランスの取れた食事は、全体的な健康とエネルギーをサポートします。,Amir,Amazon Translate
古代ギリシャは西洋哲学に影響を与えました。,Amir,Amazon Translate
水は地球の表面の大部分を覆っています。,Amir,Amazon Translate
酸素は地球の大気の21パーセントを占めています。,Amir,Amazon Translate
数学は数字と記号を使って問題を解決します。,Amir,Amazon Translate
減算は、別の量から数値を削除します。,Amir,Amazon Translate
サッカーは2チームがボールを使ってプレーします。,Amir,Amazon Translate
電子メールは、コンピュータ間でメッセージを電子的に送信します。,Amir,Amazon Translate
目の色は遺伝学に一部依存します。,Amir,Amazon Translate
水蒸気が凝縮して滴になると、雨が降ります。,Amir,Amazon Translate
冬の嵐は雪や氷を降らせます。,Amir,Amazon Translate
春は冬に続き、地球の軸が傾きます。,Amir,Amazon Translate
ピタゴラスは直角三角形に関する理論を発展させました。,Amir,Amazon Translate
炭素は生物にとって重要な要素です。,Amir,Amazon Translate
サンクトペテルブルクはかつてレニングラードと呼ばれていました。,Amir,Amazon Translate
僧侶はいくつかの信仰において宗教的な誓いの下で生活しています。,Amir,Amazon Translate
医師は病気やけがを診断します。,Amir,Amazon Translate
パイロットは飛行中に航空機を制御します。,Amir,Amazon Translate
人口密度は、単位面積あたりの人口を測定します。,Amir,Amazon Translate
大きな音は、時間の経過とともに聴覚を損なう可能性があります。,Amir,Amazon Translate
ハリケーンは強風と大雨を伴います。,Amir,Amazon Translate
フランス語は西アフリカで広く話されています。,Amir,Amazon Translate
彫像は重要な歴史上の人物を称えます。,Amir,Amazon Translate
シロナガスクジラは今日生きている最大の動物です。,Amir,Amazon Translate
生物は環境の変化に適応します。,Amir,Amazon Translate
植物は根や種子にエネルギーを蓄えます。,Amir,Amazon Translate
燃料は自動車や機械に動力を供給します。,Amir,Amazon Translate
DNAは親から受け継いだ身体的特徴を決定します。,Amir,Amazon Translate
公立学校は無料の教育を提供しています。,Amir,Amazon Translate
チェスには慎重な計画と先見の明が必要です。,Amir,Amazon Translate
地震は蓄えられたエネルギーを突然放出します。,Amir,Amazon Translate
エレベーターは人をビルの各階に垂直に移動させます。,Amir,Amazon Translate
農民は食糧生産のために作物を栽培します。,Amir,Amazon Translate
ギターは弦を振動させることで音を出します。,Amir,Amazon Translate
英国議会は英国で法律を可決します。,Amir,Amazon Translate
看護師は医師の患者ケアを支援します。,Amir,Amazon Translate
綿繊維を紡いで糸にします。,Amir,Amazon Translate
数学には、算術、幾何学、代数が含まれます。,Amir,Amazon Translate
ケーキはお祝い用に焼きます。,Amir,Amazon Translate
水泳は筋肉と協調を強化します。,Amir,Amazon Translate
読書は語彙と理解を高めます。,Amir,Amazon Translate
衛星は地球の大気圏の上を周回します。,Amir,Amazon Translate
滑走路灯は、夜間に着陸する飛行機を誘導します。,Amir,Amazon Translate
クラシック音楽は構造化された形式とハーモニーに従います。,Amir,Amazon Translate
収穫祭は、作物の収穫が成功したことを祝います。,Amir,Amazon Translate
気圧計は大気圧を測定します。,Amir,Amazon Translate
国旗は国や組織を象徴しています。,Amir,Amazon Translate
交響曲では、大勢のミュージシャンが一緒に演奏します。,Amir,Amazon Translate
果物を食べるとビタミンと繊維が得られます。,Amir,Amazon Translate
プログラミングは、コンピュータに特定のタスクを完了するように指示します。,Amir,Amazon Translate
民主主義は市民に投票権を与えます。,Amir,Amazon Translate
飲料水は健康に不可欠です。,Amir,Amazon Translate
読書は識字能力を向上させます。,Amir,Amazon Translate
地震は地殻変動によって引き起こされます。,Amir,Amazon Translate
二酸化炭素は温室効果ガスです。,Amir,Amazon Translate
雲には小さな水滴が含まれています。,Amir,Amazon Translate
飛行機は乗客を都市間ですばやく飛ばします。,Amir,Amazon Translate
北京は中国の首都です。,Amir,Amazon Translate
オーケストラは多くのミュージシャンと交響曲を演奏します。,Amir,Amazon Translate
フライドポテトはジャガイモから作られています。,Amir,Amazon Translate
ワイヤレスインターネットは電波を使用して接続します。,Amir,Amazon Translate
バッテリーは電子機器のエネルギーを蓄えます。,Amir,Amazon Translate
蚊はマラリア原虫を運びます。,Amir,Amazon Translate
サックスはジャズバンドでは一般的です。,Amir,Amazon Translate
代数は数字を表す文字を使って方程式を解きます。,Amir,Amazon Translate
海は地球の表面の約71％を覆っています。,Amir,Amazon Translate
金星は太陽から2番目の惑星です。,Amir,Amazon Translate
サッカーはゴールのある芝生のフィールドで行われます。,Amir,Amazon Translate
メールはメッセージとパッケージを物理的に配信します。,Amir,Amazon Translate
バスケットボールはボール1個とフープ2個を使います。,Amir,Amazon Translate
カレンダーは日付と月を記録します。,Amir,Amazon Translate
エンジニアは建物、橋、車両を設計します。,Amir,Amazon Translate
料理は生の食材を食事に変えます。,Amir,Amazon Translate
物理学は物質、エネルギー、力を研究します。,Amir,Amazon Translate
天文学は、星、惑星、銀河を探求します。,Amir,Amazon Translate
電気自動車は充電式バッテリーで動作します。,Amir,Amazon Translate
本は物語を語ったり、情報を与えたりします。,Amir,Amazon Translate
体操は、強さ、柔軟性、協調性を兼ね備えています。,Amir,Amazon Translate
根菜類は土の下で育ちます。,Amir,Amazon Translate
ヒップホップはリズミカルなスピーチと音楽を融合させます。,Amir,Amazon Translate
バードウォッチングとは、自然界の野鳥を観察することです。,Amir,Amazon Translate
抗生物質は感染症の原因となる細菌を殺します。,Amir,Amazon Translate
ツチボタルは生物発光によって光を生成します。,Amir,Amazon Translate
ワシは木や崖の高いところに巣を作ります。,Amir,Amazon Translate
トマトは植物学的にベリーに分類されます。,Amir,Amazon Translate
ロンドンには「地下鉄」と呼ばれる地下鉄があります。,Amir,Amazon Translate
河川デルタは、川と海が出会う場所に堆積物を堆積させます。,Amir,Amazon Translate
惑星は軌道上で太陽の周りを回転します。,Amir,Amazon Translate
公共図書館は無料で本を貸している。,Amir,Amazon Translate
古代ローマは淡水供給用の水道橋を建設しました。,Amir,Amazon Translate
副鼻腔は鼻の近くの頭蓋骨の空洞です。,Amir,Amazon Translate
ローマ人は帝国全体に道路を建設しました。,Amir,Amazon Translate
弁護士は法的事項においてクライアントを代表します。,Amir,Amazon Translate
クジラは毎年長距離を移動します。,Amir,Amazon Translate
ハイキングはカロリーを消費し、メンタルヘルスに役立ちます。,Amir,Amazon Translate
テレポーテーションは現在、サイエンスフィクションにのみ存在します。,Amir,Amazon Translate
フットボールは北米以外ではサッカーと呼ばれています。,Amir,Amazon Translate
張り子は軽量の彫刻や模型を作ります。,Amir,Amazon Translate
ローマのコロッセオでは剣闘士の戦いが開催されました。,Amir,Amazon Translate
地質学者は岩石、鉱物、地震を研究します。,Amir,Amazon Translate
人形劇は人形やフィギュアに本物そっくりの動きをもたらします。,Amir,Amazon Translate
作曲家は新しいインストゥルメンタル作品やボーカル作品を生み出します。,Amir,Amazon Translate
一輪車は、シングルホイールに乗るにはバランスが必要です。,Amir,Amazon Translate
アザラシは海岸線沿いに生息し、魚を食べます。,Amir,Amazon Translate
チェスのグランドマスターは、戦略をマスターすることで国際トーナメントで優勝します。,Amir,Amazon Translate
農家は健全な土壌を維持するために輪作を行っています。,Amir,Amazon Translate
陶器は形を整え、窯で焼きます。,Amir,Amazon Translate
辞書は英単語をアルファベット順に定義します。,Amir,Amazon Translate
ディズニーランドは1955年にカリフォルニアにオープンしました。,Amir,Amazon Translate
チェロはオーケストラで低音を演奏します。,Amir,Amazon Translate
肉食動物は主に動物の肉に依存しています。,Amir,Amazon Translate
大気圧が低いほど水は速く沸騰します。,Amir,Amazon Translate
ジェット気流は地球の表面の上空を流れます。,Amir,Amazon Translate
消化は食物を栄養素に分解します。,Amir,Amazon Translate
動物園では、エキゾチックで絶滅の危機に瀕している動物を安全に飼育しています。,Amir,Amazon Translate
ドラマは対話と行動を通して物語の感情を表現します。,Amir,Amazon Translate
カリキュラムには、学生が学校で学ばなければならないことが明記されています。,Amir,Amazon Translate
パイデーは毎年3月14日に祝われます。,Amir,Amazon Translate
シェイクスピアはイギリス文学で戯曲やソネットを書きました。,Amir,Amazon Translate
ダイヤモンドは高度に圧縮されたカーボン製です。,Amir,Amazon Translate
"エベレスト山の高さは海抜8,800メートルを超えています。",Amir,Amazon Translate
バナナは食物繊維とカリウムを栄養補給します。,Amir,Amazon Translate
マップには、地域、境界線、およびフィーチャが視覚的に表示されます。,Amir,Amazon Translate
医師は病気を治療して患者の健康を改善します。,Amir,Amazon Translate
三角形には、合計が180度に等しい3つの角度があります。,Amir,Amazon Translate
ジャズは厳密な音よりも即興を重視する。,Amir,Amazon Translate
博物館は将来の世代のために歴史と文化を保存します。,Amir,Amazon Translate
ヨガのポーズは、強さ、柔軟性、バランスを高めます。,Amir,Amazon Translate
原子は結合して異なる化合物を生成します。,Amir,Amazon Translate
Wi-Fi はデバイスのワイヤレス接続を可能にします。,Amir,Amazon Translate
雲が凝縮した水蒸気を放出すると雨が降ります。,Amir,Amazon Translate
貨幣は市場における交換媒体の役割を果たす。,Amir,Amazon Translate
竹は理想的な条件で1日あたり1メートル成長できます。,Amir,Amazon Translate
運転者は安全のために交通規則に従わなければならない。,Amir,Amazon Translate
ミツバチは植物の糖源から蜂蜜を作ります。,Amir,Amazon Translate
音は固体材料の媒体で最も速く移動します。,Amir,Amazon Translate
重力は惑星体を楕円軌道に保ちます。,Amir,Amazon Translate
辞書は単語の意味と正しいスペルを説明しています。,Amir,Amazon Translate
絵の具は、筆やナイフで塗った顔料を使います。,Amir,Amazon Translate
ニュートラルカラーには、白、黒、グレー、ベージュが含まれます。,Amir,Amazon Translate
オーケストラはクラシック楽譜を演奏します。,Amir,Amazon Translate
飛行機はジェットエンジンを使用して目的地間を高速で移動します。,Amir,Amazon Translate
爬虫類は日光を浴びて温度を調節します。,Amir,Amazon Translate
電話機は長距離間の音声通信を可能にします。,Amir,Amazon Translate
ビタミンは食事のギャップを補い、健康を促進します。,Amir,Amazon Translate
本は知識、アイデア、または物語を読者と共有します。,Amir,Amazon Translate
曇りの日は自然光を広範囲に拡散させます。,Amir,Amazon Translate
ジャズはアフリカ系アメリカ人のコミュニティで生まれました。,Amir,Amazon Translate
歯科医は特に歯と歯茎をケアします。,Amir,Amazon Translate
ソーラーパネルは光子エネルギーを電気に変換します。,Amir,Amazon Translate
民主主義は市民に指導者に投票する権限を与えます。,Amir,Amazon Translate
チーズは動物のミルク酵素を発酵させることによって形成されます。,Amir,Amazon Translate
農家は消費用または家畜用に作物を育てています。,Amir,Amazon Translate
分数は整数値よりも小さい数値を表します。,Amir,Amazon Translate
オペラは、ボーカルパフォーマンスとドラマチックなストーリーテリングを融合させています。,Amir,Amazon Translate
スイレンは広い葉を使って池に浮かんでいます。,Amir,Amazon Translate
オリンピックは世界中で4年ごとに開催されます。,Amir,Amazon Translate
温度は物質の熱エネルギーを測定します。,Amir,Amazon Translate
レモンは食べ物に酸味と風味を加えます。,Amir,Amazon Translate
南極大陸には、科学者以外の永住者はいません。,Amir,Amazon Translate
日記には、個人的な経験、思考、感情が記録されます。,Amir,Amazon Translate
漁業は高タンパクの食料資源を供給します。,Amir,Amazon Translate
ガラスは砂とソーダ灰を溶かして製造されます。,Amir,Amazon Translate
バイオリンの弓は馬の毛を使って音を出します。,Amir,Amazon Translate
キリンは背の高い首を使ってアカシアの木を食べます。,Amir,Amazon Translate
鉄は塗料でコーティングすると腐食に最も強くなります。,Amir,Amazon Translate
星は水素原子をヘリウム原子核に融合させてエネルギーを放出します。,Amir,Amazon Translate
文法は、言語がどのように文を論理的に構造化するかを概説します。,Amir,Amazon Translate
雷は、反対側の電荷が大気中で等しくなるときに発生します。,Amir,Amazon Translate
デジタルカメラは写真を電子画像として記録します。,Amir,Amazon Translate
エンジニアリングは、機械、道路、装置、または構造物を開発します。,Amir,Amazon Translate
チューリップは中央アジア地域に自生する球根の花です。,Amir,Amazon Translate
ニンジンには、体がビタミンAに変換するベータカロチンが含まれています。,Amir,Amazon Translate
リンゴは毎年葉を失う落葉樹に生えています。,Amir,Amazon Translate
科学には、質問をし、系統的に実験を行うことが含まれます。,Amir,Amazon Translate
公共図書館では、書籍やマルチメディア資料を自由に貸し出しています。,Amir,Amazon Translate
夕焼けは太陽光線を散乱させることで空の色を変えます。,Amir,Amazon Translate
たき火は屋外で大量の木材を燃やします。,Amir,Amazon Translate
薬は病気や感染症の症状を緩和するのに役立ちます。,Amir,Amazon Translate
シマウマは縞模様のカモフラージュのおかげで草原に溶け込みます。,Amir,Amazon Translate
冬は寒冷地帯に吹雪をもたらします。,Amir,Amazon Translate
教師は教育機関における学習目標を支援します。,Amir,Amazon Translate
考古学者は過去の社会の遺物を研究します。,Amir,Amazon Translate
サッカー選手はボールを蹴ってゴールを決めます。,Amir,Amazon Translate
ハリケーンは深刻な風害と洪水を引き起こします。,Amir,Amazon Translate
紙は加工された木の繊維から作られています。,Amir,Amazon Translate
チョコレートは熱帯気候で栽培されるカカオ豆から始まりました。,Amir,Amazon Translate
クックブックには、レシピと調理法の説明が記載されています。,Amir,Amazon Translate
アスリートは身体能力レベルを高めるためにトレーニングを行います。,Amir,Amazon Translate
ローマにはジュリアス・シーザーのような皇帝が住んでいました。,Amir,Amazon Translate
エレキギターは音量を上げるにはアンプが必要です。,Amir,Amazon Translate
島は、火山が水線より上に現れると形成されます。,Amir,Amazon Translate
種子は、環境によって湿らせて温めると発芽します。,Amir,Amazon Translate
心理学は精神的プロセスと行動を科学的に研究します。,Amir,Amazon Translate
気候は、地理的位置に見られる植生タイプに影響を与えます。,Amir,Amazon Translate
氷山は海に浮かぶ大きな氷河から離れます。,Amir,Amazon Translate
シェイクスピアは、ハムレットやマクベスなどの戯曲を書きました。,Amir,Amazon Translate
バランスの取れた食事には、タンパク質、野菜、穀物が含まれます。,Amir,Amazon Translate
地球の大気は主に窒素と酸素で構成されています。,Amir,Amazon Translate
リンゴ園は毎年秋に実を結びます。,Amir,Amazon Translate
塩は冷蔵前の肉を保存します。,Amir,Amazon Translate
ポリゴンは、辺がまっすぐな閉じた形状です。,Amir,Amazon Translate
無線は音波を長距離にわたってワイヤレスで送信します。,Amir,Amazon Translate
クレーンは、長い脚を使って水の中を歩きます。,Amir,Amazon Translate
コインは小口取引の通貨として機能します。,Amir,Amazon Translate
秋になると、気温によって葉の色が変わります。,Amir,Amazon Translate
医療専門家は病気の診断と治療を行います。,Amir,Amazon Translate
チェスは市松模様のゲームボードで戦略的な動きをします。,Amir,Amazon Translate
医師は患者に薬と治療法を処方します。,Amir,Amazon Translate
蚊はさまざまな病気の一般的な媒介者です。,Amir,Amazon Translate
論理は合理的な議論の基礎を形成します。,Amir,Amazon Translate
数学はパターン、量、構造を分析します。,Amir,Amazon Translate
俳優は演劇作品で役割を果たします。,Amir,Amazon Translate
教師は世界中の教室で生徒を教育しています。,Amir,Amazon Translate
フリーダ・カーロは表情豊かな自画像を描きました。,Amir,Amazon Translate
エッフェル塔はフランスのパリにあります。,Amir,Amazon Translate
バスケットボールでは、5人のプレーヤーのチームがポイントを競います。,Amir,Amazon Translate
ブルドーザーは建設プロジェクト中に土を動かします。,Amir,Amazon Translate
引用符はテキスト内のスピーチまたは引用を示します。,Amir,Amazon Translate
コンピュータは情報を電子的に高速に処理します。,Amir,Amazon Translate
雷雨時には稲妻が点滅します。,Amir,Amazon Translate
ピラミッドは古代の建築の成果を例示しています。,Amir,Amazon Translate
ビタミンは体の機能と代謝を維持するのに役立ちます。,Amir,Amazon Translate
クラシック音楽は、オーケストレーションされた楽器を使った構造化された作曲を使用します。,Amir,Amazon Translate
設計図は、エンジニアが建築設計を行う際の指針となります。,Amir,Amazon Translate
反対の間、火星は肉眼で見えます。,Amir,Amazon Translate
天気予報は、将来の大気の状態を局所的に予測します。,Amir,Amazon Translate
米はアジアの食生活の主食です。,Amir,Amazon Translate
人形劇は、手で操作するフィギュアを使って物語に命を吹き込みます。,Amir,Amazon Translate
がんとは、異常な細胞増殖を伴う疾患群を指します。,Amir,Amazon Translate
Google 検索エンジンは、毎日何百万ものウェブページのインデックスを作成しています。,Amir,Amazon Translate
チーズは、適切に保管された凝乳乳から作られます。,Amir,Amazon Translate
ワニは川岸や暖かい湿地に生息しています。,Amir,Amazon Translate
南極大陸では、毎年6か月間連続して日光が照ります。,Amir,Amazon Translate
エンジニアは機械、建物、インフラを設計します。,Amir,Amazon Translate
ヴァイオリニストは弦を正確に曲げることでメロディーを演奏します。,Amir,Amazon Translate
島々は完全に水域に囲まれています。,Amir,Amazon Translate
ジョギングは、座りがちな生活に対する回復力を高めます。,Amir,Amazon Translate
気温が氷点下に下がると氷が自然に形成されます。,Amir,Amazon Translate
サッカーは球状のボールとゴールポストをチームごとに使います。,Amir,Amazon Translate
彫刻家は石や金属のブロックから立体的な作品を作ります。,Amir,Amazon Translate
健康的な食事は強力な免疫システム機能をサポートします。,Amir,Amazon Translate
電気はあらゆる電子機器に電力を供給します。,Amir,Amazon Translate
医師は毎日怪我や病気を治療します。,Amir,Amazon Translate
図書館の棚は、トピックや著者ごとに本を整理しています。,Amir,Amazon Translate
歴史は過去の人々や出来事を研究します。,Amir,Amazon Translate
地震は地下の断層に沿った動きから生じます。,Amir,Amazon Translate
ヨガには、姿勢、呼吸、集中力のテクニックが組み込まれています。,Amir,Amazon Translate
バレエダンサーは振り付けされた動きを優雅に演じます。,Amir,Amazon Translate
地理学者は空間分布と位置を研究します。,Amir,Amazon Translate
農家は穀物や野菜を栽培して消費します。,Amir,Amazon Translate
ミツバチは巣箱の中で蜂蜜を作ります。,Amir,Amazon Translate
古代ギリシャ人は神々を称える寺院を建てました。,Amir,Amazon Translate
公共バスは都市を共同で移動します。,Amir,Amazon Translate
アザラシは陸と冷たい海の両方に生息しています。,Amir,Amazon Translate
第二次世界大戦後、ベルリンの壁は東ベルリンと西ベルリンを分断しました。,Amir,Amazon Translate
ホオジロザメは複数列の歯を持っています。,Amir,Amazon Translate
ドングリは、そのままにしておくとオークの木に成長します。,Amir,Amazon Translate
落花生は地下のさやで育ちます。,Amir,Amazon Translate
キウイフルーツは皮が茶色く、果肉は緑色です。,Amir,Amazon Translate
原子は、あらゆる種類の固体、液体、気体を形成します。,Amir,Amazon Translate
ウイルスはインフルエンザや風邪の原因となります。,Amir,Amazon Translate
人間の記憶には、事実、スキル、経験が保存されています。,Amir,Amazon Translate
スーパーマーケットでは、食料品、家庭用品、身の回り品を販売しています。,Amir,Amazon Translate
飛行機は大陸を越えて乗客を迅速に輸送します。,Amir,Amazon Translate
アレキサンダー大王は古代世界の多くを征服しました。,Amir,Amazon Translate
Bluetooth はデジタルデバイスをワイヤレスで接続します。,Amir,Amazon Translate
アーティストは、さまざまなメディアを通じてアイデアを視覚的に表現します。,Amir,Amazon Translate
果物や野菜を洗うと、汚れやバクテリアが取り除かれます。,Amir,Amazon Translate
微積分法は、曲線の下の面積と変化率を求めます。,Amir,Amazon Translate
マップは、シンボルと線で地理的領域を視覚的に表します。,Amir,Amazon Translate
バランスの取れた食事は強い免疫機能をサポートします。,Amir,Amazon Translate
美術館では、芸術、歴史、科学の展示品を展示しています。,Amir,Amazon Translate
重力は地球の表面にある物体を保持します。,Amir,Amazon Translate
写真は、カメラとフィルムまたはセンサーを使用して画像をキャプチャします。,Amir,Amazon Translate
ウサギは大きな敏感な耳で捕食者を検出します。,Amir,Amazon Translate
コンピューターは 2 進数値システムを使用してデータを処理します。,Amir,Amazon Translate
コインは商取引の通貨として機能します。,Amir,Amazon Translate
ヴァイオリニストはオーケストラやアンサンブルで高音を演奏します。,Amir,Amazon Translate
飛行機は遠く離れた世界の都市間を乗客を飛ばします。,Amir,Amazon Translate
医師は病気を診断し、治療を勧めます。,Amir,Amazon Translate
タンチョウは浅瀬を歩き、魚や昆虫を狩ります。,Amir,Amazon Translate
彫像は、公共の場での著名人や出来事を記念するものです。,Amir,Amazon Translate
学生は数学、科学、言語などの学問科を学びます。,Amir,Amazon Translate
全地球測位システム（GPS）は屋外での移動に役立ちます。,Amir,Amazon Translate
夏の気温は一般的に冬の気温を上回ります。,Amir,Amazon Translate
湖には淡水または海水が溜まっています。,Amir,Amazon Translate
雲は冷たく凝縮した水蒸気の小滴で構成されています。,Amir,Amazon Translate
サッカーチームはボールでゴールを決めるために競います。,Amir,Amazon Translate
科学は観察と実験の証拠に依存しています。,Amir,Amazon Translate
メガネは近視などの視力障害を矯正します。,Amir,Amazon Translate
算術には、加算、減算、乗算、除算が含まれます。,Amir,Amazon Translate
時計は時間間隔を正確に測定します。,Amir,Amazon Translate
ペニシリンはアレクサンダー・フレミングによって抗生物質として発見されました。,Amir,Amazon Translate
NASAは望遠鏡と宇宙船を使って宇宙を探索します。,Amir,Amazon Translate
肉食動物は主に他の動物を食べることによって栄養を得ます。,Amir,Amazon Translate
脳は思考や感情を処理し、身体機能を制御します。,Amir,Amazon Translate
車は、道路上で人や物をすばやく輸送します。,Amir,Amazon Translate
金星は私たちの太陽系で最も熱い惑星です。,Amir,Amazon Translate
アジアは地球最大の大陸です。,Amir,Amazon Translate
フリーダ・カーロは、メキシコ文化の影響を受けた自画像を描きました。,Amir,Amazon Translate
マップは地形、距離、政治的境界を簡略化します。,Amir,Amazon Translate
健康的な睡眠は免疫機能と気分調節をサポートします。,Amir,Amazon Translate
医師は診断と薬を使って病気を治療します。,Amir,Amazon Translate
ヨガはストレッチと呼吸を組み合わせて健康効果を高めます。,Amir,Amazon Translate
植物は温暖な気候の秋に葉を失います。,Amir,Amazon Translate
ペンギンは泳ぐが飛ばない鳥です。,Amir,Amazon Translate
海は地球の表面の3分の2以上を覆っています。,Amir,Amazon Translate
プラスチックは何百年もの間自然界に残ります。,Amir,Amazon Translate
公共図書館では、カード所有者に無料で本を貸し出しています。,Amir,Amazon Translate
クジラは、息を求めて浮上するときに噴出口を吐き出します。,Amir,Amazon Translate
ウサギは大きな耳を使って環境音を感知します。,Amir,Amazon Translate
意見の表明は、普遍的な事実ではなく、信念を反映しています。,Amir,Amazon Translate
エンジニアは、実際的な課題に対応する技術的ソリューションを設計します。,Amir,Amazon Translate
アーティストは創造的な作品を通して感情を視覚的に表現します。,Amir,Amazon Translate
ロジックは、正式な前提に基づいて有効な結論を見つけます。,Amir,Amazon Translate
物語は物語を一連の出来事として構成します。,Amir,Amazon Translate
辞書には、単語の定義と発音がアルファベット順にリストされています。,Amir,Amazon Translate
地質学者は岩石の組成と歴史を研究します。,Amir,Amazon Translate
衛星は惑星の周りを回って信号をグローバルに中継します。,Amir,Amazon Translate
バッタは体の大きさに比べて大きく跳躍します。,Amir,Amazon Translate
市場は、買い手と売り手が交流する場所です。,Amir,Amazon Translate
火山は噴火時に熱い溶岩を放出します。,Amir,Amazon Translate
アフリカは2番目に大きい大陸です。,Amir,Amazon Translate
心臓は血液を循環させて酸素を組織に送ります。,Amir,Amazon Translate
バレエには強さ、柔軟性、正確なバランスが必要です。,Amir,Amazon Translate
長江は中国東部を流れています。,Amir,Amazon Translate
筋肉の成長は、継続的なレジスタンス運動の結果です。,Amir,Amazon Translate
ワクチンはウイルス感染の伝播を減らすのに役立ちます。,Amir,Amazon Translate
日焼け止めは、明るい夏の日の日焼けを防ぐのに役立ちます。,Amir,Amazon Translate
ホッキョクグマはよく泳ぎ、流氷を狩ります。,Amir,Amazon Translate
クルド人は、トルコ、シリア、イラク、イランにまたがる地域に住んでいます。,Amir,Amazon Translate
じゃがいもは地下で塊茎として育ちます。,Amir,Amazon Translate
公共図書館は、コミュニティメンバーに無料で本を貸し出しています。,Amir,Amazon Translate
古代ローマの建築はアーチとドームを開拓しました。,Amir,Amazon Translate
キーストーンアーチ橋は、谷全体に効率的に重量を分散します。,Amir,Amazon Translate
山地は、地殻変動によって土地が上向きに持ち上げられることから生じます。,Amir,Amazon Translate
サッカーは足とボールだけを使うチームスポーツです。,Amir,Amazon Translate
チーズは、さまざまな年齢まで熟成させた発酵乳です。,Amir,Amazon Translate
りんごは品種によって赤、緑、黄色で熟します。,Amir,Amazon Translate
氷河はゆっくりとした動きでゆっくりと山を形作っています。,Amir,Amazon Translate
鉄道は都市間を長距離にわたって乗客を運びます。,Amir,Amazon Translate
スーパーマーケットには、肉から掃除用品まで、さまざまな商品が揃っています。,Amir,Amazon Translate
風力タービンは化石燃料を燃やさずに発電します。,Amir,Amazon Translate
イチゴは、毎年春に最初に収穫される果物の1つです。,Amir,Amazon Translate
気候とは、長期にわたる一般的な気象傾向を表します。,Amir,Amazon Translate
キノコは湿った日陰の環境で最もよく育ちます。,Amir,Amazon Translate
エンジニアは地震や洪水に耐える構造物を建設します。,Amir,Amazon Translate
塩は魚肉を腐敗から守ります。,Amir,Amazon Translate
雲は太陽光を散乱させ、パステル調の夕空を作り出します。,Amir,Amazon Translate
医師はエビデンスに基づいた医療を使用して病気を治療します。,Amir,Amazon Translate
歯科医は虫歯を防ぐために歯をきれいにします。,Amir,Amazon Translate
数学には、幾何学や統計学などさまざまな分野が含まれます。,Amir,Amazon Translate
ホッケーはスティックを使って小さな丸いパックを向けます。,Amir,Amazon Translate
ウサギは強い足を使って飛び跳ねて逃げます。,Amir,Amazon Translate
プラスチック包装は生鮮食品を腐敗から守ります。,Amir,Amazon Translate
通貨は商取引や交換を容易にします。,Amir,Amazon Translate
ジャズミュージシャンは、変化するハーモニーの中でソロを演奏します。,Amir,Amazon Translate
彫刻家は歴史上の人々を表す石像を彫ります。,Amir,Amazon Translate
重力により、沿岸の海岸線に沿って定期的に潮汐が変化します。,Amir,Amazon Translate
稲妻が夜空を短時間照らします。,Amir,Amazon Translate
南極大陸は一年中ほとんど氷に覆われています。,Amir,Amazon Translate
スプレーペイントは街の壁にポップアートの壁画を描きます。,Amir,Amazon Translate
ペニシリンはカビの汚染から偶然発見されました。,Amir,Amazon Translate
論理は議論を前提と合理的な結論に分解します。,Amir,Amazon Translate
寒い冬の季節が終わると、春の葉が咲きます。,Amir,Amazon Translate
クッキーは、従来のものよりも対流式オーブンでより速く焼きます。,Amir,Amazon Translate
本は物語や情報を効果的に伝えます。,Amir,Amazon Translate
写真は視覚的な瞬間を捉えて、後で楽しむことができます。,Amir,Amazon Translate
世界的な科学的協力により、技術は急速に進歩しています。,Amir,Amazon Translate
ガラス瓶は何度も洗って再利用できます。,Amir,Amazon Translate
Algebra は、変数と算術演算を含む方程式を解きます。,Amir,Amazon Translate
タブレットは、スクリーン、プロセッサー、バッテリー、スピーカーをポータブルに統合します。,Amir,Amazon Translate
キリンは他の草食動物が手が届かない高い木を草を食べます。,Amir,Amazon Translate
時計は時間、分、秒を正確に表示します。,Amir,Amazon Translate
モネは有名な睡蓮のシーンを描きました。,Amir,Amazon Translate
エベレスト山は地球上で最も高い地点です。,Amir,Amazon Translate
飲料水は体温調節に役立ちます。,Amir,Amazon Translate
古代エジプトはファラオのために大ピラミッドを建てました。,Amir,Amazon Translate
抽象芸術はリアリズムの代わりに形を使います。,Amir,Amazon Translate
アルゼンチンは南米のブラジルの南にあります。,Amir,Amazon Translate
野菜を食べることは健康な免疫システムをサポートします。,Amir,Amazon Translate
彫刻は立体的な作品を彫ったり成形したりします。,Amir,Amazon Translate
バナナは熱帯気候でよく育ちます。,Amir,Amazon Translate
パンは焼く前に膨らませなければなりません。,Amir,Amazon Translate
太陽光はすべての生物にエネルギーを供給します。,Amir,Amazon Translate
車は長距離の移動時間を短縮します。,Amir,Amazon Translate
本には物語、情報、歴史が記録されています。,Amir,Amazon Translate
卵にはタンパク質とビタミンAとDが含まれています。,Amir,Amazon Translate
コメは毎年世界中で何十億もの人々を養っています。,Amir,Amazon Translate
オペラは、歌とオーケストラの伴奏を融合させたものです。,Amir,Amazon Translate
クラシック音楽は弦楽と金管楽器のセクションを使います。,Amir,Amazon Translate
発電所は地域社会に電力を供給します。,Amir,Amazon Translate
コインは交換用の通貨として機能します。,Amir,Amazon Translate
ナポレオンは皇帝としてフランスを統治しました。,Amir,Amazon Translate
ホイットニー・ヒューストンは影響力のあるポップシンガーでした。,Amir,Amazon Translate
コンピュータは電子回路を使用して情報を処理します。,Amir,Amazon Translate
代数には、未知の値を表す変数が含まれています。,Amir,Amazon Translate
羊は暖かいウールの衣類に繊維を供給します。,Amir,Amazon Translate
医師は症状と検査に基づいて状態を診断します。,Amir,Amazon Translate
マップは川、都市、境界を視覚的に強調表示します。,Amir,Amazon Translate
夏の暴風雨では、落雷がより頻繁に発生します。,Amir,Amazon Translate
ジャズミュージシャンは予想外にメロディーを即興で演奏します。,Amir,Amazon Translate
プラスチックラップはアイテムを湿気から保護します。,Amir,Amazon Translate
ピアノは打った弦を通して音を出します。,Amir,Amazon Translate
星は核融合によって発光します。,Amir,Amazon Translate
宇宙飛行士は惑星外からの保護のために宇宙服を着ます。,Amir,Amazon Translate
数学には、計算、測定、分析が含まれます。,Amir,Amazon Translate
Opsは国際イベントで責任を分担します。,Amir,Amazon Translate
モナリザは不思議な表情を見せます。,Amir,Amazon Translate
ローマには古代文明の遺跡が展示されています。,Amir,Amazon Translate
コンピューターのメモリは、処理のためにデータを一時的に保存します。,Amir,Amazon Translate
カロリーは、食べた食品に含まれるエネルギーを測定します。,Amir,Amazon Translate
血液は循環器系全体に栄養素を輸送します。,Amir,Amazon Translate
少しずつ食事の栄養摂取量を調節します。,Amir,Amazon Translate
美術館には、歴史的、芸術的価値のある作品が展示されています。,Amir,Amazon Translate
バナナの木は食用の果物と葉の両方を生産します。,Amir,Amazon Translate
栄養価の高い朝食は学校での集中力を高めます。,Amir,Amazon Translate
数学の方程式には 1 つまたは複数の解があります。,Amir,Amazon Translate
重力は人々を地球の表面に固定し続けます。,Amir,Amazon Translate
アマゾン川には広い流域があります。,Amir,Amazon Translate
伝統的な凧では三角形が一般的です。,Amir,Amazon Translate
チョコレートは加工されたカカオ豆から作られています。,Amir,Amazon Translate
医師は毎年のインフルエンザワクチン接種を推奨しています。,Amir,Amazon Translate
文化は芸術、言語、社会的慣習に影響を与えます。,Amir,Amazon Translate
サッカーは球状のボールと2つのネットを使います。,Amir,Amazon Translate
瞑想は不安を和らげ、マインドフルネスを高めます。,Amir,Amazon Translate
東京は人口密度が高く、技術的にも進歩しています。,Amir,Amazon Translate
本は知識を世代を超えて伝えます。,Amir,Amazon Translate
ワークアウトルーチンは特定の筋肉群を強化します。,Amir,Amazon Translate
ポリゴンは、複数の辺を持つ閉じた図形です。,Amir,Amazon Translate
塩はバクテリアの繁殖を抑えることで肉を保存します。,Amir,Amazon Translate
チーズの製造には凝固と発酵が必要です。,Amir,Amazon Translate
ダイヤモンドは主に四面体状に炭素配列されています。,Amir,Amazon Translate
じゃがいもはさまざまなレシピで炭水化物を提供します。,Amir,Amazon Translate
ワシは強力な爪を使って獲物を捕まえます。,Amir,Amazon Translate
写真は後世のために視覚的な記憶をとらえます。,Amir,Amazon Translate
氷河は自重でゆっくりと移動します。,Amir,Amazon Translate
キリンは他の人がアクセスできない木のてっぺんの葉を食べます。,Amir,Amazon Translate
コオロギは主に暖かい夜に鳴きます。,Amir,Amazon Translate
法制度は社会内のルールを強制します。,Amir,Amazon Translate
風車は運動エネルギーを機械的な働きに変換します。,Amir,Amazon Translate
人々はカレンダーを使ってイベントを計画します。,Amir,Amazon Translate
ライオンズは誇りを持って協力して狩りをします。,Amir,Amazon Translate
減算によって数量の差が決まります。,Amir,Amazon Translate
イチゴは熟したら摘み取らなければなりません。,Amir,Amazon Translate
リテラシーは書かれた指示を理解することを可能にします。,Amir,Amazon Translate
ワクチンは免疫反応を安全に刺激します。,Amir,Amazon Translate
円グラフは全体の一部だけを視覚的に表します。,Amir,Amazon Translate
ウミガメは卵を巣にするためにビーチに戻ります。,Amir,Amazon Translate
新聞は読者に最新のニュース記事を知らせます。,Amir,Amazon Translate
ゴルフコースにはグリーン、フェアウェイ、サンドバンカーがあります。,Amir,Amazon Translate
光はミラーで同じ角度で反射します。,Amir,Amazon Translate
鬱蒼とした森には、より多くの動物が生息しています。,Amir,Amazon Translate
ニューロンは神経系全体に信号を伝達します。,Amir,Amazon Translate
視力はレンズを通して入射する光に依存しています。,Amir,Amazon Translate
ハイブリッドカーは電気モーターとガスエンジンを使用します。,Amir,Amazon Translate
筋肉が収縮して体を動かします。,Amir,Amazon Translate
単語辞書は用語を明確に定義します。,Amir,Amazon Translate
バスケットボールでは、チームがフープを撃ってポイントを獲得します。,Amir,Amazon Translate
クラシック作品はしばしばオーケストラのアレンジを必要とします。,Amir,Amazon Translate
インターネットは情報へのグローバルなアクセスを提供します。,Amir,Amazon Translate
骨は軟部臓器や組織を支えます。,Amir,Amazon Translate
化石は古代の動物の構造を明らかにしています。,Amir,Amazon Translate
絵画は、現実的なスタイルから抽象的なスタイルまでさまざまです。,Amir,Amazon Translate
物理学は物質、力、運動を探求します。,Amir,Amazon Translate
数学者は数字と空間に関する理論を開発します。,Amir,Amazon Translate
鳥のさえずりは、テリトリーやアトラクションの意図を伝えます。,Amir,Amazon Translate
基本的な算術演算は日常の計算をサポートします。,Amir,Amazon Translate
コンパクトディスクにはデジタルオーディオデータが保存されます。,Amir,Amazon Translate
