statement,committer,elicitation
बिल्लियों को आमतौर पर घरेलू पालतू जानवरों के रूप में रखा जाता है।,Amir,Amazon Translate
प्रकाश ध्वनि से भी तेज गति से यात्रा करता है।,Amir,Amazon Translate
चीनी पानी में घुल जाती है।,Amir,Amazon Translate
सर्दियों के दिन आमतौर पर गर्मी के दिनों की तुलना में ठंडे होते हैं।,Amir,Amazon Translate
प्रकाश संश्लेषण के लिए पौधों को सूर्य के प्रकाश की आवश्यकता होती है।,Amir,Amazon Translate
अधिकांश वयस्कों के 32 दांत होते हैं।,Amir,Amazon Translate
किताबें कागज से बनाई जा सकती हैं।,Amir,Amazon Translate
संघनित जल वाष्प से वर्षा होती है।,Amir,Amazon Translate
कारों को चलाने के लिए ईंधन की आवश्यकता होती है।,Amir,Amazon Translate
शतरंज एक चौकोर बोर्ड पर खेला जाता है।,Amir,Amazon Translate
बिना ढके रहने पर ब्रेड बासी हो जाती है।,Amir,Amazon Translate
चंद्रमा पृथ्वी की परिक्रमा करता है।,Amir,Amazon Translate
नमी के संपर्क में आने पर आयरन में जंग लग जाता है।,Amir,Amazon Translate
मकड़ियों के आठ पैर होते हैं।,Amir,Amazon Translate
हाथी भूमि पर रहने वाले सबसे बड़े जानवर हैं।,Amir,Amazon Translate
एक त्रिभुज की तीन भुजाएँ होती हैं।,Amir,Amazon Translate
दूध का इस्तेमाल अक्सर पनीर बनाने के लिए किया जाता है।,Amir,Amazon Translate
सिक्के आम तौर पर धातु के बने होते हैं।,Amir,Amazon Translate
रेफ्रिजरेटर भोजन को ठंडा रखते हैं।,Amir,Amazon Translate
गुरुत्वाकर्षण वस्तुओं को पृथ्वी की ओर खींचता है।,Amir,Amazon Translate
पैरों में मोज़े पहने जाते हैं।,Amir,Amazon Translate
मधुमक्खियां फूलों से अमृत इकट्ठा करती हैं।,Amir,Amazon Translate
मछलियां पानी के भीतर सांस लेने के लिए गलफड़ों का इस्तेमाल करती हैं।,Amir,Amazon Translate
आग से गर्मी और रोशनी पैदा होती है।,Amir,Amazon Translate
बादल पानी की बूंदों के जमाव दिखाई देते हैं।,Amir,Amazon Translate
हीरे को मूल्यवान रत्न माना जाता है।,Amir,Amazon Translate
पिघले हुए लावा से ज्वालामुखी फट सकते हैं।,Amir,Amazon Translate
चावल कई देशों का मुख्य भोजन है।,Amir,Amazon Translate
अमेज़ॅन एक बड़ा वर्षावन है।,Amir,Amazon Translate
पक्षी अंडे देने के लिए घोंसले बनाते हैं।,Amir,Amazon Translate
एक सप्ताह में सात दिन होते हैं।,Amir,Amazon Translate
टेलीफोन कॉल दूरियों पर आवाज़ें प्रसारित करती हैं।,Amir,Amazon Translate
प्लास्टिक को कुछ सुविधाओं में पुनर्नवीनीकरण किया जा सकता है।,Amir,Amazon Translate
पेड़ों पर सेब उगते हैं।,Amir,Amazon Translate
कंगारू ऑस्ट्रेलिया के मूल निवासी हैं।,Amir,Amazon Translate
पवन चक्कियों से बिजली पैदा हो सकती है।,Amir,Amazon Translate
लोग लोकतांत्रिक चुनावों में वोट देते हैं।,Amir,Amazon Translate
पुस्तकालय जनता को किताबें उधार देते हैं।,Amir,Amazon Translate
रेलगाड़ियां रेल पर यात्रा करती हैं।,Amir,Amazon Translate
ज्यादातर पेंसिलों में ग्रेफाइट होता है।,Amir,Amazon Translate
कैमरे तस्वीरों को कैप्चर करते हैं।,Amir,Amazon Translate
फुटबॉल अंडाकार गेंद से खेला जाता है।,Amir,Amazon Translate
गर्मी के संपर्क में आने पर आइसक्रीम पिघल जाती है।,Amir,Amazon Translate
टेलीविज़न चलती छवियों को प्रदर्शित करते हैं।,Amir,Amazon Translate
हवाई जहाज पंखों का उपयोग करके उड़ते हैं।,Amir,Amazon Translate
आलू भूमिगत रूप से उगते हैं।,Amir,Amazon Translate
ज्यादातर लोगों को चीनी का स्वाद मीठा होता है।,Amir,Amazon Translate
जूते आपके पैरों की सुरक्षा करते हैं।,Amir,Amazon Translate
"डॉल्फ़िन स्तनधारी हैं, मछली नहीं।",Amir,Amazon Translate
दरवाजों को अनलॉक करने के लिए कुंजियों का उपयोग किया जाता है।,Amir,Amazon Translate
पेरिस फ्रांस की राजधानी है।,Amir,Amazon Translate
उपग्रह अंतरिक्ष में ग्रहों की परिक्रमा करते हैं।,Amir,Amazon Translate
चीड़ के पेड़ साल भर हरे रहते हैं।,Amir,Amazon Translate
जेलिफ़िश महासागरों में रहते हैं।,Amir,Amazon Translate
सहारा एक विशाल मरुस्थल है।,Amir,Amazon Translate
पावर आउटेज से बिजली का प्रवाह रुक जाता है।,Amir,Amazon Translate
सूरजमुखी सूर्य के प्रकाश की ओर मुड़ जाते हैं।,Amir,Amazon Translate
स्टैच्यू ऑफ़ लिबर्टी न्यूयॉर्क हार्बर में स्थित है।,Amir,Amazon Translate
इंद्रधनुष तब बनते हैं जब प्रकाश पानी की बूंदों से होकर गुजरता है।,Amir,Amazon Translate
अधिकांश मेंढक लंबी दूरी तक कूद सकते हैं।,Amir,Amazon Translate
भेड़िये पैक्स में शिकार करते हैं।,Amir,Amazon Translate
कछुओं के कठोर गोले होते हैं।,Amir,Amazon Translate
टेक्टोनिक प्लेट्स के हिलने से भूकंप आते हैं।,Amir,Amazon Translate
तितलियाँ कायापलट से गुजरती हैं।,Amir,Amazon Translate
घड़ियाँ समय को मापती हैं।,Amir,Amazon Translate
सोने में पीले रंग की धात्विक चमक होती है।,Amir,Amazon Translate
एक कंपास कार्डिनल दिशाएं दिखाता है।,Amir,Amazon Translate
उल्लू निशाचर पक्षी हैं।,Amir,Amazon Translate
नावें पानी पर तैरती हैं।,Amir,Amazon Translate
पिज़्ज़ा एक लोकप्रिय भोजन है।,Amir,Amazon Translate
जिराफ की गर्दन लंबी होती है।,Amir,Amazon Translate
मोमबत्तियां जलने पर प्रकाश प्रदान करती हैं।,Amir,Amazon Translate
बाँस जल्दी उगता है।,Amir,Amazon Translate
फ़ुटबॉल एक गोल गेंद के साथ खेला जाता है।,Amir,Amazon Translate
"मशरूम कवक हैं, पौधे नहीं।",Amir,Amazon Translate
लेज़र प्रकाश की केंद्रित किरणों का उत्सर्जन करते हैं।,Amir,Amazon Translate
द ग्रेट वॉल चीन में स्थित है।,Amir,Amazon Translate
मच्छर खून खाने के लिए काटते हैं।,Amir,Amazon Translate
अंडा एक सामान्य नाश्ता भोजन है।,Amir,Amazon Translate
घोड़ों के खुर होते हैं।,Amir,Amazon Translate
साबुन त्वचा से गंदगी को हटाता है।,Amir,Amazon Translate
कई कीड़े पूरी तरह से कायापलट से गुजरते हैं।,Amir,Amazon Translate
आर्कटिक ध्रुवीय भालुओं का घर है।,Amir,Amazon Translate
मानचित्र स्थानों के स्थान दिखाते हैं।,Amir,Amazon Translate
रेनकोट आपको सूखा रखते हैं।,Amir,Amazon Translate
बिजली लंबी वस्तुओं से टकरा सकती है।,Amir,Amazon Translate
पानी शून्य डिग्री सेल्सियस पर जम जाता है।,Amir,Amazon Translate
कुत्ते आम घरेलू जानवर हैं।,Amir,Amazon Translate
शरद ऋतु में पत्तियां रंग बदलती हैं।,Amir,Amazon Translate
कागज लकड़ी के गूदे से बनाया जाता है।,Amir,Amazon Translate
ज्यादातर पक्षी अंडे देते हैं।,Amir,Amazon Translate
टमाटर में विटामिन सी होता है।,Amir,Amazon Translate
कंप्यूटर डिजिटल जानकारी को प्रोसेस करते हैं।,Amir,Amazon Translate
गाय डेयरी उत्पादों के लिए दूध का उत्पादन करती हैं।,Amir,Amazon Translate
ट्रेनें यात्रियों या माल को ले जाती हैं।,Amir,Amazon Translate
साइकिलें पेडलिंग द्वारा संचालित होती हैं।,Amir,Amazon Translate
शहद मधुमक्खियों द्वारा बनाया जाता है।,Amir,Amazon Translate
महासागर पृथ्वी की अधिकांश सतह को कवर करता है।,Amir,Amazon Translate
पहाड़ स्थानीय मौसम को प्रभावित कर सकते हैं।,Amir,Amazon Translate
अधिकांश घड़ियाँ समय प्रदर्शित करती हैं।,Amir,Amazon Translate
मस्तिष्क शरीर के कार्यों को नियंत्रित करता है।,Amir,Amazon Translate
अनानास की बाहरी त्वचा नुकीली होती है।,Amir,Amazon Translate
अधिकांश पौधों में हरे पत्ते होते हैं।,Amir,Amazon Translate
जिराफ़ सबसे ऊँचा जानवर है।,Amir,Amazon Translate
प्लास्टिक पेट्रोलियम से बनाया जाता है।,Amir,Amazon Translate
कॉफी में कैफीन होता है।,Amir,Amazon Translate
संगीत का निर्माण वाद्ययंत्रों द्वारा किया जा सकता है।,Amir,Amazon Translate
शेर शान में रहते हैं।,Amir,Amazon Translate
उच्च दबाव में हीरे बनते हैं।,Amir,Amazon Translate
लंदन यूनाइटेड किंगडम में है।,Amir,Amazon Translate
सरीसृप ठंडे खून वाले जानवर हैं।,Amir,Amazon Translate
ज्यादातर लोग रोजाना तीन बार खाना खाते हैं।,Amir,Amazon Translate
पंख ज्यादातर पक्षियों को ढंकते हैं।,Amir,Amazon Translate
गाजर में बीटा-कैरोटीन की मात्रा अधिक होती है।,Amir,Amazon Translate
मूंगफली भूमिगत रूप से उगती है।,Amir,Amazon Translate
जूते के फीते आपके पैरों पर जूतों को सुरक्षित रखते हैं।,Amir,Amazon Translate
मंगल को लाल ग्रह के रूप में जाना जाता है।,Amir,Amazon Translate
बास्केटबॉल घर के अंदर या बाहर खेला जाता है।,Amir,Amazon Translate
व्हेल ब्लोहोल के माध्यम से हवा में सांस लेती हैं।,Amir,Amazon Translate
नक्शे नेविगेशन में मदद करते हैं।,Amir,Amazon Translate
स्टील लोहे और कार्बन का मिश्र धातु है।,Amir,Amazon Translate
कुछ कवक मृत पौधों को विघटित कर देते हैं।,Amir,Amazon Translate
कीबोर्ड का उपयोग टाइप करने के लिए किया जाता है।,Amir,Amazon Translate
बाघों के धारीदार फर होते हैं।,Amir,Amazon Translate
ज्यादातर हवाई जहाज में दो पंख होते हैं।,Amir,Amazon Translate
कुछ रेगिस्तानों में रेत के टीले हैं।,Amir,Amazon Translate
कार इंजन चलाने के लिए दहन का उपयोग करते हैं।,Amir,Amazon Translate
इंद्रधनुष में कई दृश्यमान रंग होते हैं।,Amir,Amazon Translate
पेंगुइन ठंडी जलवायु में रहते हैं।,Amir,Amazon Translate
हाइड्रोजन सबसे हल्का तत्व है।,Amir,Amazon Translate
अधिकांश स्तनधारियों के बाल या फर होते हैं।,Amir,Amazon Translate
लाइब्रेरी सूचना संसाधनों को संग्रहीत करती हैं।,Amir,Amazon Translate
संतरे रसदार खट्टे फल होते हैं।,Amir,Amazon Translate
तारे प्रकाश और ऊष्मा के रूप में ऊर्जा उत्सर्जित करते हैं।,Amir,Amazon Translate
बंदर प्राइमेट होते हैं।,Amir,Amazon Translate
पेंगुइन उड़ नहीं सकते।,Amir,Amazon Translate
एक नदी कम ऊंचाई की ओर बहती है।,Amir,Amazon Translate
शार्क के दांत नुकीले होते हैं।,Amir,Amazon Translate
गन्ना उष्णकटिबंधीय क्षेत्रों में उगता है।,Amir,Amazon Translate
आप अपनी सांस को ठंडी हवा में देख सकते हैं।,Amir,Amazon Translate
समुद्र तटों पर सीशेल पाए जाते हैं।,Amir,Amazon Translate
इंटरनेट दुनिया भर के कंप्यूटरों को जोड़ता है।,Amir,Amazon Translate
कई लैपटॉप में टचपैड होते हैं।,Amir,Amazon Translate
तोते मानव भाषण की नकल कर सकते हैं।,Amir,Amazon Translate
चीता सबसे तेज जमीन पर चलने वाला जानवर है।,Amir,Amazon Translate
भयंकर तूफानों में बवंडर बनते हैं।,Amir,Amazon Translate
मोर रंगीन पूंछ के पंख प्रदर्शित करते हैं।,Amir,Amazon Translate
बारिश से नदियां और झीलें भर सकती हैं।,Amir,Amazon Translate
टूथपेस्ट दांतों को साफ करता है।,Amir,Amazon Translate
अंगूर से शराब बनाई जा सकती है।,Amir,Amazon Translate
गुलाब फूल वाले पौधे हैं।,Amir,Amazon Translate
कोयोट जंगली कुत्ते हैं।,Amir,Amazon Translate
डॉल्फ़िन क्लिक और सीटी के साथ संवाद करती हैं।,Amir,Amazon Translate
मकड़ी के जाले कीटों को फँसाते हैं।,Amir,Amazon Translate
कुछ बसें बिजली से चलती हैं।,Amir,Amazon Translate
कोआला नीलगिरी के पत्ते खाते हैं।,Amir,Amazon Translate
घुड़सवारी एक बाहरी गतिविधि है।,Amir,Amazon Translate
डेस्क काम करने के लिए एक सतह प्रदान करते हैं।,Amir,Amazon Translate
हवाई अड्डों से उड़ानें प्रस्थान करती हैं।,Amir,Amazon Translate
रात में क्रिकेट्स चहचहाहट की आवाजें निकालते हैं।,Amir,Amazon Translate
व्हेल लंबी दूरी पर संवाद कर सकती हैं।,Amir,Amazon Translate
त्रिभुज मूल ज्यामितीय आकार होते हैं।,Amir,Amazon Translate
शैम्पू आपके बालों को साफ करता है।,Amir,Amazon Translate
जब वे चलते हैं तो पेंगुइन झूमते हैं।,Amir,Amazon Translate
स्पेगेटी एक प्रकार का पास्ता है।,Amir,Amazon Translate
कैमरे वीडियो और स्टिल इमेज रिकॉर्ड कर सकते हैं।,Amir,Amazon Translate
चूहे छोटे कृंतक होते हैं।,Amir,Amazon Translate
अधिकांश सिटी बसें एक शेड्यूल का पालन करती हैं।,Amir,Amazon Translate
अग्न्याशय इंसुलिन का उत्पादन करता है।,Amir,Amazon Translate
ट्यूलिप वसंत के फूल होते हैं।,Amir,Amazon Translate
वर्षावन के पौधे तेजी से बढ़ते हैं।,Amir,Amazon Translate
मच्छर खड़े पानी की ओर आकर्षित होते हैं।,Amir,Amazon Translate
शतरंज के टुकड़े विशिष्ट तरीकों से चलते हैं।,Amir,Amazon Translate
कोरल रीफ्स विविध समुद्री जीवन को आश्रय देते हैं।,Amir,Amazon Translate
सर्दियों में भालू हाइबरनेट करते हैं।,Amir,Amazon Translate
नक्शे डिजिटल या पेपर हो सकते हैं।,Amir,Amazon Translate
लैपटॉप बैटरी पर चल सकते हैं।,Amir,Amazon Translate
लकड़ी पानी पर तैरती है।,Amir,Amazon Translate
पत्तियां ऊर्जा के लिए सूर्य के प्रकाश को पकड़ती हैं।,Amir,Amazon Translate
पतंग हवा में उड़ती हैं।,Amir,Amazon Translate
बाघ बड़े शिकार का शिकार करते हैं।,Amir,Amazon Translate
प्रकाश मनुष्य को अपने पर्यावरण को देखने की अनुमति देता है।,Amir,Amazon Translate
अधिकांश स्तनधारी युवा रहने के लिए जन्म देते हैं।,Amir,Amazon Translate
नमक कई खाद्य पदार्थों के स्वाद को बढ़ाता है।,Amir,Amazon Translate
मिल्की वे एक आकाशगंगा है जिसमें पृथ्वी है।,Amir,Amazon Translate
बिल्लियाँ अपने परिवेश को समझने के लिए मूंछ का उपयोग करती हैं।,Amir,Amazon Translate
पृथ्वी हर 24 घंटे में एक बार घूमती है।,Amir,Amazon Translate
छोटी खरीदारी के लिए भुगतान करने के लिए सिक्कों का उपयोग किया जा सकता है।,Amir,Amazon Translate
मक्खन कमरे के तापमान पर पिघलता है।,Amir,Amazon Translate
डाक सेवाओं द्वारा डाक वितरित की जाती है।,Amir,Amazon Translate
कुत्तों को आज्ञाओं का पालन करने के लिए प्रशिक्षित किया जा सकता है।,Amir,Amazon Translate
खरगोश मुख्य रूप से पौधे और सब्जियां खाते हैं।,Amir,Amazon Translate
सूर्य पृथ्वी के पारिस्थितिक तंत्र के लिए ऊर्जा प्रदान करता है।,Amir,Amazon Translate
कई झीलें ग्लेशियरों द्वारा बनाई गई हैं।,Amir,Amazon Translate
चीनी से दांतों की सड़न हो सकती है।,Amir,Amazon Translate
हवा हवा को उच्च से निम्न दबाव की ओर ले जाती है।,Amir,Amazon Translate
चाय गर्म पानी में पत्तियों को डुबो कर बनाई जाती है।,Amir,Amazon Translate
भेड़ियों का संबंध घरेलू कुत्तों से है।,Amir,Amazon Translate
सनबर्न पराबैंगनी किरणों के कारण होता है।,Amir,Amazon Translate
ऑक्टोपस की आठ भुजाएँ होती हैं।,Amir,Amazon Translate
एक मैराथन 42 किलोमीटर लंबी होती है।,Amir,Amazon Translate
कुछ पक्षी इंसानों की आवाज़ों की नकल कर सकते हैं।,Amir,Amazon Translate
शरद ऋतु में पेड़ों से पत्तियां गिरती हैं।,Amir,Amazon Translate
कोयला एक जीवाश्म ईंधन है।,Amir,Amazon Translate
लोमड़ियों की झाड़ीदार पूंछ होती है।,Amir,Amazon Translate
साइकिलें वायु प्रदूषण को कम करने में मदद करती हैं।,Amir,Amazon Translate
ज़ेबरा में काली और सफेद धारियाँ होती हैं।,Amir,Amazon Translate
भूकंप दोषों के साथ गति को मापते हैं।,Amir,Amazon Translate
अधिकांश जहाज पानी को विस्थापित करके तैरते हैं।,Amir,Amazon Translate
चॉकलेट में कोको होता है।,Amir,Amazon Translate
बादल बदलते मौसम की भविष्यवाणी करते हैं।,Amir,Amazon Translate
कुछ मकड़ियाँ शिकार को वश में करने के लिए जहर का इस्तेमाल करती हैं।,Amir,Amazon Translate
गायें भोजन पचाने के लिए दही चबाती हैं।,Amir,Amazon Translate
गुलाब में कांटेदार तने होते हैं।,Amir,Amazon Translate
कई उल्लू रात में शिकार करते हैं।,Amir,Amazon Translate
आलू को कई तरह से तैयार किया जा सकता है।,Amir,Amazon Translate
पत्तियां कार्बन डाइऑक्साइड लेती हैं।,Amir,Amazon Translate
भेड़िये एक साथ पैक में यात्रा करते हैं।,Amir,Amazon Translate
मच्छर मलेरिया जैसी बीमारियों को फैला सकते हैं।,Amir,Amazon Translate
सील समुद्री स्तनधारी हैं।,Amir,Amazon Translate
विमान रनवे से उड़ान भरते हैं।,Amir,Amazon Translate
क्रेयॉन रंगीन मोम से बने होते हैं।,Amir,Amazon Translate
रात में तारे दिखाई देते हैं।,Amir,Amazon Translate
ब्रोकली एक पौष्टिक सब्जी है।,Amir,Amazon Translate
पानी जमने पर बर्फ बनती है।,Amir,Amazon Translate
भोजन करने के लिए जिराफ़ की गर्दन लंबी होती है।,Amir,Amazon Translate
क्लॉक टॉवर जनता के लिए समय प्रदर्शित करते हैं।,Amir,Amazon Translate
मैग्निफाइंग ग्लास से वस्तुएं बड़ी दिखाई देती हैं।,Amir,Amazon Translate
मानचित्र लैंडमार्क के लिए प्रतीकों का उपयोग करते हैं।,Amir,Amazon Translate
तोते अपने चमकीले पंखों के लिए जाने जाते हैं।,Amir,Amazon Translate
जैकबैबिट के लंबे कान होते हैं।,Amir,Amazon Translate
सीशेल समुद्री जानवरों द्वारा बनाए जाते हैं।,Amir,Amazon Translate
सूर्य पृथ्वी से लगभग 93 मिलियन मील दूर है।,Amir,Amazon Translate
आग को जलाने के लिए ऑक्सीजन की जरूरत होती है।,Amir,Amazon Translate
कैटरपिलर तितलियों में बदल जाते हैं।,Amir,Amazon Translate
खाने से पहले संतरे को छील लिया जाता है।,Amir,Amazon Translate
प्लूटो को बौने ग्रह के रूप में वर्गीकृत किया गया है।,Amir,Amazon Translate
पलक झपकने से आँखें नम रहती हैं।,Amir,Amazon Translate
खीरे में ज्यादातर पानी होता है।,Amir,Amazon Translate
कई मछलियाँ पानी में अंडे देती हैं।,Amir,Amazon Translate
उत्तर को खोजने के लिए कम्पास चुंबकत्व का उपयोग करते हैं।,Amir,Amazon Translate
बिजली से जंगल की आग लग सकती है।,Amir,Amazon Translate
साबुन के बुलबुले गोलाकार होते हैं।,Amir,Amazon Translate
कई मशरूम नम जंगलों में उगते हैं।,Amir,Amazon Translate
विमान बादलों के ऊपर उड़ते हैं।,Amir,Amazon Translate
हर्मिट केकड़ों को रहने के लिए खाली गोले मिलते हैं।,Amir,Amazon Translate
कलाई घड़ियाँ वर्तमान समय दिखाती हैं।,Amir,Amazon Translate
व्हेल गीत पानी के भीतर लंबी दूरी की यात्रा करता है।,Amir,Amazon Translate
बिल्लियाँ अपने पंजे वापस ले सकती हैं।,Amir,Amazon Translate
वायलिन को धनुष के साथ बजाया जाता है।,Amir,Amazon Translate
ऑर्किड उष्णकटिबंधीय फूल हैं।,Amir,Amazon Translate
बारिश गर्म दिनों में हवा को ठंडा करती है।,Amir,Amazon Translate
ईगल्स की दृष्टि उत्कृष्ट होती है।,Amir,Amazon Translate
मधुमक्खियां महत्वपूर्ण परागणक होती हैं।,Amir,Amazon Translate
चीड़ के पेड़ों में सुई जैसी पत्तियाँ होती हैं।,Amir,Amazon Translate
अधिकांश अपार्टमेंट इमारतों में कई मंजिलें होती हैं।,Amir,Amazon Translate
क्रेन निर्माण स्थलों पर भारी सामग्री उठाते हैं।,Amir,Amazon Translate
ऊंट अपने कूबड़ में वसा जमा करते हैं।,Amir,Amazon Translate
नक्शे लोगों को दिशा-निर्देश खोजने में मदद करते हैं।,Amir,Amazon Translate
खरगोशों के लंबे कान होते हैं।,Amir,Amazon Translate
नींद इंसानों और जानवरों में ऊर्जा बहाल करती है।,Amir,Amazon Translate
कबूतर दुनिया भर के शहरों में रहते हैं।,Amir,Amazon Translate
खाने को काटने के लिए चाकू का इस्तेमाल किया जाता है।,Amir,Amazon Translate
कौवे अत्यधिक बुद्धिमान पक्षी हैं।,Amir,Amazon Translate
रोपे गए बीजों से अंकुर उगते हैं।,Amir,Amazon Translate
एल्युमिनियम एक हल्की धातु है जिसका इस्तेमाल डिब्बे में किया जाता है।,Amir,Amazon Translate
शिखर पर पहाड़ों पर हवा का दबाव कम होता है।,Amir,Amazon Translate
नदियां चट्टानों और मिट्टी को नष्ट कर सकती हैं।,Amir,Amazon Translate
चींटियाँ संगठित कॉलोनियों में रहती हैं।,Amir,Amazon Translate
बच्चे आमतौर पर बारह साल की उम्र तक बच्चे के दांत खो देते हैं।,Amir,Amazon Translate
पक्षियों की हड्डियाँ खोखली होती हैं जो उन्हें उड़ने में मदद करती हैं।,Amir,Amazon Translate
सोने का इस्तेमाल गहने बनाने में किया जाता है।,Amir,Amazon Translate
साइट्रिक एसिड के कारण नींबू का स्वाद खट्टा होता है।,Amir,Amazon Translate
लाल रक्त कोशिकाएं ऑक्सीजन ले जाती हैं।,Amir,Amazon Translate
कुछ चमगादड़ नेविगेट करने के लिए इकोलोकेशन का उपयोग करते हैं।,Amir,Amazon Translate
हरा एक द्वितीयक रंग है।,Amir,Amazon Translate
पानी हाइड्रोजन और ऑक्सीजन का एक यौगिक है।,Amir,Amazon Translate
कुछ उल्लू अपने सिर को 270 डिग्री तक घुमा सकते हैं।,Amir,Amazon Translate
त्रिभुजों में हमेशा तीन कोण होते हैं।,Amir,Amazon Translate
सांप समय-समय पर अपनी त्वचा को बहा देते हैं।,Amir,Amazon Translate
पनीर को किण्वित दूध से बनाया जाता है।,Amir,Amazon Translate
प्रतीकों को समझाने के लिए मानचित्र एक किंवदंती का उपयोग करते हैं।,Amir,Amazon Translate
ज्यादातर लोगों के बीस प्राथमिक दांत होते हैं।,Amir,Amazon Translate
हवा आसमान में बादलों को ले जाती है।,Amir,Amazon Translate
घड़ियाँ बैटरी या स्प्रिंग्स द्वारा संचालित होती हैं।,Amir,Amazon Translate
कुछ मछलियाँ छलावरण के रूप में रंग बदलती हैं।,Amir,Amazon Translate
खमीर या बेकिंग पाउडर का उपयोग करके ब्रेड उगता है।,Amir,Amazon Translate
खतरा होने पर एक ऑक्टोपस स्याही निकालता है।,Amir,Amazon Translate
कुछ जानवर सर्दियों के दौरान हाइबरनेट करते हैं।,Amir,Amazon Translate
छोटे फटने पर चीता तेज गति तक पहुंच सकता है।,Amir,Amazon Translate
सूर्योदय पूर्व में होता है।,Amir,Amazon Translate
सीहॉर्स खुद को प्रीहेंसाइल टेल्स के साथ लंगर डालते हैं।,Amir,Amazon Translate
चॉकलेट कई जानवरों के लिए विषाक्त है।,Amir,Amazon Translate
मधुमक्खियां शहद को पित्ती में जमा करती हैं।,Amir,Amazon Translate
तांबा एक अच्छा विद्युत चालक है।,Amir,Amazon Translate
रेत से सुरक्षा के लिए ऊंटों की लंबी पलकें होती हैं।,Amir,Amazon Translate
अटलांटिक महासागर कई महाद्वीपों की सीमा में है।,Amir,Amazon Translate
टॉरनेडो में फ़नल के आकार का रूप होता है।,Amir,Amazon Translate
गुलाब को उगने के लिए धूप और पानी की जरूरत होती है।,Amir,Amazon Translate
डाकघर मेल वितरण को संभालते हैं।,Amir,Amazon Translate
ज्यादातर आधुनिक फोन स्मार्टफोन होते हैं।,Amir,Amazon Translate
चंद्रमा का गुरुत्वाकर्षण पृथ्वी पर ज्वार का कारण बनता है।,Amir,Amazon Translate
अंटार्कटिका ज्यादातर बर्फ से ढका हुआ है।,Amir,Amazon Translate
केंचुए मिट्टी की संरचना को बेहतर बनाने में मदद करते हैं।,Amir,Amazon Translate
अधिकांश मकड़ियाँ मनुष्यों के लिए हानिरहित होती हैं।,Amir,Amazon Translate
पंखे एक कमरे में हवा फैलाते हैं।,Amir,Amazon Translate
कीवी न्यूजीलैंड के उड़ानहीन पक्षी हैं।,Amir,Amazon Translate
ज्यादातर कपड़े धागों से बुने जाते हैं।,Amir,Amazon Translate
बादलों में विद्युत स्त्राव के कारण बिजली गिरती है।,Amir,Amazon Translate
पेंगुइन पानी के भीतर मछली का शिकार करते हैं।,Amir,Amazon Translate
चीता अपनी स्प्रिंटिंग स्पीड के लिए जाना जाता है।,Amir,Amazon Translate
संतुष्ट होने पर बिल्लियाँ अक्सर गड़गड़ाहट करती हैं।,Amir,Amazon Translate
कोआला लंबे समय तक सोते हैं।,Amir,Amazon Translate
वृक्ष छाया और आश्रय प्रदान करते हैं।,Amir,Amazon Translate
पांडा मुख्य रूप से बाँस खाते हैं।,Amir,Amazon Translate
फ्रीज़र भोजन को जमे हुए रखता है।,Amir,Amazon Translate
बर्फ तैरती है क्योंकि यह पानी की तुलना में कम घनी होती है।,Amir,Amazon Translate
नक्शे यात्रियों को यात्रा की योजना बनाने में मदद करते हैं।,Amir,Amazon Translate
लावा ठोस चट्टान में ठंडा हो जाता है।,Amir,Amazon Translate
क्रेन उठाने के लिए इस्तेमाल की जाने वाली मशीनें हैं।,Amir,Amazon Translate
छिपकली गर्म होने के लिए धूप में बैठती है।,Amir,Amazon Translate
चावल के पेडों को खड़े पानी की जरूरत होती है।,Amir,Amazon Translate
स्मोक डिटेक्टर आग से कणों को महसूस करते हैं।,Amir,Amazon Translate
जुगनुओं के पेट से प्रकाश निकलता है।,Amir,Amazon Translate
स्पंज समुद्र में रहते हैं।,Amir,Amazon Translate
अंडे देने के लिए सैल्मन ऊपर की ओर तैरता है।,Amir,Amazon Translate
अधिकांश स्तनधारियों में गर्म रक्त होता है।,Amir,Amazon Translate
धारियाँ ज़ेबरा को घास में छलावरण करने में मदद करती हैं।,Amir,Amazon Translate
"चट्टानें तलछटी, आग्नेय या मेटामॉर्फिक हो सकती हैं।",Amir,Amazon Translate
पेंगुइन तैराकी के लिए फ्लिपर्स का उपयोग करते हैं।,Amir,Amazon Translate
बादल छाए रहने वाले दिनों में सूरज की रोशनी को रोकते हैं।,Amir,Amazon Translate
स्नोफ्लेक्स के छह पहलू होते हैं।,Amir,Amazon Translate
बच्चे चलने से पहले रेंगते हैं।,Amir,Amazon Translate
पत्तियां क्लोरोफिल खो देती हैं और शरद ऋतु में मुरझा जाती हैं।,Amir,Amazon Translate
घुले हुए खनिजों के कारण महासागर खारे होते हैं।,Amir,Amazon Translate
उल्लू रात में चुपचाप शिकार करते हैं।,Amir,Amazon Translate
बीजों में भ्रूणीय पौधे होते हैं।,Amir,Amazon Translate
नक्शे अक्सर पहाड़ों को त्रिकोण के साथ दिखाते हैं।,Amir,Amazon Translate
शुतुरमुर्ग सबसे बड़े पक्षी हैं।,Amir,Amazon Translate
बच्चे पोषण के लिए दूध पीते हैं।,Amir,Amazon Translate
अग्निशामक पानी की नली से आग बुझाते हैं।,Amir,Amazon Translate
मानचित्र शीर्ष पर उत्तर के साथ उन्मुख होते हैं।,Amir,Amazon Translate
ज्वार दिन में दो बार उठते और गिरते हैं।,Amir,Amazon Translate
खुले छिलकों को तोड़ने के लिए ऊदबिलाव चट्टानों का उपयोग करते हैं।,Amir,Amazon Translate
वर्षा जल नदियों और झीलों को फिर से भर देता है।,Amir,Amazon Translate
बिजली गिरने से बिजली गुल हो सकती है।,Amir,Amazon Translate
सील तैराकी के लिए फ्लिपर्स का उपयोग करते हैं।,Amir,Amazon Translate
बैक्टीरिया तेजी से बढ़ सकते हैं।,Amir,Amazon Translate
ओक के पेड़ बलूत का फल पैदा करते हैं।,Amir,Amazon Translate
क्रिकेट्स पंखों को रगड़ कर आवाजें निकालते हैं।,Amir,Amazon Translate
जेकॉस दीवारों से चिपक सकते हैं।,Amir,Amazon Translate
ध्रुवीय भालू मजबूत तैराक होते हैं।,Amir,Amazon Translate
ग्रह सौर मंडल में सितारों की परिक्रमा करते हैं।,Amir,Amazon Translate
गिद्ध भोजन के लिए परिमार्जन करते हैं।,Amir,Amazon Translate
वायलिन एक स्ट्रिंग इंस्ट्रूमेंट है।,Amir,Amazon Translate
बकरियाँ खड़ी इलाके पर चढ़ सकती हैं।,Amir,Amazon Translate
आग स्पर्श से गर्म होती है।,Amir,Amazon Translate
महासागर कई जानवरों के निवास स्थान हैं।,Amir,Amazon Translate
बारिश के बाद एक इंद्रधनुष दिखाई देता है जब सूरज की रोशनी अपवर्तित होती है।,Amir,Amazon Translate
स्मार्टफोन में तस्वीरें लेने के लिए बिल्ट-इन कैमरे होते हैं।,Amir,Amazon Translate
ज्यादातर कारें ईंधन के रूप में गैसोलीन या डीजल का उपयोग करती हैं।,Amir,Amazon Translate
मछलियाँ पानी में तैरने के लिए पंखों का उपयोग करती हैं।,Amir,Amazon Translate
कॉफी को अक्सर गर्म परोसा जाता है।,Amir,Amazon Translate
मकड़ियाँ शिकार को पकड़ने के लिए जाले घुमाती हैं।,Amir,Amazon Translate
मधु मक्खियाँ कॉलोनियों में रहती हैं।,Amir,Amazon Translate
गुब्बारे उठते हैं क्योंकि हीलियम हवा की तुलना में हल्का होता है।,Amir,Amazon Translate
चीड़ के पेड़ शंकु को बीज के रूप में पैदा करते हैं।,Amir,Amazon Translate
बारिश आमतौर पर जमीन को गीला कर देती है।,Amir,Amazon Translate
मेंढक घूमने के लिए कूदते हैं।,Amir,Amazon Translate
हवाई जहाज लंबी दूरी तक उड़ सकते हैं।,Amir,Amazon Translate
तितलियों के रंग-बिरंगे पंख होते हैं।,Amir,Amazon Translate
"सेब लाल, हरे या पीले रंग के हो सकते हैं।",Amir,Amazon Translate
ट्रेनें धातु की पटरियों पर यात्रा करती हैं।,Amir,Amazon Translate
जिराफ ऊंचे पेड़ों से पत्ते खाते हैं।,Amir,Amazon Translate
पैरों में जूते पहने जाते हैं।,Amir,Amazon Translate
नदियाँ महासागरों या झीलों की ओर बहती हैं।,Amir,Amazon Translate
ज्वालामुखी विस्फोट के दौरान राख और लावा छोड़ते हैं।,Amir,Amazon Translate
कंगारू लंबी दूरी तय कर सकते हैं।,Amir,Amazon Translate
ब्रोकली हरी और खाने योग्य होती है।,Amir,Amazon Translate
संतरे विटामिन सी का एक स्रोत हैं।,Amir,Amazon Translate
वाष्पित जल वाष्प से बादल बनते हैं।,Amir,Amazon Translate
बिल्लियाँ अपनी जीभ से खुद को साफ करती हैं।,Amir,Amazon Translate
घास हरी होती है और जमीन से उगती है।,Amir,Amazon Translate
सर्दियों में ठंडे तापमान की विशेषता होती है।,Amir,Amazon Translate
कुत्ते संवाद करने के लिए भौंक सकते हैं।,Amir,Amazon Translate
हाथियों के बड़े कान और तने होते हैं।,Amir,Amazon Translate
गर्म हवा ठंडी हवा से ऊपर उठती है।,Amir,Amazon Translate
हिरणों के सींग होते हैं जो प्रतिवर्ष गिरते हैं।,Amir,Amazon Translate
व्हेल सबसे बड़े समुद्री स्तनधारी हैं।,Amir,Amazon Translate
कोयले का उपयोग ईंधन स्रोत के रूप में किया जाता है।,Amir,Amazon Translate
चंद्रमा समुद्र के ज्वार को प्रभावित करता है।,Amir,Amazon Translate
क्रेन लंबी गर्दन वाले लंबे पक्षी होते हैं।,Amir,Amazon Translate
बंदर संतुलन के लिए पूंछ का इस्तेमाल करते हैं।,Amir,Amazon Translate
हवा पेड़ की शाखाओं को हिलाती है।,Amir,Amazon Translate
भेड़ें प्रतिवर्ष ऊन उगाती हैं।,Amir,Amazon Translate
ईंधन से अधिकांश कारों को शक्ति मिलती है।,Amir,Amazon Translate
रेगिस्तान आमतौर पर शुष्क वातावरण होते हैं।,Amir,Amazon Translate
नमक कुछ खाद्य पदार्थों को संरक्षित करता है।,Amir,Amazon Translate
बैंगन पौधों पर उगते हैं।,Amir,Amazon Translate
चॉक ब्लैकबोर्ड पर लिखता है।,Amir,Amazon Translate
ऊदबिलाव नदियों और झीलों में रहते हैं।,Amir,Amazon Translate
मच्छर इंसानों और जानवरों को काटते हैं।,Amir,Amazon Translate
लैपटॉप पोर्टेबल कंप्यूटर होते हैं।,Amir,Amazon Translate
नक्शे सीमाओं और देशों को दिखाते हैं।,Amir,Amazon Translate
सनब्लॉक त्वचा को सनबर्न से बचाता है।,Amir,Amazon Translate
फुटबॉल को प्रभावी ढंग से खेलने के लिए टीमवर्क की आवश्यकता होती है।,Amir,Amazon Translate
मांसाहारी मांस खाते हैं।,Amir,Amazon Translate
कीटों के शरीर के तीन खंड होते हैं।,Amir,Amazon Translate
दूध कई संस्कृतियों में मुख्य पेय है।,Amir,Amazon Translate
स्नोफ्लेक्स में अनोखे पैटर्न होते हैं।,Amir,Amazon Translate
टिड्डे लंबी दूरी तक छलांग लगा सकते हैं।,Amir,Amazon Translate
गुरुत्वाकर्षण वस्तुओं को जमीन पर रखता है।,Amir,Amazon Translate
सूअर खेत के जानवर हैं।,Amir,Amazon Translate
रेडियो संगीत और समाचार प्रसारित करते हैं।,Amir,Amazon Translate
मुर्गियां भोजन के लिए अंडे देती हैं।,Amir,Amazon Translate
नक्शे को विभिन्न पैमानों पर तैयार किया जा सकता है।,Amir,Amazon Translate
वर्षा जल पौधों और पेड़ों को पानी देता है।,Amir,Amazon Translate
स्टील लोहे से ज्यादा मजबूत होता है।,Amir,Amazon Translate
पानी सभी ज्ञात जीवन के लिए आवश्यक है।,Amir,Amazon Translate
मेंढक जोर से चिल्ला सकते हैं।,Amir,Amazon Translate
गर्मियों के अंत में मकई की कटाई की जाती है।,Amir,Amazon Translate
डॉल्फ़िन जंगली में सामाजिक प्राणी हैं।,Amir,Amazon Translate
घोंघे में सर्पिल गोले होते हैं।,Amir,Amazon Translate
चींटियाँ अपने शरीर की तुलना में भारी भार उठाती हैं।,Amir,Amazon Translate
ट्यूलिप को मिट्टी में लगे बल्बों से उगाया जाता है।,Amir,Amazon Translate
सूर्य दिन में प्रकाश प्रदान करता है।,Amir,Amazon Translate
बारिश तब होती है जब बादल संतृप्त हो जाते हैं।,Amir,Amazon Translate
संतुलन के लिए बिल्लियाँ अपनी पूंछ का उपयोग करती हैं।,Amir,Amazon Translate
उबलता पानी कई कीटाणुओं को मारता है।,Amir,Amazon Translate
केले पेड़ों पर गुच्छों में उगते हैं।,Amir,Amazon Translate
बिजली के पंखे कमरों को ठंडा करते हैं।,Amir,Amazon Translate
भेड़िये गरजकर संवाद करते हैं।,Amir,Amazon Translate
मकई एक सामान्य अनाज की फसल है।,Amir,Amazon Translate
हवाई जहाज यात्रियों को लंबी दूरी तक ले जाते हैं।,Amir,Amazon Translate
ज्यादातर मछलियों की त्वचा पर तराजू होते हैं।,Amir,Amazon Translate
खरगोश आश्रय के लिए गड्ढे खोदते हैं।,Amir,Amazon Translate
टेलीविजन कई तरह के कार्यक्रमों का प्रसारण करता है।,Amir,Amazon Translate
मालिकों को सचेत करने के लिए कुत्ते भौंकते हैं।,Amir,Amazon Translate
पेंगुइन जमीन पर घूमते हैं।,Amir,Amazon Translate
तरबूज में ज्यादातर पानी होता है।,Amir,Amazon Translate
बंदर अक्सर पेड़ की शाखाओं से झूलते हैं।,Amir,Amazon Translate
कैटरपिलर से तितलियाँ उगती हैं।,Amir,Amazon Translate
फ्रांस यूरोप में स्थित है।,Amir,Amazon Translate
घोड़े तेजी से दौड़ने के लिए सरपट दौड़ते हैं।,Amir,Amazon Translate
डॉल्फ़िन खारे पानी के वातावरण में रहती हैं।,Amir,Amazon Translate
पेन का इस्तेमाल कागज पर लिखने के लिए किया जाता है।,Amir,Amazon Translate
चंद्रमा की सतह पर कई क्रेटर हैं।,Amir,Amazon Translate
दूध कैल्शियम का एक स्रोत है।,Amir,Amazon Translate
बिजली से जंगल में आग लग सकती है।,Amir,Amazon Translate
खीरे का अचार बनाया जा सकता है।,Amir,Amazon Translate
ज्यादातर शर्ट में स्लीव्स होते हैं।,Amir,Amazon Translate
बाघ मांसाहारी स्तनधारी होते हैं।,Amir,Amazon Translate
ब्रेड को ओवन में पकाया जाता है।,Amir,Amazon Translate
ज़ेबरा की धारीदार खाल होती है।,Amir,Amazon Translate
गर्मियों के अंत में सेब पकते हैं।,Amir,Amazon Translate
साबुन से तेल और गंदगी घुल जाती है।,Amir,Amazon Translate
माउंट। एवरेस्ट एक लोकप्रिय क्लाइम्बिंग डेस्टिनेशन है।,Amir,Amazon Translate
किताबें काल्पनिक कहानियाँ बता सकती हैं।,Amir,Amazon Translate
बाल्ड ईगल उत्तरी अमेरिका के मूल निवासी हैं।,Amir,Amazon Translate
शार्क महासागरों में शीर्ष शिकारी होते हैं।,Amir,Amazon Translate
पियानो में काली और सफेद चाबियां होती हैं।,Amir,Amazon Translate
डिजिटल घड़ियाँ संख्यात्मक रूप से समय दिखाती हैं।,Amir,Amazon Translate
कुर्सियां बैठने के लिए डिज़ाइन की गई हैं।,Amir,Amazon Translate
रोस्टर भोर में कौवा करते हैं।,Amir,Amazon Translate
गुलाब कई रंगों में आते हैं।,Amir,Amazon Translate
हिप्पो अफ्रीकी नदियों और झीलों में रहते हैं।,Amir,Amazon Translate
"कैलेंडर दिन, सप्ताह और महीने दिखाते हैं।",Amir,Amazon Translate
पैराशूट ऊंचाइयों से धीमी गति से उतरने में मदद करते हैं।,Amir,Amazon Translate
शेरों को “जंगल का राजा” कहा जाता है।,Amir,Amazon Translate
मूंगफली से एलर्जी हो सकती है।,Amir,Amazon Translate
गाजर दृष्टि स्वास्थ्य के लिए अच्छा होता है।,Amir,Amazon Translate
वी-फॉर्मेशन में गीज़ फ्लाई।,Amir,Amazon Translate
चीड़ के पेड़ सर्दियों में अपनी सुइयां रखते हैं।,Amir,Amazon Translate
अंगूर गुच्छों में उगते हैं।,Amir,Amazon Translate
फ्रीजर में बर्फ के टुकड़े बनते हैं।,Amir,Amazon Translate
जेलिफ़िश अपने जालों से डंक मारते हैं।,Amir,Amazon Translate
घोड़े की खाद का उपयोग उर्वरक के रूप में किया जाता है।,Amir,Amazon Translate
गीले मौसम में रेनकोट पहने जाते हैं।,Amir,Amazon Translate
टेक्टोनिक मूवमेंट के कारण भूकंप जमीन को हिला देते हैं।,Amir,Amazon Translate
लेज़र बारकोड को जल्दी से स्कैन कर सकते हैं।,Amir,Amazon Translate
परिवर्तन करने के लिए सिक्कों का उपयोग किया जाता है।,Amir,Amazon Translate
परिपक्व होने पर स्ट्रॉबेरी लाल हो जाती है।,Amir,Amazon Translate
टेबल सॉल्ट सोडियम क्लोराइड है।,Amir,Amazon Translate
गैंडों के एक या दो सींग होते हैं।,Amir,Amazon Translate
ऑक्टोपस में लचीली भुजाएँ होती हैं।,Amir,Amazon Translate
गिलहरियाँ सर्दियों के लिए मेवे इकट्ठा करती हैं।,Amir,Amazon Translate
लावा कठोर होकर ज्वालामुखीय चट्टान में बदल जाता है।,Amir,Amazon Translate
तोरी एक प्रकार का स्क्वैश है।,Amir,Amazon Translate
"बवंडर हिंसक, घूमने वाली हवाएं हैं।",Amir,Amazon Translate
फ़र्न बीजाणुओं का उपयोग करके प्रजनन करते हैं।,Amir,Amazon Translate
मानचित्र ऊंचाई में परिवर्तन का संकेत दे सकते हैं।,Amir,Amazon Translate
प्रशांत महासागर पृथ्वी के बड़े क्षेत्रों को कवर करता है।,Amir,Amazon Translate
कुत्ते परिचित लोगों को पहचान सकते हैं।,Amir,Amazon Translate
पेड़ की जड़ें पौधे को मिट्टी में जकड़ लेती हैं।,Amir,Amazon Translate
पक्षियों के दांतों की जगह चोंच होती है।,Amir,Amazon Translate
बर्फ शून्य सेल्सियस से ऊपर के तापमान पर पिघलती है।,Amir,Amazon Translate
बारिश फसलों को बढ़ने में मदद करती है।,Amir,Amazon Translate
चॉकलेट गर्म परिस्थितियों में पिघलती है।,Amir,Amazon Translate
चूहे छोटे निशाचर कृंतक होते हैं।,Amir,Amazon Translate
उबलते पानी से भाप निकलती है।,Amir,Amazon Translate
चंद्रमा रात में सूर्य के प्रकाश को परावर्तित करता है।,Amir,Amazon Translate
चमगादड़ उल्टा लटकते हुए सोते हैं।,Amir,Amazon Translate
दही को बैक्टीरियल कल्चर से बनाया जाता है।,Amir,Amazon Translate
किताबें पढ़ने के लिए रखी जाती हैं।,Amir,Amazon Translate
स्ट्रॉबेरी जमीन के करीब उगती है।,Amir,Amazon Translate
ठंडी हवा गर्म हवा की तुलना में घनी होती है।,Amir,Amazon Translate
ऊंट अपने शरीर में पानी जमा कर सकते हैं।,Amir,Amazon Translate
सोने में जंग नहीं लगता।,Amir,Amazon Translate
प्रकाश संश्लेषण के दौरान पौधे ऑक्सीजन छोड़ते हैं।,Amir,Amazon Translate
शेर अफ्रीकी सवाना में रहते हैं।,Amir,Amazon Translate
सलाद का इस्तेमाल अक्सर सलाद में किया जाता है।,Amir,Amazon Translate
बाँस घास की प्रजाति है।,Amir,Amazon Translate
आलू को मैश किया जा सकता है या तला जा सकता है।,Amir,Amazon Translate
अधिक पकने पर केले भूरे हो जाते हैं।,Amir,Amazon Translate
आर्कटिक सर्कल में सर्दियों की लंबी रातें होती हैं।,Amir,Amazon Translate
जेलिफ़िश के शरीर में ज्यादातर पानी होता है।,Amir,Amazon Translate
कीवी फल के अंदर काले बीज होते हैं।,Amir,Amazon Translate
मगरमच्छों के जबड़े मजबूत होते हैं।,Amir,Amazon Translate
पहाड़ों की चोटियों में घाटियों की तुलना में कम तापमान होता है।,Amir,Amazon Translate
पैकेजिंग में प्लास्टिक आम है।,Amir,Amazon Translate
"गैंडों की मोटी, सुरक्षात्मक त्वचा होती है।",Amir,Amazon Translate
बास्केटबॉल एक कोर्ट पर खेला जाता है।,Amir,Amazon Translate
श्वसन के लिए ताजी हवा महत्वपूर्ण है।,Amir,Amazon Translate
पानदान के पत्तों का उपयोग एशियाई खाना पकाने में किया जाता है।,Amir,Amazon Translate
गाजर भूमिगत रूप से उगते हैं।,Amir,Amazon Translate
कॉफी की फलियाँ झाड़ियों पर उगती हैं।,Amir,Amazon Translate
बकरियाँ पत्ते और घास खाती हैं।,Amir,Amazon Translate
पनीर स्वाद के लिए पुराना है।,Amir,Amazon Translate
सुरक्षा के लिए ज़ेबरा झुंड में दौड़ते हैं।,Amir,Amazon Translate
ऊदबिलाव में इन्सुलेशन के लिए घने फर होते हैं।,Amir,Amazon Translate
मूंगफली वास्तव में फलियां हैं।,Amir,Amazon Translate
शरद ऋतु में ओक के पेड़ों से बलूत गिरते हैं।,Amir,Amazon Translate
एक भेड़िया की चीख लंबी दूरी तय करती है।,Amir,Amazon Translate
हेलीकॉप्टर लंबवत रूप से उड़ान भर सकते हैं।,Amir,Amazon Translate
मच्छर मानव सांस की ओर आकर्षित होते हैं।,Amir,Amazon Translate
वर्षा जल को बैरल में एकत्र किया जा सकता है।,Amir,Amazon Translate
कंप्यूटर चूहे ऑन-स्क्रीन मूवमेंट को नियंत्रित करते हैं।,Amir,Amazon Translate
स्टारफ़िश खोई हुई भुजाओं को फिर से उगा सकती है।,Amir,Amazon Translate
पेड़ों के माध्यम से स्लॉथ धीरे-धीरे चलते हैं।,Amir,Amazon Translate
पेंगुइन गर्मी को बचाने के लिए घूमते हैं।,Amir,Amazon Translate
ज्यादातर संतरे सर्दियों में काटे जाते हैं।,Amir,Amazon Translate
कैटरपिलर पुतली बनाने से पहले पत्तियों को खाते हैं।,Amir,Amazon Translate
लाइटहाउस समुद्र में जहाजों का मार्गदर्शन करते हैं।,Amir,Amazon Translate
कछुए गोले का उपयोग करके अपनी रक्षा करते हैं।,Amir,Amazon Translate
नदियां समय के साथ चैनल बनाती हैं।,Amir,Amazon Translate
कद्दू का उपयोग पाई के लिए किया जाता है।,Amir,Amazon Translate
सूरजमुखी खाने योग्य बीज पैदा करते हैं।,Amir,Amazon Translate
जेकॉस विशेष पैर की अंगुली के पैड के साथ सतहों पर चिपके रहते हैं।,Amir,Amazon Translate
शुक्र को पृथ्वी का जुड़वां ग्रह कहा जाता है।,Amir,Amazon Translate
पेपरक्लिप बेंट वायर से बनाए जाते हैं।,Amir,Amazon Translate
जमे हुए जल वाष्प से बर्फ बनती है।,Amir,Amazon Translate
पहाड़ों का निर्माण अक्सर टेक्टोनिक प्लेटों द्वारा किया जाता है।,Amir,Amazon Translate
शेर गर्जना के माध्यम से संवाद करते हैं।,Amir,Amazon Translate
शतरंज टुकड़ों की दो सेनाओं का उपयोग करता है।,Amir,Amazon Translate
आटा बनाने के लिए गेहूं को पीसा जाता है।,Amir,Amazon Translate
बाँस के अंकुर खाने योग्य होते हैं।,Amir,Amazon Translate
धुआं आग से ऊपर उठता है।,Amir,Amazon Translate
रडार रेडियो तरंगों का उपयोग करके वस्तुओं का पता लगाता है।,Amir,Amazon Translate
ध्रुवीय महासागरों में हिमखंड तैरते हैं।,Amir,Amazon Translate
ज्यादातर सांप अंडे देते हैं।,Amir,Amazon Translate
चींटियां संचार के लिए फेरोमोन का उपयोग करती हैं।,Amir,Amazon Translate
बिजली कई बार गिर सकती है।,Amir,Amazon Translate
टैडपोल मेंढकों में बदल जाते हैं।,Amir,Amazon Translate
दिल अनैच्छिक रूप से धड़कता है।,Amir,Amazon Translate
शिकारियों से बचने के लिए छिपकली पूंछ गिरा सकती है।,Amir,Amazon Translate
फलों में अक्सर प्रजनन के लिए बीज होते हैं।,Amir,Amazon Translate
लाइट बल्ब बिजली को दृश्यमान प्रकाश में परिवर्तित करते हैं।,Amir,Amazon Translate
स्थिरता के लिए कारों में चार पहिए होते हैं।,Amir,Amazon Translate
पाई को आमतौर पर पेस्ट्री क्रस्ट के साथ बनाया जाता है।,Amir,Amazon Translate
साइकिल को आगे बढ़ने के लिए पेडलिंग की आवश्यकता होती है।,Amir,Amazon Translate
कागज का उपयोग लेखन और छपाई के लिए किया जाता है।,Amir,Amazon Translate
भुनी हुई फलियों से कॉफी बनाई जाती है।,Amir,Amazon Translate
चीता अन्य जानवरों की तुलना में तेजी से दौड़ सकता है।,Amir,Amazon Translate
भेड़िये परिवार समूहों में रहते हैं जिन्हें पैक कहा जाता है।,Amir,Amazon Translate
टूथब्रश दांतों और मसूड़ों को साफ करते हैं।,Amir,Amazon Translate
दंत चिकित्सक दिन में दो बार ब्रश करने की सलाह देते हैं।,Amir,Amazon Translate
भेड़ों को उनके ऊन के लिए रखा जाता है।,Amir,Amazon Translate
कंप्यूटर जानकारी को संग्रहीत और संसाधित करते हैं।,Amir,Amazon Translate
पौधों की वृद्धि के लिए पानी आवश्यक है।,Amir,Amazon Translate
बारिश के बाद कई मशरूम उगते हैं।,Amir,Amazon Translate
मधुमक्खियां कई फूलों वाले पौधों को परागित करती हैं।,Amir,Amazon Translate
जब वे सहज महसूस करते हैं तो बिल्लियाँ गड़गड़ाहट करती हैं।,Amir,Amazon Translate
सेब पाई में लोकप्रिय हैं।,Amir,Amazon Translate
अधिकांश सरीसृप अंडे देते हैं।,Amir,Amazon Translate
सांप बिना पैरों के फिसलकर चलते हैं।,Amir,Amazon Translate
पक्षियों के पास इन्सुलेशन के लिए पंख होते हैं।,Amir,Amazon Translate
बारिश पोषक तत्वों को मिट्टी में ले जाती है।,Amir,Amazon Translate
तोड़े जाने के बाद केले पक जाते हैं।,Amir,Amazon Translate
घास एक सामान्य ग्राउंड कवर है।,Amir,Amazon Translate
सूर्यास्त दिन के अंत का संकेत देते हैं।,Amir,Amazon Translate
सर्दियों के दौरान बर्फ ज़मीन को ढँक लेती है।,Amir,Amazon Translate
स्तनधारी अपने बच्चों को दूध पिलाते हैं।,Amir,Amazon Translate
शतरंज एक दो-खिलाड़ी बोर्ड गेम है।,Amir,Amazon Translate
मकड़ी के जाले रेशम से बनाए जाते हैं।,Amir,Amazon Translate
दूध स्तनधारियों से आता है।,Amir,Amazon Translate
मूंगफली का इस्तेमाल मक्खन बनाने के लिए किया जाता है।,Amir,Amazon Translate
लोहे में कार्बन मिलाकर स्टील बनाया जाता है।,Amir,Amazon Translate
इंद्रधनुष रंगीन प्रकाश के आर्क होते हैं।,Amir,Amazon Translate
ध्रुवीय भालू में गर्मी के लिए मोटे फर होते हैं।,Amir,Amazon Translate
आर्कटिक वर्ष के अधिकांश समय ठंडा रहता है।,Amir,Amazon Translate
प्रकाश संश्लेषण के लिए पौधे कार्बन डाइऑक्साइड को अवशोषित करते हैं।,Amir,Amazon Translate
शहर घनी आबादी वाले शहरी क्षेत्र हैं।,Amir,Amazon Translate
कंगारू युवाओं को पाउच में ले जाते हैं।,Amir,Amazon Translate
शकरकंद फाइबर से भरपूर होता है।,Amir,Amazon Translate
मानचित्र समोच्च रेखाओं के साथ ऊंचाई दिखा सकते हैं।,Amir,Amazon Translate
कारों को नियमित रखरखाव की आवश्यकता होती है।,Amir,Amazon Translate
मैग्नेट में उत्तरी और दक्षिणी ध्रुव होते हैं।,Amir,Amazon Translate
चमगादड़ ध्वनि का उपयोग करके अंधेरे में नेविगेट करते हैं।,Amir,Amazon Translate
पेंगुइन में वाटरप्रूफ पंख होते हैं।,Amir,Amazon Translate
शहद को अक्सर स्वीटनर के रूप में इस्तेमाल किया जाता है।,Amir,Amazon Translate
कांच रेत और गर्मी से बनाया जाता है।,Amir,Amazon Translate
व्हेल कम आवृत्ति वाली ध्वनियों के साथ संवाद करती हैं।,Amir,Amazon Translate
पेपरक्लिप्स कागज की चादरें एक साथ रखते हैं।,Amir,Amazon Translate
मेयोनेज़ अंडे और तेल से बनाया जाता है।,Amir,Amazon Translate
पनीर कई किस्मों में आता है।,Amir,Amazon Translate
चाक के निशान मिटाए जा सकते हैं।,Amir,Amazon Translate
सूप को आमतौर पर गर्म परोसा जाता है।,Amir,Amazon Translate
मानचित्र जानकारी को दृष्टिगत रूप से प्रदर्शित करते हैं।,Amir,Amazon Translate
आग का इस्तेमाल खाना पकाने के लिए किया जाता है।,Amir,Amazon Translate
सोना एक बहुमूल्य धातु माना जाता है।,Amir,Amazon Translate
बारिश भूमिगत जल स्रोतों को फिर से भर सकती है।,Amir,Amazon Translate
अधिकांश वयस्कों को आठ घंटे की नींद की आवश्यकता होती है।,Amir,Amazon Translate
खीरे को सलाद में खाया जाता है।,Amir,Amazon Translate
सूप को कई सामग्रियों से बनाया जा सकता है।,Amir,Amazon Translate
कछुए रेतीले समुद्र तटों पर अंडे देते हैं।,Amir,Amazon Translate
क्वार्ट्ज एक सामान्य खनिज है।,Amir,Amazon Translate
कीबोर्ड कुंजियाँ कंप्यूटर में डेटा इनपुट करती हैं।,Amir,Amazon Translate
वालरस ठंडे समुद्री वातावरण में रहते हैं।,Amir,Amazon Translate
बलूत का फल गिलहरियों द्वारा खाया जाता है।,Amir,Amazon Translate
स्टेपलर कागजों को एक साथ बांधते हैं।,Amir,Amazon Translate
बारिश से मिट्टी की नमी बढ़ती है।,Amir,Amazon Translate
कुत्तों को सेवा जानवरों के रूप में इस्तेमाल किया जाता है।,Amir,Amazon Translate
पक्की सड़कों पर कारें चलती हैं।,Amir,Amazon Translate
रोटी गेहूं के आटे से बनाई जाती है।,Amir,Amazon Translate
बिल्लियाँ म्याऊ करके और गड़गड़ाहट करके संवाद करती हैं।,Amir,Amazon Translate
अंडे आहार में प्रोटीन प्रदान करते हैं।,Amir,Amazon Translate
बर्फ गर्म तापमान पर पिघलती है।,Amir,Amazon Translate
बसें एक साथ कई यात्रियों को ले जाती हैं।,Amir,Amazon Translate
पानी जीवित जीवों को हाइड्रेट करता है।,Amir,Amazon Translate
गायें खुले मैदानों में चरती हैं।,Amir,Amazon Translate
कैमरे चलती छवियों को रिकॉर्ड कर सकते हैं।,Amir,Amazon Translate
किताबों में लिखित जानकारी होती है।,Amir,Amazon Translate
बाघों में छलावरण के लिए धारियाँ होती हैं।,Amir,Amazon Translate
मच्छर पानी में अंडे देते हैं।,Amir,Amazon Translate
वसंत में गुलाब खिलते हैं।,Amir,Amazon Translate
मिट्टी पौधों की जड़ों को सहारा देती है।,Amir,Amazon Translate
साबुन कीटाणुओं को दूर करने में मदद करता है।,Amir,Amazon Translate
बिजली के पंखे ठंडी हवा फैलाते हैं।,Amir,Amazon Translate
मानचित्र भौगोलिक स्थानों का प्रतिनिधित्व करते हैं।,Amir,Amazon Translate
वसंत में घास जल्दी बढ़ती है।,Amir,Amazon Translate
बिल्लियाँ पेड़ों पर चढ़ सकती हैं।,Amir,Amazon Translate
रेनबूट गीली परिस्थितियों में पहने जाते हैं।,Amir,Amazon Translate
फुटबॉल एक मैदान पर खेला जाता है।,Amir,Amazon Translate
पेंसिल लकड़ी और ग्रेफाइट से बनाई जाती हैं।,Amir,Amazon Translate
मोज़े पैरों को गर्म रखते हैं।,Amir,Amazon Translate
पक्षी पंखों का उपयोग करके उड़ते हैं।,Amir,Amazon Translate
पानी नीचे की ओर बहता है।,Amir,Amazon Translate
सूर्योदय के समय सूर्य बड़ा दिखाई देता है।,Amir,Amazon Translate
हवा मौसम के मिजाज को प्रभावित करती है।,Amir,Amazon Translate
निर्माण में बाँस का उपयोग किया जाता है।,Amir,Amazon Translate
व्हेल स्तनधारी होते हैं।,Amir,Amazon Translate
अगर बिना फ्रिज में छोड़ दिया जाए तो दूध खराब हो जाता है।,Amir,Amazon Translate
सिक्के एक शौक के रूप में एकत्र किए जा सकते हैं।,Amir,Amazon Translate
तकिए सिर को सहारा देते हैं।,Amir,Amazon Translate
शहद को छत्ते में संग्रहित किया जाता है।,Amir,Amazon Translate
नक्शे राजनीतिक सीमाओं को उजागर करते हैं।,Amir,Amazon Translate
गीज़ लंबी दूरी की ओर पलायन करते हैं।,Amir,Amazon Translate
मेपल के पेड़ों से रस बहता है।,Amir,Amazon Translate
कारों को गैसोलीन या बिजली से ईंधन दिया जाता है।,Amir,Amazon Translate
बारिश मानव शरीर को साफ करती है।,Amir,Amazon Translate
बवंडर हवा के तेजी से घूमने वाले स्तंभ हैं।,Amir,Amazon Translate
शरद ऋतु में सेब तोड़े जाते हैं।,Amir,Amazon Translate
बिजली कई आंधी के साथ आती है।,Amir,Amazon Translate
ईगल्स छोटे जानवरों का शिकार करते हैं।,Amir,Amazon Translate
दरवाजे प्रवेश और निकास प्रदान करते हैं।,Amir,Amazon Translate
डॉल्फ़िन कूदने में सक्षम हैं।,Amir,Amazon Translate
प्लास्टिक की थैलियों को पुनर्नवीनीकरण किया जा सकता है।,Amir,Amazon Translate
मकई को ताजा या पॉपकॉर्न के रूप में खाया जाता है।,Amir,Amazon Translate
मैग्निफायर छोटी वस्तुओं को बड़ा करते हैं।,Amir,Amazon Translate
पास्ता को ड्यूरम गेहूं से बनाया जाता है।,Amir,Amazon Translate
कद्दू में खाने योग्य बीज होते हैं।,Amir,Amazon Translate
रेडियो प्रसारण संकेत प्राप्त करते हैं।,Amir,Amazon Translate
तोते सरल गुर सीख सकते हैं।,Amir,Amazon Translate
ऊदबिलाव भोजन खोलने के लिए औजारों का उपयोग करते हैं।,Amir,Amazon Translate
छिपकली की त्वचा रूखी होती है।,Amir,Amazon Translate
सूर्य हमारे सौर मंडल के केंद्र में स्थित एक तारा है।,Amir,Amazon Translate
गायों को दूध और मांस के लिए पाला जाता है।,Amir,Amazon Translate
शरद ऋतु में पत्तियां पीली हो जाती हैं।,Amir,Amazon Translate
अधिकांश नदियाँ समुद्र की ओर बहती हैं।,Amir,Amazon Translate
पौधों को जीवित रहने के लिए पानी की आवश्यकता होती है।,Amir,Amazon Translate
पेंसिल का उपयोग लेखन या चित्र बनाने के लिए किया जाता है।,Amir,Amazon Translate
दूध को फ्रिज में ठंडा रखा जाता है।,Amir,Amazon Translate
तूफानों के दौरान बिजली गिर सकती है।,Amir,Amazon Translate
उल्लू अंधेरे में अच्छी तरह देख सकते हैं।,Amir,Amazon Translate
तोतों की घुमावदार चोंच होती है।,Amir,Amazon Translate
प्रशांत महासागर पृथ्वी का सबसे बड़ा महासागर है।,Amir,Amazon Translate
नक्शे सड़कों और शहरों को दिखा सकते हैं।,Amir,Amazon Translate
कुत्ते खुश होने पर अपनी पूंछ हिलाते हैं।,Amir,Amazon Translate
शेलफिश महासागरों में रहते हैं।,Amir,Amazon Translate
किताबें फिक्शन या नॉनफिक्शन हो सकती हैं।,Amir,Amazon Translate
हीरे पृथ्वी की गहराई में बनते हैं।,Amir,Amazon Translate
शेर बिल्ली परिवार का हिस्सा हैं।,Amir,Amazon Translate
मेंढक पानी में या उसके आस-पास रहते हैं।,Amir,Amazon Translate
घोड़े के खुरों को नियमित देखभाल की आवश्यकता होती है।,Amir,Amazon Translate
सर्दियों में अक्सर ठंडा तापमान आता है।,Amir,Amazon Translate
विमान रनवे पर उतरते हैं।,Amir,Amazon Translate
ट्रेनें शहरों और कस्बों के बीच यात्रा करती हैं।,Amir,Amazon Translate
कारों को नियमित ईंधन रिफिल की आवश्यकता होती है।,Amir,Amazon Translate
बेलों पर टमाटर उगते हैं।,Amir,Amazon Translate
नक्शे पहाड़ की ऊँचाई दिखा सकते हैं।,Amir,Amazon Translate
कोकून से तितलियाँ निकलती हैं।,Amir,Amazon Translate
सिक्कों के अलग-अलग मूल्य होते हैं।,Amir,Amazon Translate
व्हेल महासागरों में रहती हैं।,Amir,Amazon Translate
पतझड़ के मौसम में पत्तियां गिर जाती हैं।,Amir,Amazon Translate
गोल्फ क्लब और गेंदों के साथ खेला जाता है।,Amir,Amazon Translate
मधुमक्खियां कई तरह के फूलों पर जाती हैं।,Amir,Amazon Translate
गाजर जड़ वाली सब्जियां हैं।,Amir,Amazon Translate
पनीर का उत्पादन जानवरों के दूध से किया जाता है।,Amir,Amazon Translate
कुत्ते कई कारणों से भौंकते हैं।,Amir,Amazon Translate
पहाड़ों का निर्माण भूगर्भीय शक्तियों द्वारा किया जाता है।,Amir,Amazon Translate
तारे नाभिकीय संलयन के माध्यम से ऊर्जा उत्पन्न करते हैं।,Amir,Amazon Translate
क्रिकेट्स अपनी चहचहाहट के लिए जाने जाते हैं।,Amir,Amazon Translate
प्लास्टिक का उपयोग कई उत्पादों के लिए किया जाता है।,Amir,Amazon Translate
"कैसोवरी बड़े, उड़ानहीन पक्षी हैं।",Amir,Amazon Translate
बाढ़ वाले खेतों में चावल उगता है।,Amir,Amazon Translate
ग्रॉसर्स फल और सब्जियां बेचते हैं।,Amir,Amazon Translate
मैगपाई चमकदार वस्तुओं को इकट्ठा करते हैं।,Amir,Amazon Translate
नक्शे सुविधाओं को दिखाने के लिए प्रतीकों का उपयोग करते हैं।,Amir,Amazon Translate
डॉल्फ़िन बुद्धिमान समुद्री जानवर हैं।,Amir,Amazon Translate
हवाई जहाज कारों की तुलना में तेजी से यात्रा करते हैं।,Amir,Amazon Translate
जीवाश्म तलछटी चट्टानों में पाए जाते हैं।,Amir,Amazon Translate
अंगूर बेलों पर गुच्छों में उगते हैं।,Amir,Amazon Translate
मक्खन गर्म रोटी पर पिघलता है।,Amir,Amazon Translate
कीवी एक प्रकार का फल है।,Amir,Amazon Translate
धातु अच्छी तरह से बिजली का संचालन करती है।,Amir,Amazon Translate
सौर पैनलों को काम करने के लिए सूर्य के प्रकाश की आवश्यकता होती है।,Amir,Amazon Translate
"तोते छोटे, रंगीन पक्षी होते हैं।",Amir,Amazon Translate
ज्यादातर चाय कैमेलिया साइनेंसिस के पत्तों से आती है।,Amir,Amazon Translate
नेविगेशन के लिए मानचित्र मूल्यवान हैं।,Amir,Amazon Translate
समुद्र तल पर एक सौ डिग्री सेल्सियस पर पानी उबलता है।,Amir,Amazon Translate
बिल्लियों के पास चढ़ने और शिकार करने के लिए वापस लेने योग्य पंजे होते हैं।,Amir,Amazon Translate
रेगिस्तानों में सालाना दस इंच से भी कम बारिश होती है।,Amir,Amazon Translate
हनीबीज़ डांस पैटर्न का उपयोग करके संवाद करते हैं।,Amir,Amazon Translate
गुरुत्वाकर्षण बलों के कारण ग्रह सूर्य की परिक्रमा करते हैं।,Amir,Amazon Translate
बैटरियां भविष्य में उपयोग के लिए विद्युत ऊर्जा का भंडारण करती हैं।,Amir,Amazon Translate
हृदय पूरे मानव शरीर में रक्त का संचार करता है।,Amir,Amazon Translate
शार्क को सांस लेने के लिए तैरते रहना चाहिए।,Amir,Amazon Translate
मेंढक जलीय टैडपोल के रूप में जीवन शुरू करते हैं।,Amir,Amazon Translate
नमक पानी में आसानी से घुल जाता है।,Amir,Amazon Translate
पेंगुइन उड़ान रहित पक्षी हैं जो ठंडी जलवायु के अनुकूल होते हैं।,Amir,Amazon Translate
"आग के लिए ऊष्मा, ईंधन और ऑक्सीजन की आवश्यकता होती है।",Amir,Amazon Translate
जेलिफ़िश अपने शरीर को सिकोड़कर और शिथिल करके चलती हैं।,Amir,Amazon Translate
बढ़ते ही छिपकलियां अपनी त्वचा को बहा देती हैं।,Amir,Amazon Translate
ज्यादातर सांप मांसाहारी होते हैं।,Amir,Amazon Translate
"मानचित्र देश, शहर और भौगोलिक विशेषताओं को प्रदर्शित करते हैं।",Amir,Amazon Translate
अनाज नामक बीजों से घास उगती है।,Amir,Amazon Translate
गायें घास खाती हैं और दूध का उत्पादन करती हैं।,Amir,Amazon Translate
हवाई जहाज को टेकऑफ़ और लैंडिंग के लिए रनवे की आवश्यकता होती है।,Amir,Amazon Translate
चींटी कॉलोनियों में श्रम विभाजन होता है।,Amir,Amazon Translate
वर्षावनों में उच्च जैव विविधता होती है।,Amir,Amazon Translate
इग्लू बर्फ के टुकड़ों से बने आश्रय हैं।,Amir,Amazon Translate
उष्णकटिबंधीय जलवायु में ताड़ के पेड़ उगते हैं।,Amir,Amazon Translate
"नम, छायांकित वातावरण में काई पनपती है।",Amir,Amazon Translate
ऑक्टोपस में तीन दिल और नीला खून होता है।,Amir,Amazon Translate
सूर्य का प्रकाश पृथ्वी की ऊर्जा का मुख्य स्रोत है।,Amir,Amazon Translate
एयर पॉकेट्स के कारण क्रैनबेरी पानी में तैरते हैं।,Amir,Amazon Translate
ग्लेशियर धीरे-धीरे पूरे देश में घूमते हैं।,Amir,Amazon Translate
इरेज़र कागज से पेंसिल के निशान हटाते हैं।,Amir,Amazon Translate
चीनी गर्म तरल पदार्थों में जल्दी घुल जाती है।,Amir,Amazon Translate
कंगारू अपने शक्तिशाली हिंद पैरों का उपयोग करके कूदते हैं।,Amir,Amazon Translate
वर्षा जल फसलों और पौधों को पोषण देता है।,Amir,Amazon Translate
किताबें जानकारी और कहानियों का एक स्रोत हैं।,Amir,Amazon Translate
जब मैग्मा पृथ्वी की सतह पर पहुंचता है तो ज्वालामुखी फटते हैं।,Amir,Amazon Translate
सीढ़ियां लोगों को ऊंची वस्तुओं तक पहुंचने में मदद करती हैं।,Amir,Amazon Translate
बादल छाए रहने से जमीन पर धूप कम हो जाती है।,Amir,Amazon Translate
नदियाँ ऊँची से निचली भूमि की ओर बहती हैं।,Amir,Amazon Translate
तुर्की कम दूरी की उड़ान भर सकते हैं।,Amir,Amazon Translate
प्याज ऐसे बल्ब होते हैं जो भूमिगत रूप से उगते हैं।,Amir,Amazon Translate
गीली रेत वाले समुद्र तटों पर सैंडकास्टल्स बनाए जाते हैं।,Amir,Amazon Translate
घोंघे मांसल पैर का उपयोग करके चलते हैं।,Amir,Amazon Translate
तूफानों के दौरान बिजली का स्त्राव होता है।,Amir,Amazon Translate
टिड्डे अपने पैरों को रगड़कर आवाजें निकालते हैं।,Amir,Amazon Translate
जब वे सूख जाते हैं तो साबुन के बुलबुले फूटते हैं।,Amir,Amazon Translate
रेन जैकेट गीले मौसम में कपड़ों की सुरक्षा करते हैं।,Amir,Amazon Translate
बिल्लियाँ अपने फर को चाट कर खुद को तैयार करती हैं।,Amir,Amazon Translate
गुरुत्वाकर्षण के कारण नदियां नीचे की ओर बहती हैं।,Amir,Amazon Translate
पत्तियां पौधों की वृद्धि के लिए सूर्य के प्रकाश को अवशोषित करती हैं।,Amir,Amazon Translate
पेंगुइन मुख्य रूप से दक्षिणी ध्रुव के पास रहते हैं।,Amir,Amazon Translate
मानचित्र भौगोलिक जानकारी प्रदान करते हैं।,Amir,Amazon Translate
पवन टर्बाइन पवन ऊर्जा से बिजली उत्पन्न करते हैं।,Amir,Amazon Translate
चॉकलेट आपके मुंह में पिघल जाती है।,Amir,Amazon Translate
कई स्तनधारियों में गर्म रहने के लिए फर होते हैं।,Amir,Amazon Translate
पंख पक्षियों को उड़ने में मदद करते हैं।,Amir,Amazon Translate
पहिए वाहनों को कुशलता से चलने में मदद करते हैं।,Amir,Amazon Translate
ग्लेशियर बड़े पैमाने पर धीमी गति से चलने वाले बर्फ के पिंड हैं।,Amir,Amazon Translate
आतिशबाजी चमकदार रोशनी और रंगों को प्रदर्शित करती है।,Amir,Amazon Translate
कुत्तों को इंसानों के प्रति वफादारी के लिए जाना जाता है।,Amir,Amazon Translate
वर्षावनों में घनी वनस्पति और उच्च आर्द्रता होती है।,Amir,Amazon Translate
चमगादड़ सच्ची उड़ान भरने में सक्षम स्तनधारी होते हैं।,Amir,Amazon Translate
बाघों की विशिष्ट नारंगी और काली धारियाँ होती हैं।,Amir,Amazon Translate
लेन-देन में सिक्कों का उपयोग धन के रूप में किया जाता है।,Amir,Amazon Translate
शार्क दुनिया भर के महासागरों में रहती हैं।,Amir,Amazon Translate
ओर्कास डॉल्फ़िन परिवार के सबसे बड़े सदस्य हैं।,Amir,Amazon Translate
निर्माण के लिए कीलों को लकड़ी में बांधा जाता है।,Amir,Amazon Translate
घड़ियाँ समय का ध्यान रखती हैं।,Amir,Amazon Translate
साथियों को आकर्षित करने के लिए क्रिकेट चहचहाते हैं।,Amir,Amazon Translate
"मशरूम नम, अंधेरी जगहों पर उगते हैं।",Amir,Amazon Translate
कछुए सुरक्षा के लिए अपने सिर को अपने खोल में वापस ले लेते हैं।,Amir,Amazon Translate
सूर्यास्त तब होता है जब सूरज क्षितिज से नीचे गिरता है।,Amir,Amazon Translate
वायुमंडल में बादलों से बारिश होती है।,Amir,Amazon Translate
केकड़ों में सुरक्षा के लिए एक कठोर एक्सोस्केलेटन होता है।,Amir,Amazon Translate
"कारें गैसोलीन, बिजली या डीजल से चलती हैं।",Amir,Amazon Translate
पहाड़ पर्यटकों को लंबी पैदल यात्रा और स्कीइंग के लिए आकर्षित करते हैं।,Amir,Amazon Translate
मानचित्र दुनिया भर के स्थानों का पता लगाने में मदद करते हैं।,Amir,Amazon Translate
सैंडविच के लिए ब्रेड को काटा जाता है।,Amir,Amazon Translate
खेतों में लंबे डंठलों में मकई उगती है।,Amir,Amazon Translate
बीन्स प्रोटीन का अच्छा स्रोत हैं।,Amir,Amazon Translate
कुंजियाँ सुरक्षा के लिए ताले खोलती हैं।,Amir,Amazon Translate
प्लास्टिक की बोतलें अक्सर रिसाइकिल करने योग्य होती हैं।,Amir,Amazon Translate
कुत्ते पालतू स्तनधारी होते हैं।,Amir,Amazon Translate
घास आमतौर पर लॉन में पाई जाती है।,Amir,Amazon Translate
सूरज एक तारा है।,Amir,Amazon Translate
पत्तियाँ पौधों की ऊर्जा के लिए प्रकाश संश्लेषण करती हैं।,Amir,Amazon Translate
ऊन भेड़ से आता है।,Amir,Amazon Translate
टायर कारों के लिए ट्रैक्शन प्रदान करते हैं।,Amir,Amazon Translate
पेड़ वार्षिक छल्ले उगाते हैं।,Amir,Amazon Translate
मिट्टी अधिकांश स्थलीय पौधों का समर्थन करती है।,Amir,Amazon Translate
मोटरसाइकिलों में दो पहिए होते हैं।,Amir,Amazon Translate
पेंगुइन पक्षी हैं।,Amir,Amazon Translate
सूखी हवा में पेंट तेजी से सूखता है।,Amir,Amazon Translate
रेत छोटी-छोटी चट्टानों से बनी होती है।,Amir,Amazon Translate
क्रेन के लंबे पैर होते हैं।,Amir,Amazon Translate
आलू मुख्य भोजन है।,Amir,Amazon Translate
सूरजमुखी का मुख सुबह पूर्व की ओर होता है।,Amir,Amazon Translate
मानचित्र कार्डिनल दिशाएं दिखाते हैं।,Amir,Amazon Translate
छायादार स्थानों में काई उगती है।,Amir,Amazon Translate
मशरूम बीजाणुओं के साथ प्रजनन करते हैं।,Amir,Amazon Translate
बैंगन बैंगनी रंग की सब्जियां हैं।,Amir,Amazon Translate
प्याज से आंखें फटने लगती हैं।,Amir,Amazon Translate
लेखन के लिए डेस्क का उपयोग किया जाता है।,Amir,Amazon Translate
शार्क में कार्टिलाजिनस कंकाल होते हैं।,Amir,Amazon Translate
कबूतर शहर के आम पक्षी हैं।,Amir,Amazon Translate
गाजर नारंगी और मीठी होती है।,Amir,Amazon Translate
टपकते पानी से आइकल्स बनते हैं।,Amir,Amazon Translate
बीजों से तेल निकाला जाता है।,Amir,Amazon Translate
ट्रेनें पटरियों पर चलती हैं।,Amir,Amazon Translate
स्नैक्स के लिए खुबानी को सुखाया जा सकता है।,Amir,Amazon Translate
रेनकोट वाटर-रेसिस्टेंट होते हैं।,Amir,Amazon Translate
मिर्च मसालेदार हो सकती है।,Amir,Amazon Translate
स्पीकर ध्वनि तरंगों का उत्सर्जन करते हैं।,Amir,Amazon Translate
नारियल के छिलके सख्त होते हैं।,Amir,Amazon Translate
टेप दो सतहों को एक साथ चिपका देता है।,Amir,Amazon Translate
दरवाजों और दरवाजों को सुरक्षित रखता है।,Amir,Amazon Translate
केकड़े बग़ल में चलते हैं।,Amir,Amazon Translate
ट्यूलिप को खिलने के लिए ठंडे मौसम की आवश्यकता होती है।,Amir,Amazon Translate
कैक्टि पानी को तनों में जमा करता है।,Amir,Amazon Translate
घास एक सामान्य पौधा है।,Amir,Amazon Translate
हीलियम के गुब्बारे तैरते हैं।,Amir,Amazon Translate
सील मछली खाते हैं।,Amir,Amazon Translate
कीवीफ्रूट की त्वचा रूखी होती है।,Amir,Amazon Translate
पहाड़ों की ऊँचाई अधिक होती है।,Amir,Amazon Translate
मानचित्र स्केल बार का उपयोग करते हैं।,Amir,Amazon Translate
ईगल्स के नुकीले पंजे होते हैं।,Amir,Amazon Translate
हवा मौसम प्रणालियों को चलाती है।,Amir,Amazon Translate
टमाटर में बीज होते हैं।,Amir,Amazon Translate
किताबों में छपे हुए पेज होते हैं।,Amir,Amazon Translate
ज्यादातर सांप कृन्तकों को खाते हैं।,Amir,Amazon Translate
नाखून स्टील से बने होते हैं।,Amir,Amazon Translate
इंद्रधनुष सात रंग दिखाते हैं।,Amir,Amazon Translate
सुरंगें भूमिगत हो जाती हैं।,Amir,Amazon Translate
पश्चिम में सूर्यास्त होते हैं।,Amir,Amazon Translate
मानचित्रों में कंपास गुलाब होता है।,Amir,Amazon Translate
रेगिस्तानों में थोड़ी बारिश होती है।,Amir,Amazon Translate
क्रेन लंबी दूरी तक उड़ सकते हैं।,Amir,Amazon Translate
आम उष्णकटिबंधीय फल हैं।,Amir,Amazon Translate
ऊदबिलाव चट्टानों को औजार के रूप में इस्तेमाल करते हैं।,Amir,Amazon Translate
कीड़े फसलों को संक्रमित कर सकते हैं।,Amir,Amazon Translate
समुद्र तटों में रेत या कंकड़ होते हैं।,Amir,Amazon Translate
वर्षा का पानी बूंदों में इकट्ठा होता है।,Amir,Amazon Translate
बिल्लियाँ भोजन के लिए छोटे जानवरों का शिकार करती हैं।,Amir,Amazon Translate
उपकरण लोगों को मैन्युअल कार्यों को पूरा करने में मदद करते हैं।,Amir,Amazon Translate
कुत्तों को अक्सर पालतू जानवर के रूप में रखा जाता है।,Amir,Amazon Translate
दुनिया भर में कई वातावरणों में घास उगती है।,Amir,Amazon Translate
पत्तियां दिन के उजाले में प्रकाश संश्लेषण करती हैं।,Amir,Amazon Translate
केले बड़े शाकाहारी पौधों पर उगते हैं।,Amir,Amazon Translate
गाजर विटामिन ए से भरपूर जड़ वाली सब्जियां हैं।,Amir,Amazon Translate
पवन चक्कियां हवा को घूर्णी ऊर्जा में परिवर्तित करती हैं।,Amir,Amazon Translate
क्रिकेट्स अपने पंखों को रगड़ कर चहकते हैं।,Amir,Amazon Translate
चमगादड़ एकमात्र उड़ने वाले स्तनधारी हैं।,Amir,Amazon Translate
मिर्च अलग-अलग रंगों और खूबियों में आती है।,Amir,Amazon Translate
फायर इंजन अग्निशामकों और उपकरणों का परिवहन करते हैं।,Amir,Amazon Translate
वृक्ष वातावरण से कार्बन डाइऑक्साइड को अवशोषित करते हैं।,Amir,Amazon Translate
कुत्तों में गंध की भावना बढ़ जाती है।,Amir,Amazon Translate
मानचित्रों में आमतौर पर एक पैमाना और कुंजी शामिल होती है।,Amir,Amazon Translate
बवंडर में बहुत तेज़ घूमने वाली हवाएँ होती हैं।,Amir,Amazon Translate
मानचित्र सड़कों के लिए रेखाओं और प्रतीकों का उपयोग करते हैं।,Amir,Amazon Translate
"बिजली, बिजली, रोशनी और इलेक्ट्रॉनिक उपकरण।",Amir,Amazon Translate
ऊदबिलाव के कारण ऊदबिलाव पानी पर तैरते हैं।,Amir,Amazon Translate
सेब को कच्चा या पकाकर खाया जाता है।,Amir,Amazon Translate
लैंप पोस्ट रात में स्ट्रीट लाइटिंग प्रदान करते हैं।,Amir,Amazon Translate
सुरक्षित लैंडिंग के लिए विमानों को हवाई अड्डों की आवश्यकता होती है।,Amir,Amazon Translate
फाल्कन पक्षी हैं जिन्हें फास्ट डाइव के लिए जाना जाता है।,Amir,Amazon Translate
स्ट्रॉबेरी छोटे फूलों वाले पौधों से उगती है।,Amir,Amazon Translate
अंजीर पर्णपाती पेड़ों पर उगते हैं।,Amir,Amazon Translate
हेडफ़ोन सीधे कानों तक ध्वनि पहुँचाते हैं।,Amir,Amazon Translate
प्याज का उपयोग कई पके हुए खाद्य पदार्थों में किया जाता है।,Amir,Amazon Translate
पेंगुइन उड़ानहीन जलीय पक्षी हैं।,Amir,Amazon Translate
"सिक्के पैसे के छोटे, धात्विक रूप होते हैं।",Amir,Amazon Translate
हवाई जहाज बड़ी दूरी तक तेज़ी से यात्रा करते हैं।,Amir,Amazon Translate
"फेरेट्स पालतू, चंचल जानवर हैं।",Amir,Amazon Translate
मशरूम कवक हैं जो छाया में उगते हैं।,Amir,Amazon Translate
घोंसले में पक्षी के अंडे और अंडे होते हैं।,Amir,Amazon Translate
पौधे अपनी जड़ों से पानी सोखते हैं।,Amir,Amazon Translate
सोने का इस्तेमाल मुद्रा के रूप में किया जाता रहा है।,Amir,Amazon Translate
सील ठंड के अनुकूल स्तनधारी होते हैं।,Amir,Amazon Translate
मानचित्र सापेक्ष और निरपेक्ष दूरी का संकेत देते हैं।,Amir,Amazon Translate
नदियाँ पानी को समुद्रों तक ले जाती हैं।,Amir,Amazon Translate
नमक का उपयोग खाद्य पदार्थों को सीज़न करने के लिए किया जाता है।,Amir,Amazon Translate
बाज़ तेजी से उड़ने वाले शिकारी पक्षी हैं।,Amir,Amazon Translate
ट्यूलिप कई रंगों में आते हैं।,Amir,Amazon Translate
ब्रेड को अक्सर भोजन में परोसा जाता है।,Amir,Amazon Translate
ईगल्स के पास शिकार के लिए उत्कृष्ट दृष्टि है।,Amir,Amazon Translate
पेड़ वन्यजीवों के लिए महत्वपूर्ण आवास प्रदान करते हैं।,Amir,Amazon Translate
चट्टानों को खनिज संरचना द्वारा वर्गीकृत किया जा सकता है।,Amir,Amazon Translate
बत्तखों के पैर तैरने के लिए जालदार होते हैं।,Amir,Amazon Translate
"बकरियाँ दूध, मांस और फाइबर प्रदान करती हैं।",Amir,Amazon Translate
कांच का उपयोग आमतौर पर खिड़की के शीशे के लिए किया जाता है।,Amir,Amazon Translate
पुस्तकें इलेक्ट्रॉनिक और मुद्रित रूपों में आती हैं।,Amir,Amazon Translate
मेपल सिरप को सैप से बनाया जाता है।,Amir,Amazon Translate
जेलिफ़िश में वजन के हिसाब से 95% पानी होता है।,Amir,Amazon Translate
आयरन एक सामान्य निर्माण धातु है।,Amir,Amazon Translate
हवा सेलबोट्स को पानी के पार धकेलती है।,Amir,Amazon Translate
पहाड़ हाइकर्स और स्कीयर को समान रूप से आकर्षित करते हैं।,Amir,Amazon Translate
बिल्लियाँ छोटे कृन्तकों का पीछा करती हैं।,Amir,Amazon Translate
मानचित्र भौतिक भूगोल दिखाते हैं।,Amir,Amazon Translate
पके होने पर केले पीले होते हैं।,Amir,Amazon Translate
आलू कंद वाली सब्जियां हैं।,Amir,Amazon Translate
"सिक्के सपाट, गोल मुद्रा होते हैं।",Amir,Amazon Translate
पहाड़ समुद्र तल से ऊँचे उठते हैं।,Amir,Amazon Translate
सिकाडास जोर से भिनभिनाने की आवाजें निकालते हैं।,Amir,Amazon Translate
थंडर तूफानों में बिजली का अनुसरण करता है।,Amir,Amazon Translate
चींटियाँ भूमिगत उपनिवेश बनाती हैं।,Amir,Amazon Translate
मैगपाई चतुर पक्षी हैं।,Amir,Amazon Translate
डॉल्फ़िन नेविगेट करने के लिए इकोलोकेशन का उपयोग करती हैं।,Amir,Amazon Translate
सील जमीन और समुद्र पर समय बिताते हैं।,Amir,Amazon Translate
ओटर्स गोले खोलने के लिए औजारों का उपयोग करते हैं।,Amir,Amazon Translate
अग्निशामक सुरक्षात्मक कपड़े पहनते हैं।,Amir,Amazon Translate
मानचित्र महाद्वीपों और देशों का प्रतिनिधित्व करते हैं।,Amir,Amazon Translate
गायें दूध और चमड़ा प्रदान करती हैं।,Amir,Amazon Translate
नक्शे दूरियों को मापने के लिए स्केल दिखाते हैं।,Amir,Amazon Translate
रॉबिन्स आम गीतकार हैं।,Amir,Amazon Translate
बारिश की बौछारों के बाद इंद्रधनुष दिखाई देते हैं।,Amir,Amazon Translate
कौवे सरल पहेलियाँ सुलझाते हैं।,Amir,Amazon Translate
बेकिंग में ब्रेड क्रस्ट बनता है।,Amir,Amazon Translate
कई पक्षियों द्वारा घोंसले बनाए जाते हैं।,Amir,Amazon Translate
केले गुच्छों में उगते हैं।,Amir,Amazon Translate
टमाटर का इस्तेमाल सलाद में किया जाता है।,Amir,Amazon Translate
चाक सतहों को चिह्नित करता है।,Amir,Amazon Translate
गर्मी में पानी वाष्पित हो जाता है।,Amir,Amazon Translate
मेंढक पानी में अंडे देते हैं।,Amir,Amazon Translate
नक्शे शहर के नाम दिखाते हैं।,Amir,Amazon Translate
वर्षा पौधों के जीवन को पोषण देती है।,Amir,Amazon Translate
तितलियाँ अमृत पर भोजन करती हैं।,Amir,Amazon Translate
नक्शे नदियों के लिए प्रतीक प्रदर्शित करते हैं।,Amir,Amazon Translate
दो और दो चार के बराबर होता है।,Amir,Amazon Translate
क्रेन बड़े उड़ने वाले पक्षी होते हैं।,Amir,Amazon Translate
आयरन एक चुंबकीय तत्व है।,Amir,Amazon Translate
आलू जड़ वाली सब्जियां हैं।,Amir,Amazon Translate
कौवे अत्यधिक बुद्धिमान पक्षी होते हैं।,Amir,Amazon Translate
ब्रेड को टोस्ट किया जा सकता है।,Amir,Amazon Translate
पहाड़ों में ठंडे तापमान का अनुभव होता है।,Amir,Amazon Translate
घोड़े घोड़े की नाल पहनते हैं।,Amir,Amazon Translate
गेहूँ मुख्य अनाज है।,Amir,Amazon Translate
आग को जलाने के लिए तीन तत्वों की आवश्यकता होती है।,Amir,Amazon Translate
हंस पानी की सतहों पर ग्लाइड करते हैं।,Amir,Amazon Translate
बारिश का पानी पोखरों में इकट्ठा किया जाता है।,Amir,Amazon Translate
मानचित्र जनसंख्या डेटा दिखा सकते हैं।,Amir,Amazon Translate
मिर्च हल्की या गर्म हो सकती है।,Amir,Amazon Translate
नक्शे सड़कों और इलाके की विशेषताओं को दिखाते हैं।,Amir,Amazon Translate
पर्वत पृथ्वी पर ऊँचे क्षेत्र हैं।,Amir,Amazon Translate
मानचित्र दूरियों के बारे में जानकारी प्रदान करते हैं।,Amir,Amazon Translate
गर्म हवा ठंडी होने पर बादल बनते हैं।,Amir,Amazon Translate
क्रिसलाइड्स से तितलियाँ निकलती हैं।,Amir,Amazon Translate
नक्शे शहरों के सापेक्ष स्थान दिखाते हैं।,Amir,Amazon Translate
पकने पर टमाटर लाल हो जाते हैं।,Amir,Amazon Translate
नक्शे समुद्र और समुद्र के स्थानों को दिखाते हैं।,Amir,Amazon Translate
क्रेन प्रवासी पक्षी हैं।,Amir,Amazon Translate
मानचित्रों में उत्तर तीर होता है।,Amir,Amazon Translate
भौगोलिक अध्ययन के लिए मानचित्र महत्वपूर्ण हैं।,Amir,Amazon Translate
मानचित्र प्राकृतिक परिदृश्य प्रदर्शित करते हैं।,Amir,Amazon Translate
जिराफ के पैटर्न वाले कोट होते हैं।,Amir,Amazon Translate
एग रोल एक लोकप्रिय भोजन है।,Amir,Amazon Translate
चॉक ब्लैकबोर्ड पर धूल छोड़ देता है।,Amir,Amazon Translate
नक्शे मील या किलोमीटर दिखाते हैं।,Amir,Amazon Translate
नक्शे अक्सर नदियों और झीलों को चिह्नित करते हैं।,Amir,Amazon Translate
पत्तियां भोजन बनाने के लिए सूर्य के प्रकाश का उपयोग करती हैं।,Amir,Amazon Translate
मानचित्र स्थानों और दिशाओं को सटीक रूप से दिखाते हैं।,Amir,Amazon Translate
ब्रेड को आटे और खमीर से पकाया जाता है।,Amir,Amazon Translate
मेंढक परिपक्व होते ही कायापलट से गुजरते हैं।,Amir,Amazon Translate
प्रकाश संश्लेषण पौधों की पत्तियों में होता है।,Amir,Amazon Translate
"कंकड़ छोटे, गोल पत्थर होते हैं।",Amir,Amazon Translate
खरगोश खाने के लिए पत्तेदार साग खाते हैं।,Amir,Amazon Translate
मछली पकड़ने के लिए क्रेन चोंच का उपयोग करते हैं।,Amir,Amazon Translate
नक्शे पहाड़ों और नदियों को दिखा सकते हैं।,Amir,Amazon Translate
ब्रेड क्रस्ट टुकड़ों की तुलना में मजबूत होता है।,Amir,Amazon Translate
शहरों को लेबल करने के लिए मानचित्र अक्षरों का उपयोग करते हैं।,Amir,Amazon Translate
जेलिफ़िश में जिलेटिनस छतरी के आकार के शरीर होते हैं।,Amir,Amazon Translate
मच्छर आम कीट हैं।,Amir,Amazon Translate
फोंड्यू बनाने के लिए चॉकलेट को पिघलाया जाता है।,Amir,Amazon Translate
पहाड़ों का मौसम पहाड़ियों की तुलना में धीमा होता है।,Amir,Amazon Translate
मानचित्र राज्य या देश की सीमाओं को लेबल करते हैं।,Amir,Amazon Translate
किताबें जानकारी और मनोरंजन प्रदान करती हैं।,Amir,Amazon Translate
नक्शे हाइकर्स को गुम होने से बचाने में मदद करते हैं।,Amir,Amazon Translate
मानचित्र सड़क यात्राओं की योजना बनाने में मदद करते हैं।,Amir,Amazon Translate
फायर ट्रक आपातकालीन उत्तरदाताओं को परिवहन करते हैं।,Amir,Amazon Translate
सटीक दूरी के लिए मानचित्रों को तराजू की आवश्यकता होती है।,Amir,Amazon Translate
नक्शे हवाई अड्डों और बंदरगाहों को दिखाते हैं।,Amir,Amazon Translate
मिट्टी पौधों को पोषक तत्व प्रदान करती है।,Amir,Amazon Translate
पतझड़ में ट्यूलिप बल्ब लगाए जाते हैं।,Amir,Amazon Translate
खोजकर्ताओं के लिए मानचित्र महत्वपूर्ण हैं।,Amir,Amazon Translate
राजहंस के गुलाबी पंख होते हैं।,Amir,Amazon Translate
मूंगफली तकनीकी रूप से सच्चे मेवे नहीं हैं।,Amir,Amazon Translate
पहाड़ वन्यजीवों के लिए आवास प्रदान करते हैं।,Amir,Amazon Translate
टमाटर तकनीकी रूप से फल हैं।,Amir,Amazon Translate
घास के टफ्ट्स फुटबॉल के मैदानों को कवर करते हैं।,Amir,Amazon Translate
ब्रेडस्टिक्स को ऐपेटाइज़र के रूप में परोसा जाता है।,Amir,Amazon Translate
भूगोल के पाठों में मानचित्रों का उपयोग किया जाता है।,Amir,Amazon Translate
ईगल्स हवा की धाराओं पर ग्लाइड करते हैं।,Amir,Amazon Translate
मांस को संरक्षित करने के लिए नमक का उपयोग किया जाता है।,Amir,Amazon Translate
नक्शे पानी के शव दिखाते हैं।,Amir,Amazon Translate
हीरा सबसे कठोर प्राकृतिक पदार्थ है।,Amir,Amazon Translate
COVID-19 एक coronavirus के कारण होता है।,Amir,Amazon Translate
दूध में कैल्शियम और विटामिन डी होता है।,Amir,Amazon Translate
गीज़ अक्सर वी-आकार की संरचनाओं में माइग्रेट करते हैं।,Amir,Amazon Translate
महासागरों में अधिकांश पृथ्वी को ढकने वाला खारा पानी होता है।,Amir,Amazon Translate
मधुमक्खियां पौधों को परागित करती हैं और शहद का उत्पादन करती हैं।,Amir,Amazon Translate
विद्युत धारा के रूप में तारों से होकर गुजरती है।,Amir,Amazon Translate
टिक्स इंसानों में लाइम रोग फैला सकते हैं।,Amir,Amazon Translate
फर्नीचर सतहें और बैठने की सुविधा प्रदान करता है।,Amir,Amazon Translate
बिल्लियाँ अक्सर कई घंटों तक सोती हैं।,Amir,Amazon Translate
मानचित्र राजनीतिक या भौतिक जानकारी प्रदर्शित कर सकते हैं।,Amir,Amazon Translate
ट्रेनें माल और लोगों को कुशलतापूर्वक परिवहन करती हैं।,Amir,Amazon Translate
मेंढक साथियों को आकर्षित करने के लिए चरमराते हैं।,Amir,Amazon Translate
मक्खियों की मिश्रित आँखें होती हैं।,Amir,Amazon Translate
बेचे जाने से पहले दूध को पाश्चुरीकृत किया जाता है।,Amir,Amazon Translate
मानचित्र अभिविन्यास के लिए कंपास दिशा प्रदर्शित करते हैं।,Amir,Amazon Translate
"बाघ एकान्त, प्रादेशिक बिल्लियाँ हैं।",Amir,Amazon Translate
पत्तियों में नसें होती हैं जो पानी की आपूर्ति करती हैं।,Amir,Amazon Translate
ऊंचाई दिखाने के लिए नक्शे रंगों का उपयोग करते हैं।,Amir,Amazon Translate
"बादल बारिश, बर्फ या ओले लाते हैं।",Amir,Amazon Translate
कुत्ते ट्रैकिंग के लिए अपनी नाक का इस्तेमाल करते हैं।,Amir,Amazon Translate
स्थानिक जागरूकता के लिए मानचित्र महत्वपूर्ण हैं।,Amir,Amazon Translate
नदियाँ ताजे पानी को झीलों तक ले जाती हैं।,Amir,Amazon Translate
मानचित्र स्थलाकृति और क्षेत्रों की कल्पना करने में मदद करते हैं।,Amir,Amazon Translate
हिमपात जमी हुई वर्षा है।,Amir,Amazon Translate
मानचित्र भौगोलिक सीमाओं को प्रदर्शित करते हैं।,Amir,Amazon Translate
मानचित्रों में अक्सर एक किंवदंती शामिल होती है।,Amir,Amazon Translate
फायरफ्लाइज़ बायोलुमिनसेंस के माध्यम से प्रकाश उत्पन्न करते हैं।,Amir,Amazon Translate
ब्रेड विश्व स्तर पर मुख्य भोजन है।,Amir,Amazon Translate
बैटरियां रासायनिक ऊर्जा का भंडारण करती हैं।,Amir,Amazon Translate
आग बुझाने के लिए अग्निशामक पानी का इस्तेमाल करते हैं।,Amir,Amazon Translate
ब्रोकोली गोभी परिवार का हिस्सा है।,Amir,Amazon Translate
तारे अपना प्रकाश स्वयं उत्सर्जित करते हैं।,Amir,Amazon Translate
ध्रुवीय भालू उत्तरी ध्रुव के पास रहते हैं।,Amir,Amazon Translate
एक थर्मामीटर तापमान को मापता है।,Amir,Amazon Translate
बिल्लियाँ अपने पैरों पर उतरती हैं।,Amir,Amazon Translate
क्रिस्टल ने परमाणु संरचनाओं का आदेश दिया है।,Amir,Amazon Translate
सिक्के चांदी या तांबे के हो सकते हैं।,Amir,Amazon Translate
कुत्ते पालतू जानवर हैं।,Amir,Amazon Translate
मैप अक्सर सुविधाओं के लिए रंगों का उपयोग करते हैं।,Amir,Amazon Translate
मेंढक छलांग लगाने से शिकारियों से बचने में मदद मिलती है।,Amir,Amazon Translate
दुनिया भर के बगीचों में गुलाब खिलते हैं।,Amir,Amazon Translate
पत्तियों में प्रकाश संश्लेषण के लिए क्लोरोफिल होता है।,Amir,Amazon Translate
आराम करने पर बिल्लियाँ अक्सर गड़गड़ाहट करती हैं।,Amir,Amazon Translate
फूल जीवंत रंगों के साथ परागणकों को आकर्षित करते हैं।,Amir,Amazon Translate
तितलियाँ जीवन की शुरुआत कैटरपिलर के रूप में करती हैं।,Amir,Amazon Translate
कद्दू की कटाई शरद ऋतु में की जाती है।,Amir,Amazon Translate
गायें घास और चारा खाती हैं।,Amir,Amazon Translate
नमक का उपयोग खाद्य परिरक्षक के रूप में किया जाता है।,Amir,Amazon Translate
ब्रेड को अक्सर रोटियों में पकाया जाता है।,Amir,Amazon Translate
नक्शे मौसम की स्थिति दिखा सकते हैं।,Amir,Amazon Translate
मानचित्र स्थानिक संबंधों की कल्पना करने में मदद करते हैं।,Amir,Amazon Translate
अक्सर घने बादलों के कारण बारिश होती है।,Amir,Amazon Translate
मानचित्र जलवायु और वनस्पति को प्रदर्शित कर सकते हैं।,Amir,Amazon Translate
पक्षी मौसमी रूप से गर्म क्षेत्रों में चले जाते हैं।,Amir,Amazon Translate
खाने से पहले अक्सर ब्रेड को काटा जाता है।,Amir,Amazon Translate
पर्वत जलवायु और वर्षा को प्रभावित कर सकते हैं।,Amir,Amazon Translate
अंडे आवश्यक प्रोटीन प्रदान करते हैं।,Amir,Amazon Translate
चॉक का उपयोग क्लासरूम ब्लैकबोर्ड पर किया जाता है।,Amir,Amazon Translate
ब्रेड में गेहूं से ग्लूटेन होता है।,Amir,Amazon Translate
नक्शे रूट प्लानिंग में मदद करते हैं।,Amir,Amazon Translate
केकड़ों में कठोर सुरक्षात्मक गोले होते हैं।,Amir,Amazon Translate
महासागरों में खारे पानी और समुद्री जीवन होते हैं।,Amir,Amazon Translate
दूध को दही में संसाधित किया जा सकता है।,Amir,Amazon Translate
मानचित्र कभी-कभी राहत के लिए समोच्च रेखाओं का उपयोग करते हैं।,Amir,Amazon Translate
साथियों को आकर्षित करने के लिए जुगनू प्रकाश उत्सर्जित करते हैं।,Amir,Amazon Translate
मानचित्र कभी-कभी जनसंख्या घनत्व के लिए रंग का उपयोग करते हैं।,Amir,Amazon Translate
डॉल्फ़िन स्तनधारी हैं जो महासागरों में रहते हैं।,Amir,Amazon Translate
मानचित्र अक्षांश और देशांतर रेखाएँ प्रदर्शित करते हैं।,Amir,Amazon Translate
चित्रों को रंगने के लिए क्रेयॉन का उपयोग किया जाता है।,Amir,Amazon Translate
"अंडे को तले हुए, तले हुए या उबाले जा सकते हैं।",Amir,Amazon Translate
मानचित्र रुचि के बिंदुओं का पता लगाने में मदद करते हैं।,Amir,Amazon Translate
"पानी के निकायों में झीलें, नदियां और महासागर शामिल हैं।",Amir,Amazon Translate
बादलों में पानी की बूंदें या बर्फ के क्रिस्टल होते हैं।,Amir,Amazon Translate
नक्शे वोटिंग पैटर्न दिखा सकते हैं।,Amir,Amazon Translate
जुगनू संचार के लिए प्रकाश उत्पन्न करते हैं।,Amir,Amazon Translate
सिक्कों में अक्सर नेताओं की छवियां होती हैं।,Amir,Amazon Translate
गोधूलि सूर्यास्त और रात के बीच होती है।,Amir,Amazon Translate
बारिश के दिनों में बाहरी दृश्यता कम हो जाती है।,Amir,Amazon Translate
नक्शे में समय क्षेत्र शामिल हो सकते हैं।,Amir,Amazon Translate
तोते उष्णकटिबंधीय क्षेत्रों में रहते हैं।,Amir,Amazon Translate
बचे रहने पर ब्रेड फफूंदी लगने लगती है।,Amir,Amazon Translate
दहन या इलेक्ट्रिक इंजन का उपयोग करके कारें चलती हैं।,Amir,Amazon Translate
क्रेयॉन रंगीन ड्राइंग टूल हैं।,Amir,Amazon Translate
सोना एक बहुमूल्य नरम धातु है।,Amir,Amazon Translate
नक्शे में सड़क और ट्रैफ़िक डेटा शामिल हो सकते हैं।,Amir,Amazon Translate
मुर्गियों को अंडे और मांस के लिए पाला जाता है।,Amir,Amazon Translate
घोड़ों का उपयोग परिवहन और खेल के लिए किया जाता है।,Amir,Amazon Translate
मानचित्र जलवायु क्षेत्रों को चित्रित कर सकते हैं।,Amir,Amazon Translate
तितलियाँ अपने पैरों से स्वाद लेती हैं।,Amir,Amazon Translate
मानचित्र स्थानों के लिए ग्रिड संदर्भों का उपयोग करते हैं।,Amir,Amazon Translate
प्रत्येक टुकड़े पर सिक्के के मूल्य मुद्रित होते हैं।,Amir,Amazon Translate
मानचित्र भौतिक और मानवीय दोनों विशेषताओं को दर्शाते हैं।,Amir,Amazon Translate
क्लोरोफिल के कारण पत्तियां हरी होती हैं।,Amir,Amazon Translate
बारिश की बूंदों से बादल बनते हैं।,Amir,Amazon Translate
हवा चलती हवा है।,Amir,Amazon Translate
शैल महासागरों में मोलस्क की रक्षा करते हैं।,Amir,Amazon Translate
तितलियों के चार पंख होते हैं।,Amir,Amazon Translate
सिक्कों पर आमतौर पर चेहरे होते हैं।,Amir,Amazon Translate
नक्शे जमीन और पानी दोनों को दर्शाते हैं।,Amir,Amazon Translate
बच्चे बिल्डिंग के लिए ब्लॉक का इस्तेमाल करते हैं।,Amir,Amazon Translate
मानचित्र कभी-कभी जलवायु जानकारी दिखाते हैं।,Amir,Amazon Translate
मानचित्र आपात स्थिति में सहायक होते हैं।,Amir,Amazon Translate
मैप्स को फोन पर डाउनलोड किया जा सकता है।,Amir,Amazon Translate
ट्यूलिप फूलों के बल्ब के रूप में लोकप्रिय हैं।,Amir,Amazon Translate
मानचित्र संदर्भ के लिए दुनिया की राजधानियों को दिखाते हैं।,Amir,Amazon Translate
सील्स में तैराकी के लिए सुव्यवस्थित शरीर हैं।,Amir,Amazon Translate
दूध हड्डियों को मजबूत बनाने के लिए कैल्शियम प्रदान करता है।,Amir,Amazon Translate
रक्षा और भोजन के लिए केकड़ों के पंजे होते हैं।,Amir,Amazon Translate
मानचित्र प्राकृतिक संसाधनों को प्रदर्शित कर सकते हैं।,Amir,Amazon Translate
आलू सबसे ज्यादा खाई जाने वाली सब्जियों में से एक है।,Amir,Amazon Translate
माउंट एवरेस्ट हिमालय में है।,Amir,Amazon Translate
गाजर संतरे की जड़ें होती हैं जिन्हें आमतौर पर कच्चा खाया जाता है।,Amir,Amazon Translate
कुत्तों की नस्लें आकार में बहुत भिन्न होती हैं।,Amir,Amazon Translate
मच्छर के काटने से खुजली हो सकती है।,Amir,Amazon Translate
क्रिकेट निशाचर कीड़े होते हैं।,Amir,Amazon Translate
अंडे आमतौर पर विभिन्न तरीकों से पकाए जाते हैं।,Amir,Amazon Translate
चॉक को ब्लैकबोर्ड से आसानी से मिटाया जा सकता है।,Amir,Amazon Translate
ताजा होने पर ब्रेड को काटना आसान होता है।,Amir,Amazon Translate
नक्शे में मार्गदर्शन के लिए मानचित्र कुंजियां शामिल हैं।,Amir,Amazon Translate
संरक्षित न होने पर रोटी बासी हो जाती है।,Amir,Amazon Translate
मानचित्र प्राकृतिक आपदाओं के प्रभाव को दिखा सकते हैं।,Amir,Amazon Translate
मानचित्र विभिन्न रंगों का उपयोग करके डेटा प्रदर्शित करते हैं।,Amir,Amazon Translate
भेड़िये समूहों में रहते हैं और शिकार करते हैं।,Amir,Amazon Translate
ब्रेड सबसे पुराने खाद्य पदार्थों में से एक है।,Amir,Amazon Translate
मानचित्र जहाजों के लिए आवश्यक नेविगेशन प्रदान करते हैं।,Amir,Amazon Translate
टमाटर फूल वाले पौधों से उगते हैं।,Amir,Amazon Translate
गेज का उपयोग करके बारिश को मापा जा सकता है।,Amir,Amazon Translate
मानचित्र परिवहन नेटवर्क का वर्णन कर सकते हैं।,Amir,Amazon Translate
शहरी नियोजन के लिए मानचित्र महत्वपूर्ण हैं।,Amir,Amazon Translate
ट्यूलिप ठंडी जलवायु में सबसे अच्छे होते हैं।,Amir,Amazon Translate
मानचित्र ऐतिहासिक भूमि परिवर्तन को प्रकट कर सकते हैं।,Amir,Amazon Translate
आधुनिक नेविगेशन के लिए मानचित्र महत्वपूर्ण बने हुए हैं।,Amir,Amazon Translate
अंडे पक्षियों और सरीसृपों द्वारा निर्मित होते हैं।,Amir,Amazon Translate
व्हेल को हवा के लिए सतह की जरूरत होती है।,Amir,Amazon Translate
मानचित्र विभिन्न प्रकार की विशेषताओं को प्रदर्शित करते हैं।,Amir,Amazon Translate
मानचित्र अक्सर भेदभाव के लिए रंग का उपयोग करते हैं।,Amir,Amazon Translate
मानचित्र अक्सर माप के लिए तराजू का उपयोग करते हैं।,Amir,Amazon Translate
मेपल के पेड़ सिरप का उत्पादन करते हैं।,Amir,Amazon Translate
नक्शे यात्रियों को गुम होने से बचाने में मदद करते हैं।,Amir,Amazon Translate
मानचित्र शहरी और ग्रामीण क्षेत्रों को दर्शाते हैं।,Amir,Amazon Translate
गीज़ हर साल समूहों में पलायन करते हैं।,Amir,Amazon Translate
मानचित्र राजधानियों और प्रमुख शहरों की पहचान करते हैं।,Amir,Amazon Translate
मानचित्र अंतरिक्ष का एक दृश्य प्रतिनिधित्व प्रदान करते हैं।,Amir,Amazon Translate
प्रकाश संश्लेषण जानवरों और मनुष्यों के लिए ऑक्सीजन का उत्पादन करता है।,Amir,Amazon Translate
पत्तियां सूर्य के प्रकाश को अवशोषित करती हैं और प्रकाश संश्लेषण के दौरान कार्बोहाइड्रेट का उत्पादन करती हैं।,Amir,Amazon Translate
ज्यादातर शार्क खारे पानी में ही रहती हैं।,Amir,Amazon Translate
गाय दुनिया भर के लोगों के लिए दूध और बीफ उपलब्ध कराती हैं।,Amir,Amazon Translate
माउंट एवरेस्ट समुद्र तल से पृथ्वी का सबसे ऊँचा पर्वत है।,Amir,Amazon Translate
इंद्रधनुष के रंग हमेशा एक ही क्रम में देखे जाते हैं।,Amir,Amazon Translate
अधिकांश भूमि पौधों को उगाने के लिए मिट्टी आवश्यक है।,Amir,Amazon Translate
मूंगफली के पौधे भूमिगत खाद्य बीजों का उत्पादन करते हैं।,Amir,Amazon Translate
मछलियाँ पानी के भीतर गलफड़ों का उपयोग करके घुलित ऑक्सीजन को अवशोषित करती हैं।,Amir,Amazon Translate
जेलिफ़िश में जिलेटिनस शरीर और चुभने वाले तम्बू होते हैं।,Amir,Amazon Translate
"स्ट्रॉबेरी लाल, मीठे फलों में पक जाती है।",Amir,Amazon Translate
कोयोट शहरी वातावरण के अनुकूल होते हैं।,Amir,Amazon Translate
प्लास्टिक की थैलियों को पूरी तरह से सड़ने में दशकों लग जाते हैं।,Amir,Amazon Translate
वस्तुओं और सेवाओं के लिए धन का आदान-प्रदान किया जाता है।,Amir,Amazon Translate
"नक्शे सड़कों, शहरों और भौतिक स्थलों को सटीक रूप से दर्शाते हैं।",Amir,Amazon Translate
पांडा लगभग विशेष रूप से बाँस की टहनियों पर भोजन करते हैं।,Amir,Amazon Translate
सेब को पकाकर और मैश करके सेब की चटनी बनाई जाती है।,Amir,Amazon Translate
नक्शे यात्रियों को अपरिचित गंतव्यों की ओर ले जाते हैं।,Amir,Amazon Translate
कपास पौधों के फूले हुए बीजों से आती है।,Amir,Amazon Translate
कार इंजन संचालित करने के लिए गैसोलीन पर निर्भर करते हैं।,Amir,Amazon Translate
ज़ेबरा घोड़े के परिवार से ताल्लुक रखते हैं और उनके धारीदार कोट होते हैं।,Amir,Amazon Translate
स्कूल उम्र और विषय क्षेत्र के अनुसार कक्षाएं आयोजित करते हैं।,Amir,Amazon Translate
पके हुए व्यंजनों में प्याज तेज स्वाद लाता है।,Amir,Amazon Translate
कमरे के तापमान पर गैसोलीन जल्दी से वाष्पित हो जाता है।,Amir,Amazon Translate
वायुगतिकी के लिए डिज़ाइन किए गए पंखों का उपयोग करके हवाई जहाज उड़ान भरते हैं।,Amir,Amazon Translate
घर के अंदर कृंतक की उपस्थिति को नियंत्रित करने के लिए माउस ट्रैप सेट किए गए हैं।,Amir,Amazon Translate
पुस्तकें लिखित प्रिंट या डिजिटल प्रारूप में जानकारी देती हैं।,Amir,Amazon Translate
अंगूरों की बेलें तनों को सहारे के चारों ओर लपेटकर चढ़ती हैं।,Amir,Amazon Translate
बिस्तर की चादरें आमतौर पर सूती कपड़े से बनाई जाती हैं।,Amir,Amazon Translate
भीड़ सीमित स्थानों में शोर के स्तर को बढ़ाती है।,Amir,Amazon Translate
कागज कपड़े या प्लास्टिक की तुलना में अधिक आसानी से फट जाता है।,Amir,Amazon Translate
कुंजियाँ संगत ताले से सुसज्जित दरवाजों को अनलॉक करती हैं।,Amir,Amazon Translate
गिद्ध जीवित शिकार का शिकार करने के बजाय कैरियन की सफाई करते हैं।,Amir,Amazon Translate
घोंघे खतरे से सुरक्षा के लिए गोले के अंदर पीछे हट जाते हैं।,Amir,Amazon Translate
मुख्य भोजन के बाद मिठाइयाँ खाई जाती हैं।,Amir,Amazon Translate
डायनासोर लगभग 65 मिलियन वर्ष पहले विलुप्त हो गए थे।,Amir,Amazon Translate
छतरियां उपयोगकर्ताओं को भारी वर्षा से बचाती हैं।,Amir,Amazon Translate
टमाटर के पौधों को पनपने के लिए गर्म तापमान की आवश्यकता होती है।,Amir,Amazon Translate
बैकपैक्स किताबें और सामान आराम से ले जाते हैं।,Amir,Amazon Translate
आउटडोर खेल के मैदानों में झूले आम हैं।,Amir,Amazon Translate
मधुमक्खियां पौधों के परागण के प्रयासों में सीधे योगदान करती हैं।,Amir,Amazon Translate
सूटकेस में यात्रा के उद्देश्य से कपड़े और सामान होते हैं।,Amir,Amazon Translate
चांदनी का परिणाम सूर्य के प्रकाश के चंद्रमा से परावर्तित होने से होता है।,Amir,Amazon Translate
बेल्ट पैंट और स्कर्ट के फिट को समायोजित करते हैं।,Amir,Amazon Translate
दस्ताने उंगलियों को ठंड से बचाते हैं।,Amir,Amazon Translate
दरवाजे की घंटी आगंतुकों को प्रवेश मार्ग के बाहर संकेत देती है।,Amir,Amazon Translate
सोना असाधारण रूप से अच्छी तरह से बिजली का संचालन करता है।,Amir,Amazon Translate
एंकर पानी में नावों को एक स्थान तक सुरक्षित रखते हैं।,Amir,Amazon Translate
पिज्जा को अलग-अलग हिस्सों में परोसने से पहले काटा जाता है।,Amir,Amazon Translate
"कैंची कागज, कपड़े या स्ट्रिंग को कुशलता से काटती है।",Amir,Amazon Translate
स्नोमैन सर्दियों में लुढ़के हुए स्नोबॉल से बनाए जाते हैं।,Amir,Amazon Translate
स्प्रिंकलर लॉन या बगीचों में समान रूप से पानी वितरित करते हैं।,Amir,Amazon Translate
शतरंज में अद्वितीय गेम पीस का रणनीतिक आंदोलन शामिल है।,Amir,Amazon Translate
"कैलेंडर दिन, सप्ताह और महीनों को व्यवस्थित रूप से ट्रैक करते हैं।",Amir,Amazon Translate
स्कूल बसें बच्चों को घर और स्कूल के बीच ले जाती हैं।,Amir,Amazon Translate
मधुमक्खियां फूलों के अमृत से शहद का उत्पादन करती हैं।,Amir,Amazon Translate
कुत्ते विभिन्न भावनाओं को इंगित करने के लिए पूंछ का उपयोग करते हैं।,Amir,Amazon Translate
मशरूम नम वातावरण में उगना पसंद करते हैं।,Amir,Amazon Translate
मकड़ियाँ रेशमी जाले का उपयोग करके कीड़े पकड़ती हैं।,Amir,Amazon Translate
दुर्लभता और दिखने के कारण सोना मूल्यवान है।,Amir,Amazon Translate
आलू खाने योग्य कंद होते हैं जिन्हें भूमिगत रूप से उगाया जाता है।,Amir,Amazon Translate
पुस्तकें ज्ञान और कहानियों को लिखित रूप में संग्रहीत करती हैं।,Amir,Amazon Translate
सींग वाले जानवर शिकारियों से अपना बचाव कर सकते हैं।,Amir,Amazon Translate
ईगल्स दूर की वस्तुओं को मनुष्यों की तुलना में बहुत अधिक स्पष्ट रूप से देखते हैं।,Amir,Amazon Translate
शहरों में ऊंची इमारतों को गगनचुंबी इमारत कहा जाता है।,Amir,Amazon Translate
पुल पानी या बाधाओं से अलग भूमि को जोड़ते हैं।,Amir,Amazon Translate
आंधी के दौरान बिजली प्राकृतिक रूप से आती है।,Amir,Amazon Translate
बीन्स आहार में पौधे-आधारित प्रोटीन की आपूर्ति करते हैं।,Amir,Amazon Translate
ऊंट दुर्लभ पानी के साथ रेगिस्तानी परिस्थितियों में पनपते हैं।,Amir,Amazon Translate
अलार्म घड़ियाँ ध्वनि या कंपन संकेतों का उपयोग करके लोगों को जगाती हैं।,Amir,Amazon Translate
कुकीज़ मीठे पके हुए सामान हैं जो दुनिया भर में लोकप्रिय हैं।,Amir,Amazon Translate
चाबियाँ मैचिंग लॉक से सुरक्षित दरवाजों को अनलॉक करती हैं।,Amir,Amazon Translate
रेफ्रिजरेटर खराब होने वाले भोजन को लंबे समय तक ताजा रखते हैं।,Amir,Amazon Translate
बेल्ट कमर के चारों ओर पैंट या स्कर्ट को सुरक्षित करते हैं।,Amir,Amazon Translate
मोमबत्तियाँ मोम में बत्ती जलाकर प्रकाश उत्सर्जित करती हैं।,Amir,Amazon Translate
कैलेंडर तारीखों और प्रासंगिक वार्षिक कार्यक्रमों को ट्रैक करते हैं।,Amir,Amazon Translate
यूनिकॉर्न पौराणिक जीव हैं जिनका अस्तित्व सिद्ध नहीं हुआ है।,Amir,Amazon Translate
माउंटेन बाइक उबड़-खाबड़ ऑफ-रोड इलाकों को आसानी से संभाल लेती हैं।,Amir,Amazon Translate
मानचित्रों में अक्सर दिशा दर्शाने वाले कंपास गुलाब होते हैं।,Amir,Amazon Translate
कंप्यूटर बाइनरी कोड का उपयोग करके इलेक्ट्रॉनिक रूप से जानकारी संसाधित करते हैं।,Amir,Amazon Translate
दस्ताने हाथों को सुरक्षा और गर्मी प्रदान करते हैं।,Amir,Amazon Translate
दंत चिकित्सक स्वस्थ दांतों के लिए मौखिक स्वच्छता को बढ़ावा देते हैं।,Amir,Amazon Translate
टैबलेट पोर्टेबल इलेक्ट्रॉनिक कंप्यूटिंग डिवाइस के रूप में काम करते हैं।,Amir,Amazon Translate
ग्लास पारदर्शी है और दृश्यमान प्रकाश को पारित करने की अनुमति देता है।,Amir,Amazon Translate
हाउसप्लांट घर के अंदर की हवा की गुणवत्ता और नमी के स्तर में सुधार करते हैं।,Amir,Amazon Translate
मौसम के पूर्वानुमान आगामी वर्षा और तापमान में बदलाव की भविष्यवाणी करते हैं।,Amir,Amazon Translate
बैकपैक्स कंधों पर समान रूप से वजन वितरित करते हैं।,Amir,Amazon Translate
स्प्रिंकलर सिस्टम लॉन और बगीचों को स्वचालित रूप से सिंचित करते हैं।,Amir,Amazon Translate
ऊंची इमारतों के भीतर लिफ्ट लोगों को ऊपर और नीचे ले जाती है।,Amir,Amazon Translate
दर्पण दिखावे के सटीक प्रतिबिंब प्रदान करते हैं।,Amir,Amazon Translate
दीवार की घड़ियाँ एक नज़र में समय दिखाती हैं।,Amir,Amazon Translate
निजी परिवहन के लिए स्कूटर में दो पहिए होते हैं।,Amir,Amazon Translate
ट्यूलिप हर साल वसंत के महीनों में खिलते हैं।,Amir,Amazon Translate
भेड़ें ऊन का उत्पादन करती हैं जिसे सूत में काटा जाता है।,Amir,Amazon Translate
प्लास्टिक की बोतलों को प्राकृतिक रूप से सड़ने में सालों लग जाते हैं।,Amir,Amazon Translate
धान को खेतों में उगाया जाता है जिसे धान कहा जाता है।,Amir,Amazon Translate
खतरों का पता लगाने के लिए खरगोशों के लंबे कान होते हैं।,Amir,Amazon Translate
जेलिफ़िश में चुभने वाले तंबू होते हैं जिनका इस्तेमाल बचाव के लिए किया जाता है।,Amir,Amazon Translate
शाकाहारी जीवों को खाने से रोकने के लिए गुलाब में कांटे होते हैं।,Amir,Amazon Translate
"सेब लाल, हरे और पीले रंग की किस्मों में आते हैं।",Amir,Amazon Translate
जिराफ ऊंची पेड़ों की पत्तियों तक पहुंचने के लिए लंबी गर्दन का उपयोग करते हैं।,Amir,Amazon Translate
वेल्क्रो छोटे हुक और लूप का उपयोग करके चिपक जाता है।,Amir,Amazon Translate
इंजन पावर का उपयोग करके पटरियों के साथ-साथ ट्रेनें चलती हैं।,Amir,Amazon Translate
जंगलों की तुलना में रेगिस्तानों में बहुत कम वार्षिक वर्षा होती है।,Amir,Amazon Translate
ज्वालामुखी विस्फोट के दौरान पिघले हुए लावा और राख को बाहर निकाल देते हैं।,Amir,Amazon Translate
घर्षण या रासायनिक प्रतिक्रिया से हल्की आग से मेल खाता है।,Amir,Amazon Translate
पुस्तकें एक साथ बंधे पृष्ठों का संग्रह होती हैं।,Amir,Amazon Translate
दांत चबाने के दौरान भोजन को तोड़ने में मदद करते हैं।,Amir,Amazon Translate
"घास में मैदान, लॉन और विभिन्न परिदृश्य शामिल हैं।",Amir,Amazon Translate
कटोरे में तरल पदार्थ या ढीले ठोस खाद्य पदार्थ होते हैं।,Amir,Amazon Translate
डेंटल फ्लॉस दांतों के बीच साफ करता है जहां ब्रश नहीं पहुंच सकते।,Amir,Amazon Translate
डिटर्जेंट कपड़ों के कपड़ों से दाग हटाने में मदद करता है।,Amir,Amazon Translate
पिज्जा में बेक किया हुआ आटा होता है जिसमें टॉपिंग डाली जाती है।,Amir,Amazon Translate
हाथ का साबुन उचित धुलाई के दौरान कीटाणुओं को मारता है।,Amir,Amazon Translate
जब सतहें साफ होती हैं तो दर्पण छवियों को सटीक रूप से प्रतिबिंबित करते हैं।,Amir,Amazon Translate
कॉलोनी में जीवित रहने के कार्यों के लिए चींटियां कुशलता से समन्वय करती हैं।,Amir,Amazon Translate
ज़ेबरा अफ्रीकी सवाना के झुंडों में रहते हैं।,Amir,Amazon Translate
रेडियो विद्युत चुम्बकीय तरंगों के माध्यम से ऑडियो सिग्नल प्रसारित करते हैं।,Amir,Amazon Translate
सूटकेस यात्रा की वस्तुओं को ले जाने को और अधिक सुविधाजनक बनाते हैं।,Amir,Amazon Translate
क्रेन केबल सिस्टम का उपयोग करके भारी भार उठाते हैं।,Amir,Amazon Translate
घोड़े तेजी से आगे बढ़ते हैं और मानव सवारों का समर्थन करते हैं।,Amir,Amazon Translate
छतरियां बारिश या तेज धूप से बचाने में मदद करती हैं।,Amir,Amazon Translate
टैबलेट पोर्टेबिलिटी के लिए टचस्क्रीन और कंप्यूटिंग पावर को मिलाते हैं।,Amir,Amazon Translate
बंद जगहों को ठंडा करने के लिए पंखे हवा का संचार करते हैं।,Amir,Amazon Translate
अलार्म घड़ियाँ विशिष्ट समय पर व्यक्तियों को जगाती हैं।,Amir,Amazon Translate
पैरों से चलने वाले पैडल का उपयोग करके साइकिल सवारों को ले जाती है।,Amir,Amazon Translate
घूमने वाले ब्लेड की बदौलत हेलीकॉप्टर लंबवत उड़ते हैं।,Amir,Amazon Translate
आरामदायक स्लीप पोजीशन के लिए पिलो कुशन हेड्स।,Amir,Amazon Translate
पर्दे कमरे में प्रकाश के प्रवेश को रोकते हैं।,Amir,Amazon Translate
वैक्यूम क्लीनर फर्श से धूल और मलबे को चूसते हैं।,Amir,Amazon Translate
डोरबेल्स घर में रहने वालों को आने वाले आगंतुकों के प्रति सचेत करते हैं।,Amir,Amazon Translate
बेंच सार्वजनिक या निजी स्थानों पर बैठने की सुविधा प्रदान करते हैं।,Amir,Amazon Translate
पेंट रोल दीवारों पर समान रूप से रंग जोड़ते हैं।,Amir,Amazon Translate
शॉपिंग कार्ट दुकानों में किराने का सामान खरीदना आसान बनाते हैं।,Amir,Amazon Translate
"वॉलेट में पहचान पत्र, पैसा और रसीदें होती हैं।",Amir,Amazon Translate
नोटबुक उपयोगकर्ताओं को नोट्स लिखने और व्यवस्थित करने की अनुमति देते हैं।,Amir,Amazon Translate
हवा के संपर्क में आने से ब्रेड बासी हो जाती है।,Amir,Amazon Translate
तोते कई पर्यावरणीय ध्वनियों की नकल कर सकते हैं।,Amir,Amazon Translate
चींटियां विशिष्ट भूमिकाओं के साथ उपनिवेश बनाती हैं।,Amir,Amazon Translate
ज़ेबरा अद्वितीय काले और सफेद रंग की स्ट्रिपिंग प्रदर्शित करते हैं।,Amir,Amazon Translate
बादल छाए रहने से बारिश या तूफान का संकेत हो सकता है।,Amir,Amazon Translate
"पेंगुइन उड़ नहीं सकते, लेकिन पानी के भीतर कुशलता से तैरते हैं।",Amir,Amazon Translate
कोमोडो ड्रेगन सबसे बड़ी जीवित छिपकली हैं।,Amir,Amazon Translate
कवक मिट्टी में कार्बनिक पदार्थों को विघटित करता है।,Amir,Amazon Translate
आतिशबाजी से तेज आवाज और रंगीन प्रकाश प्रदर्शन होते हैं।,Amir,Amazon Translate
ध्रुवीय भालू आर्कटिक समुद्री बर्फ क्षेत्रों में निवास करते हैं।,Amir,Amazon Translate
साफ आसमान में सूर्यास्त अधिक चमकीला दिखाई देता है।,Amir,Amazon Translate
चाक खुरदरी सतहों पर आसानी से लिखता है।,Amir,Amazon Translate
मूंगफली फलियों के रूप में सतह के नीचे उगती है।,Amir,Amazon Translate
कॉफी बीन्स कॉफी चेरी के भुने हुए बीज होते हैं।,Amir,Amazon Translate
ब्रोकली में विटामिन और डाइटरी फाइबर की मात्रा अधिक होती है।,Amir,Amazon Translate
इलाके के प्रकारों का प्रतिनिधित्व करने के लिए मानचित्र अक्सर रंगों का उपयोग करते हैं।,Amir,Amazon Translate
प्लास्टिक प्रदूषण से समुद्री वन्यजीव पारिस्थितिकी तंत्र को खतरा है।,Amir,Amazon Translate
घास के मैदान बड़े जानवरों के चरने के झुंडों का समर्थन करते हैं।,Amir,Amazon Translate
"समुद्री जीवन में मछली, केकड़े और ऑक्टोपस जैसे जीव शामिल हैं।",Amir,Amazon Translate
ग्लेशियर सदियों से धीरे-धीरे परिदृश्य को नया रूप देते हैं।,Amir,Amazon Translate
कारें आमतौर पर आंतरिक दहन इंजन का उपयोग करके काम करती हैं।,Amir,Amazon Translate
शॉपिंग कार्ट किराने का सामान ले जाने में सहायता करते हैं।,Amir,Amazon Translate
चित्र दिखाने के लिए दर्पण प्रकाश को परावर्तित करते हैं।,Amir,Amazon Translate
वयस्क होने से पहले बछड़े युवा मवेशी होते हैं।,Amir,Amazon Translate
वॉलेट पहचान पत्र और धन को सुरक्षित रूप से संग्रहीत करते हैं।,Amir,Amazon Translate
समाचार पत्र हाल की घटनाओं और सूचनाओं को दैनिक रूप से रिपोर्ट करते हैं।,Amir,Amazon Translate
गोंद विभिन्न सामग्रियों को एक साथ मजबूती से जोड़ता है।,Amir,Amazon Translate
घोंसले अंडे और अंडे सेने को सुरक्षित रूप से आश्रय देते हैं।,Amir,Amazon Translate
जबरदस्त प्रभाव से कांच टूट जाता है।,Amir,Amazon Translate
केले ऊर्जा के लिए पोटेशियम और प्राकृतिक शर्करा प्रदान करते हैं।,Amir,Amazon Translate
प्लास्टिक के कंटेनर भोजन को सुरक्षित और सुविधाजनक तरीके से स्टोर करते हैं।,Amir,Amazon Translate
संतरे में इम्यूनिटी के लिए महत्वपूर्ण विटामिन सी होता है।,Amir,Amazon Translate
मधुमक्खियां संगठित कॉलोनियों में शहद बनाती हैं जिन्हें पित्ती कहा जाता है।,Amir,Amazon Translate
चावल गीले वातावरण में उगाया जाने वाला मुख्य भोजन है।,Amir,Amazon Translate
पैर विकसित होने से पहले मेंढक टैडपोल के रूप में शुरू होते हैं।,Amir,Amazon Translate
चाक का उपयोग अक्सर शैक्षिक लेखन उद्देश्यों के लिए किया जाता है।,Amir,Amazon Translate
रेगिस्तानों में हर साल कम वर्षा होती है और वे सूखे रहते हैं।,Amir,Amazon Translate
मानचित्र समोच्च रेखाओं का उपयोग करके ऊंचाई परिवर्तन प्रदर्शित करते हैं।,Amir,Amazon Translate
ठंडे समुद्र के पानी में सील शान से चलती हैं।,Amir,Amazon Translate
फलों को पकने के लिए टमाटर के पौधों को गर्मी और धूप की जरूरत होती है।,Amir,Amazon Translate
गोंद कागज के टुकड़ों को सतहों पर मजबूती से चिपकाता है।,Amir,Amazon Translate
शॉपिंग कार्ट बड़े किराने की दुकानों में ग्राहकों की सहायता करते हैं।,Amir,Amazon Translate
मैचिंग लॉक को ठीक से फिट करने के लिए कुंजियों को काटा जाता है।,Amir,Amazon Translate
हवाई जहाज उच्च ऊंचाई पर लंबी दूरी की यात्रा करते हैं।,Amir,Amazon Translate
सूती कपड़े नरम और अत्यधिक शोषक पदार्थ होते हैं।,Amir,Amazon Translate
उपयोगकर्ताओं को जगाने के लिए पूर्व निर्धारित समय पर अलार्म घड़ियाँ बजती हैं।,Amir,Amazon Translate
बैकपैक्स कंधों पर आराम से सामान ले जाते हैं।,Amir,Amazon Translate
अखरोट पेड़ों पर कठोर सुरक्षा कवच में उगते हैं।,Amir,Amazon Translate
कैंची ने विभिन्न कागजों और पतली लचीली सामग्रियों को काट दिया।,Amir,Amazon Translate
घोड़े अक्सर खुली जमीन पर तेजी से सरपट दौड़ते हैं।,Amir,Amazon Translate
बिस्तर सोने और रात भर आराम करने में सहायता करते हैं।,Amir,Amazon Translate
सीढ़ियां इमारतों के अंदर फर्श को लंबवत रूप से जोड़ती हैं।,Amir,Amazon Translate
मौसम को दूर रखते हुए खिड़कियां रोशनी में आती हैं।,Amir,Amazon Translate
बेल्ट कमर के चारों ओर छोरों वाले पतलून को पकड़ते हैं।,Amir,Amazon Translate
संतरे का रस पके संतरे को दबाने से आता है।,Amir,Amazon Translate
पर्दे सूरज की रोशनी को रोकते हैं और घर के अंदर गोपनीयता जोड़ते हैं।,Amir,Amazon Translate
टेलीविज़न वीडियो और ऑडियो एंटरटेनमेंट सिग्नल प्रसारित करते हैं।,Amir,Amazon Translate
वयस्क दांत बढ़ने से पहले बच्चे के दांत खो देते हैं।,Amir,Amazon Translate
कुशल जन परिवहन के लिए ट्रेनें पटरियों पर यात्रा करती हैं।,Amir,Amazon Translate
मानचित्र अज्ञात स्थानों या शहरों को आसानी से नेविगेट करने में मदद करते हैं।,Amir,Amazon Translate
अंडे में मांसपेशियों की वृद्धि के लिए आवश्यक प्रोटीन होता है।,Amir,Amazon Translate
धातु के रिक्त स्थान पर सपाट रूप से मुहर लगाकर सिक्के बनाए जाते हैं।,Amir,Amazon Translate
भेड़िये समन्वित पैक में छोटे स्तनधारियों का शिकार करते हैं।,Amir,Amazon Translate
सील जमीन और पानी दोनों पर कुशलता से चलती हैं।,Amir,Amazon Translate
भेड़ें विश्व स्तर पर वस्त्रों में बड़े पैमाने पर इस्तेमाल होने वाले ऊन का उत्पादन करती हैं।,Amir,Amazon Translate
कारों को चलाने के लिए दहन इंजन या इलेक्ट्रिक मोटर की आवश्यकता होती है।,Amir,Amazon Translate
मूंगफली प्राकृतिक रूप से बायोडिग्रेडेबल शेल के अंदर भूमिगत रूप से पकती है।,Amir,Amazon Translate
चाक डार्क स्लेट सतहों पर स्पष्ट रूप से लिखता है।,Amir,Amazon Translate
लाइकोपीन पिगमेंट मौजूद होने के कारण टमाटर लाल हो जाते हैं।,Amir,Amazon Translate
हाउसप्लांट को घर के अंदर नियमित रूप से पानी देने और अप्रत्यक्ष धूप की आवश्यकता होती है।,Amir,Amazon Translate
चावल के खेतों को धान कहा जाता है और आमतौर पर बाढ़ आ जाती है।,Amir,Amazon Translate
"ईगल्स चौड़े, शक्तिशाली पंख वाले पंखों का उपयोग करके ऊंची उड़ान भरते हैं।",Amir,Amazon Translate
पुस्तकें मुद्रित या डिजिटल पृष्ठों में जानकारी व्यवस्थित करती हैं।,Amir,Amazon Translate
कंप्यूटर बाइनरी इलेक्ट्रिकल सिग्नल के माध्यम से डेटा प्रोसेस करते हैं।,Amir,Amazon Translate
मैस्टिकेशन प्रक्रिया के दौरान दांत ठोस भोजन को तोड़ देते हैं।,Amir,Amazon Translate
"थर्मामीटर पारा, अल्कोहल या इलेक्ट्रॉनिक्स से तापमान को मापते हैं।",Amir,Amazon Translate
ऊदबिलाव खुले शैलफिश को पंजे में पकड़े चट्टानों से तोड़ते हैं।,Amir,Amazon Translate
आंधी के दौरान स्थैतिक बिजली से बिजली गिरती है।,Amir,Amazon Translate
नोटबुक नोट्स और रिमाइंडर लिखने के लिए पंक्तिबद्ध पेज प्रदान करते हैं।,Amir,Amazon Translate
पेंटब्रश सतहों पर तरल पेंट को आसानी से फैलाते हैं।,Amir,Amazon Translate
दर्पण पीछे पॉलिश की गई कांच की सतहों का उपयोग करके छवियों को प्रतिबिंबित करते हैं।,Amir,Amazon Translate
बेंच एक साथ कई लोगों के बैठने की सुविधा देते हैं।,Amir,Amazon Translate
अखरोट कठोर छिलके वाले मेवे होते हैं जो स्वस्थ वसा से भरपूर होते हैं।,Amir,Amazon Translate
वैक्यूम क्लीनर फर्श से धूल के कणों को कुशलता से हटाते हैं।,Amir,Amazon Translate
लैंप रात में पढ़ने के लिए निर्देशित प्रकाश प्रदान करते हैं।,Amir,Amazon Translate
लिफ्ट मल्टी-स्टोरी बिल्डिंग स्तरों के बीच रहने वालों को आसानी से उठाते हैं।,Amir,Amazon Translate
एयर कंडीशनर गर्म ग्रीष्मकाल के दौरान घर के अंदर के तापमान को नियंत्रित करते हैं।,Amir,Amazon Translate
कीबोर्ड लिखित अक्षरों को कंप्यूटिंग उपकरणों में सटीक रूप से इनपुट करते हैं।,Amir,Amazon Translate
घड़ियाँ दिन और रात के चक्रों में लगातार समय रखती हैं।,Amir,Amazon Translate
फावड़े बागवानी या लैंडस्केपिंग परियोजनाओं के लिए प्रभावी ढंग से मिट्टी खोदते हैं।,Amir,Amazon Translate
हेलमेट साइकिल चलाने या मोटरसाइकिलिंग गतिविधियों के दौरान सिर की चोटों को कम करता है।,Amir,Amazon Translate
धोने के दौरान हटाने के लिए साबुन तेल के अणुओं को तोड़ता है।,Amir,Amazon Translate
अंडे में प्रोटीन और अन्य पोषक तत्व होते हैं जो विकास के लिए महत्वपूर्ण होते हैं।,Amir,Amazon Translate
पनीर का उत्पादन दूध के प्रोटीन को दही में मिलाकर किया जाता है।,Amir,Amazon Translate
प्लास्टिक को बाहर प्राकृतिक रूप से विघटित होने में सदियों लगते हैं।,Amir,Amazon Translate
रेफ्रिजरेटर कम तापमान बनाए रखते हुए खराब होने वाली वस्तुओं को ताजा रखते हैं।,Amir,Amazon Translate
ब्रेड उगता है क्योंकि खमीर कार्बन डाइऑक्साइड छोड़ता है।,Amir,Amazon Translate
चाक का उपयोग अक्सर बोर्डों पर चित्र बनाने के लिए किया जाता है।,Amir,Amazon Translate
कायापलट के बाद क्रिसलिस से तितलियाँ निकलती हैं।,Amir,Amazon Translate
रेनकोट पहनने वालों को बारिश में भीगने से बचाते हैं।,Amir,Amazon Translate
आणविक संरचना के कारण बर्फ पानी में तैरती है।,Amir,Amazon Translate
विद्युत आवेश के असंतुलन से आंधी के दौरान बिजली गिरती है।,Amir,Amazon Translate
सिक्के देश की मुद्रा मूल्यों का उपयोग करके छोटी खरीदारी के लिए काम करते हैं।,Amir,Amazon Translate
चाबियाँ दरवाजे खोलती हैं जो सटीक रूप से कटे हुए खांचे से मेल खाते हैं।,Amir,Amazon Translate
"वॉलेट में नकदी, सिक्के और कार्ड सुरक्षित रूप से रखे जाते हैं।",Amir,Amazon Translate
नियमित सोने की दिनचर्या के लिए बिस्तर आराम और सहायता प्रदान करते हैं।,Amir,Amazon Translate
शॉपिंग कार्ट दुकानों के अंदर किराने का सामान इकट्ठा करने की अनुमति देते हैं।,Amir,Amazon Translate
"टैबलेट उपयोगकर्ताओं को डिजिटल रूप से ब्राउज़ करने, पढ़ने और टाइप करने की सुविधा देते हैं।",Amir,Amazon Translate
घड़ियाँ पूरे दिन और रात में सटीक समय प्रदर्शित करती हैं।,Amir,Amazon Translate
"कैलेंडर महीनों, सप्ताहों, छुट्टियों और नियुक्तियों को स्पष्ट रूप से व्यवस्थित करते हैं।",Amir,Amazon Translate
बैकपैक्स कंधे की पट्टियों के साथ सामान ले जाना आसान बनाते हैं।,Amir,Amazon Translate
मनोरंजन खेलने के लिए झूले आगे-पीछे चलते हैं।,Amir,Amazon Translate
स्लीपरों को मज़बूती से जगाने के लिए अलार्म घड़ियाँ ज़ोर से बजती हैं।,Amir,Amazon Translate
समशीतोष्ण जलवायु में पर्णपाती पेड़ों पर सेब उगते हैं।,Amir,Amazon Translate
नमक स्वाद को बढ़ाता है और इसका उपयोग संरक्षण के लिए किया जाता है।,Amir,Amazon Translate
खरगोश हरी वनस्पति खाते हैं और उनके कान लंबे होते हैं।,Amir,Amazon Translate
"चींटी कॉलोनियों में श्रमिक, सैनिक और रानियां शामिल हैं।",Amir,Amazon Translate
मूंगफली सुरक्षात्मक शैलों के अंदर जमीन के नीचे विकसित होती है।,Amir,Amazon Translate
पुस्तकें संचित जानकारी को लिखित रिकॉर्ड में व्यवस्थित करती हैं।,Amir,Amazon Translate
"टमाटर के फल किस्म के आधार पर लाल, पीले या गुलाबी रंग में पकते हैं।",Amir,Amazon Translate
मधु मक्खियाँ वैगल नृत्य के माध्यम से संवाद करती हैं।,Amir,Amazon Translate
साबुन हाथों से गंदगी और तेल को कुशलता से खत्म करने में मदद करता है।,Amir,Amazon Translate
कंप्यूटर या डिजिटल डिवाइस के लिए कीबोर्ड इनपुट कैरेक्टर।,Amir,Amazon Translate
"कैंची कागज, कपड़े या पतली चादरों को सटीक रूप से काटती है।",Amir,Amazon Translate
"कैलेंडर पेज समय को दिनों, सप्ताहों और महीनों में विभाजित करते हैं।",Amir,Amazon Translate
"पेंटब्रश लकड़ी, दीवारों या कैनवास पर एक समान फिनिश फैलाते हैं।",Amir,Amazon Translate
फ़िल्में अनुक्रमिक चलती छवियों का उपयोग करके कहानियां प्रस्तुत करती हैं।,Amir,Amazon Translate
गोंद सूखने पर सामग्री को जल्दी और स्थायी रूप से बांधता है।,Amir,Amazon Translate
गर्म हवा के गुब्बारे उठते हैं क्योंकि गर्म हवा ठंड की तुलना में कम घनी होती है।,Amir,Amazon Translate
व्यक्तिगत ग्रूमिंग के लिए दर्पण स्पष्ट रूप से दृश्यमान प्रकाश को दर्शाते हैं।,Amir,Amazon Translate
"वॉलेट पैसे, कार्ड और महत्वपूर्ण कागजात को व्यवस्थित रखते हैं।",Amir,Amazon Translate
पेट में आसानी से पाचन के लिए दांत भोजन चबाते हैं।,Amir,Amazon Translate
कुत्ते उत्तेजना या सतर्क खतरे को संप्रेषित करने के लिए भौंकते हैं।,Amir,Amazon Translate
केले मांसपेशियों के कार्य के लिए आवश्यक पोटेशियम प्रदान करते हैं।,Amir,Amazon Translate
चींटी कॉलोनियां अलग-अलग सामाजिक जातियों के साथ संगठित होती हैं।,Amir,Amazon Translate
ट्रेनें दूर के गंतव्यों के बीच पटरियों के साथ यात्रा करती हैं।,Amir,Amazon Translate
गायें लाखों लोगों द्वारा खपत किए जाने वाले दूध की आपूर्ति करती हैं।,Amir,Amazon Translate
जेलिफ़िश समुद्र की धाराओं का उपयोग करके निष्क्रिय रूप से चलती है।,Amir,Amazon Translate
स्ट्रॉबेरी सफेद होने लगती है और पकने पर चमकदार लाल हो जाती है।,Amir,Amazon Translate
"सेब विश्व स्तर पर ठंडी, समशीतोष्ण जलवायु में सबसे अच्छे होते हैं।",Amir,Amazon Translate
डार्क राइटिंग बोर्ड को चिह्नित करने के लिए चॉक अच्छा काम करता है।,Amir,Amazon Translate
कंगारू युवा खुशियों को पेट के पाउच के अंदर ले जाते हैं।,Amir,Amazon Translate
वायुमंडलीय ऑक्सीजन को सांस लेने के लिए व्हेल नियमित रूप से सतह पर आते हैं।,Amir,Amazon Translate
ईगल्स असाधारण दृष्टि क्षमताओं का उपयोग करके शिकार करते हैं।,Amir,Amazon Translate
हैमर टूल्स कीलों को लकड़ी में सुरक्षित रूप से चलाते हैं।,Amir,Amazon Translate
खुले शेलफिश भोजन को तोड़ने के लिए ऊदबिलाव पत्थरों का उपयोग करते हैं।,Amir,Amazon Translate
पौधों के इष्टतम विकास के लिए चावल के खेतों में पानी भर जाता है।,Amir,Amazon Translate
बैकपैक्स लोगों को आराम से हाथों से सामान ले जाने की सुविधा देते हैं।,Amir,Amazon Translate
स्प्रिंकलर सिस्टम निर्धारित अंतराल के दौरान लॉन को स्वचालित रूप से पानी देते हैं।,Amir,Amazon Translate
"बिजली घरों, कार्यालयों और सड़कों को रोशन करती है।",Amir,Amazon Translate
गाय मांस और दूध दोनों उत्पादों की आपूर्ति करती हैं।,Amir,Amazon Translate
चाक बोर्ड को चिह्नित करता है और इसे मिटाना आसान है।,Amir,Amazon Translate
पांडा लगभग विशेष रूप से प्रतिदिन बाँस का सेवन करते हैं।,Amir,Amazon Translate
जेलिफ़िश स्वतंत्र रूप से तैरती है और रक्षा के लिए डंक मारती है।,Amir,Amazon Translate
ब्रेड उगता है क्योंकि खमीर गैस के बुलबुले बनाता है।,Amir,Amazon Translate
वसंत में फूलों वाले पेड़ों पर सेब उगते हैं।,Amir,Amazon Translate
"पनीर गाय, बकरी या भेड़ के दूध को किण्वित करने से उत्पन्न होता है।",Amir,Amazon Translate
ध्रुवीय भालू केवल आर्कटिक आवासों में रहते हैं।,Amir,Amazon Translate
डॉल्फ़िन पानी के नीचे नेविगेशन के लिए सोनार क्लिक का उपयोग करती हैं।,Amir,Amazon Translate
मूंगफली जमीन के ऊपर की बजाय मिट्टी के अंदर पकती है।,Amir,Amazon Translate
कुर्सियां लोगों को घर के अंदर बैठने की सुविधा प्रदान करती हैं।,Amir,Amazon Translate
किताबों में कागज के पन्नों पर छपे तथ्य और कहानियां होती हैं।,Amir,Amazon Translate
दरवाजे के माध्यम से प्रवेश की अनुमति देने के लिए चाबियाँ ताले फिट करती हैं।,Amir,Amazon Translate
बेंच सीटें कई लोगों को बाहर आराम करने की अनुमति देती हैं।,Amir,Amazon Translate
अखरोट सख्त छिलकों और भूसी से ढके मेवे होते हैं।,Amir,Amazon Translate
सूप को आमतौर पर कटोरे में गर्मागर्म परोसा जाता है।,Amir,Amazon Translate
बिस्तर इंसानों को हर रात आराम से सोने में मदद करते हैं।,Amir,Amazon Translate
टीके विभिन्न संक्रामक रोगों से बचाते हैं।,Amir,Amazon Translate
सूटकेस कपड़ों को स्टोर करते हैं जबकि लोग घर से दूर जाते हैं।,Amir,Amazon Translate
स्टेपलर धातु के स्टेपल का उपयोग करके ढीली पेपर शीट संलग्न करते हैं।,Amir,Amazon Translate
ऊदबिलाव पानी के नीचे पाई जाने वाली चट्टानों का उपयोग करके शेलफिश खोलते हैं।,Amir,Amazon Translate
फ्लैशलाइट बैटरी का उपयोग करके अंधेरे स्थानों को रोशन करती हैं।,Amir,Amazon Translate
बेंच सार्वजनिक आउटडोर रेस्टिंग फर्नीचर के रूप में काम करते हैं।,Amir,Amazon Translate
हेलमेट साइकिल चलाने और इसी तरह की गतिविधियों के दौरान सिर की रक्षा करते हैं।,Amir,Amazon Translate
वैक्यूम धूल और मलबे को साफ करने के लिए सक्शन फोर्स का उपयोग करते हैं।,Amir,Amazon Translate
शेक्सपियर ने कई प्रसिद्ध नाटक लिखे।,Amir,Amazon Translate
मोना लिसा लौवर संग्रहालय में लटकी हुई है।,Amir,Amazon Translate
लियोनार्डो दा विंची ने द लास्ट सपर को चित्रित किया।,Amir,Amazon Translate
फ्रिडा काहलो एक मैक्सिकन चित्रकार थीं।,Amir,Amazon Translate
एथेंस ने पहले आधुनिक ओलंपिक की मेजबानी की।,Amir,Amazon Translate
दौड़ने से हृदय स्वास्थ्य बढ़ता है।,Amir,Amazon Translate
रैप संगीत की उत्पत्ति संयुक्त राज्य अमेरिका में हुई थी।,Amir,Amazon Translate
वेनिस अपनी नहरों के लिए जाना जाता है।,Amir,Amazon Translate
विटामिन सी इम्यून फंक्शन को बढ़ाता है।,Amir,Amazon Translate
मिस्र में प्राचीन पिरामिड पाए जाते हैं।,Amir,Amazon Translate
जापान में चार मुख्य द्वीप हैं।,Amir,Amazon Translate
पानी पीने से डिहाइड्रेशन से बचाव होता है।,Amir,Amazon Translate
पुनर्जागरण काल इटली में शुरू हुआ।,Amir,Amazon Translate
सॉकर दुनिया भर में लोकप्रिय है।,Amir,Amazon Translate
ऑस्ट्रेलिया में कंगारू जैसे अनोखे मार्सुपियल्स हैं।,Amir,Amazon Translate
खांसी वायुमार्ग से जलन पैदा करती है।,Amir,Amazon Translate
प्रभाववाद ने बदल दिया कि कलाकारों ने प्रकाश का उपयोग कैसे किया।,Amir,Amazon Translate
कनाडा संयुक्त राज्य अमेरिका के साथ एक सीमा साझा करता है।,Amir,Amazon Translate
धूम्रपान फेफड़ों के ऊतकों को नुकसान पहुंचाता है।,Amir,Amazon Translate
अलेक्जेंडर ग्राहम बेल ने टेलीफोन का आविष्कार किया।,Amir,Amazon Translate
अमेज़ॅन रेनफ़ॉरेस्ट नौ देशों में फैला है।,Amir,Amazon Translate
हाइकु जापानी कविता का एक रूप है।,Amir,Amazon Translate
नियाग्रा फॉल्स अमेरिका-कनाडा सीमा पर स्थित है।,Amir,Amazon Translate
मूर्तिकला में पत्थर या धातु जैसी आकार देने वाली सामग्री शामिल होती है।,Amir,Amazon Translate
अफ्रीका में पचास से अधिक देश हैं।,Amir,Amazon Translate
लंदन का बिग बेन एक प्रसिद्ध क्लॉक टॉवर है।,Amir,Amazon Translate
व्यायाम करने से मांसपेशियां और हड्डियां मजबूत होती हैं।,Amir,Amazon Translate
अस्थमा सांस लेने की क्षमता को प्रभावित करता है।,Amir,Amazon Translate
शास्त्रीय संगीत अक्सर ऑर्केस्ट्रा का उपयोग करता है।,Amir,Amazon Translate
रोम कोलोसियम का घर है।,Amir,Amazon Translate
कॉमिक किताबें चित्रों और शब्दों का उपयोग करके कहानियाँ सुनाती हैं।,Amir,Amazon Translate
आइसलैंड भूतापीय गतिविधि के लिए जाना जाता है।,Amir,Amazon Translate
उप-सहारा अफ्रीका में विविध संस्कृतियां और भाषाएं शामिल हैं।,Amir,Amazon Translate
"बैले सटीक, औपचारिक आंदोलनों का उपयोग करता है।",Amir,Amazon Translate
अब्राहम लिंकन ने अमेरिका में गुलामी को समाप्त कर दिया।,Amir,Amazon Translate
बास्केटबॉल के लिए ड्रिब्लिंग और शूटिंग कौशल की आवश्यकता होती है।,Amir,Amazon Translate
ग्रीस में हजारों द्वीप हैं।,Amir,Amazon Translate
धूम्रपान छोड़ने से कैंसर का खतरा कम होता है।,Amir,Amazon Translate
फ्लोराइड दांतों को स्वस्थ रखने में मदद करता है।,Amir,Amazon Translate
ताजमहल भारत में है।,Amir,Amazon Translate
एनीमिया कम लाल रक्त कोशिकाओं के कारण होता है।,Amir,Amazon Translate
सुलेख सजावटी हस्तलेखन शैली है।,Amir,Amazon Translate
केन्या वन्यजीव सफारी के लिए प्रसिद्ध है।,Amir,Amazon Translate
"फिल्म निर्माण में पटकथा लेखन, अभिनय और संपादन का संयोजन होता है।",Amir,Amazon Translate
ब्राज़ील सबसे बड़े कार्निवल उत्सव का आयोजन करता है।,Amir,Amazon Translate
पुश-अप्स से शरीर के ऊपरी हिस्से की ताकत बढ़ती है।,Amir,Amazon Translate
तांबे और टिन को मिलाकर कांसा बनाया जाता है।,Amir,Amazon Translate
जैज़ की उत्पत्ति न्यू ऑरलियन्स में हुई थी।,Amir,Amazon Translate
नेपाल चीन और भारत के बीच में स्थित है।,Amir,Amazon Translate
स्ट्रोक मस्तिष्क के रक्त प्रवाह को बाधित करता है।,Amir,Amazon Translate
ओपेरा गायन और थिएटर प्रदर्शन को जोड़ती है।,Amir,Amazon Translate
दक्षिण अमेरिका में वर्षावन और ऊंचे पहाड़ हैं।,Amir,Amazon Translate
माचू पिचू पेरू का एक प्राचीन स्थल है।,Amir,Amazon Translate
तैराकी उत्कृष्ट एरोबिक व्यायाम है।,Amir,Amazon Translate
जुकाम वायरस के कारण होता है।,Amir,Amazon Translate
स्पेन फ्लैमेंको डांसिंग के लिए जाना जाता है।,Amir,Amazon Translate
मैरी क्यूरी ने रेडियोधर्मी तत्वों की खोज की।,Amir,Amazon Translate
हाइकिंग से कैलोरी बर्न होती है और पैर की मांसपेशियों को टोन किया जाता है।,Amir,Amazon Translate
जीवाश्म प्रागैतिहासिक जीवन का प्रमाण देते हैं।,Amir,Amazon Translate
कैरेबियाई द्वीप समुद्र तटों के लिए पर्यटकों को आकर्षित करते हैं।,Amir,Amazon Translate
ध्यान से तनाव के स्तर को कम किया जा सकता है।,Amir,Amazon Translate
सामंती जापान में समुराई योद्धा थे।,Amir,Amazon Translate
इंडोनेशिया में हजारों द्वीप हैं।,Amir,Amazon Translate
ब्लड प्रेशर की नियमित निगरानी करनी चाहिए।,Amir,Amazon Translate
क्यूबिज्म एक अमूर्त कला आंदोलन है।,Amir,Amazon Translate
न्यूयॉर्क शहर में पाँच नगर हैं।,Amir,Amazon Translate
वेट लिफ्टिंग से मांसपेशियों की ताकत बढ़ती है।,Amir,Amazon Translate
मलेरिया मच्छर के काटने से फैलता है।,Amir,Amazon Translate
फ़ारसी कालीन हाथ से बुनी हुई कलाकृतियाँ हैं।,Amir,Amazon Translate
अमेरिका में अलास्का की सबसे लंबी तटरेखा है,Amir,Amazon Translate
स्वस्थ नींद से याददाश्त और मनोदशा में सुधार होता है।,Amir,Amazon Translate
मध्यकालीन महल रक्षात्मक संरचनाएं थीं।,Amir,Amazon Translate
बौद्ध धर्म भारत से एशिया तक फैला।,Amir,Amazon Translate
सेंट पीटर की बेसिलिका वेटिकन सिटी में स्थित है।,Amir,Amazon Translate
टाइफून पूर्वी एशियाई समुद्र तटों से अक्सर टकराते हैं।,Amir,Amazon Translate
सब्जियां आहार फाइबर की आपूर्ति करती हैं।,Amir,Amazon Translate
स्मिथसोनियन इंस्टीट्यूशन अमेरिकी इतिहास को बरकरार रखता है।,Amir,Amazon Translate
नॉर्वे में तटीय क्षेत्रों के किनारे फजॉर्ड्स हैं।,Amir,Amazon Translate
टैंगो नृत्य की उत्पत्ति अर्जेंटीना में हुई थी।,Amir,Amazon Translate
1989 में बर्लिन की दीवार गिर गई।,Amir,Amazon Translate
ओरिगामी जापान की पारंपरिक पेपर फोल्डिंग आर्ट है।,Amir,Amazon Translate
थाईलैंड में तैरते बाजार हैं।,Amir,Amazon Translate
द्वितीय विश्व युद्ध 1945 में समाप्त हुआ।,Amir,Amazon Translate
ज्यादा चीनी का सेवन करने से मोटापा बढ़ता है।,Amir,Amazon Translate
फ्रांस शराब उत्पादन के लिए प्रसिद्ध है।,Amir,Amazon Translate
तस्वीरें वास्तविक जीवन के क्षणों को स्थायी रूप से कैप्चर करती हैं।,Amir,Amazon Translate
यरुशलम कई धर्मों के लिए महत्वपूर्ण है।,Amir,Amazon Translate
तुर्की यूरोप और एशिया को पुल करता है।,Amir,Amazon Translate
माया सभ्यता ने पिरामिड मंदिरों का निर्माण किया।,Amir,Amazon Translate
योग से मन और शरीर दोनों को फायदा होता है।,Amir,Amazon Translate
बैरोक संगीत अत्यधिक अलंकृत है।,Amir,Amazon Translate
टेस्ला ने बारी-बारी से चालू तकनीक विकसित की।,Amir,Amazon Translate
"ब्रिक्स देशों में ब्राजील, रूस, भारत, चीन, दक्षिण अफ्रीका हैं।",Amir,Amazon Translate
तीर्थयात्री प्लायमाउथ रॉक पर उतरे।,Amir,Amazon Translate
साइबेरिया विशाल उत्तरी रूसी क्षेत्र को कवर करता है।,Amir,Amazon Translate
रॉक क्लाइम्बिंग से ग्रिप स्ट्रेंथ बढ़ती है।,Amir,Amazon Translate
क्लियोपेट्रा ने प्राचीन मिस्र पर शासन किया।,Amir,Amazon Translate
पूर्वाग्रह सामाजिक शोध परिणामों को प्रभावित करता है।,Amir,Amazon Translate
कन्फ्यूशीवाद ने चीनी दर्शन को प्रभावित किया।,Amir,Amazon Translate
सौर ऊर्जा कुछ घरों को शक्ति प्रदान करती है।,Amir,Amazon Translate
भारत प्रतिवर्ष दिवाली मनाता है।,Amir,Amazon Translate
जीका वायरस जन्म दोषों का कारण बन सकता है।,Amir,Amazon Translate
पारंपरिक चीनी दवा जड़ी-बूटियों का उपयोग करती है।,Amir,Amazon Translate
माइकल एंजेलो ने पुनर्जागरण के दौरान डेविड को तराशा।,Amir,Amazon Translate
मिसिसिपी नदी अमेरिका को पूर्व से पश्चिम में विभाजित करती है।,Amir,Amazon Translate
शहरी समुदायों में हिप-हॉप संस्कृति का उदय हुआ।,Amir,Amazon Translate
सीढ़ियां चढ़ना वजन बढ़ाने वाला व्यायाम है।,Amir,Amazon Translate
नेपच्यून सूर्य से आठवां ग्रह है।,Amir,Amazon Translate
जूडो थ्रो और होल्ड पर जोर देता है।,Amir,Amazon Translate
वॉल्ट डिज़्नी ने एनीमेशन में क्रांति ला दी।,Amir,Amazon Translate
"सिंगापुर में मलय, चीनी और भारतीय विरासत का मिश्रण है।",Amir,Amazon Translate
प्लेटो ने अरस्तू को प्राचीन ग्रीस में पढ़ाया था।,Amir,Amazon Translate
इजरायली किबुत्ज़िम सांप्रदायिक जीवन जीने का अभ्यास करते हैं।,Amir,Amazon Translate
वनों की कटाई से जैव विविधता को खतरा है।,Amir,Amazon Translate
स्टोनहेंज प्रागैतिहासिक ब्रिटेन का है।,Amir,Amazon Translate
चिली दक्षिण अमेरिका के पश्चिमी तट पर फैला है।,Amir,Amazon Translate
रक्त परीक्षण अंग के कार्य की जाँच करते हैं।,Amir,Amazon Translate
ताइको ड्रमिंग एक ऊर्जावान जापानी मंच प्रदर्शन है।,Amir,Amazon Translate
अमीश संस्कृति सरल जीवन जीने का अभ्यास करती है।,Amir,Amazon Translate
एफिल टॉवर पेरिस का प्रतीक है।,Amir,Amazon Translate
पिज़्ज़ा की उत्पत्ति इटली में हुई थी।,Amir,Amazon Translate
नील नदी मिस्र से होकर बहती है।,Amir,Amazon Translate
दैनिक हाइड्रेशन किडनी के स्वास्थ्य को बनाए रखता है।,Amir,Amazon Translate
प्रथम विश्व युद्ध 1914 में शुरू हुआ।,Amir,Amazon Translate
चित्रकारी रचनात्मक अभिव्यक्ति का एक रूप है।,Amir,Amazon Translate
टोक्यो जापान की राजधानी है।,Amir,Amazon Translate
साइकिल चलाने से हृदय की सहनशक्ति में सुधार होता है।,Amir,Amazon Translate
जूलियस सीज़र की रोम में हत्या कर दी गई थी।,Amir,Amazon Translate
खेती कई समाजों के लिए भोजन की आपूर्ति करती है।,Amir,Amazon Translate
भावनाएँ व्यक्तिगत निर्णय लेने को प्रभावित करती हैं।,Amir,Amazon Translate
नैतिकता नैतिक निर्णय और व्यवहार का मार्गदर्शन करती है।,Amir,Amazon Translate
कैथोलिक धर्म में बपतिस्मा जैसे संस्कार होते हैं।,Amir,Amazon Translate
लोकतंत्र में कानूनों या नेताओं पर मतदान करने वाले नागरिक शामिल होते हैं।,Amir,Amazon Translate
स्मार्टफ़ोन सिग्नल के साथ कहीं से भी जानकारी एक्सेस करते हैं।,Amir,Amazon Translate
कैंसर कोशिकाएं शरीर के अंदर अनियंत्रित रूप से बढ़ती हैं।,Amir,Amazon Translate
मध्यकालीन यूरोप में महल और शूरवीर देखे गए।,Amir,Amazon Translate
राष्ट्रीय उद्यानों में हाइकिंग ट्रेल्स पाए जा सकते हैं।,Amir,Amazon Translate
कनाडा मेपल सिरप के लिए प्रसिद्ध है।,Amir,Amazon Translate
प्राचीन मिस्रियों द्वारा हाइरोग्लिफिक्स का उपयोग किया जाता था।,Amir,Amazon Translate
बैले डांसर डांस करने के लिए पॉइंट शूज़ पहनते हैं।,Amir,Amazon Translate
ऑस्ट्रेलिया प्रशांत और हिंद महासागरों से घिरा हुआ है।,Amir,Amazon Translate
प्रोटीन वर्कआउट के बाद मांसपेशियों को ठीक करने में मदद करता है।,Amir,Amazon Translate
नेपोलियन बोनापार्ट ने 1800 के दशक की शुरुआत में फ्रांस पर शासन किया।,Amir,Amazon Translate
खाना पकाने में गर्मी का उपयोग करके कच्ची सामग्री को मिलाना शामिल है।,Amir,Amazon Translate
अभाज्य संख्याओं के केवल दो कारक होते हैं।,Amir,Amazon Translate
परमाणु मिलकर अणु बनाते हैं।,Amir,Amazon Translate
आत्मसम्मान मानसिक कल्याण को प्रभावित करता है।,Amir,Amazon Translate
तर्क जटिल समस्याओं को तर्कसंगत रूप से हल करने में मदद करता है।,Amir,Amazon Translate
इस्लाम में फाइव पिलर्स नामक प्रथाएं शामिल हैं।,Amir,Amazon Translate
अर्थशास्त्र संसाधनों के उत्पादन और वितरण का अध्ययन करता है।,Amir,Amazon Translate
3D प्रिंटर डिजिटल डिज़ाइन से भौतिक मॉडल बनाते हैं।,Amir,Amazon Translate
पक्षियों का प्रवास वैश्विक स्तर पर मौसमी पैटर्न का अनुसरण करता है।,Amir,Amazon Translate
ओरिगामी कागज को सजावटी आकृतियों में बदल देता है।,Amir,Amazon Translate
माचू पिचू का निर्माण इंकास ने किया था।,Amir,Amazon Translate
चीन ने सदियों पहले गनपाउडर का आविष्कार किया था।,Amir,Amazon Translate
खरीदारी स्थानीय अर्थव्यवस्थाओं को बढ़ावा देती है।,Amir,Amazon Translate
गुणन को दोहराया जाता है।,Amir,Amazon Translate
सिगमंड फ्रायड ने मनोविश्लेषण विकसित किया।,Amir,Amazon Translate
उपयोगितावाद का लक्ष्य समग्र रूप से अधिकतम सुख प्राप्त करना है।,Amir,Amazon Translate
हिंदू धर्म में कर्म और पुनर्जन्म की अवधारणाएं शामिल हैं।,Amir,Amazon Translate
सामाजिक मानदंड समूह के व्यवहार को आकार देते हैं।,Amir,Amazon Translate
आर्टिफिशियल इंटेलिजेंस कुछ मानवीय विचार प्रक्रियाओं की नकल करता है।,Amir,Amazon Translate
टखने चलने और दौड़ने की गति को सहारा देते हैं।,Amir,Amazon Translate
बर्लिन एक प्रमुख अंतरराष्ट्रीय फिल्म समारोह की मेजबानी करता है।,Amir,Amazon Translate
अमेज़ॅन जंगल लाखों वर्ग किलोमीटर में फैला है।,Amir,Amazon Translate
देश के झंडे राष्ट्रीय पहचान का प्रतिनिधित्व करते हैं।,Amir,Amazon Translate
दांतों को ब्रश करने से कैविटी और मसूड़ों की बीमारी से बचाव होता है।,Amir,Amazon Translate
अपोलो 11 ने इंसानों को चांद पर उतारा।,Amir,Amazon Translate
इतालवी पुनर्जागरण ने प्रसिद्ध कलाकारों और विचारकों का निर्माण किया।,Amir,Amazon Translate
मिस्र के पिरामिड फिरौन के लिए कब्रों के रूप में काम करते हैं।,Amir,Amazon Translate
मछली पकड़ने से भोजन और मनोरंजन मिलता है।,Amir,Amazon Translate
"संख्याएं प्राकृतिक, संपूर्ण, पूर्णांक या तर्कसंगत हो सकती हैं।",Amir,Amazon Translate
"एंटीबायोटिक्स बैक्टीरिया के संक्रमण का इलाज करते हैं, वायरस का नहीं।",Amir,Amazon Translate
मानसिक स्वास्थ्य दैनिक जीवन की गतिविधियों को प्रभावित करता है।,Amir,Amazon Translate
द्वैतवाद अस्तित्व को मन और पदार्थ में विभाजित करता है।,Amir,Amazon Translate
आपराधिक न्याय प्रणाली कानूनी कोड लागू करती है।,Amir,Amazon Translate
सैटेलाइट अंतरराष्ट्रीय स्तर पर टेलीविजन प्रसारण प्रसारित करते हैं।,Amir,Amazon Translate
टीकाकरण आम संक्रामक रोगों को रोकता है।,Amir,Amazon Translate
जिराफ मुख्य रूप से अफ्रीकी सवाना में रहते हैं।,Amir,Amazon Translate
सिम्फनी को पूर्ण रचनाएँ करने के लिए ऑर्केस्ट्रा की आवश्यकता होती है।,Amir,Amazon Translate
मार्शल आर्ट्स से आत्मरक्षा के कौशल विकसित होते हैं।,Amir,Amazon Translate
ग्रेट वॉल उत्तरी चीन के ऊपर फैली हुई है।,Amir,Amazon Translate
ग्लूटेन मुक्त खाद्य पदार्थ सीलिएक रोग से पीड़ित लोगों की मदद करते हैं।,Amir,Amazon Translate
फ्रांसीसी क्रांति ने राजशाही शासन को समाप्त कर दिया।,Amir,Amazon Translate
नृत्य शारीरिक गतिविधियों के माध्यम से भावनाओं को व्यक्त करता है।,Amir,Amazon Translate
आकाशगंगाओं में अरबों तारे होते हैं।,Amir,Amazon Translate
बॉडी लैंग्वेज अनकही भावनाओं को व्यक्त करती है।,Amir,Amazon Translate
तर्कसंगत सोच तार्किक रूप से साक्ष्य का मूल्यांकन करती है।,Amir,Amazon Translate
बौद्ध अभ्यास के माध्यम से आत्मज्ञान की तलाश करते हैं।,Amir,Amazon Translate
मतदान से नागरिकों को राजनीतिक प्रतिनिधित्व मिलता है।,Amir,Amazon Translate
क्लाउड कंप्यूटिंग बाहरी सर्वर पर फ़ाइलों को संग्रहीत करता है।,Amir,Amazon Translate
धर्मयुद्ध में मध्ययुगीन काल में धार्मिक युद्ध शामिल थे।,Amir,Amazon Translate
कैम्पिंग में अस्थायी रूप से बाहर सोना शामिल है।,Amir,Amazon Translate
समीकरण चर अज्ञात मानों के लिए होते हैं।,Amir,Amazon Translate
ग्रहों की कक्षाएँ सूर्य के चारों ओर अण्डाकार पथों का अनुसरण करती हैं।,Amir,Amazon Translate
स्वेज नहर भूमध्य सागर और लाल सागर को जोड़ती है।,Amir,Amazon Translate
Amazon River दुनिया भर की अधिकांश नदियों की तुलना में लंबी है।,Amir,Amazon Translate
शतरंज आठ-बाई-आठ ग्रिड पर खेला जाता है।,Amir,Amazon Translate
ब्रीदिंग एक्सरसाइज से शरीर शांत होता है।,Amir,Amazon Translate
वाइकिंग्स लकड़ी की नावों में महासागरों को पार करते थे।,Amir,Amazon Translate
फैशन के रुझान सांस्कृतिक बदलावों के साथ विकसित होते हैं।,Amir,Amazon Translate
"ज्यामिति आकृतियों, कोणों और सतहों का अध्ययन करती है।",Amir,Amazon Translate
भौतिकी बताती है कि ऊर्जा पदार्थ के साथ कैसे संपर्क करती है।,Amir,Amazon Translate
किशोरावस्था वयस्कता में संक्रमण का प्रतीक है।,Amir,Amazon Translate
सहानुभूति दूसरों के दृष्टिकोण को समझने में सक्षम बनाती है।,Amir,Amazon Translate
अज्ञेयवाद देवताओं के बारे में ज्ञान की निश्चितता पर सवाल उठाता है।,Amir,Amazon Translate
माउंट फ़ूजी जापान का सबसे ऊँचा पर्वत है।,Amir,Amazon Translate
"हिप हॉप की उत्पत्ति ब्रोंक्स, न्यूयॉर्क में हुई थी।",Amir,Amazon Translate
सहारा रेगिस्तान उत्तरी अफ्रीका के अधिकांश हिस्से को कवर करता है।,Amir,Amazon Translate
476 ईस्वी में रोमन साम्राज्य का पतन हुआ।,Amir,Amazon Translate
शॉपिंग मॉल एक ही छत के नीचे कई स्टोर उपलब्ध कराते हैं।,Amir,Amazon Translate
पाई व्यास से विभाजित वृत्त की परिधि का प्रतिनिधित्व करता है।,Amir,Amazon Translate
अंतर्मुखी एकांत से ऊर्जा प्राप्त करते हैं।,Amir,Amazon Translate
आलोचनात्मक सोच मान्यताओं और प्रमाणों पर सवाल उठाती है।,Amir,Amazon Translate
हिंदू त्यौहार देवताओं और मौसमी कार्यक्रमों को मनाते हैं।,Amir,Amazon Translate
सामाजिक वर्ग लोगों को स्थिति के आधार पर व्यवस्थित करते हैं।,Amir,Amazon Translate
इलेक्ट्रिक कारें गैसोलीन इंजन के बजाय बैटरी का उपयोग करती हैं।,Amir,Amazon Translate
जैज़ संगीत में आशुरचना की सुविधा है।,Amir,Amazon Translate
नील नदी अफ्रीका की सबसे लंबी नदी है।,Amir,Amazon Translate
1939 में द्वितीय विश्व युद्ध शुरू हुआ।,Amir,Amazon Translate
घर पर खाना पकाने से पैसे की बचत होती है।,Amir,Amazon Translate
बीजगणित अज्ञात चर के लिए हल करता है।,Amir,Amazon Translate
व्यक्तिगत मूल्य निर्णय लेने को प्रभावित करते हैं।,Amir,Amazon Translate
वाद-विवाद विश्लेषणात्मक विचारों को प्रोत्साहित करता है।,Amir,Amazon Translate
टोरा में यहूदी धार्मिक ग्रंथ शामिल हैं।,Amir,Amazon Translate
सरकारें देशों के भीतर कानून लागू करती हैं।,Amir,Amazon Translate
यात्रा करते समय लैपटॉप कंप्यूटिंग की अनुमति देते हैं।,Amir,Amazon Translate
मेक्सिको के मूल निवासी पेड़ों पर एवोकैडो उगते हैं।,Amir,Amazon Translate
क्यूबिज्म ने बदल दिया कि कला अंतरिक्ष का प्रतिनिधित्व कैसे करती है।,Amir,Amazon Translate
येलोस्टोन अमेरिका का पहला राष्ट्रीय उद्यान है।,Amir,Amazon Translate
व्यायाम करते समय उचित हाइड्रेशन हीटस्ट्रोक को रोकता है।,Amir,Amazon Translate
वाटरलू में नेपोलियन की हार हुई।,Amir,Amazon Translate
बागवानी से तनाव के स्तर को कम किया जा सकता है।,Amir,Amazon Translate
एक बहुभुज की तीन या अधिक भुजाएँ होती हैं।,Amir,Amazon Translate
तांबा अच्छी तरह से बिजली का संचालन करता है।,Amir,Amazon Translate
आत्म-नियंत्रण दीर्घकालिक लक्ष्यों तक पहुँचने में सहायता करता है।,Amir,Amazon Translate
कटौती सामान्य सिद्धांतों से बारीकियों का अनुमान लगाती है।,Amir,Amazon Translate
कन्फ्यूशीवाद नैतिक विकास पर बल देता है।,Amir,Amazon Translate
मतदान लोकतंत्रों में जनता की राय को दर्शाता है।,Amir,Amazon Translate
Wi-Fi वायरलेस इंटरनेट एक्सेस प्रदान करता है।,Amir,Amazon Translate
पुनर्जागरण के दौरान इटली में ओपेरा शुरू हुआ।,Amir,Amazon Translate
मॉस्को रूस का सबसे बड़ा शहर है।,Amir,Amazon Translate
स्ट्रेंथ ट्रेनिंग से मांसपेशियों के ऊतकों का निर्माण होता है।,Amir,Amazon Translate
चेचक के टीकाकरण ने दुनिया भर में इस बीमारी को खत्म कर दिया।,Amir,Amazon Translate
एफिल टॉवर 1889 में समाप्त हुआ था।,Amir,Amazon Translate
ब्रेकडांसिंग में एक्रोबेटिक मूव्स और स्पिन शामिल हैं।,Amir,Amazon Translate
विक्टोरिया फॉल्स ज़िम्बाब्वे और ज़ाम्बिया के बीच स्थित है।,Amir,Amazon Translate
जॉगिंग से कैलोरी कुशलता से बर्न होती है।,Amir,Amazon Translate
कैथरीन द ग्रेट ने रूसी क्षेत्र का विस्तार किया।,Amir,Amazon Translate
पिकनिक में भोजन को बाहरी अवकाश के साथ जोड़ा जाता है।,Amir,Amazon Translate
गणित के समीकरणों में ऐसे उत्तर होने चाहिए जो कथनों को संतुष्ट करें।,Amir,Amazon Translate
टीमवर्क सहयोग और संचार कौशल पर निर्भर करता है।,Amir,Amazon Translate
विश्लेषणात्मक तर्क समस्याओं को छोटे भागों में तोड़ता है।,Amir,Amazon Translate
कर्म हिंदू विश्वास प्रणालियों में पुनर्जन्म को प्रभावित करता है।,Amir,Amazon Translate
पारिवारिक संरचनाएँ समाजों के बीच भिन्न होती हैं।,Amir,Amazon Translate
साइकिल गियर सवारों को विभिन्न इलाकों को संभालने में मदद करते हैं।,Amir,Amazon Translate
कीवी फल विटामिन सी से भरपूर होता है।,Amir,Amazon Translate
आधुनिक पॉप संगीत कई संगीत शैलियों का मिश्रण है।,Amir,Amazon Translate
पुर्तगाल की सीमा यूरोप में केवल स्पेन से लगती है।,Amir,Amazon Translate
लंबी सैर दिल की सेहत को बढ़ावा देती है।,Amir,Amazon Translate
गृहयुद्ध राष्ट्रों को आंतरिक रूप से विभाजित करता है।,Amir,Amazon Translate
कपड़े धोने से पानी और साबुन का उपयोग करके कपड़े साफ होते हैं।,Amir,Amazon Translate
प्रीकैलकुलस छात्रों को कैलकुलस कॉन्सेप्ट के लिए तैयार करता है।,Amir,Amazon Translate
तनाव प्रबंधन समग्र लचीलापन को बढ़ाता है।,Amir,Amazon Translate
तर्क पहेलियाँ व्यवस्थित तर्क क्षमता का परीक्षण करती हैं।,Amir,Amazon Translate
धार्मिक उपवास आमतौर पर कुछ खाद्य पदार्थों को प्रतिबंधित करता है।,Amir,Amazon Translate
वैश्वीकरण वैश्विक स्तर पर बाजारों को जोड़ता है।,Amir,Amazon Translate
रोबोट वैक्युम स्वचालित रूप से फर्श को साफ करते हैं।,Amir,Amazon Translate
ग्रैफिटी को शहरी स्ट्रीट आर्ट माना जाता है।,Amir,Amazon Translate
"स्कैंडेनेविया में स्वीडन, नॉर्वे और डेनमार्क शामिल हैं।",Amir,Amazon Translate
नींद स्मृति समेकन में सहायता करती है।,Amir,Amazon Translate
मध्यकालीन शूरवीरों ने शिष्टता के कोड का पालन किया।,Amir,Amazon Translate
व्हेलिंग जहाजों ने आर्कटिक और अंटार्कटिक जल की खोज की।,Amir,Amazon Translate
क्विल्टिंग कपड़े के स्क्रैप को कंबल और कला में बदल देती है।,Amir,Amazon Translate
गोल्डन गेट ब्रिज सैन फ्रांसिस्को खाड़ी तक फैला है।,Amir,Amazon Translate
शारीरिक चिकित्सा चोटों के बाद आंदोलन को पुनर्स्थापित करती है।,Amir,Amazon Translate
हैरियट टूबमैन ने गुलाम लोगों को आजादी दिलाई।,Amir,Amazon Translate
मिट्टी के बर्तनों को बनाने में मिट्टी को आकार देना और जलाना शामिल है।,Amir,Amazon Translate
लघुगणक गुणन और विभाजन गणनाओं को सरल बनाते हैं।,Amir,Amazon Translate
चरित्र लक्षण किसी व्यक्ति के व्यक्तित्व को आकार देते हैं।,Amir,Amazon Translate
संशयवाद पर्याप्त प्रमाण के बिना दावों पर संदेह करता है।,Amir,Amazon Translate
इस्लामी प्रार्थना मक्का की ओर होती है।,Amir,Amazon Translate
सार्वजनिक परिवहन यातायात की भीड़ को कम करता है।,Amir,Amazon Translate
क्लाउड स्टोरेज व्यक्तिगत उपकरणों से डेटा को दूर रखता है।,Amir,Amazon Translate
जैतून मुख्य रूप से भूमध्यसागरीय क्षेत्रों में उगाए जाते हैं।,Amir,Amazon Translate
पुनर्जागरण कलाकारों ने परिप्रेक्ष्य तकनीकों को उन्नत किया।,Amir,Amazon Translate
स्नोर्कलिंग सतह के पास पानी के नीचे की खोज की अनुमति देता है।,Amir,Amazon Translate
कार्बनिक रसायन कार्बन आधारित अणुओं का अध्ययन करता है।,Amir,Amazon Translate
सामाजिक भूमिकाएं व्यवहार के लिए अपेक्षाओं को परिभाषित करती हैं।,Amir,Amazon Translate
फ़ायरवॉल कंप्यूटर नेटवर्क को अनधिकृत पहुंच से बचाते हैं।,Amir,Amazon Translate
विटामिन डी हड्डियों के स्वास्थ्य के लिए कैल्शियम को अवशोषित करने में मदद करता है।,Amir,Amazon Translate
सामंती प्रभुओं ने मध्यकालीन यूरोपीय भूमि पर शासन किया।,Amir,Amazon Translate
लोक कथाएं पीढ़ियों के माध्यम से सांस्कृतिक ज्ञान को साझा करती हैं।,Amir,Amazon Translate
एशिया में दुनिया की सबसे बड़ी आबादी है।,Amir,Amazon Translate
"एथलेटिक्स स्पर्धाओं में दौड़ना, कूदना और फेंकना शामिल है।",Amir,Amazon Translate
सूची की समझ प्रोग्रामिंग कोड संरचना को सरल बनाती है।,Amir,Amazon Translate
सुपरनोवा विशाल सितारों की मृत्यु को चिह्नित करते हैं।,Amir,Amazon Translate
भावनात्मक बुद्धिमत्ता स्वस्थ संबंधों को बढ़ावा देती है।,Amir,Amazon Translate
मेटाफिजिक्स भौतिक दुनिया से परे वास्तविकता की जांच करता है।,Amir,Amazon Translate
पुनर्जन्म से पता चलता है कि आत्माएं नए शरीरों में वापस आती हैं।,Amir,Amazon Translate
मोजार्ट ने शास्त्रीय युग में सिम्फनी की रचना की।,Amir,Amazon Translate
इंडोनेशिया दुनिया का सबसे बड़ा द्वीप देश है।,Amir,Amazon Translate
अफ्रीका में किसी भी महाद्वीप के सबसे अधिक देश हैं।,Amir,Amazon Translate
रोजाना टहलने से ब्लड प्रेशर कम हो सकता है।,Amir,Amazon Translate
जूलियस सीज़र ने खुद को जीवन भर के लिए तानाशाह घोषित किया।,Amir,Amazon Translate
"मूर्तिकार मिट्टी, पत्थर, लकड़ी या धातु का उपयोग सामग्री के रूप में करते हैं।",Amir,Amazon Translate
माउंट किलिमंजारो अफ्रीका में सबसे ऊँचा है।,Amir,Amazon Translate
वजन उठाने से हड्डियों का घनत्व बढ़ता है।,Amir,Amazon Translate
स्वतंत्रता दिवस औपनिवेशिक शासन से मुक्ति का प्रतीक है।,Amir,Amazon Translate
मिल्की वे हमारी घरेलू आकाशगंगा है।,Amir,Amazon Translate
आत्मविश्वास सकारात्मक सामाजिक संबंधों का समर्थन करता है।,Amir,Amazon Translate
डिडक्टिव लॉजिक परिसर से निष्कर्ष पर पहुंचता है।,Amir,Amazon Translate
कई पूर्वी धर्मों में ध्यान की प्रथाएं मौजूद हैं।,Amir,Amazon Translate
विवाह समाजों द्वारा मान्यता प्राप्त औपचारिक साझेदारी हैं।,Amir,Amazon Translate
लोक संगीत पारंपरिक कहानियों को गीत के रूप में संरक्षित करता है।,Amir,Amazon Translate
लेक सुपीरियर उत्तरी अमेरिका की सबसे बड़ी झील है।,Amir,Amazon Translate
एरोबिक व्यायाम के लिए लगातार ऑक्सीजन की आवश्यकता होती है।,Amir,Amazon Translate
प्रथम विश्व युद्ध वर्साय की संधि के साथ समाप्त हुआ।,Amir,Amazon Translate
बारबेक्यूइंग सीधी गर्मी का उपयोग करके खाना पकाती है।,Amir,Amazon Translate
अम्लों का pH 7 से नीचे होता है।,Amir,Amazon Translate
व्यक्तिगत विकास का अर्थ अक्सर नए कौशल सीखना होता है।,Amir,Amazon Translate
नैतिक दुविधाओं के अलग-अलग पक्षों पर तर्क होते हैं।,Amir,Amazon Translate
इस्लाम में हर दिन विशिष्ट समय पर प्रार्थना की आवश्यकता होती है।,Amir,Amazon Translate
सोशल नेटवर्क वैश्विक स्तर पर लोगों को ऑनलाइन जोड़ता है।,Amir,Amazon Translate
ई-पुस्तकें साहित्य तक पोर्टेबल पहुंच की अनुमति देती हैं।,Amir,Amazon Translate
पपीते उष्णकटिबंधीय जलवायु में सबसे अच्छे होते हैं।,Amir,Amazon Translate
अतियथार्थवाद कला में सपने जैसे दृश्यों पर जोर देता है।,Amir,Amazon Translate
बगदाद टिग्रिस नदी के पास स्थित है।,Amir,Amazon Translate
फाइबर पाचन तंत्र के स्वास्थ्य में सुधार करता है।,Amir,Amazon Translate
नागरिक अधिकार अधिनियम ने नस्लीय भेदभाव को गैरकानूनी घोषित किया।,Amir,Amazon Translate
वर्कआउट करने से एंडोर्फिन निकलता है जो मूड में सुधार करता है।,Amir,Amazon Translate
अल्बर्ट आइंस्टीन ने सामान्य सापेक्षता सिद्धांत विकसित किया।,Amir,Amazon Translate
शहरी बागवानी से शहरों के अंदर पौधे उगते हैं।,Amir,Amazon Translate
मूल संख्या देने के लिए प्रमुख कारक गुणा करते हैं।,Amir,Amazon Translate
बिजली तब होती है जब बिजली के चार्ज अचानक डिस्चार्ज हो जाते हैं।,Amir,Amazon Translate
सहानुभूति मजबूत समुदायों के निर्माण में मदद करती है।,Amir,Amazon Translate
सादृश्य से तर्क स्थितियों के बीच तुलना करता है।,Amir,Amazon Translate
ताओवाद बताता है कि प्रकृति के साथ सामंजस्य संतोष लाता है।,Amir,Amazon Translate
जनता की राय नीतिगत निर्णयों को प्रभावित करती है।,Amir,Amazon Translate
ड्रोन ऊपर से परिदृश्य की तस्वीरें खींचते हैं।,Amir,Amazon Translate
ओपेरा गायक कठोर स्वर प्रशिक्षण से गुजरते हैं।,Amir,Amazon Translate
एंडीज पर्वत दक्षिण अमेरिका के पश्चिम में बहते हैं।,Amir,Amazon Translate
कॉफी की उत्पत्ति इथियोपिया में हुई।,Amir,Amazon Translate
मध्यम कॉफी के सेवन से सतर्कता बढ़ सकती है।,Amir,Amazon Translate
किंग हेनरी VIII ने चर्च ऑफ इंग्लैंड की स्थापना की।,Amir,Amazon Translate
फुटबॉल मैच समय को दो हिस्सों में विभाजित करते हैं।,Amir,Amazon Translate
सुडोकू पहेलियाँ तार्किक सोच क्षमताओं को चुनौती देती हैं।,Amir,Amazon Translate
रसायन विज्ञान की शाखाओं में जैविक और अकार्बनिक प्रकार शामिल हैं।,Amir,Amazon Translate
परमाणु क्रिस्टल में दोहराए जाने वाले पैटर्न में व्यवस्थित होते हैं।,Amir,Amazon Translate
कृतज्ञता भावनात्मक कल्याण को बढ़ाती है।,Amir,Amazon Translate
लॉजिक स्टेटमेंट सही या गलत होने चाहिए।,Amir,Amazon Translate
देववाद ईश्वर में विश्वास करता है लेकिन संगठित धर्म में नहीं।,Amir,Amazon Translate
तलाक पारिवारिक कानूनी संबंधों को बदल देता है।,Amir,Amazon Translate
सर्च इंजन डिजिटल जानकारी को जल्दी ढूंढने में मदद करते हैं।,Amir,Amazon Translate
चेरी फूल वाले पेड़ों की प्रजातियों पर उगती है।,Amir,Amazon Translate
सोनाटा एकल वाद्ययंत्रों के लिए संगीत रचनाएँ हैं।,Amir,Amazon Translate
सौना विश्राम के लिए पसीने को बढ़ावा देते हैं।,Amir,Amazon Translate
सभ्यताओं ने मेसोपोटामिया में क्यूनिफॉर्म लेखन का निर्माण किया।,Amir,Amazon Translate
रोइंग प्रमुख मांसपेशी समूहों को सक्रिय करता है।,Amir,Amazon Translate
द्वीपसमूह द्वीपों की श्रृंखलाओं का वर्णन करता है।,Amir,Amazon Translate
प्राकृतिक गैस घरों को कुशलता से गर्म करती है।,Amir,Amazon Translate
"बुद्धि में अनुभव, ज्ञान और अच्छा निर्णय शामिल होता है।",Amir,Amazon Translate
बायस क्लाउड रिसर्च ऑब्जेक्टिविटी।,Amir,Amazon Translate
ग्रीक ऑर्थोडॉक्स ईसाई धर्म बीजान्टिन परंपराओं का पालन करता है।,Amir,Amazon Translate
जनगणना जनसंख्या के आंकड़ों की नियमित रूप से गणना करती है।,Amir,Amazon Translate
स्मार्टवॉच फिटनेस और कैलेंडर इवेंट को ट्रैक करती हैं।,Amir,Amazon Translate
नदियां सदियों से धीरे-धीरे घाटियों को नष्ट करती हैं।,Amir,Amazon Translate
स्ट्रीट आर्ट में सार्वजनिक स्थानों पर भित्ति चित्र और स्थापनाएं शामिल हैं।,Amir,Amazon Translate
कैलिफोर्निया की योसेमाइट घाटी बाहरी उत्साही लोगों को आकर्षित करती है।,Amir,Amazon Translate
एथलीटों के लिए प्रोटीन पाउडर पूरक आहार।,Amir,Amazon Translate
जोन ऑफ आर्क ने अंग्रेजी सेनाओं के खिलाफ फ्रांसीसी सेनाओं का नेतृत्व किया।,Amir,Amazon Translate
"मिठाइयों में अक्सर चीनी, चॉकलेट या फलों के स्वाद होते हैं।",Amir,Amazon Translate
घातांक संख्याओं का बार-बार गुणन दिखाते हैं।,Amir,Amazon Translate
मुख्य रूप से चंद्र गुरुत्वाकर्षण खिंचाव के कारण महासागर के ज्वार बदलते हैं।,Amir,Amazon Translate
प्रयोगों में चर व्यवस्थित रूप से परिणामों को प्रभावित करते हैं।,Amir,Amazon Translate
रचनात्मक अभिव्यक्ति व्यक्तित्व को प्रोत्साहित करती है।,Amir,Amazon Translate
मूर्खता दार्शनिक दृष्टिकोण में अर्थहीनता को उजागर करती है।,Amir,Amazon Translate
शिंटो जापान में कामी नामक आत्माओं का सम्मान करता है।,Amir,Amazon Translate
नागरिक स्वतंत्रताएं व्यक्तिगत स्वतंत्रता अधिकारों की रक्षा करती हैं।,Amir,Amazon Translate
क्रिप्टोग्राफी जटिल एल्गोरिदम के माध्यम से डिजिटल संचार को सुरक्षित करती है।,Amir,Amazon Translate
क्लाउड कंप्यूटिंग इंटरनेट कनेक्शन के माध्यम से प्रसंस्करण संसाधनों को साझा करता है।,Amir,Amazon Translate
संतरे भूमध्यसागरीय और उपोष्णकटिबंधीय जलवायु में पनपते हैं।,Amir,Amazon Translate
मोज़ेक कलाकृति के टुकड़े छोटे टाइल्स या पत्थरों को एक साथ जोड़ते हैं।,Amir,Amazon Translate
अंटार्कटिका सबसे शुष्क और सबसे ठंडा महाद्वीप है।,Amir,Amazon Translate
माउंटेन बाइकिंग के लिए कुशल संतुलन और समन्वय की आवश्यकता होती है।,Amir,Amazon Translate
जीवाश्म विज्ञान प्राचीन जीवों को समझने के लिए जीवाश्मों का अध्ययन करता है।,Amir,Amazon Translate
राजनीतिक दल साझा मान्यताओं के इर्द-गिर्द सदस्यों को संगठित करते हैं।,Amir,Amazon Translate
फ़ायरवॉल सॉफ़्टवेयर अनचाहे ट्रैफ़िक को कंप्यूटर सिस्टम में प्रवेश करने से रोकता है।,Amir,Amazon Translate
विटामिन B12 तंत्रिका कार्य और लाल रक्त कोशिकाओं के निर्माण में सहायता करता है।,Amir,Amazon Translate
रोम के पतन के बाद शारलेमेन ने पश्चिमी यूरोप पर शासन किया।,Amir,Amazon Translate
महाकाव्य कविता में वीर क्रियाओं और भव्य विषयों का उपयोग किया जाता है।,Amir,Amazon Translate
एशिया अन्य महाद्वीपों की तुलना में अधिक भूमि को कवर करता है।,Amir,Amazon Translate
पेंटाथलॉन पांच खेल स्पर्धाओं को जोड़ती है।,Amir,Amazon Translate
बूलियन लॉजिक मानों को सही या गलत स्थिति तक सीमित करता है।,Amir,Amazon Translate
आकाशगंगाएँ अपने विशाल केंद्रों के चारों ओर धीरे-धीरे घूमती हैं।,Amir,Amazon Translate
नैतिकता निर्धारित करती है कि क्या सही और गलत माना जाता है।,Amir,Amazon Translate
पैंथिज्म ब्रह्मांड के सभी पहलुओं में दिव्यता को देखता है।,Amir,Amazon Translate
पिकासो ने कला में क्यूबिस्ट आंदोलन की स्थापना की।,Amir,Amazon Translate
ग्रीनलैंड पृथ्वी का सबसे बड़ा द्वीप है।,Amir,Amazon Translate
संयुक्त राज्य अमेरिका कई समय क्षेत्रों में फैला हुआ है।,Amir,Amazon Translate
जापान के आत्मसमर्पण के साथ द्वितीय विश्व युद्ध समाप्त हुआ।,Amir,Amazon Translate
रक्त वाहिकाओं के एक नेटवर्क के माध्यम से बहता है।,Amir,Amazon Translate
पहचान यह आकार देती है कि लोग खुद को कैसे देखते हैं।,Amir,Amazon Translate
सिलेजिज्म निगमनात्मक तर्क के लिए तर्क का उपयोग करते हैं।,Amir,Amazon Translate
नास्तिकता देवताओं के अस्तित्व में अविश्वास है।,Amir,Amazon Translate
धर्मनिरपेक्ष समाज धर्म को सरकारी मामलों से अलग करते हैं।,Amir,Amazon Translate
ब्लूटूथ कम दूरी पर वायरलेस तरीके से डिवाइस कनेक्ट करता है।,Amir,Amazon Translate
हार्लेम पुनर्जागरण ने अश्वेत अमेरिकी कला को बढ़ावा दिया।,Amir,Amazon Translate
मैड्रिड स्पेन की राजधानी और सबसे बड़ा शहर है।,Amir,Amazon Translate
स्विमिंग लैप्स एरोबिक फिटनेस का निर्माण करते हैं।,Amir,Amazon Translate
संधियाँ राष्ट्रों के बीच शांति को औपचारिक बनाती हैं।,Amir,Amazon Translate
तलने से खाना गर्म तेल में पक जाता है।,Amir,Amazon Translate
कैलकुलेटर अंकगणितीय कार्यों को गति देते हैं।,Amir,Amazon Translate
सभी पदार्थों में परमाणु होते हैं।,Amir,Amazon Translate
नियमित नींद से भावनात्मक स्वास्थ्य में सुधार होता है।,Amir,Amazon Translate
इंडक्टिव लॉजिक साक्ष्य से सामान्यीकरण खींचता है।,Amir,Amazon Translate
"ताओवादी सहज कार्रवाई के लिए प्रयास करते हैं, या वू वी।",Amir,Amazon Translate
चैरिटी संगठन जरूरतमंद समुदायों की सहायता करते हैं।,Amir,Amazon Translate
स्वचालित कारखाने उत्पाद उत्पादन को कुशलता से बढ़ाते हैं।,Amir,Amazon Translate
समशीतोष्ण जलवायु में कीवी सबसे अच्छे होते हैं।,Amir,Amazon Translate
"पॉप बैंड अक्सर गिटार, बास और ड्रम का उपयोग करते हैं।",Amir,Amazon Translate
मैटरहॉर्न स्विट्जरलैंड और इटली में फैला हुआ है।,Amir,Amazon Translate
धीरे-धीरे खाने से कैलोरी की मात्रा कम हो सकती है।,Amir,Amazon Translate
चीनी राजवंशों ने शासक परिवारों द्वारा ऐतिहासिक काल को चिह्नित किया।,Amir,Amazon Translate
रोलर स्केटिंग संतुलन और समन्वय कौशल को जोड़ती है।,Amir,Amazon Translate
ज्यामिति समस्याओं के लिए प्रोट्रैक्टर कोण के आकार को मापते हैं।,Amir,Amazon Translate
कंडक्टर आसानी से विद्युत प्रवाह संचारित करते हैं।,Amir,Amazon Translate
माइंडफुलनेस वर्तमान पर ध्यान केंद्रित करने में मदद करती है।,Amir,Amazon Translate
एनालॉजीज असंबंधित विषयों के बीच समानता की तुलना करते हैं।,Amir,Amazon Translate
"मानवतावाद तर्क, विज्ञान और मानवीय गरिमा को महत्व देता है।",Amir,Amazon Translate
पवित्र ग्रंथ धार्मिक शिक्षाओं को परिभाषित करते हैं।,Amir,Amazon Translate
न्यायपालिकाएं अदालती प्रणालियों के भीतर कानूनों की व्याख्या करती हैं।,Amir,Amazon Translate
हाइब्रिड वाहन गैसोलीन और इलेक्ट्रिक पावर को मिलाते हैं।,Amir,Amazon Translate
आम एशिया के मूल निवासी पत्थर के फल हैं।,Amir,Amazon Translate
डिजिटल कोलाज इलेक्ट्रॉनिक रूप से कई दृश्य तत्वों को मिलाता है।,Amir,Amazon Translate
बैगपाइप संलग्न रीड का उपयोग करके संगीत का उत्पादन करते हैं।,Amir,Amazon Translate
अमाल्फी तट प्राकृतिक सुंदरता के लिए प्रसिद्ध है।,Amir,Amazon Translate
नियमित रूप से टहलना हृदय रोग के जोखिम को कम करता है।,Amir,Amazon Translate
क्रीमियन युद्ध ने यूरोपीय गठबंधनों को नया रूप दिया।,Amir,Amazon Translate
बुनाई में कपड़े बनाने के लिए सूत और सुइयों का उपयोग किया जाता है।,Amir,Amazon Translate
श्रृंखला योग लगातार संख्याओं को एक साथ जोड़ता है।,Amir,Amazon Translate
स्थैतिक बिजली के कारण कभी-कभी बाल खड़े हो जाते हैं।,Amir,Amazon Translate
विटामिन ई एक एंटीऑक्सीडेंट के रूप में काम करता है।,Amir,Amazon Translate
एथनिक्स दैनिक रीति-रिवाजों और परंपराओं को प्रभावित करते हैं।,Amir,Amazon Translate
लूथरन प्रोटेस्टेंट सुधार के दौरान स्थापित सिद्धांतों का पालन करते हैं।,Amir,Amazon Translate
आम सहमति में समूह के सदस्यों के बीच सामान्य समझौता शामिल होता है।,Amir,Amazon Translate
वायरलेस हेडफ़ोन ऑडियो डिवाइस के लिए डोरियों को खत्म करते हैं।,Amir,Amazon Translate
गाजर पोषक तत्वों को जड़ों के रूप में भूमिगत रखते हैं।,Amir,Amazon Translate
विनीशियन मास्क में विस्तृत सजावट होती है।,Amir,Amazon Translate
आइसलैंडर्स जियोथर्मल हीटेड स्विमिंग पूल का आनंद लेते हैं।,Amir,Amazon Translate
पालक में आयरन और विटामिन ए और सी होते हैं।,Amir,Amazon Translate
स्पार्टा ग्रीस में सैन्य संस्कृति के लिए जाना जाता था।,Amir,Amazon Translate
शतरंज खेलने से रणनीतिक सोच क्षमता बढ़ती है।,Amir,Amazon Translate
गुरुत्वाकर्षण गिरती वस्तुओं को 9.8 m/s² की गति से पृथ्वी की ओर खींचता है।,Amir,Amazon Translate
नॉनडुअलिज्म विषय और वस्तु अनुभव के बीच के अंतर को दूर करता है।,Amir,Amazon Translate
ज़ेन बौद्ध धर्म माइंडफुलनेस मेडिटेशन का अभ्यास करता है।,Amir,Amazon Translate
जनमत संग्रह विशिष्ट मुद्दों पर सीधे मतदान को सक्षम करता है।,Amir,Amazon Translate
ट्रैफिक सिग्नल चौराहों को नियंत्रित करते हैं।,Amir,Amazon Translate
बाघ मुख्य रूप से एशिया के जंगलों और घास के मैदानों में रहते हैं।,Amir,Amazon Translate
ओपेरा में एकल कलाकारों द्वारा गाए गए अरिया शामिल हैं।,Amir,Amazon Translate
चेक आधिकारिक तौर पर चेक भाषा बोलते हैं।,Amir,Amazon Translate
मिस्रवासियों ने सबसे शुरुआती लेखन रूपों में से एक का विकास किया।,Amir,Amazon Translate
पूडल साथी कुत्तों की नस्लों से संबंधित हैं।,Amir,Amazon Translate
बारब्रोसा सोवियत संघ के खिलाफ नाजी जर्मनी का अभियान था।,Amir,Amazon Translate
यात्रा के दौरान सामान सामान की सुरक्षा करता है।,Amir,Amazon Translate
क्षेत्रफल गणित में सतह के आकार को मापता है।,Amir,Amazon Translate
परमाणु द्रव्यमान मोटे तौर पर प्रोटॉन और न्यूट्रॉन के बराबर संयुक्त होते हैं।,Amir,Amazon Translate
साथियों का प्रभाव किशोरों की पसंद को काफी प्रभावित करता है।,Amir,Amazon Translate
आलोचनात्मक तर्कवाद सुधार के लिए विचारों के परीक्षण पर जोर देता है।,Amir,Amazon Translate
क्रॉस प्रतीकवाद कई धर्मों में दिखाई देता है।,Amir,Amazon Translate
संसद बहस करती है और नई कानूनी विधियों को पारित करती है।,Amir,Amazon Translate
ग्रिड भूगोलवेत्ताओं को सटीक रूप से स्थानों का पता लगाने में मदद करते हैं।,Amir,Amazon Translate
मिट्टी में पौधों की वृद्धि के लिए आवश्यक जीव होते हैं।,Amir,Amazon Translate
चकोतरा साइट्रस परिवार से संबंधित है।,Amir,Amazon Translate
जेड को नक्काशी और गहनों के लिए महत्व दिया जाता है।,Amir,Amazon Translate
घटनाओं को संकेत देने के लिए बेल रिंगिंग का उपयोग किया जाता है।,Amir,Amazon Translate
इंका साम्राज्य पूरे पश्चिमी दक्षिण अमेरिका में फैला हुआ था।,Amir,Amazon Translate
अलगाव ने ऐतिहासिक रूप से नस्ल के आधार पर अमेरिकी सुविधाओं को विभाजित किया।,Amir,Amazon Translate
एयर कंडीशनिंग गर्म क्षेत्रों में इमारतों को ठंडा करती है।,Amir,Amazon Translate
पुश नोटिफिकेशन अलर्ट मोबाइल डिवाइस यूज़र तक तुरंत पहुँचते हैं।,Amir,Amazon Translate
रेम्ब्रांट ने कई सेल्फ-पोर्ट्रेट बनाए।,Amir,Amazon Translate
सुमात्रा इंडोनेशिया के सबसे बड़े द्वीपों में से एक है।,Amir,Amazon Translate
आइसलैंड मिड-अटलांटिक रिज पर स्थित है।,Amir,Amazon Translate
व्यायाम से पहले स्ट्रेचिंग करने से मांसपेशियों की चोट से बचाव होता है।,Amir,Amazon Translate
फ्रांसीसी क्रांति 1789 में शुरू हुई।,Amir,Amazon Translate
"पाक कला में बेकिंग, ग्रिलिंग, रोस्टिंग और सॉटिंग शामिल हैं।",Amir,Amazon Translate
एक षट्भुज की छह भुजाएँ होती हैं।,Amir,Amazon Translate
ध्वनि को यात्रा करने के लिए एक माध्यम की आवश्यकता होती है।,Amir,Amazon Translate
आत्म-प्रतिबिंब से व्यक्तिगत समझ में सुधार होता है।,Amir,Amazon Translate
प्रेरक तर्क सिद्धांत बनाने के लिए अवलोकन का उपयोग करता है।,Amir,Amazon Translate
जापान में शिंटो मंदिर आम हैं।,Amir,Amazon Translate
संविधान सरकारी संरचनाओं और अधिकारों की रूपरेखा तैयार करते हैं।,Amir,Amazon Translate
फाइबर ऑप्टिक केबल प्रकाश संकेतों को प्रसारित करते हैं।,Amir,Amazon Translate
अनार ईरान और उत्तरी भारत के मूल निवासी हैं।,Amir,Amazon Translate
पुनर्जागरण के दौरान इटली में शास्त्रीय बैले की उत्पत्ति हुई।,Amir,Amazon Translate
मॉन्ट्रियल क्यूबेक प्रांत का एक शहर है।,Amir,Amazon Translate
धीमी गति से चलने की तुलना में तेज चलने से ज्यादा कैलोरी बर्न होती है।,Amir,Amazon Translate
आर्मिस्टिस डे प्रथम विश्व युद्ध के अंत की याद दिलाता है।,Amir,Amazon Translate
सूप शोरबा या मलाईदार हो सकते हैं।,Amir,Amazon Translate
बीजगणितीय अभिव्यक्तियाँ संख्याओं का प्रतिनिधित्व करने के लिए अक्षरों का उपयोग करती हैं।,Amir,Amazon Translate
"पदार्थ ठोस, तरल पदार्थ या गैसों के रूप में मौजूद होता है।",Amir,Amazon Translate
डोपामाइन मनोदशा और प्रेरणा को नियंत्रित करता है।,Amir,Amazon Translate
तार्किक तर्कों के वैध या अमान्य रूप होते हैं।,Amir,Amazon Translate
पैंथिज्म प्रकृति को दिव्य मानता है।,Amir,Amazon Translate
पादरी सदस्य अक्सर धार्मिक समारोहों का नेतृत्व करते हैं।,Amir,Amazon Translate
ड्रोन कैमरे हवाई दृष्टिकोण को फिल्माते हैं।,Amir,Amazon Translate
ठंडी जलवायु में केल अच्छी तरह से बढ़ता है।,Amir,Amazon Translate
हार्पसीकोर्ड बारोक संगीत में लोकप्रिय थे।,Amir,Amazon Translate
बैकाल झील दुनिया में सबसे गहरी है।,Amir,Amazon Translate
रस्सी कूदने से हृदय गति और समन्वय में सुधार होता है।,Amir,Amazon Translate
अपोलो मिशन ने चंद्र सतह का पता लगाया।,Amir,Amazon Translate
रचनात्मक प्रभावों के लिए कलाकार मिश्रित मीडिया का उपयोग करते हैं।,Amir,Amazon Translate
बिटमैप पिक्सल से बनी डिजिटल इमेज हैं।,Amir,Amazon Translate
चावल की छतें कृषि के लिए पानी को नियंत्रित करती हैं।,Amir,Amazon Translate
जब कैलोरी की मात्रा बहुत कम हो जाती है तो भुखमरी का परिणाम होता है।,Amir,Amazon Translate
एंजाइम कोशिकाओं में रासायनिक प्रतिक्रियाओं को गति देते हैं।,Amir,Amazon Translate
गोलाकार वस्तुएं सपाट सतहों पर आसानी से लुढ़क जाती हैं।,Amir,Amazon Translate
चाय घर एशिया में दोस्तों के साथ मेलजोल करने वाले पीने वालों की सेवा करते हैं।,Amir,Amazon Translate
ब्रह्माण्ड विज्ञान ब्रह्मांड की उत्पत्ति और संरचना की पड़ताल करता है।,Amir,Amazon Translate
सद्गुण संस्कृतियों में नैतिक व्यवहार का मार्गदर्शन करते हैं।,Amir,Amazon Translate
आस्था परंपराएं नैतिक विकल्पों को प्रभावित करती हैं।,Amir,Amazon Translate
मतदान शासन में जनता की भागीदारी सुनिश्चित करता है।,Amir,Amazon Translate
क्लाउड-आधारित बैकअप डिजिटल डेटा ऑफ़साइट की सुरक्षा करते हैं।,Amir,Amazon Translate
"जैज़ बैंड में विंड, ब्रास और रिदम सेक्शन होते हैं।",Amir,Amazon Translate
सिनाई प्रायद्वीप अफ्रीका और एशिया को जोड़ता है।,Amir,Amazon Translate
बैडमिंटन के लिए तेज सजगता और चपलता की आवश्यकता होती है।,Amir,Amazon Translate
"परमाणुओं में प्रोटॉन, न्यूट्रॉन और इलेक्ट्रॉन होते हैं।",Amir,Amazon Translate
संवेदी न्यूरॉन्स मस्तिष्क को उत्तेजनाओं को प्रसारित करते हैं।,Amir,Amazon Translate
इकबालिया कविता निजी भावनात्मक अनुभवों को प्रकट करती है।,Amir,Amazon Translate
चाड झील प्रतिवर्ष आकार में बहुत भिन्न होती है।,Amir,Amazon Translate
पीछे की ओर दौड़ना विभिन्न मांसपेशियों को चुनौती देता है।,Amir,Amazon Translate
सौना थेरेपी विषाक्त पदार्थों को बाहर निकालने के लिए प्रोत्साहित करती है।,Amir,Amazon Translate
कटाव मिट्टी और चट्टान को हटाकर परिदृश्य को आकार देता है।,Amir,Amazon Translate
नन आध्यात्मिक सेवा के लिए जीवन समर्पित करती हैं।,Amir,Amazon Translate
लाइटिंग डिज़ाइन थिएटर और इवेंट्स में माहौल बनाता है।,Amir,Amazon Translate
क्रॉसवर्ड पहेलियाँ अंग्रेजी शब्दावली कौशल को बढ़ाती हैं।,Amir,Amazon Translate
ब्रोन्किओल्स फेफड़ों में एल्वियोली को हवा की आपूर्ति करते हैं।,Amir,Amazon Translate
नैनो टेक्नोलॉजी परमाणु पैमाने पर पदार्थ में हेरफेर करती है।,Amir,Amazon Translate
प्रत्यय मूल शब्दों के अर्थ को संशोधित करते हैं।,Amir,Amazon Translate
मानव विकास लाखों साल पहले का है।,Amir,Amazon Translate
स्ट्रीटकार्स कभी शहरी परिवहन नेटवर्क पर हावी थे।,Amir,Amazon Translate
संभाव्यता गणितीय रूप से घटना की संभावना का अनुमान लगाती है।,Amir,Amazon Translate
मानक विचलन डेटा परिवर्तनशीलता को मापता है।,Amir,Amazon Translate
"फ्रायड ने आईडी, अहंकार और सुपररेगो की अवधारणाएं विकसित कीं।",Amir,Amazon Translate
इकोनोक्लास्म ने ऐतिहासिक रूप से धार्मिक छवियों का विरोध किया।,Amir,Amazon Translate
राज्य सरकारें स्थानीय नीतियां बनाती हैं।,Amir,Amazon Translate
सुल्तानों ने तुर्क साम्राज्य पर शासन किया।,Amir,Amazon Translate
विवादों को शांति से सुलझाने के लिए देश संधियों पर हस्ताक्षर करते हैं।,Amir,Amazon Translate
पंक्तियाँ और स्तंभ स्प्रेडशीट जानकारी को व्यवस्थित करते हैं।,Amir,Amazon Translate
चीर धाराएं तैराकों को किनारे से दूर खींचती हैं।,Amir,Amazon Translate
तितलियाँ फूलों वाले पौधों को परागित करती हैं।,Amir,Amazon Translate
एक्चुअरी गणित मॉडल का उपयोग करके वित्तीय जोखिम का आकलन करते हैं।,Amir,Amazon Translate
थर्मोडायनामिक्स गर्मी और काम के संबंधों का वर्णन करता है।,Amir,Amazon Translate
गीत कविताएं मजबूत भावनाओं को संक्षेप में व्यक्त करती हैं।,Amir,Amazon Translate
बहुदेववाद कई देवताओं की पूजा करता है।,Amir,Amazon Translate
बहुविवाह कई भागीदारों से शादी करने की अनुमति देता है।,Amir,Amazon Translate
ऑटोमोबाइल ने बीसवीं सदी के परिवहन में क्रांति ला दी।,Amir,Amazon Translate
एलईडी बल्ब गरमागरम प्रकाश की तुलना में कम बिजली की खपत करते हैं।,Amir,Amazon Translate
गहरे समुद्र की खाइयां टेक्टोनिक प्लेटों के बीच की सीमाओं को चिह्नित करती हैं।,Amir,Amazon Translate
क्राउडफंडिंग छोटे व्यक्तिगत दान के माध्यम से परियोजनाओं का समर्थन करता है।,Amir,Amazon Translate
मांसाहारी मुख्य रूप से जानवरों के ऊतकों को खाते हैं।,Amir,Amazon Translate
संदिग्ध सच्चाई के बावजूद शहरी किंवदंतियां व्यापक रूप से फैल गईं।,Amir,Amazon Translate
आलोचनात्मक यथार्थवाद वस्तुनिष्ठ तथ्यों और व्यक्तिपरक दृष्टिकोणों को जोड़ता है।,Amir,Amazon Translate
फ्रेस्को तकनीकों में गीले प्लास्टर पर पेंटिंग शामिल है।,Amir,Amazon Translate
चर्च के गायक मंडली सद्भाव में भजन गाते हैं।,Amir,Amazon Translate
अवशोषण स्पेक्ट्रा तत्वों की संरचना को पहचानने में मदद करता है।,Amir,Amazon Translate
जगुआर मध्य और दक्षिण अमेरिका के वर्षावनों में निवास करते हैं।,Amir,Amazon Translate
बीजिंग ने 2008 में ग्रीष्मकालीन ओलंपिक की मेजबानी की थी।,Amir,Amazon Translate
डेटा एन्क्रिप्शन कोड अनधिकृत पहुंच को प्रतिबंधित करते हैं।,Amir,Amazon Translate
हवा की ठंड से ठंडी हवा ठंडी महसूस होती है।,Amir,Amazon Translate
स्फिंक्स मिस्र के पिरामिडों के पास है।,Amir,Amazon Translate
मेडागास्कर अफ्रीका के तट से दूर एक द्वीप राष्ट्र है।,Amir,Amazon Translate
जंपिंग जैक हृदय गति को तेजी से बढ़ाते हैं।,Amir,Amazon Translate
मैग्ना कार्टा ने अंग्रेजी शाही प्राधिकरण को सीमित कर दिया।,Amir,Amazon Translate
भित्तिचित्र सार्वजनिक सतहों पर बनाई गई कला है।,Amir,Amazon Translate
एक पंचभुज की पाँच सीधी भुजाएँ होती हैं।,Amir,Amazon Translate
सम्मान व्यक्तियों में सकारात्मक आत्म-अवधारणा बनाता है।,Amir,Amazon Translate
अनुभवजन्य साक्ष्य तार्किक निष्कर्षों को मान्य करते हैं।,Amir,Amazon Translate
अनुष्ठान उपासकों के लिए महत्वपूर्ण घटनाओं को फिर से लागू करते हैं।,Amir,Amazon Translate
व्यक्तिगत स्वतंत्रता की रक्षा के लिए नागरिक अधिकार मौजूद हैं।,Amir,Amazon Translate
ब्लूटूथ तकनीक भौतिक केबलों को बदल देती है।,Amir,Amazon Translate
पिस्ता एक प्रकार का हरा अखरोट होता है।,Amir,Amazon Translate
हाउते कॉउचर हाई-एंड कस्टम फैशन का प्रतिनिधित्व करता है।,Amir,Amazon Translate
जनसंख्या के हिसाब से कैसाब्लांका मोरक्को का सबसे बड़ा शहर है।,Amir,Amazon Translate
नियमित रूप से साइकिल चलाने से पैर की मांसपेशियां मजबूत होती हैं,Amir,Amazon Translate
सिकंदर महान ने हेलेनिस्टिक संस्कृति का प्रसार किया।,Amir,Amazon Translate
धीमी गति से पकाने से गहरे स्वाद विकसित होते हैं।,Amir,Amazon Translate
एक समीकरण दो अभिव्यक्तियों के बीच समान संकेतों का उपयोग करता है।,Amir,Amazon Translate
अणु तब बनते हैं जब परमाणु इलेक्ट्रॉनों को साझा या स्थानांतरित करते हैं।,Amir,Amazon Translate
लगातार दिनचर्या तनाव और चिंता को कम करती है।,Amir,Amazon Translate
डिडक्टिव लॉजिक विशिष्ट मामलों में सामान्य नियम लागू करता है।,Amir,Amazon Translate
मानवतावाद मानव कल्याण और गरिमा को प्राथमिकता देता है।,Amir,Amazon Translate
धर्मोपदेश धार्मिक संदेश और सबक देते हैं।,Amir,Amazon Translate
फिटनेस ट्रैकर शारीरिक गतिविधि के स्तर की निगरानी करते हैं।,Amir,Amazon Translate
"आम गर्म, नम जलवायु में पनपते हैं।",Amir,Amazon Translate
बैरोक पेंटिंग प्रकाश और छाया के नाटकीय विरोधाभासों को दर्शाती है।,Amir,Amazon Translate
टस्कनी मध्य इटली की रोलिंग पहाड़ियों में स्थित है।,Amir,Amazon Translate
ज्यादा नाश्ता करने से वजन बढ़ता है।,Amir,Amazon Translate
रोमन साम्राज्य ने अपनी ऊंचाई पर तीन महाद्वीपों को फैलाया।,Amir,Amazon Translate
किराए पर लेने से अस्थायी रहने की व्यवस्था होती है।,Amir,Amazon Translate
लोहे के नाखून नम परिस्थितियों में जंग खा जाते हैं।,Amir,Amazon Translate
नियमित माइंडफुलनेस अभ्यास आवेगपूर्ण व्यवहार को कम करता है।,Amir,Amazon Translate
एनालॉजीज़ संबंधित उदाहरणों का उपयोग करके अमूर्त विचारों को स्पष्ट करते हैं।,Amir,Amazon Translate
व्यवहारवाद व्यावहारिक परिणामों के आधार पर क्रियाओं का न्याय करता है।,Amir,Amazon Translate
पवित्र ग्रंथ विश्वास परंपराओं को आकार देते हैं।,Amir,Amazon Translate
विधायिका कानूनी विधियों को लिखती और संशोधित करती है।,Amir,Amazon Translate
सेल फोन संचार के लिए सेलुलर नेटवर्क का उपयोग करते हैं।,Amir,Amazon Translate
शलजम भूमिगत रूप से जड़ वाली सब्जियों के रूप में उगते हैं।,Amir,Amazon Translate
सना हुआ ग्लास कई पुराने चर्चों को सजाता है।,Amir,Amazon Translate
सिंगापुर सख्त सफाई नियमों के लिए जाना जाता है।,Amir,Amazon Translate
पोटेशियम कोशिकाओं में द्रव संतुलन बनाए रखता है।,Amir,Amazon Translate
लैंगिक भूमिकाएं संस्कृति और इतिहास के आधार पर बनाई जाती हैं।,Amir,Amazon Translate
आर्कबिशप बड़े ईसाई क्षेत्रों की देखरेख करते हैं।,Amir,Amazon Translate
सामाजिक अनुबंध बताते हैं कि सार्वजनिक समझौते से कानून कैसे उत्पन्न होते हैं।,Amir,Amazon Translate
ऑनलाइन फ़ोरम दुनिया भर में समूह चर्चाओं को सक्षम करते हैं।,Amir,Amazon Translate
बीजान्टिन मोज़ाइक सोने की पृष्ठभूमि में बाइबिल के दृश्यों को चित्रित करते हैं।,Amir,Amazon Translate
किलिमंजारो पूर्वी अफ्रीकी मैदानों से ऊपर उठता है।,Amir,Amazon Translate
फील्ड हॉकी स्टिक और हार्ड बॉल का उपयोग करती है।,Amir,Amazon Translate
कार्बन परमाणु आसानी से लंबे कार्बनिक अणुओं में बंध जाते हैं।,Amir,Amazon Translate
तंत्रिका संकेत तेजी से संवेदी संदेश भेजते हैं।,Amir,Amazon Translate
मीटर मीट्रिक सिस्टम में लंबाई को मापता है।,Amir,Amazon Translate
महाकाव्य उपन्यास पीढ़ियों और यात्राओं के नायकों का अनुसरण करते हैं।,Amir,Amazon Translate
एनिमिज़्म आत्माओं को प्राकृतिक वस्तुओं में निवास करते हुए देखता है।,Amir,Amazon Translate
शरीयत कुछ इस्लामिक देशों में कानून को प्रभावित करती है।,Amir,Amazon Translate
कूटनीति अंतरराष्ट्रीय स्तर पर शांति सौदों पर बातचीत करती है।,Amir,Amazon Translate
जनमत संग्रह मुद्दों पर प्रत्यक्ष लोकतंत्र को आमंत्रित करते हैं।,Amir,Amazon Translate
अक्षांश भूमध्य रेखा के उत्तर या दक्षिण की दूरी को मापता है।,Amir,Amazon Translate
पृथ्वी के कोरिओलिस प्रभाव के कारण तूफान घूमते हैं।,Amir,Amazon Translate
अमृत की खोज करते समय भौंरा फूलों को निषेचित करने में मदद करता है।,Amir,Amazon Translate
विश्लेषक प्रतिदिन शेयर बाजार के रुझान की व्याख्या करते हैं।,Amir,Amazon Translate
मोशन सेंसर घर के अंदर और बाहर की आवाजाही का पता लगाते हैं।,Amir,Amazon Translate
पुल नदियों या घाटियों पर सड़कों का समर्थन करते हैं।,Amir,Amazon Translate
अस्थमा कुछ ट्रिगर्स के दौरान सांस लेने से रोकता है।,Amir,Amazon Translate
ग्लिफ़ छवि-आधारित प्रतीकों के माध्यम से भाषा को व्यक्त करते हैं।,Amir,Amazon Translate
आर्कटिक खोजकर्ता अत्यधिक ठंड और अलगाव का सामना करते हैं।,Amir,Amazon Translate
फिल्मों में कहानी सुनाने के लिए सिनेमैटोग्राफी महत्वपूर्ण है।,Amir,Amazon Translate
क्वाड्रूड्स प्राकृतिक रूप से चार पैरों पर चलते हैं।,Amir,Amazon Translate
फ़िंगरप्रिंट अद्वितीय व्यक्तिगत पहचान विधियाँ प्रदान करते हैं।,Amir,Amazon Translate
बैंकी एक प्रसिद्ध अनाम स्ट्रीट आर्टिस्ट हैं।,Amir,Amazon Translate
तिब्बत दुनिया के सबसे ऊँचे पठार पर स्थित है।,Amir,Amazon Translate
चिली और इक्वाडोर को छोड़कर ब्राज़ील की सीमा हर दक्षिण अमेरिकी देश से लगती है।,Amir,Amazon Translate
सिट-अप्स पेट की मांसपेशियों और कोर स्ट्रेंथ का काम करते हैं।,Amir,Amazon Translate
1969 में मून लैंडिंग हुई।,Amir,Amazon Translate
स्ट्रीट फ़ोटोग्राफ़ी सार्वजनिक स्थानों पर स्पष्ट क्षणों को कैद करती है।,Amir,Amazon Translate
तरल पदार्थ उनके कंटेनरों का आकार लेते हैं।,Amir,Amazon Translate
व्यक्तिगत उपलब्धियां आत्म-मूल्य और प्रेरणा को बढ़ाती हैं।,Amir,Amazon Translate
अंतर्ज्ञान निर्णय लेने में तार्किक विश्लेषण का पूरक है।,Amir,Amazon Translate
पंद्रहवीं शताब्दी के पंजाब में सिख धर्म शुरू हुआ।,Amir,Amazon Translate
सार्वजनिक पुस्तकालय सामुदायिक उपयोग के लिए मुफ्त किताबें प्रदान करते हैं।,Amir,Amazon Translate
तिल के बीज का उपयोग पकाने और पकाने में किया जाता है।,Amir,Amazon Translate
"बॉलीवुड फिल्मों में संगीत, नाटक और नृत्य का मिश्रण होता है।",Amir,Amazon Translate
बैंकॉक थाईलैंड की राजधानी और सबसे बड़ा शहर है।,Amir,Amazon Translate
पावर वॉकिंग से जोड़ों के न्यूनतम प्रभाव के साथ सहनशक्ति बढ़ती है।,Amir,Amazon Translate
1776 में स्वतंत्रता की घोषणा पर हस्ताक्षर किए गए थे।,Amir,Amazon Translate
होम ब्रूइंग नियंत्रित किण्वन के माध्यम से बीयर बनाता है।,Amir,Amazon Translate
दशमलव स्थानीय मान संकेतन का उपयोग करके भिन्नात्मक मान व्यक्त करते हैं।,Amir,Amazon Translate
किसी भी उपलब्ध स्थान को भरने के लिए गैसों का विस्तार होता है।,Amir,Amazon Translate
रूटीन बच्चों को सुरक्षित और सुरक्षित महसूस करने में मदद करता है।,Amir,Amazon Translate
सर्कुलर रीजनिंग वैध प्रमाण के बिना दावों को दोहराता है।,Amir,Amazon Translate
ट्रान्सेंडैंटलिज्म अंतर्ज्ञान और प्राकृतिक आध्यात्मिकता पर जोर देता है।,Amir,Amazon Translate
मंत्री ईसाई मण्डली और समारोहों का नेतृत्व करते हैं।,Amir,Amazon Translate
"पहनने योग्य तकनीक कदम, हृदय गति या नींद के चक्र को ट्रैक करती है।",Amir,Amazon Translate
अमरूद उष्णकटिबंधीय सदाबहार पेड़ों पर उगता है।,Amir,Amazon Translate
अभिव्यक्तिवाद बोल्ड रंग और रूप के माध्यम से भावनाओं को व्यक्त करता है।,Amir,Amazon Translate
रियो डी जनेरियो में प्रसिद्ध समुद्र तट और कार्निवल परेड हैं।,Amir,Amazon Translate
मिड-मॉर्निंग स्नैकिंग भूख नियमन को बाधित कर सकती है।,Amir,Amazon Translate
यूरोपीय संपर्क से पहले एज़्टेक साम्राज्य मध्य मेक्सिको पर हावी था।,Amir,Amazon Translate
रूममेट लागत और घरेलू कर्तव्यों को एक साथ साझा करते हैं।,Amir,Amazon Translate
एक लीप वर्ष फरवरी में एक अतिरिक्त दिन जोड़ता है।,Amir,Amazon Translate
एल्युमिनियम लोहे की तुलना में क्षरण का बेहतर प्रतिरोध करता है।,Amir,Amazon Translate
बजट लंबे समय तक अनावश्यक खर्च को प्रतिबंधित करता है।,Amir,Amazon Translate
प्रतीकवाद वस्तुओं को कहानियों या कला में व्यापक अर्थ देता है।,Amir,Amazon Translate
फेनोमेनोलॉजी सचेत अनुभवों का व्यवस्थित रूप से अध्ययन करती है।,Amir,Amazon Translate
दृष्टांत धार्मिक शास्त्रों में नैतिकता सिखाते हैं।,Amir,Amazon Translate
कार्यकारी शाखाएं सरकारी स्तर पर कानून लागू करती हैं।,Amir,Amazon Translate
फाइबर ऑप्टिक्स से इंटरनेट की गति में काफी सुधार होता है।,Amir,Amazon Translate
भित्तिचित्र शहरी सतहों पर सामाजिक संदेश व्यक्त करता है।,Amir,Amazon Translate
पादरी विश्वास के मामलों में पैरिशियन को सलाह देते हैं।,Amir,Amazon Translate
सिविल सूट गैर-आपराधिक कानूनी असहमतियों को हल करते हैं।,Amir,Amazon Translate
डिजिटल प्लेटफ़ॉर्म वैश्विक वार्तालाप को आसानी से अनुमति देते हैं।,Amir,Amazon Translate
पोलिनेटर पराग को स्थानांतरित करके पौधों को प्रजनन करने में मदद करते हैं।,Amir,Amazon Translate
"आर्ट डेको आर्किटेक्चर ज्यामितीय, सुव्यवस्थित डिजाइनों का उपयोग करता है।",Amir,Amazon Translate
रॉकीज़ उत्तरी अमेरिका की सबसे लंबी निरंतर पर्वत श्रृंखला बनाती हैं।,Amir,Amazon Translate
बेसबॉल में गेंदों को चमगादड़ से बेस की ओर मारना शामिल है।,Amir,Amazon Translate
मोटर न्यूरॉन्स पूरे शरीर में मांसपेशियों की गति को नियंत्रित करते हैं।,Amir,Amazon Translate
नाटक भावनात्मक विकास या संघर्ष पर केंद्रित होते हैं।,Amir,Amazon Translate
वैराग्य सद्गुण को जीवन की सबसे बड़ी भलाई के रूप में सिखाता है।,Amir,Amazon Translate
प्रचारक पूजा सेवाओं के दौरान धर्मोपदेश देते हैं।,Amir,Amazon Translate
न्यायाधीश स्थापित कानून के अनुसार नियमों की व्याख्या करते हैं।,Amir,Amazon Translate
स्मार्टफोन मोबाइल ऑपरेटिंग सिस्टम पर चलते हैं।,Amir,Amazon Translate
मूली बीज से कटाई तक जल्दी पक जाती है।,Amir,Amazon Translate
भित्ति चित्र बड़ी चित्रित छवियों के साथ इमारतों को सजाते हैं।,Amir,Amazon Translate
सियोल दक्षिण कोरिया की राजधानी है।,Amir,Amazon Translate
फॉस्फोरस स्वस्थ हड्डियों और दांतों के निर्माण में सहायता करता है।,Amir,Amazon Translate
सामाजिक भूमिकाएं समूहों में अपेक्षित व्यवहार को परिभाषित करती हैं।,Amir,Amazon Translate
भिक्षु प्रार्थना और सीखने के लिए जीवन समर्पित करते हैं।,Amir,Amazon Translate
याचिकाएं नीति परिवर्तन अनुरोधों के लिए हस्ताक्षर एकत्र करती हैं।,Amir,Amazon Translate
टेक्स्ट मैसेजिंग संक्षिप्त संचार को डिजिटल रूप से प्रसारित करता है।,Amir,Amazon Translate
स्थानिक प्रजातियाँ केवल विशिष्ट भौगोलिक क्षेत्रों में रहती हैं।,Amir,Amazon Translate
डॉग स्लेजिंग बर्फीले इलाके में आपूर्ति पहुंचाता है।,Amir,Amazon Translate
रोमन मोज़ाइक ने फर्श और दीवारों को छोटे टाइलों से सजाया।,Amir,Amazon Translate
एवरेस्ट बेस कैंप दुनिया भर के ट्रेकर्स को आकर्षित करता है।,Amir,Amazon Translate
शेफ पेशेवर रूप से पाक व्यंजनों का निर्माण करते हैं।,Amir,Amazon Translate
लंबा विभाजन संख्याओं को पूरे भागों में अलग करता है।,Amir,Amazon Translate
जेनेटिक्स जीवित चीजों में विरासत में मिली विशेषताओं की व्याख्या करता है।,Amir,Amazon Translate
लघु कथा कुछ पन्नों में पूरी कहानियाँ बताती है।,Amir,Amazon Translate
टोटेम पोल मूल लोगों के बीच वंश का प्रतिनिधित्व करते हैं।,Amir,Amazon Translate
एनिमेटर्स पात्रों को फ्रेम-दर-फ्रेम जीवंत करते हैं।,Amir,Amazon Translate
"क्रस्टेशियंस में केकड़े, झींगा मछली और झींगा शामिल हैं।",Amir,Amazon Translate
होकुसाई ने प्रसिद्ध प्रिंट “द ग्रेट वेव ऑफ कानागावा” बनाया।,Amir,Amazon Translate
तस्मानिया ऑस्ट्रेलिया का एक द्वीप राज्य है।,Amir,Amazon Translate
स्विट्ज़रलैंड लैंडलॉक है और इसकी सीमा पांच देशों से लगती है।,Amir,Amazon Translate
प्रतिरोध प्रशिक्षण के लिए पुश-अप्स शरीर के वजन का उपयोग करते हैं।,Amir,Amazon Translate
अपोलो 13 एक निकट-आपदा चंद्रमा मिशन था।,Amir,Amazon Translate
कैलीग्राफी के लिए पेन या ब्रश स्ट्रोक के सावधानीपूर्वक नियंत्रण की आवश्यकता होती है।,Amir,Amazon Translate
एक वृत्त में सममिति की अनंत रेखाएँ होती हैं।,Amir,Amazon Translate
भौतिक या रासायनिक प्रतिक्रियाओं में पदार्थ संरक्षित रहता है।,Amir,Amazon Translate
दैनिक पुष्टि आत्म-सम्मान वृद्धि का समर्थन कर सकती है।,Amir,Amazon Translate
अनुसंधान विधियाँ अवलोकन के माध्यम से परिकल्पनाओं का परीक्षण करती हैं।,Amir,Amazon Translate
"ज़ेन उद्यान चट्टानों, रेत और पौधों को सौंदर्य की दृष्टि से व्यवस्थित करते हैं।",Amir,Amazon Translate
नागरिक कर्तव्यों में वोटिंग और जूरी सेवा शामिल हैं।,Amir,Amazon Translate
वायरलेस नेटवर्किंग डोरियों के बिना डिवाइस कनेक्टिविटी को सक्षम करती है।,Amir,Amazon Translate
धूप में सुखाए गए टमाटर का उपयोग पाक सामग्री के रूप में किया जाता है।,Amir,Amazon Translate
साल्सा संगीत एफ्रो-क्यूबन लय और जैज़ तत्वों को मिश्रित करता है।,Amir,Amazon Translate
वैंकूवर प्रशांत महासागर और तट पर्वत के बीच स्थित है।,Amir,Amazon Translate
रोइंग में समन्वित हाथ और पीठ की ताकत का उपयोग किया जाता है।,Amir,Amazon Translate
एडिक्ट ऑफ नैनटेस ने फ्रांसीसी धार्मिक स्वतंत्रता की अनुमति दी।,Amir,Amazon Translate
अधिक पोषक तत्वों को बरकरार रखते हुए सब्जियों को भाप से पकाती है।,Amir,Amazon Translate
हेक्साडेसिमल प्रणाली सोलह संभावित अंकों का उपयोग करती है।,Amir,Amazon Translate
प्लास्मा गैसों की तुलना में बिजली का बेहतर संचालन करते हैं।,Amir,Amazon Translate
सर्कैडियन रिदम अलग-अलग समय के दौरान सतर्कता को प्रभावित करता है।,Amir,Amazon Translate
एनालॉग सिग्नल समय के साथ लगातार बदलते रहते हैं।,Amir,Amazon Translate
संरचनावाद सांस्कृतिक प्रणालियों के भीतर के पैटर्न का विश्लेषण करता है।,Amir,Amazon Translate
पुजारी दुनिया के कई धर्मों में अनुष्ठान करते हैं।,Amir,Amazon Translate
राइड-शेयरिंग सेवाएं मोबाइल एप्लिकेशन पर निर्भर करती हैं।,Amir,Amazon Translate
डूरियन फल से तेज खुशबू आती है लेकिन इसका स्वाद मीठा होता है।,Amir,Amazon Translate
आर्ट नोव्यू में फ्लोइंग कर्व्स और प्राकृतिक आकृतियाँ हैं।,Amir,Amazon Translate
वियना फिलहारमोनिक एक प्रसिद्ध शास्त्रीय ऑर्केस्ट्रा है।,Amir,Amazon Translate
खड़े होकर खाने से कभी-कभी हिस्से का आकार कम हो जाता है।,Amir,Amazon Translate
इंकान्स ने दक्षिण अमेरिका में व्यापक सड़क नेटवर्क बनाए।,Amir,Amazon Translate
शयनगृह विश्वविद्यालयों में साझा आवास प्रदान करते हैं।,Amir,Amazon Translate
हैबिट स्टैकिंग मौजूदा आदतों पर नई दिनचर्या बनाता है।,Amir,Amazon Translate
दृश्य रूपक कला में प्रतीकात्मक रूप से विचारों को दिखाते हैं।,Amir,Amazon Translate
परिणामवाद नैतिकता को क्रियाओं के परिणामों के आधार पर आंकता है।,Amir,Amazon Translate
लिटर्जी सार्वजनिक पूजा के निर्धारित रूप हैं।,Amir,Amazon Translate
सिविल कोड गैर-आपराधिक कानून के मामलों को शामिल करता है।,Amir,Amazon Translate
एन्क्रिप्शन गोपनीयता के लिए डिजिटल डेटा को स्क्रैम्बल करता है।,Amir,Amazon Translate
रेडिकियो मिश्रित सलाद में कड़वा स्वाद जोड़ता है।,Amir,Amazon Translate
भित्तिचित्रों को टैग करना कलाकार के पहचानकर्ता को सार्वजनिक दीवारों पर छोड़ देता है।,Amir,Amazon Translate
नन स्कूल की कक्षाएं सिखा सकती हैं या बीमारों की देखभाल कर सकती हैं।,Amir,Amazon Translate
पेटेंट कानून आविष्कारकों के मूल कार्यों को अस्थायी रूप से सुरक्षित रखता है।,Amir,Amazon Translate
क्राउडफंडिंग छोटे व्यवसायों को वित्तीय पूंजी जुटाने में मदद करती है।,Amir,Amazon Translate
फूड वेब बताता है कि पारिस्थितिक तंत्र में ऊर्जा कैसे प्रवाहित होती है।,Amir,Amazon Translate
बैरोक चर्चों ने वेदियों में सोने की परत वाली मूर्तियों का इस्तेमाल किया।,Amir,Amazon Translate
अप्पलाचियंस अलबामा से कनाडा तक फैले हुए हैं।,Amir,Amazon Translate
बैडमिंटन रैकेट में लंबे हैंडल और तार वाले सिर होते हैं।,Amir,Amazon Translate
दहन होने पर मीथेन ऊष्मा छोड़ता है।,Amir,Amazon Translate
प्रकाश किसी भी अन्य ज्ञात घटना की तुलना में तेज़ी से यात्रा करता है।,Amir,Amazon Translate
कुर्सियां काम या आराम के दौरान शरीर के वजन का समर्थन करती हैं।,Amir,Amazon Translate
महाकाव्य कविता वीर रोमांच या खोजों का वर्णन करती है।,Amir,Amazon Translate
वाचाएं यहूदी परंपरा में बाध्यकारी वादे स्थापित करती हैं।,Amir,Amazon Translate
संवैधानिक अदालतें तय करती हैं कि कानून किसी देश के संविधान के अनुकूल हैं या नहीं।,Amir,Amazon Translate
क्लाउड सीडिंग का उद्देश्य कृत्रिम रूप से वर्षा को गति देना है।,Amir,Amazon Translate
ब्रॉडबैंड हाई-स्पीड इंटरनेट कनेक्शन की आपूर्ति करता है।,Amir,Amazon Translate
सहनशक्ति कार्यक्रम प्रतिभागियों की दूरी पर सहनशक्ति को चुनौती देते हैं।,Amir,Amazon Translate
नृत्य मंडलियां सिंक्रनाइज़ किए गए प्रदर्शन के लिए बड़े पैमाने पर प्रशिक्षण लेती हैं।,Amir,Amazon Translate
क्रूसिफेरस सब्जियों में स्वास्थ्य को बढ़ावा देने वाले यौगिक होते हैं।,Amir,Amazon Translate
एपिसोडिक मेमोरी विशिष्ट व्यक्तिगत अनुभवों को संग्रहीत करती है।,Amir,Amazon Translate
आइकन चित्रकार आध्यात्मिक चित्र बनाते हैं जिन्हें आइकन कहा जाता है।,Amir,Amazon Translate
कैनन लॉ रोमन कैथोलिक चर्च के अंदर की प्रक्रियाओं को नियंत्रित करता है।,Amir,Amazon Translate
मीनारें इस्लामिक मस्जिदों को दृष्टिगत रूप से चिह्नित करती हैं।,Amir,Amazon Translate
आपातकालीन कमरे जानलेवा चिकित्सा स्थितियों का इलाज करते हैं।,Amir,Amazon Translate
एम्बर कठोर पेड़ के राल से आता है।,Amir,Amazon Translate
शाकाहारी केवल पौधों की सामग्री का उपभोग करते हैं।,Amir,Amazon Translate
अप्रेंटिसशिप सीखने को व्यावहारिक नौकरी के अनुभव के साथ जोड़ती है।,Amir,Amazon Translate
मीडिया साक्षरता समाचार विश्वसनीयता का विश्लेषण करने में सक्षम बनाती है।,Amir,Amazon Translate
बायोस्फीयर में विश्व स्तर पर परस्पर क्रिया करने वाली सभी जीवित चीजें शामिल हैं।,Amir,Amazon Translate
विज्ञान के प्रयोगों के दौरान टेस्ट ट्यूब में तरल पदार्थ होते हैं।,Amir,Amazon Translate
शब्दावली किताबों में विशिष्ट शब्दों को परिभाषित करती है।,Amir,Amazon Translate
ओरिगामी क्रेन आशा और उपचार का प्रतीक है।,Amir,Amazon Translate
वाम-मस्तिष्क के कार्य तर्क और विस्तार अभिविन्यास पर जोर देते हैं।,Amir,Amazon Translate
बैंकी के भित्ति चित्र अक्सर राजनीतिक विषयों को संबोधित करते हैं।,Amir,Amazon Translate
सिसिली सबसे बड़ा भूमध्यसागरीय द्वीप है।,Amir,Amazon Translate
ग्रीनविच प्राइम मेरिडियन को शून्य देशांतर पर चिह्नित करता है।,Amir,Amazon Translate
फेफड़े पैरों और ग्लूट्स को मजबूत करते हैं।,Amir,Amazon Translate
राइट ब्रदर्स ने पहला हवाई जहाज उड़ाया।,Amir,Amazon Translate
स्टॉप-मोशन एनीमेशन गति बनाने के लिए स्थिर छवियों का उपयोग करता है।,Amir,Amazon Translate
चतुर्भुजों के चार पहलू होते हैं।,Amir,Amazon Translate
समाधान पदार्थों के समरूप मिश्रण होते हैं।,Amir,Amazon Translate
समय प्रबंधन छात्रों में आत्म-प्रभावकारिता को बढ़ाता है।,Amir,Amazon Translate
ह्युरिस्टिक्स जटिल निर्णय प्रक्रियाओं को गति देते हैं।,Amir,Amazon Translate
तीर्थयात्राएं विश्वासियों को पवित्र स्थानों की ओर आकर्षित करती हैं।,Amir,Amazon Translate
गैर-लाभकारी संगठन मुनाफे को लाभांश के रूप में वितरित किए बिना काम करते हैं।,Amir,Amazon Translate
स्मार्ट थर्मोस्टैट्स स्वचालित रूप से हीटिंग शेड्यूल को अनुकूलित करते हैं।,Amir,Amazon Translate
पोल्का की उत्पत्ति मध्य यूरोप से हुई थी।,Amir,Amazon Translate
बर्लिन स्प्री नदी के किनारे स्थित है।,Amir,Amazon Translate
महिलाओं ने 1920 में अमेरिकी वोटिंग अधिकार प्राप्त किए।,Amir,Amazon Translate
बरिस्ता पेशेवर रूप से कॉफी पेय तैयार करते हैं।,Amir,Amazon Translate
प्रतिशत एक सौ में से मान व्यक्त करते हैं।,Amir,Amazon Translate
आसवन तरल पदार्थों को क्वथनांक से अलग करता है।,Amir,Amazon Translate
पोषण लेबल स्वस्थ भोजन विकल्पों की जानकारी देते हैं।,Amir,Amazon Translate
वैधता से तात्पर्य है कि एक परीक्षण किसी चीज़ को कितनी अच्छी तरह मापता है।,Amir,Amazon Translate
तार्किक विरोधाभास अनपेक्षित विरोधाभासों को प्रकट करते हैं।,Amir,Amazon Translate
रूढ़िवादी ईसाई धर्म पूजा पद्धतियों में प्रतीक का उपयोग करता है।,Amir,Amazon Translate
कार्यकारी आदेश सरकारी एजेंसियों की कार्रवाई को निर्देशित करते हैं।,Amir,Amazon Translate
ब्लूटूथ हेडसेट हैंड्स-फ़्री फ़ोन कॉल को सक्षम करते हैं।,Amir,Amazon Translate
हल्दी भोजन में पीला रंग और मिट्टी जैसा स्वाद जोड़ती है।,Amir,Amazon Translate
कॉमिक स्ट्रिप्स चित्रों के साथ अनुक्रमिक कहानियां बताती हैं।,Amir,Amazon Translate
अलहम्ब्रा महल स्पेन में इस्लामी वास्तुकला को दर्शाता है।,Amir,Amazon Translate
ग्रिल्ड चिकन आहार के लिए दुबला प्रोटीन प्रदान करता है।,Amir,Amazon Translate
तुर्क साम्राज्य तीन महाद्वीपों के कुछ हिस्सों में फैला हुआ था।,Amir,Amazon Translate
अपार्टमेंट किराए पर लेते समय किरायेदार पट्टे पर हस्ताक्षर करते हैं।,Amir,Amazon Translate
परिधि बहुभुज किनारे के आसपास की कुल दूरी की गणना करती है।,Amir,Amazon Translate
क्वार्ट्ज़ घड़ियाँ क्रिस्टल वाइब्रेशन का उपयोग करके सटीक समय रखती हैं।,Amir,Amazon Translate
आवेग नियंत्रण बच्चों में जोखिम भरे व्यवहार को रोकता है।,Amir,Amazon Translate
अस्तित्ववादी दर्शन मानव स्वतंत्रता और उद्देश्य को संबोधित करता है।,Amir,Amazon Translate
नैतिक सबक सिखाने के लिए दंतकथाएँ जानवरों का उपयोग करती हैं।,Amir,Amazon Translate
मेयर शहर के नेताओं के रूप में काम करते हैं।,Amir,Amazon Translate
Amazon Kindle ने वैश्विक स्तर पर डिजिटल ई-रीडिंग को लोकप्रिय बनाया।,Amir,Amazon Translate
पार्सनिप गाजर के समान होते हैं लेकिन हल्के और मीठे होते हैं।,Amir,Amazon Translate
काइरोस्कोरो कला में नाटकीय रूप से प्रकाश और छाया के विपरीत है।,Amir,Amazon Translate
लोच नेस उत्तरी स्कॉटलैंड में स्थित है।,Amir,Amazon Translate
"पिकलबॉल टेनिस, बैडमिंटन और पिंग पोंग नियमों को जोड़ती है।",Amir,Amazon Translate
निकेल संक्षारण प्रतिरोध करता है और आसानी से मिश्र धातु बनाता है।,Amir,Amazon Translate
प्रकाश विभिन्न पारदर्शी सामग्रियों के माध्यम से यात्रा करते हुए झुकता है।,Amir,Amazon Translate
फ़िल्म रूपांतरण पुस्तकों को दृश्य कहानी कहने में अनुवाद करते हैं।,Amir,Amazon Translate
कन्फ्यूशियस शिक्षण पारिवारिक वफादारी पर बल देता है।,Amir,Amazon Translate
पुलिस स्थानीय स्तर पर आपराधिक कानून लागू करती है।,Amir,Amazon Translate
मोबाइल ऐप स्मार्टफ़ोन पर विशेष उपयोगिता प्रदान करते हैं।,Amir,Amazon Translate
ताजा सलाद के लिए मूली जल्दी पक जाती है।,Amir,Amazon Translate
ओरिगामी पेपर क्रेन जापानी संस्कृति में आशा का प्रतिनिधित्व करते हैं।,Amir,Amazon Translate
टैप डांसिंग में सिंक्रोनाइज़्ड फ़ुट साउंड की सुविधा है।,Amir,Amazon Translate
कुमकुम छोटे खट्टे फल होते हैं जिन्हें पूरा खाया जाता है।,Amir,Amazon Translate
आत्म-साक्षात्कार चरम मनोवैज्ञानिक तृप्ति का प्रतिनिधित्व करता है।,Amir,Amazon Translate
रोल मॉडल युवाओं के विकास को सकारात्मक रूप से प्रभावित करते हैं।,Amir,Amazon Translate
पादरी अस्पतालों में आध्यात्मिक सहायता प्रदान करते हैं।,Amir,Amazon Translate
धार्मिक कानूनी मुद्दों पर चर्च संबंधी अदालतें शासन करती हैं।,Amir,Amazon Translate
जिम प्रतिरोध और कार्डियो प्रशिक्षण के लिए सुविधाएं प्रदान करते हैं।,Amir,Amazon Translate
पोर्टफोलियो समीक्षा या प्रस्तुति के लिए कलाकृति एकत्र करते हैं।,Amir,Amazon Translate
ग्राफ़ सिद्धांत कनेक्टेड नोड्स के बीच संबंधों का अध्ययन करता है।,Amir,Amazon Translate
मानव संसाधन कंपनियों के अंदर रोजगार संबंधों का प्रबंधन करते हैं।,Amir,Amazon Translate
"पूजा में प्रार्थनाएँ, गीत और कर्मकांड शामिल होते हैं।",Amir,Amazon Translate
गिरिजाघरों में मेहराबदार छतें और रंगीन कांच की खिड़कियां हैं।,Amir,Amazon Translate
इंप्रेशनिस्ट पेंटर्स ने क्विक ब्रशस्ट्रोक और आउटडोर दृश्यों का इस्तेमाल किया।,Amir,Amazon Translate
हलाल खाद्य पदार्थ इस्लामी आहार मानकों के अनुरूप हैं।,Amir,Amazon Translate
एल्डर केयर वरिष्ठों की दैनिक जीवन की जरूरतों का समर्थन करता है।,Amir,Amazon Translate
बॉटनिकल गार्डन विभिन्न प्रकार के पौधों की प्रजातियों को प्रदर्शित करते हैं।,Amir,Amazon Translate
मंगल मिशन जीवन के साक्ष्य खोजते हैं।,Amir,Amazon Translate
लिटमस पेपर पदार्थ की अम्लता या क्षारीयता का परीक्षण करता है।,Amir,Amazon Translate
व्यक्तिगत स्वच्छता बीमारी और संक्रमण से बचाती है।,Amir,Amazon Translate
परामर्श व्यक्तिगत और भावनात्मक समस्याओं को हल करने में मदद करता है।,Amir,Amazon Translate
ग्राफिक उपन्यास चित्रों और लिखित कहानी को मिलाते हैं।,Amir,Amazon Translate
पाई एक अतार्किक गणितीय स्थिरांक है।,Amir,Amazon Translate
कृषि विज्ञान मिट्टी की उर्वरता और फसल की पैदावार को आगे बढ़ाता है।,Amir,Amazon Translate
कैथोलिक चर्चों में पवित्र ब्रेड को टैबरनेकल्स स्टोर करते हैं।,Amir,Amazon Translate
पुरातत्व भौतिक अवशेषों के माध्यम से पिछली संस्कृतियों की जांच करता है।,Amir,Amazon Translate
शिंटो तोरी द्वार तीर्थ के प्रवेश द्वारों को चिह्नित करते हैं।,Amir,Amazon Translate
कार्बोनेशन शीतल पेय में बुलबुले बनाता है।,Amir,Amazon Translate
समानताएं “पसंद” या “जैसा” का उपयोग करके चीजों के विपरीत तुलना करती हैं।,Amir,Amazon Translate
मैग्नेटाइट एक प्राकृतिक रूप से पाया जाने वाला चुंबकीय खनिज है।,Amir,Amazon Translate
सामान्य संदर्भ पुस्तकें कई विषयों का अवलोकन प्रदान करती हैं।,Amir,Amazon Translate
शब्दकोश शब्दों और उनके उपयोगों को परिभाषित करता है।,Amir,Amazon Translate
विश्वकोश कई विषयों में ज्ञान का संकलन करते हैं।,Amir,Amazon Translate
एटलस संदर्भ के लिए मानचित्रों का संग्रह प्रदर्शित करते हैं।,Amir,Amazon Translate
संदर्भ पुस्तकालय सार्वजनिक उपयोग के लिए सामग्रियों को व्यवस्थित करते हैं।,Amir,Amazon Translate
आंकड़े बड़ी मात्रा में संख्यात्मक जानकारी को संक्षेप में प्रस्तुत करते हैं।,Amir,Amazon Translate
ग्रंथ सूची विद्वानों के कार्यों में संदर्भित स्रोतों को सूचीबद्ध करती है।,Amir,Amazon Translate
अनुक्रमणिका किसी पुस्तक के भीतर विशिष्ट विषयों का पता लगाने में मदद करती है।,Amir,Amazon Translate
शब्दावलियां पाठ में प्रयुक्त शब्दों को स्पष्ट करती हैं।,Amir,Amazon Translate
पंचांग वार्षिक डेटा और तथ्य प्रस्तुत करते हैं।,Amir,Amazon Translate
उद्धरण प्रारूप अकादमिक लेखन में स्पष्टता सुनिश्चित करते हैं।,Amir,Amazon Translate
कालक्रम क्रमिक क्रम में घटनाओं की रूपरेखा तैयार करते हैं।,Amir,Amazon Translate
कैटलॉग प्रासंगिक श्रेणियों के अनुसार आइटम या उत्पादों को व्यवस्थित करते हैं।,Amir,Amazon Translate
गाइडबुक स्थानों या गतिविधियों के बारे में व्यावहारिक सलाह देते हैं।,Amir,Amazon Translate
थिसॉरस वैकल्पिक शब्द विकल्प प्रदान करते हैं।,Amir,Amazon Translate
सार शोध पत्रों की सामग्री को संक्षेप में प्रस्तुत करते हैं।,Amir,Amazon Translate
मैनुअल बताते हैं कि विभिन्न उपकरणों को कैसे संचालित किया जाए।,Amir,Amazon Translate
संग्रह ज्ञान के कई स्रोतों को एक स्रोत में जोड़ते हैं।,Amir,Amazon Translate
अनुसूचियां कार्यों या घटनाओं को कालानुक्रमिक रूप से व्यवस्थित करती हैं।,Amir,Amazon Translate
आधिकारिक दस्तावेज़ महत्वपूर्ण लेनदेन या समझौतों को रिकॉर्ड करते हैं।,Amir,Amazon Translate
"कला संग्रहालय कलाकृतियों का संग्रह, संरक्षण और प्रदर्शन करते हैं।",Amir,Amazon Translate
कहानियों को बताने के लिए बैले आंदोलन और संगीत का उपयोग करता है।,Amir,Amazon Translate
कविता ध्यान से चुनी गई भाषा के माध्यम से भावनाओं को व्यक्त करती है।,Amir,Amazon Translate
उपन्यास पाठकों के लिए काल्पनिक दुनिया बनाते हैं।,Amir,Amazon Translate
लोक गीत सांस्कृतिक पहचान और विरासत को दर्शाते हैं।,Amir,Amazon Translate
मूर्तिकला सामग्री को त्रि-आयामी रूपों में बदल देती है।,Amir,Amazon Translate
वास्तुकला डिज़ाइन की गई संरचनाओं के माध्यम से मानव वातावरण को आकार देती है।,Amir,Amazon Translate
कॉमिक्स कथा प्रभाव के लिए दृश्यों और संवाद को मिलाते हैं।,Amir,Amazon Translate
सिम्फनी जटिल आर्केस्ट्रा संगीत रचनाएँ हैं।,Amir,Amazon Translate
फ़िल्में कहानियों को बताने के लिए चलती छवियों का उपयोग करती हैं।,Amir,Amazon Translate
भित्ति चित्र बड़ी दीवारों को कलात्मक दृश्यों से सजाते हैं।,Amir,Amazon Translate
नाटक में बोले गए संवादों और कार्यों के माध्यम से संघर्ष को दर्शाया गया है।,Amir,Amazon Translate
फैशन डिजाइन दुनिया भर में कपड़ों के रुझान को प्रभावित करता है।,Amir,Amazon Translate
फोटोग्राफी कैमरे के साथ पलों को कैद करती है।,Amir,Amazon Translate
सिरेमिक मिट्टी को कार्यात्मक या सजावटी वस्तुओं में बदल देते हैं।,Amir,Amazon Translate
प्रदर्शन कलाओं के लिए दर्शकों के सामने लाइव प्रस्तुति की आवश्यकता होती है।,Amir,Amazon Translate
"बुकबाइंडिंग लिखित प्रस्तुतियों के टिकाऊ, सुलभ वॉल्यूम बनाता है।",Amir,Amazon Translate
विभिन्न जातीय समूहों के बीच सांस्कृतिक परंपराएं भिन्न होती हैं।,Amir,Amazon Translate
त्यौहार महत्वपूर्ण सामाजिक या धार्मिक अवसरों को चिह्नित करते हैं।,Amir,Amazon Translate
शिल्प कौशल हाथ से कुशल निर्माण पर जोर देती है।,Amir,Amazon Translate
पेंटिंग तकनीकों में पानी के रंग या तेल शामिल हो सकते हैं।,Amir,Amazon Translate
साहित्य कथा या कविता के माध्यम से समाज का विश्लेषण करता है।,Amir,Amazon Translate
बोले गए शब्दों का उपयोग किए बिना नृत्य अर्थ बताता है।,Amir,Amazon Translate
मिथक प्राकृतिक घटनाओं के लिए पारंपरिक व्याख्याओं का प्रतिनिधित्व करते हैं।,Amir,Amazon Translate
डिजिटल कला रचनात्मक अभिव्यक्ति के लिए प्रौद्योगिकी का उपयोग करती है।,Amir,Amazon Translate
संग्रहालय आर्टिफैक्ट डिस्प्ले के माध्यम से इतिहास की व्याख्या करते हैं।,Amir,Amazon Translate
विश्व की राजधानियां देशों के लिए प्रशासनिक केंद्र के रूप में काम करती हैं।,Amir,Amazon Translate
द्वीप समूह पानी से घिरे भूभाग हैं।,Amir,Amazon Translate
वर्षावनों में घनी वनस्पतियां और विविध वन्यजीव होते हैं।,Amir,Amazon Translate
पठारों में ऊँचाई पर समतल भूभाग होते हैं।,Amir,Amazon Translate
वन कई प्रजातियों के लिए आवास प्रदान करते हैं।,Amir,Amazon Translate
घाटियां लंबे समय तक क्षरण प्रक्रियाओं के परिणामस्वरूप होती हैं।,Amir,Amazon Translate
सीमाएँ भौगोलिक रूप से देशों या क्षेत्रों को अलग करती हैं।,Amir,Amazon Translate
झीलें ताजे पानी को अंतर्देशीय रूप से संग्रहित करती हैं।,Amir,Amazon Translate
घाटियाँ पहाड़ियों या पहाड़ों के बीच पाई जाती हैं।,Amir,Amazon Translate
प्रायद्वीप पानी के बड़े निकायों में फैलते हैं।,Amir,Amazon Translate
डेल्टा वहां बनते हैं जहां नदियां बड़े पानी से मिलती हैं।,Amir,Amazon Translate
शहरी केंद्र जनसंख्या और बुनियादी ढांचे पर ध्यान केंद्रित करते हैं।,Amir,Amazon Translate
ज्वारनदमुख खारे पानी और मीठे पानी के पारिस्थितिक तंत्र को संतुलित करते हैं।,Amir,Amazon Translate
गुफाएं प्राकृतिक रूप से भूमिगत रूप से विकसित होती हैं।,Amir,Amazon Translate
आर्द्रभूमि संतृप्त मिट्टी के अनुकूल पौधों का समर्थन करती है।,Amir,Amazon Translate
व्यायाम हृदय की फिटनेस को बनाए रखता है।,Amir,Amazon Translate
हाइड्रेशन निर्जलीकरण और गर्मी की थकावट को रोकता है।,Amir,Amazon Translate
नींद की बहाली स्वस्थ प्रतिरक्षा कार्य का समर्थन करती है।,Amir,Amazon Translate
विटामिन आवश्यक चयापचय प्रक्रियाओं में योगदान करते हैं।,Amir,Amazon Translate
हाथ धोने से संक्रामक रोगों का संचरण कम होता है।,Amir,Amazon Translate
संतुलित आहार में हर दिन फल और सब्जियां शामिल होती हैं।,Amir,Amazon Translate
नियमित जांच से स्वास्थ्य समस्याओं का जल्द पता लगाने में मदद मिलती है।,Amir,Amazon Translate
शारीरिक गतिविधि वजन बढ़ाने को नियंत्रित करने में मदद करती है।,Amir,Amazon Translate
दंत चिकित्सक दांतों की सड़न और मसूड़ों की बीमारी को रोकते हैं।,Amir,Amazon Translate
पैदल चलने से शारीरिक और मानसिक दोनों तरह से लाभ होता है।,Amir,Amazon Translate
उचित आसन जोड़ों के दर्द और चोट से बचाता है।,Amir,Amazon Translate
मानसिक विश्राम से तनाव हार्मोन कम हो जाते हैं।,Amir,Amazon Translate
टीके कुछ वायरल बीमारियों से बचाव करते हैं।,Amir,Amazon Translate
स्वस्थ खाने की आदतें पुरानी बीमारी की संभावना को कम करती हैं।,Amir,Amazon Translate
नाश्ता खाने से सुबह की ऊर्जा का स्तर बढ़ जाता है।,Amir,Amazon Translate
एलर्जी तब होती है जब प्रतिरक्षा प्रणाली हानिरहित पदार्थों पर प्रतिक्रिया करती है।,Amir,Amazon Translate
प्रथम विश्व युद्ध 1918 में समाप्त हुआ।,Amir,Amazon Translate
लंदन की ग्रेट फायर 1666 में हुई थी।,Amir,Amazon Translate
प्राचीन ग्रीस ने पश्चिमी सभ्यता में बड़े पैमाने पर योगदान दिया।,Amir,Amazon Translate
साम्राज्य बनने से पहले रोम एक गणतंत्र बन गया।,Amir,Amazon Translate
मैग्ना कार्टा पर 1215 में हस्ताक्षर किए गए थे।,Amir,Amazon Translate
क्रिस्टोफर कोलंबस 1492 में अमेरिका पहुंचे।,Amir,Amazon Translate
महात्मा गांधी ने भारत के स्वतंत्रता आंदोलन का नेतृत्व किया।,Amir,Amazon Translate
मध्यकालीन यूरोप में सामंतवाद प्रचलित था।,Amir,Amazon Translate
1865 में संयुक्त राज्य अमेरिका में गुलामी को समाप्त कर दिया गया था।,Amir,Amazon Translate
20 वीं शताब्दी के मध्य में अंतरिक्ष की खोज शुरू हुई।,Amir,Amazon Translate
नेल्सन मंडेला ने दक्षिण अफ्रीका में रंगभेद के खिलाफ लड़ाई लड़ी।,Amir,Amazon Translate
प्रिंटिंग प्रेस के आविष्कार ने संचार में क्रांति ला दी।,Amir,Amazon Translate
औद्योगिक क्रांति ने मशीनीकरण और शहरी विकास को बढ़ाया।,Amir,Amazon Translate
बीसवीं सदी में महिलाओं को वैश्विक स्तर पर मताधिकार प्राप्त हुआ।,Amir,Amazon Translate
1990 के बाद इंटरनेट के विकास में तेजी आई।,Amir,Amazon Translate
पुनर्जागरण ने यूरोप में शास्त्रीय ज्ञान और कला को फिर से खोजा।,Amir,Amazon Translate
अंग्रेजी दुनिया भर में व्यापक रूप से बोली जाती है।,Amir,Amazon Translate
यात्री अंतरराष्ट्रीय यात्रा के लिए पासपोर्ट का उपयोग करते हैं।,Amir,Amazon Translate
रिटेल में उपभोक्ताओं को सीधे सामान बेचना शामिल है।,Amir,Amazon Translate
बातचीत पार्टियों के बीच मतभेदों को हल करती है।,Amir,Amazon Translate
बागवानी से सुंदरता या भोजन के लिए पौधे उगते हैं।,Amir,Amazon Translate
खाना पकाने से उपभोग के लिए सामग्री तैयार होती है।,Amir,Amazon Translate
मतदान नागरिकों को लोकतांत्रिक तरीके से नेताओं को चुनने की अनुमति देता है।,Amir,Amazon Translate
काम में भुगतान किया गया रोजगार या स्व-रोजगार शामिल है।,Amir,Amazon Translate
शॉपिंग आवश्यक उत्पादों के लिए पैसे का आदान-प्रदान करती है।,Amir,Amazon Translate
शिक्षण शिक्षार्थियों को ज्ञान और कौशल का संचार करता है।,Amir,Amazon Translate
ड्राइविंग सार्वजनिक सड़कों पर वाहनों का संचालन करती है।,Amir,Amazon Translate
समन्वित गति से तैरना पानी में कुशलता से चलता है।,Amir,Amazon Translate
हाइकिंग पैदल प्राकृतिक वातावरण की खोज करती है।,Amir,Amazon Translate
दौड़ने की दौड़ गति और सहनशक्ति को मापती है।,Amir,Amazon Translate
लकड़ी के संसाधनों से लकड़ी के शिल्प उपयोगी वस्तुएं।,Amir,Amazon Translate
अभिनय नाटकीय प्रस्तुतियों में भूमिका निभाता है।,Amir,Amazon Translate
नए विचारों को बनाए रखने या सीखने के लिए समीक्षा सामग्री का अध्ययन करना।,Amir,Amazon Translate
निर्माण ब्लूप्रिंट के अनुसार इमारतों को इकट्ठा करता है।,Amir,Amazon Translate
"गणित संख्याओं, पैटर्न और संबंधों का अध्ययन करता है।",Amir,Amazon Translate
जोड़ एक राशि का उत्पादन करने के लिए मूल्यों को जोड़ता है।,Amir,Amazon Translate
विभाजन की मात्रा समूहों के बीच समान रूप से होती है।,Amir,Amazon Translate
घटाव दो संख्याओं के बीच अंतर पाता है।,Amir,Amazon Translate
अंश संपूर्ण के भागों को दर्शाते हैं।,Amir,Amazon Translate
दशमलव एक इकाई से कम भागों को व्यक्त करते हैं।,Amir,Amazon Translate
संभाव्यता संभावित परिणामों की संभावना का अनुमान लगाती है।,Amir,Amazon Translate
कैलकुलस मात्रात्मक रूप से परिवर्तन और संचय को संबोधित करता है।,Amir,Amazon Translate
तर्क वैध तर्क के सिद्धांतों की जांच करता है।,Amir,Amazon Translate
ग्राफ़ विश्लेषण के लिए डेटा सेट की कल्पना करते हैं।,Amir,Amazon Translate
अभाज्य संख्याएं केवल एक और अपने आप से विभाज्य होती हैं।,Amir,Amazon Translate
क्षेत्र किसी दी गई सीमा के अंदर के स्थान को मापता है।,Amir,Amazon Translate
अनुपात सीधे दो मात्राओं के आकार की तुलना करते हैं।,Amir,Amazon Translate
फ़ंक्शंस इनपुट को लगातार आउटपुट से संबंधित करते हैं।,Amir,Amazon Translate
सूत्र गणना प्रक्रियाओं को मानकीकृत करते हैं।,Amir,Amazon Translate
घनत्व सामग्री के प्रति आयतन द्रव्यमान का वर्णन करता है।,Amir,Amazon Translate
अपरदन से चट्टानें और मिट्टी घिस जाती है।,Amir,Amazon Translate
गुरुत्वाकर्षण सब कुछ ग्रहों की कोर की ओर खींचता है।,Amir,Amazon Translate
चुम्बक ध्रुवों के बीच आकर्षण या प्रतिकर्षण उत्पन्न करते हैं।,Amir,Amazon Translate
धातुएं आसानी से विद्युत प्रवाह का संचालन करती हैं।,Amir,Amazon Translate
ऑक्सीजन पशु और मानव श्वसन का समर्थन करता है।,Amir,Amazon Translate
कार्बन कार्बनिक यौगिकों के लिए आधार बनाता है।,Amir,Amazon Translate
अम्ल खट्टा स्वाद लेते हैं और घोल में हाइड्रोजन आयन छोड़ते हैं।,Amir,Amazon Translate
क्षार फिसलन महसूस करते हैं और एसिड को बेअसर कर देते हैं।,Amir,Amazon Translate
वायरस प्रजनन के लिए जीवित जीवों को संक्रमित करते हैं।,Amir,Amazon Translate
ध्वनि तरंगें बाधाओं और बाधाओं के चारों ओर झुकती हैं।,Amir,Amazon Translate
ऊष्मा गर्म से ठंडी वस्तुओं की ओर अनायास प्रवाहित होती है।,Amir,Amazon Translate
आवर्धन अवलोकन के लिए सूक्ष्म नमूनों को बड़ा करता है।,Amir,Amazon Translate
पोषण शारीरिक मरम्मत के लिए बिल्डिंग ब्लॉक प्रदान करता है।,Amir,Amazon Translate
परमाणु संख्या तत्व नाभिक में प्रोटॉन की गणना करती है।,Amir,Amazon Translate
"लोग भाषण, शरीर की भाषा और चेहरे के भावों के माध्यम से बातचीत करते हैं।",Amir,Amazon Translate
स्मृति भविष्य के स्मरण के लिए पिछले अनुभवों को बरकरार रखती है।,Amir,Amazon Translate
व्यक्तित्व लक्षण व्यक्तियों को विशिष्ट रूप से अलग करते हैं।,Amir,Amazon Translate
बुढ़ापा मनुष्यों में धीरे-धीरे जैविक परिवर्तन लाता है।,Amir,Amazon Translate
जीवन के सभी चरणों में विकास दर अलग-अलग होती है।,Amir,Amazon Translate
जिज्ञासा सीखने और अन्वेषण को प्रेरित करती है।,Amir,Amazon Translate
सहयोग अक्सर एकल प्रयासों की तुलना में अधिक हासिल करता है।,Amir,Amazon Translate
प्रेरणा व्यक्तिगत लक्ष्यों की खोज को प्रेरित करती है।,Amir,Amazon Translate
विश्वास पारस्परिक संबंधों को मजबूत करता है।,Amir,Amazon Translate
आलोचनात्मक सोच उपलब्ध प्रमाणों का तार्किक रूप से मूल्यांकन करती है।,Amir,Amazon Translate
आत्म-प्रतिबिंब ताकत का आकलन करता है और सुधार को निर्देशित करता है।,Amir,Amazon Translate
आदतें लंबे समय तक व्यवहार को आकार देती हैं।,Amir,Amazon Translate
तनाव मानसिक और शारीरिक स्वास्थ्य दोनों को नकारात्मक रूप से प्रभावित करता है।,Amir,Amazon Translate
रचनात्मकता मूल समाधान या विचार उत्पन्न करती है।,Amir,Amazon Translate
मूल्य नैतिक निर्णय और दैनिक विकल्पों का मार्गदर्शन करते हैं।,Amir,Amazon Translate
विश्वास विश्वदृष्टि निर्माण को सूचित करते हैं।,Amir,Amazon Translate
रुचि या थकान के आधार पर ध्यान देने की अवधि में उतार-चढ़ाव होता है।,Amir,Amazon Translate
निष्कर्ष देखे गए सुरागों से निष्कर्ष निकालता है।,Amir,Amazon Translate
"दर्शनशास्त्र अस्तित्व, उद्देश्य और नैतिकता पर बहस करता है।",Amir,Amazon Translate
कारण निर्णय लेने से पहले परिणामों पर विचार करता है।,Amir,Amazon Translate
प्रेरण प्रेक्षणों से सामान्य सिद्धांतों का अनुमान लगाता है।,Amir,Amazon Translate
नैतिकता सवाल करती है कि कौन से व्यवहार अच्छे हैं या सही हैं।,Amir,Amazon Translate
स्वतंत्र इच्छा स्वैच्छिक पसंद के लिए क्षमता ग्रहण करती है।,Amir,Amazon Translate
द्वैतवाद शरीर से मन को अवधारणात्मक रूप से अलग करता है।,Amir,Amazon Translate
निष्पक्षता का उद्देश्य निष्पक्षता और पूर्वाग्रह की कमी है।,Amir,Amazon Translate
ज्ञान उचित सच्ची मान्यताओं की तलाश करता है।,Amir,Amazon Translate
सौंदर्यशास्त्र सुंदरता या कलात्मक गुणवत्ता की सराहना करता है।,Amir,Amazon Translate
नियतत्ववाद का प्रस्ताव है कि सभी घटनाएं कार्य-कारण कानूनों का पालन करें।,Amir,Amazon Translate
सदाचार बाहरी पुरस्कारों पर चरित्र उत्कृष्टता को प्राथमिकता देता है।,Amir,Amazon Translate
उपयोगितावाद सबसे बड़ी संख्या के लिए खुशी को अधिकतम करता है।,Amir,Amazon Translate
एनालॉजी अवधारणाओं के बीच समानता की तुलना करती है।,Amir,Amazon Translate
आदर्शवाद यह मानता है कि वास्तविकता मानसिक रूप से निर्मित होती है।,Amir,Amazon Translate
भौतिकवाद का दावा है कि केवल पदार्थ ही अस्तित्व का निर्माण करता है।,Amir,Amazon Translate
विश्वास अनुभवजन्य प्रमाण से परे भरोसा करता है।,Amir,Amazon Translate
हठधर्मिता शिक्षाओं को निर्विवाद सत्य के रूप में स्वीकार करती है।,Amir,Amazon Translate
पवित्रशास्त्र में अनुयायियों द्वारा पूजनीय पवित्र लेखन शामिल हैं।,Amir,Amazon Translate
प्रार्थना देवताओं के प्रति इच्छाओं या कृतज्ञता का संचार करती है।,Amir,Amazon Translate
तीर्थयात्रा यात्रा के माध्यम से धार्मिक परंपरा का सम्मान करती है।,Amir,Amazon Translate
एकेश्वरवाद एक सर्वोच्च देवता में विश्वास करता है।,Amir,Amazon Translate
"एनिमिज़्म आत्माओं को जानवरों, पौधों या वस्तुओं के लिए जिम्मेदार ठहराता है।",Amir,Amazon Translate
अनुष्ठान बार-बार होने वाले समारोहों के माध्यम से आध्यात्मिक विश्वासों को लागू करता है।,Amir,Amazon Translate
पादरी सामूहिक पूजा सेवाओं का नेतृत्व करते हैं।,Amir,Amazon Translate
पाप ईश्वरीय कानून के विपरीत कार्यों की पहचान करता है।,Amir,Amazon Translate
मोचन अधर्म के लिए क्षमा का वादा करता है।,Amir,Amazon Translate
सिद्धांत धार्मिक विश्वास की व्याख्या को व्यवस्थित करता है।,Amir,Amazon Translate
साक्षी दूसरों के साथ सार्वजनिक रूप से विश्वास साझा करता है।,Amir,Amazon Translate
तब्बू सांस्कृतिक या आध्यात्मिक रूप से कुछ व्यवहारों को प्रतिबंधित करता है।,Amir,Amazon Translate
मोक्ष जीवन के बाद की पूर्ति या मुक्ति की आशा प्रदान करता है।,Amir,Amazon Translate
सामाजिक मानदंड अपेक्षित समूह व्यवहार को उन्मुख करते हैं।,Amir,Amazon Translate
लोकतंत्र बहुमत से नेताओं का चुनाव करता है।,Amir,Amazon Translate
परिवार बच्चों के शुरुआती विकास का पोषण करते हैं।,Amir,Amazon Translate
समुदाय आपसी लाभ के लिए संसाधनों को साझा करते हैं।,Amir,Amazon Translate
अर्थव्यवस्थाएं मुद्रा के लिए वस्तुओं और सेवाओं का व्यापार करती हैं।,Amir,Amazon Translate
शिक्षा आवश्यक साक्षरता और विशेषज्ञता प्रदान करती है।,Amir,Amazon Translate
मास मीडिया समाचार को व्यापक रूप से प्रकाशनों तक प्रसारित करता है।,Amir,Amazon Translate
सरकार कानून लागू करती है और नागरिक व्यवस्था बनाए रखती है।,Amir,Amazon Translate
असमानता अवसर पहुंच से आबादी को विभाजित करती है।,Amir,Amazon Translate
स्वयंसेवा बिना वेतन के सामूहिक कल्याण का समर्थन करती है।,Amir,Amazon Translate
आपदा राहत पीड़ितों को अचानक कठिनाई का सामना करने में सहायता करती है।,Amir,Amazon Translate
न्याय सहमत मानकों के तहत उचित व्यवहार सुनिश्चित करता है।,Amir,Amazon Translate
सार्वजनिक नीति व्यावहारिक रूप से साझा समस्याओं का जवाब देती है।,Amir,Amazon Translate
संघर्ष समाधान शांतिपूर्ण समझौते को प्रोत्साहित करता है।,Amir,Amazon Translate
बाजार आपूर्ति और मांग का उपयोग करके कीमतों का निर्धारण करते हैं।,Amir,Amazon Translate
प्रौद्योगिकी वैज्ञानिक सिद्धांतों का उपयोग करके समस्याओं को हल करती है।,Amir,Amazon Translate
इंटरनेट वैश्विक नेटवर्क को तुरन्त लिंक करता है।,Amir,Amazon Translate
"स्मार्टफ़ोन फ़ोन कॉल, कंप्यूटिंग और कैमरों को एकीकृत करते हैं।",Amir,Amazon Translate
सॉफ्टवेयर प्रोग्राम कंप्यूटर को कोडेड कमांड के साथ निर्देश देते हैं।,Amir,Amazon Translate
रोबोटिक्स दोहराए जाने वाले या खतरनाक कार्यों को स्वचालित करता है।,Amir,Amazon Translate
उपग्रह कक्षा से दूर से पृथ्वी की निगरानी करते हैं।,Amir,Amazon Translate
इलेक्ट्रिक मोटर बिजली को यांत्रिक कार्य में बदल देते हैं।,Amir,Amazon Translate
3D प्रिंटिंग परत दर परत वस्तुओं का निर्माण करती है।,Amir,Amazon Translate
क्लाउड स्टोरेज वेब के जरिए साइट से फाइलों को सेव करता है।,Amir,Amazon Translate
मेडिकल इमेजिंग शरीर की आंतरिक स्थितियों की गैर-आक्रामक रूप से कल्पना करती है।,Amir,Amazon Translate
"नवीकरणीय ऊर्जा सूर्य, वायु या जल शक्ति का उपयोग करती है।",Amir,Amazon Translate
आर्टिफिशियल इंटेलिजेंस मानव अनुभूति की आवश्यकता होने पर कार्य करता है।,Amir,Amazon Translate
नैनो टेक्नोलॉजी इंजीनियर आणविक पैमाने पर संरचनाएं बनाते हैं।,Amir,Amazon Translate
जेनेटिक इंजीनियरिंग जानबूझकर जीवों की विशेषताओं को संशोधित करती है।,Amir,Amazon Translate
क्वांटम यांत्रिकी परमाणु और उप-परमाणु घटनाओं का मॉडल बनाती है।,Amir,Amazon Translate
साइबर सुरक्षा सूचना प्रणालियों को अनधिकृत पहुंच से बचाती है।,Amir,Amazon Translate
बायोडिग्रेडेबल प्लास्टिक पर्यावरण प्रदूषण को कम करता है।,Amir,Amazon Translate
अर्धचालक कॉम्पैक्ट इलेक्ट्रॉनिक सर्किटरी उत्पादन को सक्षम करते हैं।,Amir,Amazon Translate
एक नुस्खा चरण-दर-चरण खाना पकाने के निर्देश प्रदान करता है।,Amir,Amazon Translate
इतिहासकार संदर्भ के लिए पिछली घटनाओं का अध्ययन करते हैं।,Amir,Amazon Translate
सब्जियों को धोने से सतह के कीटनाशक निकल जाते हैं।,Amir,Amazon Translate
खाना पकाने में गर्मी का उपयोग करके भोजन तैयार करना शामिल है।,Amir,Amazon Translate
बीजगणित संख्याओं का प्रतिनिधित्व करने के लिए अक्षरों का उपयोग करता है।,Amir,Amazon Translate
हाइड्रोजन सबसे सरल रासायनिक तत्व है।,Amir,Amazon Translate
व्यक्तित्व सामाजिक संबंधों और व्यवहार को प्रभावित करता है।,Amir,Amazon Translate
दावों पर विश्वास करने से पहले संशयवाद पर सवाल उठाने की आवश्यकता होती है।,Amir,Amazon Translate
बौद्ध धर्म ध्यान और करुणा को प्रोत्साहित करता है।,Amir,Amazon Translate
परिवार बच्चों को वयस्कता में पालते हैं।,Amir,Amazon Translate
ईमेल दूर-दूर तक डिजिटल संचार की अनुमति देता है।,Amir,Amazon Translate
स्वचालित दरवाजे खोलने के लिए सेंसर का उपयोग करते हैं।,Amir,Amazon Translate
थिसॉरस आमतौर पर इस्तेमाल किए जाने वाले शब्दों के लिए समानार्थी शब्दों को सूचीबद्ध करता है।,Amir,Amazon Translate
"ऑर्केस्ट्रा में स्ट्रिंग, वुडविंड, ब्रास और पर्क्यूशन इंस्ट्रूमेंट्स होते हैं।",Amir,Amazon Translate
पेरिस को “सिटी ऑफ़ लाइट” के नाम से जाना जाता है।,Amir,Amazon Translate
दौड़ने से पैर की मांसपेशियां काफी मजबूत होती हैं।,Amir,Amazon Translate
दीवारों को पेंट करने से कमरे का रूप बदल जाता है।,Amir,Amazon Translate
अभाज्य संख्याओं में केवल दो भाजक होते हैं।,Amir,Amazon Translate
हंसी अस्थायी रूप से तनाव को कम कर सकती है।,Amir,Amazon Translate
तर्क तर्क को भावना से अलग करता है।,Amir,Amazon Translate
सांस्कृतिक अनुष्ठान समय के साथ समूह की पहचान को आकार देते हैं।,Amir,Amazon Translate
चुनाव राजनीतिक नेताओं को लोकतांत्रिक तरीके से निर्धारित करते हैं।,Amir,Amazon Translate
पवन टर्बाइन वायु प्रदूषण के बिना बिजली उत्पन्न करते हैं।,Amir,Amazon Translate
पाठ्यपुस्तकें विषय जानकारी को व्यवस्थित रूप से सारांशित करती हैं।,Amir,Amazon Translate
आधुनिक कला अक्सर पारंपरिक नियमों को तोड़ती है।,Amir,Amazon Translate
उचित नींद मानसिक फोकस का समर्थन करती है।,Amir,Amazon Translate
टाइपिंग से ऑफिस की उत्पादकता तेजी से बढ़ती है।,Amir,Amazon Translate
शून्य से गुणा करने पर शून्य प्राप्त होता है।,Amir,Amazon Translate
गुरुत्वाकर्षण ग्रहों को स्थिर कक्षाओं में रखता है।,Amir,Amazon Translate
सम्मान रिश्तों के भीतर विश्वास अर्जित करता है।,Amir,Amazon Translate
अमूर्त सोच स्पष्ट से परे पैटर्न को पहचानती है।,Amir,Amazon Translate
इस्लाम की पवित्र किताब को कुरान कहा जाता है।,Amir,Amazon Translate
संस्कृतियों के बीच सामाजिक मानदंड भिन्न होते हैं।,Amir,Amazon Translate
वायरलेस इंटरनेट मोबाइल उपकरणों को कुशलता से जोड़ता है।,Amir,Amazon Translate
शारीरिक श्रम के लिए शारीरिक प्रयास की आवश्यकता होती है।,Amir,Amazon Translate
शब्दकोश शब्द परिभाषाओं को वर्णानुक्रम में क्रमबद्ध करते हैं।,Amir,Amazon Translate
पुश-अप्स छाती और बांह की मांसपेशियों को मजबूत करते हैं।,Amir,Amazon Translate
"बागवानी से फूल, फल और सब्जियां पैदा होती हैं।",Amir,Amazon Translate
प्रभाग समान समूहों में वस्तुओं को वितरित करता है।,Amir,Amazon Translate
आत्मसम्मान व्यक्तिगत क्षमताओं में आत्मविश्वास को दर्शाता है।,Amir,Amazon Translate
वाद-विवाद से तर्क कौशल का विकास होता है।,Amir,Amazon Translate
शिंटो प्रकृति में पाई जाने वाली आत्माओं की पूजा करते हैं।,Amir,Amazon Translate
शहरीकरण शहरों में लोगों को केंद्रित करता है।,Amir,Amazon Translate
इलेक्ट्रिक कारें लिथियम बैटरी पर चलती हैं।,Amir,Amazon Translate
विश्वकोश वर्णानुक्रम या सामयिक रूप से ज्ञान इकट्ठा करते हैं।,Amir,Amazon Translate
प्राचीन यूनानी थिएटरों ने नाटकीय प्रदर्शन किए।,Amir,Amazon Translate
Amazon नदी दक्षिण अमेरिका की सबसे लंबी नदी है।,Amir,Amazon Translate
प्रिंटिंग प्रेस के आविष्कार से साक्षरता दर में वृद्धि हुई।,Amir,Amazon Translate
कैलकुलेटर संख्यात्मक परिणामों का तेजी से अनुमान लगाते हैं।,Amir,Amazon Translate
मुखरता दूसरों की सीमाओं का सम्मान करते हुए जरूरतों को व्यक्त करती है।,Amir,Amazon Translate
प्रश्न करना अंतर्निहित मान्यताओं को स्पष्ट करता है।,Amir,Amazon Translate
मतदान सरकारी नीतियों को प्रभावित करता है।,Amir,Amazon Translate
"इंजीनियरिंग पुल, सड़क और वाहन बनाती है।",Amir,Amazon Translate
सड़क के नक्शे राजमार्गों और चौराहों को प्रदर्शित करते हैं।,Amir,Amazon Translate
कॉमिक किताबें डायलॉग के साथ ड्रॉइंग को जोड़ती हैं।,Amir,Amazon Translate
सिडनी ओपेरा हाउस ऑस्ट्रेलिया की प्रतिष्ठित इमारत है।,Amir,Amazon Translate
ताई ची धीमी गति और सांस लेने को एकीकृत करती है।,Amir,Amazon Translate
रोमन साम्राज्य का विस्तार यूरोप के अधिकांश हिस्सों में हुआ।,Amir,Amazon Translate
इस्त्री करने से कपड़ों से झुर्रियां दूर होती हैं।,Amir,Amazon Translate
जीवविज्ञानी समानताओं के अनुसार जीवों का वर्गीकरण करते हैं।,Amir,Amazon Translate
व्यक्तिगत ईमानदारी भरोसेमंद प्रतिष्ठा को बढ़ावा देती है।,Amir,Amazon Translate
तर्कों के लिए विश्वास के लिए सहायक प्रमाण की आवश्यकता होती है।,Amir,Amazon Translate
कन्फ्यूशीवाद बड़ों के प्रति सम्मान और सद्भाव पर जोर देता है।,Amir,Amazon Translate
जन्म प्रमाणपत्र जन्म के समय कानूनी स्थिति का दस्तावेजीकरण करते हैं।,Amir,Amazon Translate
सौर पैनल स्वच्छ विद्युत ऊर्जा का उत्पादन करते हैं।,Amir,Amazon Translate
संदर्भ मार्गदर्शिकाएं त्वरित पहुंच के लिए तथ्यों को व्यवस्थित करती हैं।,Amir,Amazon Translate
मोज़ेक कला में छोटे रंग के टुकड़ों का उपयोग किया जाता है।,Amir,Amazon Translate
लंदन टेम्स नदी के किनारे स्थित है।,Amir,Amazon Translate
प्लैंक कोर मांसपेशियों की ताकत विकसित करते हैं।,Amir,Amazon Translate
बुनाई इंटरलॉकिंग लूप से कपड़े बनाती है।,Amir,Amazon Translate
अंश आंशिक मात्रा का प्रतिनिधित्व करते हैं।,Amir,Amazon Translate
घर्षण सतहों के बीच गति का प्रतिरोध करता है।,Amir,Amazon Translate
परिकल्पनाएँ वैज्ञानिक प्रयोग को बढ़ावा देती हैं।,Amir,Amazon Translate
धार्मिक छुट्टियां महत्वपूर्ण मान्यताओं या घटनाओं को चिह्नित करती हैं।,Amir,Amazon Translate
कानूनी प्रणालियां सामुदायिक आचरण को नियंत्रित करती हैं।,Amir,Amazon Translate
बारकोड स्कैनिंग के लिए उत्पाद डेटा संग्रहीत करते हैं।,Amir,Amazon Translate
शब्दावली तकनीकी शब्दों को संक्षिप्त रूप से परिभाषित करती है।,Amir,Amazon Translate
कला दीर्घाएँ जनता के देखने के लिए प्रदर्शनियों को क्यूरेट करती हैं।,Amir,Amazon Translate
पाइरेनीस फ्रांस और स्पेन के बीच एक प्राकृतिक सीमा बनाते हैं।,Amir,Amazon Translate
दालें आहार में प्रोटीन प्रदान करती हैं।,Amir,Amazon Translate
होलोकॉस्ट नरसंहार पीड़ितों को याद करता है।,Amir,Amazon Translate
फोटोग्राफी लेंस के माध्यम से पलों को कैप्चर करती है।,Amir,Amazon Translate
कोण रोटेशन की डिग्री को मापते हैं।,Amir,Amazon Translate
उबालने से रसोई के बर्तनों की नसबंदी हो जाती है।,Amir,Amazon Translate
ध्यान स्वाभाविक रूप से रक्तचाप को कम करता है।,Amir,Amazon Translate
परिसर तार्किक तर्क में बिंदु स्थापित करते हैं।,Amir,Amazon Translate
वैदिक ग्रंथ हिंदू धर्म के प्राचीन ग्रंथ हैं।,Amir,Amazon Translate
ट्रेड यूनियन सामूहिक रूप से श्रमिकों के हितों पर बातचीत करते हैं।,Amir,Amazon Translate
मेडिकल रोबोट सटीक सर्जरी में सहायता करते हैं।,Amir,Amazon Translate
ग्रंथ सूची स्रोत सामग्री का हवाला देती है।,Amir,Amazon Translate
प्रभाववादी चित्रकारों ने प्राकृतिक प्रकाश प्रभावों को कैद किया।,Amir,Amazon Translate
हवाई में पूरी तरह से ज्वालामुखी द्वीप हैं।,Amir,Amazon Translate
द्वितीय विश्व युद्ध के बाद शीत युद्ध के तनाव ने वैश्विक राजनीति को विभाजित कर दिया।,Amir,Amazon Translate
सेट सिद्धांत गणितीय संग्रह का अध्ययन करता है।,Amir,Amazon Translate
ताकतें व्यक्तिगत क्षमताओं को निष्पक्ष रूप से पहचानती हैं।,Amir,Amazon Translate
संगति बताई गई मानों के साथ क्रियाओं को संरेखित करती है।,Amir,Amazon Translate
डॉन्टोलॉजी कर्तव्य-आधारित नैतिकता का मूल्यांकन करती है।,Amir,Amazon Translate
स्कूल की वर्दी छात्र पोशाक को मानकीकृत करती है।,Amir,Amazon Translate
संग्रहीत डेटा फाइबर-ऑप्टिक केबल के माध्यम से यात्रा करता है।,Amir,Amazon Translate
निर्देश मैनुअल उपयोगकर्ताओं को स्पष्ट रूप से मार्गदर्शन करते हैं।,Amir,Amazon Translate
टेपेस्ट्रीस अंदरूनी हिस्सों को बुने हुए चित्रों से सजाते हैं।,Amir,Amazon Translate
ग्रांड कैन्यन स्तरित भूविज्ञान को प्रदर्शित करता है।,Amir,Amazon Translate
वर्साय की संधि प्रथम विश्व युद्ध के बाद हुई।,Amir,Amazon Translate
कुत्ते का प्रशिक्षण वांछित व्यवहार को व्यवस्थित रूप से सिखाता है।,Amir,Amazon Translate
न्यूटन के नियम शास्त्रीय यांत्रिकी की व्याख्या करते हैं।,Amir,Amazon Translate
समाधान की अम्लता या क्षारीयता के लिए रसायन परीक्षण।,Amir,Amazon Translate
तीव्र भय के कारण फोबिया गतिविधियों को सीमित करता है।,Amir,Amazon Translate
मूल्यांकन विचारों की योग्यता की जांच करता है।,Amir,Amazon Translate
पूजा केंद्र आध्यात्मिक समारोहों की पेशकश करते हैं।,Amir,Amazon Translate
राष्ट्र कानूनी रूप से नागरिकता की आवश्यकताओं को निर्धारित करते हैं।,Amir,Amazon Translate
मशीन लर्निंग एल्गोरिदम के साथ निर्णय लेने को स्वचालित करता है।,Amir,Amazon Translate
वेबसाइटें जानकारी तक त्वरित पहुंच प्रदान करती हैं।,Amir,Amazon Translate
लोग संचार के लिए इंटरनेट का उपयोग करते हैं।,Amir,Amazon Translate
हिन्दू धर्म की उत्पत्ति दक्षिण एशिया में हुई।,Amir,Amazon Translate
सेल फोन वायरलेस तकनीक पर निर्भर करते हैं।,Amir,Amazon Translate
विश्वकोश विभिन्न विषयों के बारे में ज्ञान को संक्षेप में प्रस्तुत करता है।,Amir,Amazon Translate
माउंट किलिमंजारो अफ्रीका के तंजानिया में उगता है।,Amir,Amazon Translate
दैनिक व्यायाम से हृदय स्वास्थ्य में सुधार होता है।,Amir,Amazon Translate
प्राचीन रोम ने आधुनिक वास्तुकला को प्रभावित किया।,Amir,Amazon Translate
खाना पकाने के लिए निम्नलिखित व्यंजनों या निर्देशों की आवश्यकता होती है।,Amir,Amazon Translate
तर्क सुसंगत तर्क पर निर्भर करता है।,Amir,Amazon Translate
सिख धर्म समानता और सामुदायिक सेवा सिखाता है।,Amir,Amazon Translate
बैले नृत्य को अभिव्यंजक कहानी कहने के साथ जोड़ती है।,Amir,Amazon Translate
खेलों में शारीरिक गतिविधि और प्रतिस्पर्धा शामिल होती है।,Amir,Amazon Translate
तर्क वैध तर्कों को अमान्य तर्कों से अलग करता है।,Amir,Amazon Translate
यहूदी धर्म आहार संबंधी नियमों का पालन करता है जिसे कश्रुत कहा जाता है।,Amir,Amazon Translate
जनगणना की गणना सरकारों को संसाधनों की योजना बनाने में मदद करती है।,Amir,Amazon Translate
डिजिटल कैमरे छवियों को इलेक्ट्रॉनिक रूप से संग्रहीत करते हैं।,Amir,Amazon Translate
हैंडबुक चरण-दर-चरण मार्गदर्शन प्रदान करती हैं।,Amir,Amazon Translate
Amazon वर्षावन दक्षिण अमेरिका में स्थित है।,Amir,Amazon Translate
नियमित नींद मस्तिष्क के स्वस्थ कार्य का समर्थन करती है।,Amir,Amazon Translate
नागरिक अधिकार आंदोलन ने अमेरिका में नस्लीय समानता को बढ़ावा दिया,Amir,Amazon Translate
बीजगणित समीकरणों को हल करने के लिए चर का उपयोग करता है।,Amir,Amazon Translate
पृथ्वी प्रतिवर्ष सूर्य की परिक्रमा करती है।,Amir,Amazon Translate
आत्मसम्मान प्रेरणा और लक्ष्य उपलब्धि को प्रभावित करता है।,Amir,Amazon Translate
डिडक्टिव लॉजिक सामान्य सिद्धांतों से शुरू होता है।,Amir,Amazon Translate
कई धर्मों में प्रार्थना की जाती है।,Amir,Amazon Translate
सामाजिक मानदंड स्वीकार्य समूह व्यवहारों का मार्गदर्शन करते हैं।,Amir,Amazon Translate
प्रदाताओं के बीच इंटरनेट की गति भिन्न होती है।,Amir,Amazon Translate
शारीरिक श्रम में हाथों से काम करना शामिल है।,Amir,Amazon Translate
समकालीन कला पारंपरिक रचनात्मक सीमाओं को तोड़ती है।,Amir,Amazon Translate
सिडनी ओपेरा हाउस सिडनी के बंदरगाह पर स्थित है।,Amir,Amazon Translate
इलेक्ट्रिक कारें ग्रीनहाउस गैस उत्सर्जन को कम करती हैं।,Amir,Amazon Translate
ब्रेनस्टॉर्मिंग नवीन समाधान उत्पन्न करता है।,Amir,Amazon Translate
इस्लाम शुक्रवार को एक पवित्र दिन मानता है।,Amir,Amazon Translate
संग्रहालय सार्वजनिक देखने के लिए कलाकृतियों को संरक्षित करते हैं।,Amir,Amazon Translate
हिमालय कई एशियाई देशों में फैला हुआ है।,Amir,Amazon Translate
फलों के सेवन से आवश्यक विटामिन की आपूर्ति होती है।,Amir,Amazon Translate
लुई XIV ने फ्रांस के राजा के रूप में शासन किया।,Amir,Amazon Translate
नई भाषाएं सीखने से सांस्कृतिक समझ बढ़ती है।,Amir,Amazon Translate
कैलकुलस गणितीय रूप से परिवर्तन और गति का विश्लेषण करता है।,Amir,Amazon Translate
सम्मान सकारात्मक सामाजिक संबंधों को बढ़ावा देता है।,Amir,Amazon Translate
दार्शनिक अस्तित्व और नैतिकता पर सवाल उठाते हैं।,Amir,Amazon Translate
कन्फ्यूशीवाद फिलियल धर्मनिष्ठता और शिक्षा को महत्व देता है।,Amir,Amazon Translate
एंथोलॉजी थीम या युग के अनुसार साहित्यिक कृतियों को इकट्ठा करती है।,Amir,Amazon Translate
मूर्तिकला त्रि-आयामी दृश्य कला बनाती है।,Amir,Amazon Translate
बैकाल झील में रूस का सबसे बड़ा ताजे पानी का आयतन है।,Amir,Amazon Translate
एरोबिक गतिविधि फेफड़ों की क्षमता को मजबूत करती है।,Amir,Amazon Translate
संभाव्यता परिणामों की संभावना को मापती है।,Amir,Amazon Translate
प्रेरण साक्ष्य के आधार पर निष्कर्ष निकालता है।,Amir,Amazon Translate
मशीन लर्निंग मानव बुद्धि प्रक्रियाओं का अनुकरण करता है।,Amir,Amazon Translate
इंडेक्स आसान खोज के लिए सामग्री को वर्गीकृत करते हैं।,Amir,Amazon Translate
वेटिकन सिटी एक स्वतंत्र शहर-राज्य है।,Amir,Amazon Translate
गुटेनबर्ग के प्रेस के बाद प्रिंटिंग ने संचार को बदल दिया।,Amir,Amazon Translate
साइकिलिंग पैर की मांसपेशियों को टोन करती है और कैलोरी बर्न करती है।,Amir,Amazon Translate
न्यूट्रलाइजेशन प्रतिक्रियाएं नमक और पानी का उत्पादन करती हैं।,Amir,Amazon Translate
विश्वास दृष्टिकोण और दृष्टिकोण को आकार देते हैं।,Amir,Amazon Translate
एनालॉजीज स्पष्ट स्पष्टीकरण के लिए समानताओं की तुलना करते हैं।,Amir,Amazon Translate
समुदाय अपनेपन को बढ़ावा देने के लिए कार्यक्रम आयोजित करते हैं।,Amir,Amazon Translate
टीमवर्क जटिल लक्ष्यों को कुशलता से प्राप्त करता है।,Amir,Amazon Translate
व्याकरण के नियम स्पष्ट लिखित संचार सुनिश्चित करते हैं।,Amir,Amazon Translate
अमूर्त कला वैचारिक विचारों को प्राथमिकता देती है।,Amir,Amazon Translate
रोइंग शरीर के ऊपरी हिस्से की ताकत का अभ्यास करता है।,Amir,Amazon Translate
सांकेतिक भाषा बधिर व्यक्तियों के लिए संचार की सुविधा प्रदान करती है।,Amir,Amazon Translate
अवलोकन कौशल वैज्ञानिक जांच को बढ़ाते हैं।,Amir,Amazon Translate
जेनेटिक्स जीवित जीवों में आनुवंशिकता की जांच करता है।,Amir,Amazon Translate
नोबेल पुरस्कार उत्कृष्ट उपलब्धियों का सम्मान करते हैं।,Amir,Amazon Translate
सिम्फनी को आर्केस्ट्रा सहयोग की आवश्यकता होती है।,Amir,Amazon Translate
महाद्वीप पृथ्वी की भूमि की सतह को विभाजित करते हैं।,Amir,Amazon Translate
आराम व्यायाम के बाद मांसपेशियों की रिकवरी का समर्थन करता है।,Amir,Amazon Translate
नेपोलियन बोनापार्ट ने फ्रांसीसी सैन्य अभियानों का नेतृत्व किया।,Amir,Amazon Translate
दशमलव भिन्नात्मक मानों का प्रतिनिधित्व करते हैं।,Amir,Amazon Translate
टेक्टोनिक प्लेटें पृथ्वी की पपड़ी के नीचे चलती हैं।,Amir,Amazon Translate
सहानुभूति व्यक्तिगत गलतफहमियों को दूर करती है।,Amir,Amazon Translate
नैतिकता इस बात पर चर्चा करती है कि कौन से कार्य नैतिक रूप से सही हैं।,Amir,Amazon Translate
ईसाई धर्म यीशु मसीह की शिक्षाओं पर केंद्रित है।,Amir,Amazon Translate
सरकारें प्रतिनिधि निकायों के माध्यम से नीति बनाती हैं।,Amir,Amazon Translate
स्मार्टफ़ोन कंप्यूटिंग और दूरसंचार कार्यों को एकीकृत करते हैं।,Amir,Amazon Translate
संदर्भ चार्ट जटिल जानकारी को दृष्टिगत रूप से सरल बनाते हैं।,Amir,Amazon Translate
विश्वकोश कई विषयों पर सामान्य जानकारी संकलित करता है।,Amir,Amazon Translate
लेखन को बेहतर बनाने के लिए थिसॉर शब्दों के पर्यायवाची शब्दों को सूचीबद्ध करता है।,Amir,Amazon Translate
वैश्विक मानचित्र महाद्वीपों और महासागरों को सटीक रूप से प्रदर्शित करते हैं।,Amir,Amazon Translate
योग से लचीलापन और शरीर के प्रति जागरूकता बढ़ती है।,Amir,Amazon Translate
एथेंस यूनान की राजधानी है।,Amir,Amazon Translate
पानी पीने से किडनी के कार्य में सहायता मिलती है।,Amir,Amazon Translate
बढ़ईगीरी में कुशल लकड़ी का काम शामिल है।,Amir,Amazon Translate
व्यक्तिगत लक्षण करियर विकल्पों को प्रभावित करते हैं।,Amir,Amazon Translate
विश्लेषण अवधारणाओं को छोटे भागों में विभाजित करता है।,Amir,Amazon Translate
बौद्ध धर्म माइंडफुलनेस मेडिटेशन सिखाता है।,Amir,Amazon Translate
सामाजिक नियम स्वीकार्य व्यवहार को नियंत्रित करते हैं।,Amir,Amazon Translate
स्मार्टफ़ोन पोर्टेबल संचार उपकरण प्रदान करते हैं।,Amir,Amazon Translate
डिजिटल घड़ियाँ केवल संख्याओं का उपयोग करके समय दिखाती हैं।,Amir,Amazon Translate
ऑइल पेंटिंग समृद्ध रंग सम्मिश्रण तकनीकों की अनुमति देती है।,Amir,Amazon Translate
ऑस्ट्रेलिया एक देश और एक महाद्वीप दोनों है।,Amir,Amazon Translate
रोमन सभ्यता ने बाद की यूरोपीय संस्कृतियों को प्रभावित किया।,Amir,Amazon Translate
स्टिर-फ्राई करने से तेज गर्मी में खाना जल्दी पक जाता है।,Amir,Amazon Translate
खुशी प्रतिरक्षा कार्यप्रणाली को बढ़ाती है।,Amir,Amazon Translate
"यदि परिसर से दावे किए जाते हैं, तो डिडक्टिव मेथड्स टेस्ट करें।",Amir,Amazon Translate
एनिमिज़्म प्रकृति को आध्यात्मिक गुणों का श्रेय देता है।,Amir,Amazon Translate
व्यावसायिक पत्राचार के लिए ईमेल अब आवश्यक है।,Amir,Amazon Translate
निर्देश मैनुअल उत्पादों के लिए ऑपरेटिंग निर्देश प्रदान करते हैं।,Amir,Amazon Translate
चैम्बर संगीत में छोटे कलाकारों की टुकड़ी होती है।,Amir,Amazon Translate
माउंट रेनियर अमेरिका के वाशिंगटन राज्य में स्थित है।,Amir,Amazon Translate
सर्किट ट्रेनिंग ताकत और कार्डियो एक्सरसाइज को जोड़ती है।,Amir,Amazon Translate
नागरिक अधिकार कानून समान अवसरों की रक्षा करते हैं।,Amir,Amazon Translate
गुणन अतिरिक्त प्रक्रियाओं को कुशलतापूर्वक दोहराता है।,Amir,Amazon Translate
"महाद्वीपों में एशिया, अफ्रीका और यूरोप शामिल हैं।",Amir,Amazon Translate
ट्रस्ट कामकाजी सहयोग को मजबूत करता है।,Amir,Amazon Translate
बेहतर समझ के लिए प्रतिबिंब अनुभवों को फिर से देखता है।,Amir,Amazon Translate
कैथोलिक धर्म में अद्वितीय संस्कार और परंपराएं शामिल हैं।,Amir,Amazon Translate
जनसांख्यिकी समूह की आबादी में परिवर्तन को ट्रैक करती है।,Amir,Amazon Translate
कंप्यूटर चिप्स इलेक्ट्रॉनिक सिग्नल को तेजी से प्रोसेस करते हैं।,Amir,Amazon Translate
संदर्भ पत्र उम्मीदवार की योग्यता का निष्पक्ष रूप से वर्णन करते हैं।,Amir,Amazon Translate
मेडागास्कर विविध वन्यजीव प्रजातियों के लिए प्रसिद्ध है।,Amir,Amazon Translate
रात का खाना पकाना अक्सर परिवारों को एक साथ लाता है।,Amir,Amazon Translate
विभाजन वस्तुओं को समान भागों में अलग करता है।,Amir,Amazon Translate
सहानुभूति टीम वर्क की संतुष्टि दर को बढ़ाती है।,Amir,Amazon Translate
तर्कसंगत तर्क ध्वनि प्रमाण का उपयोग करते हैं।,Amir,Amazon Translate
कोर्ट सिस्टम निष्पक्ष रूप से कानूनों की व्याख्या और उन्हें लागू करते हैं।,Amir,Amazon Translate
वायरलेस तकनीक बिना केबल के डेटा ट्रांसमिट करती है।,Amir,Amazon Translate
गाइडबुक आगंतुकों के लिए स्थानीय आकर्षण सुझाते हैं।,Amir,Amazon Translate
1920 के दशक के दौरान आर्ट डेको शैली का विकास हुआ।,Amir,Amazon Translate
डेन्यूब नदी मध्य और पूर्वी यूरोप में बहती है।,Amir,Amazon Translate
हाइड्रेशन शारीरिक गतिविधि के दौरान फोकस को बेहतर बनाता है।,Amir,Amazon Translate
पर्ल हार्बर हमला दिसंबर 1941 में हुआ।,Amir,Amazon Translate
बीजगणितीय चर अज्ञात मात्राओं का प्रतिनिधित्व करते हैं।,Amir,Amazon Translate
कीटों के शारीरिक रूप से छह पैर होते हैं।,Amir,Amazon Translate
व्यक्तिगत विकास नियमित आत्म-प्रतिबिंब प्रथाओं का अनुसरण करता है।,Amir,Amazon Translate
वैध कनेक्शन के बिना तर्क त्रुटियां उत्पन्न होती हैं।,Amir,Amazon Translate
इस्लाम ज़कात देने के माध्यम से दान को प्रोत्साहित करता है।,Amir,Amazon Translate
सार्वजनिक मतदान नेतृत्व की नियुक्तियों का फैसला करता है।,Amir,Amazon Translate
लेक्सिकॉन शब्द अर्थों को वर्णानुक्रम में व्यवस्थित करते हैं।,Amir,Amazon Translate
संसदीय सत्र नियमित रूप से राष्ट्रीय कानून स्थापित करते हैं।,Amir,Amazon Translate
धर्म आहार की आदतों को आकार दे सकता है।,Amir,Amazon Translate
पड़ोस के समूह स्थानीय स्तर पर सुरक्षा कार्यक्रमों का समर्थन करते हैं।,Amir,Amazon Translate
कैटलॉग संगठित समीक्षा के लिए आइटम की व्यवस्था करते हैं।,Amir,Amazon Translate
उत्कीर्णन में छवियों या डिजाइनों को सतहों में काटना शामिल है।,Amir,Amazon Translate
गोबी रेगिस्तान उत्तरी चीन और मंगोलिया में फैला हुआ है।,Amir,Amazon Translate
अमेरिकी उन्मूलन ने आधिकारिक तौर पर गुलामी को समाप्त कर दिया।,Amir,Amazon Translate
सिलाई मशीनों से परिधान उत्पादन की गति बढ़ती है।,Amir,Amazon Translate
दशमलव बिंदु पूर्णांकों और अंशों को अलग करते हैं।,Amir,Amazon Translate
ऊष्मप्रवैगिकी ऊष्मा ऊर्जा परिवर्तनों की खोज करती है।,Amir,Amazon Translate
करुणा सामाजिक बंधनों को मजबूत करती है।,Amir,Amazon Translate
नैतिक मानक कार्यस्थल की प्राथमिकताओं का मार्गदर्शन करते हैं।,Amir,Amazon Translate
शिंटो तीर्थ जापान के परिदृश्य को दर्शाते हैं।,Amir,Amazon Translate
कानून सरकार के प्रस्तावों को वैधानिक कानून में पारित करता है।,Amir,Amazon Translate
माइक्रोवेव पानी के अणुओं को उत्तेजित करके खाना पकाते हैं।,Amir,Amazon Translate
एटलस भौगोलिक रूप से मानचित्र संग्रह को समेकित करता है।,Amir,Amazon Translate
पंक रॉक संगीत सांस्कृतिक विरोध के रूप में उभरा।,Amir,Amazon Translate
"विक्टोरिया झील की सीमा युगांडा, केन्या और तंजानिया से लगती है।",Amir,Amazon Translate
एरोबिक कक्षाएं लयबद्ध बीट्स के साथ आंदोलन का समन्वय करती हैं।,Amir,Amazon Translate
स्पैनिश आर्मडा 1588 में प्रसिद्ध रूप से रवाना हुआ।,Amir,Amazon Translate
मरम्मत कौशल घरेलू उपकरणों की कार्यक्षमता को बनाए रखते हैं।,Amir,Amazon Translate
प्रतिशत अनुपात की तुलना आसानी से करते हैं।,Amir,Amazon Translate
अर्धसूत्रीविभाजन के माध्यम से प्रजनन कोशिकाओं का निर्माण करता है।,Amir,Amazon Translate
भौतिकी के सिद्धांत मूलभूत शक्तियों की व्याख्या करते हैं।,Amir,Amazon Translate
रचनात्मकता नए उत्पाद विकास को आगे बढ़ाती है।,Amir,Amazon Translate
विश्वास विश्वदृष्टि को गहराई से प्रभावित करता है।,Amir,Amazon Translate
त्योहार की छुट्टियां राष्ट्रीय समारोहों को चिह्नित करती हैं।,Amir,Amazon Translate
ऑनलाइन बैंकिंग इलेक्ट्रॉनिक रूप से पैसे का प्रबंधन करती है।,Amir,Amazon Translate
सम्मानजनक बहस सामंजस्यपूर्ण समाजों को बढ़ावा देती है।,Amir,Amazon Translate
व्याकरण भाषा संरचनाओं को लगातार व्यवस्थित करता है।,Amir,Amazon Translate
प्रभाववादी कला प्रकाश और वायुमंडल के प्रभावों को उजागर करती है।,Amir,Amazon Translate
अमेरिका के पश्चिमी व्योमिंग में टेटन का उदय।,Amir,Amazon Translate
नोबेल पुरस्कार वैश्विक वैज्ञानिक उपलब्धि का सम्मान करते हैं।,Amir,Amazon Translate
वर्गीकरण जीवों को विशेषताओं और वंशावली के आधार पर रैंक करता है।,Amir,Amazon Translate
सेट सिद्धांत उन्नत गणितीय तर्क का समर्थन करता है।,Amir,Amazon Translate
आवधिक सारणी तत्वों को सटीक रूप से वर्गीकृत करती है।,Amir,Amazon Translate
सक्रिय रूप से सुनने से रिश्तों में गलतफहमी दूर होती है।,Amir,Amazon Translate
सदाचार नैतिकता नैतिक चरित्र विकास पर जोर देती है।,Amir,Amazon Translate
ईसाई धर्म अनन्त मोक्ष में आशा प्रदान करता है।,Amir,Amazon Translate
नागरिक कर्तव्यों में जिम्मेदारी से करों का भुगतान करना शामिल है।,Amir,Amazon Translate
सैटेलाइट नेविगेशन विशिष्ट निर्देशांक को सटीक रूप से ढूंढता है।,Amir,Amazon Translate
हाइपरलिंक वेबसाइट कंटेंट को इंटरैक्टिव रूप से कनेक्ट करते हैं।,Amir,Amazon Translate
चित्रकला में प्रभाववाद ने नई शैलियों की शुरुआत की।,Amir,Amazon Translate
महामंदी की शुरुआत 1929 में हुई थी।,Amir,Amazon Translate
बैंकिंग लेनदेन में जमा और निकासी शामिल हैं।,Amir,Amazon Translate
बीजगणित अज्ञात मानों के लिए अक्षरों का उपयोग करता है।,Amir,Amazon Translate
चार्ल्स डार्विन ने विकासवादी सिद्धांत विकसित किया।,Amir,Amazon Translate
स्व-प्रेरणा व्यक्तिगत विकास का समर्थन करती है।,Amir,Amazon Translate
वैराग्य भावनात्मक लचीलापन सिखाता है।,Amir,Amazon Translate
ईसाई धर्म के दुनिया भर में कई संप्रदाय हैं।,Amir,Amazon Translate
GPS डिवाइस सैटेलाइट तकनीक का उपयोग करते हैं।,Amir,Amazon Translate
हैंडबुक बुनियादी जानकारी को जल्दी से सारांशित करती है।,Amir,Amazon Translate
लेक सुपीरियर की सीमा कनाडा और संयुक्त राज्य अमेरिका से लगती है।,Amir,Amazon Translate
हाइड्रेशन मानसिक प्रदर्शन को सीधे प्रभावित करता है।,Amir,Amazon Translate
WWI वर्साय की संधि के साथ समाप्त हुआ।,Amir,Amazon Translate
स्कूल में कानून के अनुसार बच्चों की उपस्थिति की आवश्यकता होती है।,Amir,Amazon Translate
गुणन सारणी समीकरणों को जल्दी हल करने में मदद करती है।,Amir,Amazon Translate
आनुवंशिक विरासत पीढ़ियों के बीच लक्षणों से गुजरती है।,Amir,Amazon Translate
बॉडी लैंग्वेज बिना बोले गए शब्दों के संचार करती है।,Amir,Amazon Translate
अपहरण संबंधी तर्क प्रशंसनीय निष्कर्ष निकालता है।,Amir,Amazon Translate
सामाजिक पदानुक्रम लोगों को रैंक किए गए वर्गों में व्यवस्थित करते हैं।,Amir,Amazon Translate
मोबाइल ऐप स्मार्टफ़ोन पर विशिष्ट कार्य करते हैं।,Amir,Amazon Translate
अनुक्रमणिका आसान स्थान के लिए विषयों को वर्णमाला के अनुसार बनाती है।,Amir,Amazon Translate
क्यूबिज़्म ने दृश्य कला में विषयों को खंडित किया।,Amir,Amazon Translate
माउंट एटना यूरोप का सबसे सक्रिय ज्वालामुखी है।,Amir,Amazon Translate
कोर ट्रेनिंग से पीठ और पेट की मांसपेशियां मजबूत होती हैं।,Amir,Amazon Translate
कालानुक्रमिक क्रम समय के अनुसार घटनाओं को व्यवस्थित करता है।,Amir,Amazon Translate
सुपरमार्केट स्व-सेवा किराने के विकल्प प्रदान करते हैं।,Amir,Amazon Translate
दशमलव डॉट सिस्टम का उपयोग करके अंशों को व्यक्त करते हैं।,Amir,Amazon Translate
ऊर्जा गतिज या संभावित हो सकती है।,Amir,Amazon Translate
सकारात्मक सुदृढीकरण बार-बार होने वाले व्यवहारों को प्रोत्साहित करता है।,Amir,Amazon Translate
राष्ट्रों के बीच मतदान की आयु भिन्न होती है।,Amir,Amazon Translate
ब्लूटूथ डिवाइस को वायरलेस तरीके से डेटा एक्सचेंज करने देता है।,Amir,Amazon Translate
वुडकट्स नक्काशीदार लकड़ी के ब्लॉक का उपयोग करके प्रिंट तैयार करते हैं।,Amir,Amazon Translate
जंपिंग जैक एरोबिक सहनशक्ति को बढ़ाते हैं।,Amir,Amazon Translate
नेपोलियन ने खुद को फ्रांस का सम्राट घोषित किया।,Amir,Amazon Translate
ट्रैवल एजेंसियां परिवहन और आवास की व्यवस्था करती हैं।,Amir,Amazon Translate
डिवीजन यह पता लगाता है कि एक दूसरे में कितनी बार फिट बैठता है।,Amir,Amazon Translate
डीएनए जीवन प्रक्रियाओं के लिए निर्देश देता है।,Amir,Amazon Translate
स्वस्थ भावनाएं दैनिक निर्णय लेने में सुधार करती हैं।,Amir,Amazon Translate
विरोधाभास पारंपरिक सत्यों को तार्किक रूप से चुनौती देते हैं।,Amir,Amazon Translate
इंग्लैंड के सुधार काल के दौरान एंग्लिकनवाद का उदय हुआ।,Amir,Amazon Translate
कानून सार्वजनिक कार्यों और विवादों को नियंत्रित करते हैं।,Amir,Amazon Translate
स्वास्थ्य बीमा चिकित्सा लागत कवरेज में सहायता करता है।,Amir,Amazon Translate
उपयोगकर्ता मार्गदर्शिकाएँ सॉफ़्टवेयर टूल को चरण-दर-चरण समझाती हैं।,Amir,Amazon Translate
जैज़ ने अफ्रीकी और यूरोपीय संगीत परंपराओं को जोड़ा।,Amir,Amazon Translate
प्रतिरोध बैंड मांसपेशियों की ताकत के व्यायाम में सहायता करते हैं।,Amir,Amazon Translate
अंतरमहाद्वीपीय रेलमार्ग ऐतिहासिक रूप से दूर के क्षेत्रों को एकजुट करते हैं।,Amir,Amazon Translate
सेट जोड़ने से संग्रह का आकार गणितीय रूप से बढ़ता है।,Amir,Amazon Translate
न्यूट्रॉन कणों में कोई विद्युत आवेश नहीं होता है।,Amir,Amazon Translate
सीखने के कौशल काम में अनुकूलन क्षमता में सुधार करते हैं।,Amir,Amazon Translate
एल ई डी थोड़ी गर्मी उत्पन्न होने के साथ प्रकाश उत्सर्जित करते हैं।,Amir,Amazon Translate
भजन सामूहिक पूजा के लिए धार्मिक गीत एकत्र करते हैं।,Amir,Amazon Translate
स्टोनहेंज इंग्लैंड में प्रागैतिहासिक स्मारक के रूप में स्थित है।,Amir,Amazon Translate
स्पिनिंग बाइक आउटडोर साइकिलिंग एक्सरसाइज का अनुकरण करती हैं।,Amir,Amazon Translate
मार्टिन लूथर ने प्रोटेस्टेंट सुधारों को बढ़ावा दिया।,Amir,Amazon Translate
ई-कॉमर्स वैश्विक स्तर पर व्यापार ऑनलाइन लेनदेन की अनुमति देता है।,Amir,Amazon Translate
प्रकाश संश्लेषण सौर ऊर्जा को पौधों में संग्रहित करता है।,Amir,Amazon Translate
टोपोलॉजी विरूपण द्वारा अपरिवर्तित गुणों की जांच करती है।,Amir,Amazon Translate
सहानुभूति मजबूत सहकर्मी संबंध बनाती है।,Amir,Amazon Translate
व्यावहारिकता विचारों के व्यावहारिक परिणामों पर केंद्रित है।,Amir,Amazon Translate
मानदंड व्यवहार के लिए सामाजिक अपेक्षाओं को आकार देते हैं।,Amir,Amazon Translate
शब्दावली संदर्भ के लिए शब्दों को परिभाषित करती है।,Amir,Amazon Translate
सुमी-ई जापानी इंक वॉश पेंटिंग का प्रतिनिधित्व करता है।,Amir,Amazon Translate
यूराल पर्वत यूरोप और एशिया को भौगोलिक रूप से विभाजित करते हैं।,Amir,Amazon Translate
पिलेट्स आसन और कोर स्थिरता को बढ़ाता है।,Amir,Amazon Translate
उन्नीसवीं सदी में उन्नीसवीं सदी में उन्नीसवीं सदी में उन्नीसवीं सदी में गुलामी से लड़ाई लड़ी।,Amir,Amazon Translate
वस्त्रों में कपड़े के सामान में फाइबर बुनना शामिल है।,Amir,Amazon Translate
समीकरण गणितीय संबंधों को स्पष्ट रूप से दिखाते हैं।,Amir,Amazon Translate
वाष्पीकरण तरल पानी को गैस में बदल देता है।,Amir,Amazon Translate
निरंतरता लंबी अवधि की बातचीत पर विश्वास को बढ़ावा देती है।,Amir,Amazon Translate
ओटोलॉजिकल तर्क उच्च वास्तविकताओं के अस्तित्व पर बहस करते हैं।,Amir,Amazon Translate
प्रकृति पूजा में प्राकृतिक शक्तियों के प्रति श्रद्धा होती है।,Amir,Amazon Translate
परिषद के सदस्य स्थानीय सरकार की नीतियों को लागू करते हैं।,Amir,Amazon Translate
वैक्सीन रिसर्च वायरल बीमारी के प्रकोप को रोकता है।,Amir,Amazon Translate
क्विक स्टार्ट मेनू इलेक्ट्रॉनिक्स सेटअप को सरल बनाते हैं।,Amir,Amazon Translate
यांग्त्ज़ी नदी चीन का सबसे लंबा जलमार्ग है।,Amir,Amazon Translate
कैलिसथेनिक्स न्यूनतम उपकरणों का उपयोग करके शरीर पर नियंत्रण विकसित करता है।,Amir,Amazon Translate
ट्रेल ऑफ़ टीयर्स ने मूल अमेरिकी समुदायों को विस्थापित कर दिया।,Amir,Amazon Translate
कैटरिंग समूहों या कार्यक्रमों के लिए भोजन सेवाएं प्रदान करता है।,Amir,Amazon Translate
अंश संपूर्ण इकाइयों की आंशिक मात्रा को दर्शाते हैं।,Amir,Amazon Translate
जिज्ञासा आविष्कारकों को समस्याओं को हल करने के लिए प्रेरित करती है।,Amir,Amazon Translate
निष्कर्ष तक पहुंचने के लिए कटौती ज्ञात नियमों को लागू करती है।,Amir,Amazon Translate
सृष्टि के मिथक सांस्कृतिक रूप से ब्रह्मांड की उत्पत्ति की व्याख्या करते हैं।,Amir,Amazon Translate
गिल्ड ने मध्यकालीन शिल्प और व्यवसायों को नियंत्रित किया।,Amir,Amazon Translate
ड्रोन रिमोट कंट्रोल के जरिए हवाई तस्वीरें खींचते हैं।,Amir,Amazon Translate
विश्वकोश पाठकों के लिए सत्यापित तथ्य प्रस्तुत करते हैं।,Amir,Amazon Translate
एक फैक्टबुक देशों के बारे में आवश्यक आंकड़े संकलित करती है।,Amir,Amazon Translate
पॉप संगीत में अक्सर दोहराए जाने वाले कोरस होते हैं।,Amir,Amazon Translate
चाय पीने से पानी की तरह हाइड्रेट होता है।,Amir,Amazon Translate
ब्रिटेन में औद्योगिक क्रांति की शुरुआत हुई।,Amir,Amazon Translate
बर्डवॉचिंग प्रजातियों के देखे जाने और व्यवहार को रिकॉर्ड करती है।,Amir,Amazon Translate
गुणन समान समूहों का कुल पता लगाता है।,Amir,Amazon Translate
नकारात्मक और सकारात्मक शुल्कों के मिलने से बिजली गिरती है।,Amir,Amazon Translate
अरस्तू ने तर्क और विज्ञान पर प्रभावशाली रचनाएँ लिखीं।,Amir,Amazon Translate
टीमवर्क समूह की उत्पादकता को बढ़ाता है।,Amir,Amazon Translate
तर्कसंगत सोच तर्कसंगत कदमों पर निर्भर करती है।,Amir,Amazon Translate
"पारसी धर्म एक देवता, अहुरा मज़्दा की पूजा करता है।",Amir,Amazon Translate
विवाह भागीदारों को एक सामाजिक अनुबंध में शामिल करता है।,Amir,Amazon Translate
वेब ब्राउज़र इंटरनेट वेबसाइटों से जानकारी प्रदर्शित करते हैं।,Amir,Amazon Translate
ई-पुस्तकें डिजिटल उपकरणों के माध्यम से पढ़ने की सुविधा प्रदान करती हैं।,Amir,Amazon Translate
आधुनिक नृत्य अभिव्यंजक आंदोलन पर जोर देता है।,Amir,Amazon Translate
माउंट एवरेस्ट की सीमा नेपाल और चीन से लगती है।,Amir,Amazon Translate
सफलता के लिए बेकिंग के लिए सटीक माप की आवश्यकता होती है।,Amir,Amazon Translate
रेखांकन गणितीय संबंधों की कल्पना करते हैं।,Amir,Amazon Translate
प्रकाश संश्लेषण से पौधों में ऊर्जा से भरपूर अणु बनते हैं।,Amir,Amazon Translate
परोपकारिता का अर्थ है इनाम की उम्मीद किए बिना दूसरों की मदद करना।,Amir,Amazon Translate
परिकल्पना तैयार करना आगे की जांच का मार्गदर्शन करता है।,Amir,Amazon Translate
सिख धर्म ईमानदार जीवन में विश्वास करना सिखाता है।,Amir,Amazon Translate
कानून समाजों के भीतर व्यवस्था सुनिश्चित करते हैं।,Amir,Amazon Translate
दूरस्थ कार्य पारंपरिक कार्यालयों के बाहर रोजगार को सक्षम बनाता है।,Amir,Amazon Translate
उपयोगकर्ता नाम इंटरनेट प्लेटफ़ॉर्म पर व्यक्तियों की पहचान करते हैं।,Amir,Amazon Translate
कैटलॉग व्यवस्थित ब्राउज़िंग के लिए आइटम व्यवस्थित करते हैं।,Amir,Amazon Translate
सिरेमिक कला मिट्टी को आकार देती है और फिर उसे आग लगाती है।,Amir,Amazon Translate
वेनिस नहरों के एक नेटवर्क के ऊपर स्थित है।,Amir,Amazon Translate
शीत युद्ध में पूर्व और पश्चिम के बीच वैचारिक विभाजन देखा गया।,Amir,Amazon Translate
बाजार अनुसंधान उत्पाद विकास रणनीति को सूचित करता है।,Amir,Amazon Translate
भागों की मात्राओं को छोटी इकाइयों में विभाजित करें।,Amir,Amazon Translate
आश्वासन चिंता की भावनाओं को कम करता है।,Amir,Amazon Translate
ह्युरिस्टिक्स जटिल समस्या-समाधान कार्यों को सरल बनाते हैं।,Amir,Amazon Translate
तीर्थयात्रा धार्मिक पहचान के विकास को बढ़ावा देती है।,Amir,Amazon Translate
नैतिक ढांचे सही कार्रवाई मानकों पर बहस करते हैं।,Amir,Amazon Translate
मीडिया आउटलेट दुनिया भर में समाचार प्रसारित करते हैं।,Amir,Amazon Translate
बैटरी तकनीक पोर्टेबल इलेक्ट्रॉनिक्स को शक्ति प्रदान करती है।,Amir,Amazon Translate
सार त्वरित संदर्भ के लिए लेखों को छोटा करते हैं।,Amir,Amazon Translate
बैरोक कलाकारों ने नाटकीय दृश्य विरोधाभासों पर जोर दिया।,Amir,Amazon Translate
जॉगिंग कार्डियोवास्कुलर सहनशक्ति का समर्थन करता है।,Amir,Amazon Translate
अमेरिकी नागरिक अधिकारों ने मतदाता सुरक्षा हासिल की।,Amir,Amazon Translate
रिटेलर्स सीधे दुकानदारों को सामान देते हैं।,Amir,Amazon Translate
अंश अनुपात या तुलना को व्यक्त करते हैं।,Amir,Amazon Translate
केप्लर के नियम ग्रहों की गति की व्याख्या करते हैं।,Amir,Amazon Translate
रासायनिक प्रतिक्रियाएं केवल परमाणु बंधनों को पुनर्व्यवस्थित करती हैं।,Amir,Amazon Translate
मेरिट से कार्यस्थल पर पदोन्नति की संभावना बढ़ जाती है।,Amir,Amazon Translate
डेटा का विश्लेषण करने से निर्णय या रुझान स्पष्ट होते हैं।,Amir,Amazon Translate
मुस्लिम नमाज़ प्रतिदिन पाँच बार की जाती है।,Amir,Amazon Translate
संसद राष्ट्रीय कानूनों को लोकतांत्रिक तरीके से कानून बनाती है।,Amir,Amazon Translate
ब्लूटूथ छोटी दूरी पर उपकरणों को सिंक्रनाइज़ करता है।,Amir,Amazon Translate
शब्दावली ग्रंथों में विशिष्ट शब्दों को सरल बनाती है।,Amir,Amazon Translate
मुरलीवादी बड़े पैमाने पर चित्रों के लिए दीवारों का उपयोग करते हैं।,Amir,Amazon Translate
रॉकी पर्वत पश्चिमी उत्तरी अमेरिका में फैला हुआ है।,Amir,Amazon Translate
ताई ची मार्शल आर्ट्स को ध्यान केंद्रित करने के साथ जोड़ती है।,Amir,Amazon Translate
बुकस्टोर्स मुद्रित या इलेक्ट्रॉनिक किताबें बेचते हैं।,Amir,Amazon Translate
दशमलव पूर्ण संख्याओं से आगे बढ़ते हैं।,Amir,Amazon Translate
कीस्टोन प्रजातियां समग्र रूप से पारिस्थितिक तंत्र को स्थिर करती हैं।,Amir,Amazon Translate
जर्नलिंग व्यक्तिगत विचारों को स्पष्ट करने में मदद करती है।,Amir,Amazon Translate
सापेक्षवाद बताता है कि सत्य दृष्टिकोण पर निर्भर करते हैं।,Amir,Amazon Translate
एनिमिस्टिक प्रथाएं पूर्वजों की आत्माओं का सम्मान करती हैं।,Amir,Amazon Translate
नगरपालिकाएं स्थानीय सरकारी सेवाएं प्रदान करती हैं।,Amir,Amazon Translate
ऐप डेवलपर स्मार्टफ़ोन के लिए सॉफ़्टवेयर लिखते हैं।,Amir,Amazon Translate
लिंक सूची दस्तावेज़ों में संबंधित विषयों को जोड़ती है।,Amir,Amazon Translate
सिम्फनी में एक साथ खेले जाने वाले कई मूवमेंट होते हैं।,Amir,Amazon Translate
एक्वाटिक एरोबिक्स व्यायाम के लिए उत्साहपूर्ण प्रतिरोध प्रदान करता है।,Amir,Amazon Translate
मानव अधिकारों की सार्वभौम घोषणा बुनियादी स्वतंत्रता की गारंटी देती है।,Amir,Amazon Translate
पेशेवर रसोइया विभिन्न व्यंजनों के विशेषज्ञ होते हैं।,Amir,Amazon Translate
स्थान अक्षांश और देशांतर निर्देशांक के आधार पर व्यवस्थित होते हैं।,Amir,Amazon Translate
जब इलेक्ट्रॉन स्वतंत्र रूप से प्रवाहित होते हैं तो बिजली चलती है।,Amir,Amazon Translate
टेसेलेशन ज्यामितीय पैटर्न को मूल रूप से दोहराता है।,Amir,Amazon Translate
रूपकों को समझने से भाषा के प्रवाह में सुधार होता है।,Amir,Amazon Translate
परिणामवाद चुनाव करने से पहले परिणामों को तौलता है।,Amir,Amazon Translate
यहूदी छुट्टियां चंद्र कैलेंडर संरचना का पालन करती हैं।,Amir,Amazon Translate
जनगणना सर्वेक्षण जनसंख्या जनसांख्यिकीय आंकड़े एकत्र करते हैं।,Amir,Amazon Translate
सर्च इंजन कीवर्ड का उपयोग करके वेब पेज ढूंढते हैं।,Amir,Amazon Translate
हाउ-टू गाइड नए कौशल को व्यवस्थित रूप से सिखाते हैं।,Amir,Amazon Translate
नक़्क़ाशी धातु की सतहों को काटकर चित्र बनाती है।,Amir,Amazon Translate
मनीला फिलीपींस की राजधानी है।,Amir,Amazon Translate
ग्रुप स्पोर्ट्स टीम वर्क और फेयर प्ले का समर्थन करते हैं।,Amir,Amazon Translate
त्रिकोणीय व्यापार ने विश्व स्तर पर उपनिवेश अर्थव्यवस्थाओं को प्रभावित किया।,Amir,Amazon Translate
घनत्व बताता है कि पैक किया हुआ पदार्थ संरचनात्मक रूप से कैसा होता है।,Amir,Amazon Translate
सकारात्मक प्रतिक्रिया बार-बार होने वाली कार्रवाइयों को प्रोत्साहित करती है।,Amir,Amazon Translate
सूचित सहमति प्रतिभागी के निर्णय लेने की स्वायत्तता का सम्मान करती है।,Amir,Amazon Translate
रूढ़िवादी ईसाई धर्म पारंपरिक पूजा-पाठ को बनाए रखता है।,Amir,Amazon Translate
अभियान जनता की राय को प्रभावित करने का प्रयास करते हैं।,Amir,Amazon Translate
संदर्भ पुस्तकें त्वरित परामर्श के लिए तथ्य प्रदान करती हैं।,Amir,Amazon Translate
संग्रहालय कला और ऐतिहासिक वस्तुओं को सार्वजनिक रूप से प्रदर्शित करते हैं।,Amir,Amazon Translate
इस्तांबुल दो महाद्वीपों में फैला है- यूरोप और एशिया।,Amir,Amazon Translate
साइकिल चलाने से कार्डियोरेस्पिरेटरी सहनशक्ति बढ़ती है।,Amir,Amazon Translate
"डी-डे 6 जून, 1944 को हुआ।",Amir,Amazon Translate
पेशेवर ड्राइवरों को विशिष्ट लाइसेंस की आवश्यकता होती है।,Amir,Amazon Translate
अंश एक पूरे से कम भागों को दिखाते हैं।,Amir,Amazon Translate
आशावाद विपरीत परिस्थितियों में लचीलापन को बढ़ावा देता है।,Amir,Amazon Translate
संज्ञानात्मक पूर्वाग्रह अवचेतन रूप से निर्णय को प्रभावित करता है।,Amir,Amazon Translate
दाओवाद प्रकृति के साथ संतुलन पर जोर देता है।,Amir,Amazon Translate
ईमेल अटैचमेंट इलेक्ट्रॉनिक रूप से फाइल ट्रांसमिट करते हैं।,Amir,Amazon Translate
स्मार्ट होम डिवाइस घरेलू कार्यों को स्वचालित करते हैं।,Amir,Amazon Translate
हाइकू सेट सिलेबल्स के साथ तीन लाइनों का उपयोग करता है।,Amir,Amazon Translate
पेट्रा जॉर्डन का एक प्राचीन पत्थर का शहर है।,Amir,Amazon Translate
एरोबिक नृत्य समन्वय और सहनशक्ति में सुधार करता है।,Amir,Amazon Translate
पुनर्जागरण कला ने शास्त्रीय ग्रीक तकनीकों को पुनर्जीवित किया।,Amir,Amazon Translate
भोजन तैयार करना व्यस्त कार्यक्रमों के लिए भोजन का आयोजन करता है।,Amir,Amazon Translate
त्रिकोणमिति त्रिभुज कोणों के बीच संबंधों की पड़ताल करती है।,Amir,Amazon Translate
व्यक्तिगत रुचियां मनोरंजक विकल्पों को बढ़ाती हैं।,Amir,Amazon Translate
पुष्टिकरण पूर्वाग्रह साक्ष्य की वस्तुनिष्ठ व्याख्या को विकृत करता है।,Amir,Amazon Translate
शिंटो रीति-रिवाज पैतृक आत्माओं का सम्मान करते हैं।,Amir,Amazon Translate
ज्यूरी ट्रायल में अपराध या मासूमियत का फैसला करते हैं।,Amir,Amazon Translate
ऐप स्टोर डिजिटल रूप से सॉफ्टवेयर वितरित करते हैं।,Amir,Amazon Translate
ग्रंथ सूची अकादमिक शोध में विश्वसनीयता बढ़ाती है।,Amir,Amazon Translate
कपड़े पर डाई का प्रतिरोध करने के लिए बाटिक डिज़ाइन मोम का उपयोग करते हैं।,Amir,Amazon Translate
मोनाको दुनिया की सबसे छोटी रियासत है।,Amir,Amazon Translate
बॉडीवेट एक्सरसाइज के लिए किसी विशेष उपकरण की आवश्यकता नहीं होती है।,Amir,Amazon Translate
फ्रांसीसी क्रांति ने गणतंत्रीय सरकार की स्थापना की।,Amir,Amazon Translate
ग्राहक सेवा ग्राहक की चिंताओं और प्रतिक्रिया का प्रबंधन करती है।,Amir,Amazon Translate
नोबल गैसें रासायनिक रूप से गैर-प्रतिक्रियाशील तत्व हैं।,Amir,Amazon Translate
अनुकूलन प्रजातियों को पर्यावरणीय परिवर्तन से बचने में मदद करता है।,Amir,Amazon Translate
साथियों का दबाव किशोरों के व्यवहार को गहराई से आकार देता है।,Amir,Amazon Translate
लक्ष्य निर्धारण समय के साथ मापने योग्य प्रगति प्राप्त करता है।,Amir,Amazon Translate
सापेक्षवादी सार्वभौमिक नैतिक सत्यों के अस्तित्व से इनकार करते हैं।,Amir,Amazon Translate
सार्वजनिक कार्यों से बुनियादी ढांचा परियोजनाओं के माध्यम से समाज को लाभ होता है।,Amir,Amazon Translate
टचस्क्रीन उपयोगकर्ता को फ़िंगरटिप संपर्क के माध्यम से इनपुट की अनुमति देते हैं।,Amir,Amazon Translate
लाइब्रेरियन सूचना संसाधनों को व्यवस्थित और बनाए रखते हैं।,Amir,Amazon Translate
रोमनस्क्यू वास्तुकला में गोल मेहराब और मोटी दीवारें हैं।,Amir,Amazon Translate
अमेज़ॅन नदी ब्राज़ील और पेरू से होकर गुजरती है।,Amir,Amazon Translate
पल्स रेट प्रति मिनट दिल की धड़कन को मापता है।,Amir,Amazon Translate
संधि समझौते राष्ट्रों के बीच विवादों को हल करते हैं।,Amir,Amazon Translate
ई-कॉमर्स ऑनलाइन सीधी बिक्री को सक्षम बनाता है।,Amir,Amazon Translate
दशमलव संख्यात्मक रूप से आंशिक इकाइयों का प्रतिनिधित्व करते हैं।,Amir,Amazon Translate
ऑस्मोसिस प्राकृतिक रूप से झिल्लियों में पानी फैलाता है।,Amir,Amazon Translate
मुखरता सम्मानपूर्वक विचारों को व्यक्त करती है।,Amir,Amazon Translate
डिडक्टिव लॉजिक सामान्य कथनों से विशिष्टताएं प्राप्त करता है।,Amir,Amazon Translate
सर्वेश्वरवादी विश्वास दिव्यता को ब्रह्मांड के समान बनाता है।,Amir,Amazon Translate
मार्केटप्लेस स्थानीय या वैश्विक स्तर पर माल के आदान-प्रदान की सुविधा प्रदान करते हैं।,Amir,Amazon Translate
स्थायी प्रथाओं का उद्देश्य प्राकृतिक संसाधनों का संरक्षण करना है।,Amir,Amazon Translate
उपयोगकर्ता मार्गदर्शिकाएं चरण-दर-चरण उत्पाद निर्देश प्रदान करती हैं।,Amir,Amazon Translate
डिजिटल कोलाज संपादन टूल का उपयोग करके छवियों को जोड़ते हैं।,Amir,Amazon Translate
रोवर्स प्रतिस्पर्धात्मक रूप से नौकाओं को पैडलिंग करके ताकत का निर्माण करते हैं।,Amir,Amazon Translate
विश्व स्वास्थ्य संगठन वैश्विक स्वास्थ्य मानक निर्धारित करता है।,Amir,Amazon Translate
टूर एजेंसियां यात्राएं और दर्शनीय स्थलों की यात्रा की व्यवस्था करती हैं।,Amir,Amazon Translate
उछाल वस्तुओं को तरल पदार्थों में बचाए रखता है।,Amir,Amazon Translate
सकारात्मक रोल मॉडल रचनात्मक व्यवहार परिवर्तनों को प्रेरित करते हैं।,Amir,Amazon Translate
अनुभवजन्य डेटा वैज्ञानिक परिकल्पनाओं को मान्य करता है।,Amir,Amazon Translate
ईसाई संस्कार जीवन के महत्वपूर्ण चरणों को चिह्नित करते हैं।,Amir,Amazon Translate
संघीय सरकारें शक्तियों को स्तरों के बीच विभाजित करती हैं।,Amir,Amazon Translate
क्लाउड स्टोरेज महत्वपूर्ण फाइलों का दूरस्थ रूप से बैकअप लेता है।,Amir,Amazon Translate
एनोटेट की गई ग्रंथ सूची प्रत्येक स्रोत का संक्षेप में वर्णन करती है।,Amir,Amazon Translate
लकड़ी की नक्काशी लकड़ी की सतहों में सजावटी डिजाइन बनाती है।,Amir,Amazon Translate
लॉयर वैली फ्रांस में कई महलों की मेजबानी करती है।,Amir,Amazon Translate
औपनिवेशिक विस्तार ने दुनिया भर के भौगोलिक क्षेत्रों को आकार दिया।,Amir,Amazon Translate
पाई चार्ट सांख्यिकीय डेटा में अनुपात की कल्पना करते हैं।,Amir,Amazon Translate
गिरते हुए सेबों को देखने के बाद न्यूटन ने गुरुत्वाकर्षण की खोज की।,Amir,Amazon Translate
अवसादी चट्टानें संपीड़ित खनिज परतों से बनती हैं।,Amir,Amazon Translate
सहयोग टीमों में समस्या समाधान को गति देता है।,Amir,Amazon Translate
यहूदी धर्म प्रतिवर्ष वसंत ऋतु में फसह मनाता है।,Amir,Amazon Translate
राष्ट्रीय उद्यान वन्यजीवों और अद्वितीय परिदृश्यों की रक्षा करते हैं।,Amir,Amazon Translate
लिंक एग्रीगेशन नेटवर्क कनेक्शन को कुशलता से बंडल करता है।,Amir,Amazon Translate
रैप संगीत बीट्स पर लयबद्ध बोले गए गीतों का उपयोग करता है।,Amir,Amazon Translate
ओटावा कनाडा की राजधानी है।,Amir,Amazon Translate
बर्लिन की दीवार यूरोप में शीत युद्ध विभाजन का प्रतीक थी।,Amir,Amazon Translate
फ्रीलांसर लंबी अवधि के रोजगार अनुबंध के बिना सेवाएं प्रदान करते हैं।,Amir,Amazon Translate
प्रतिशत संदर्भ बिंदु के रूप में संख्याओं की तुलना 100 से करते हैं।,Amir,Amazon Translate
ध्वनि तरंगों को संचरण के लिए एक माध्यम की आवश्यकता होती है।,Amir,Amazon Translate
मैरी क्यूरी ने रेडियोधर्मिता पर बड़े पैमाने पर शोध किया।,Amir,Amazon Translate
आत्म-अनुशासन दीर्घकालिक उद्देश्यों को प्राप्त करने को बढ़ावा देता है।,Amir,Amazon Translate
"हिंदू देवताओं में विष्णु, शिव और ब्रह्मा शामिल हैं।",Amir,Amazon Translate
न्यायाधीश कोर्ट सिस्टम के भीतर कानूनों की व्याख्या करते हैं।,Amir,Amazon Translate
डिजिटल वॉलेट स्मार्टफोन का उपयोग करके कैशलेस लेनदेन को सक्षम करते हैं।,Amir,Amazon Translate
टचस्क्रीन इलेक्ट्रॉनिक रूप से उंगली या स्टाइलस आंदोलनों का पता लगाते हैं।,Amir,Amazon Translate
वाटर कलर आर्ट में पानी के साथ मिश्रित पिगमेंट का उपयोग किया जाता है।,Amir,Amazon Translate
एरोबिक फिटनेस से दिल और फेफड़ों की कार्यक्षमता में सुधार होता है।,Amir,Amazon Translate
गॉथिक गिरिजाघरों में नुकीले मेहराब और कांच की खिड़कियां हैं।,Amir,Amazon Translate
भोजन का समय पूरे दिन ऊर्जा को नियंत्रित करता है।,Amir,Amazon Translate
प्रकाश संश्लेषण पृथ्वी के वायुमंडल में ऑक्सीजन छोड़ता है।,Amir,Amazon Translate
सामाजिक सहायता नेटवर्क भावनात्मक कल्याण को बढ़ाते हैं।,Amir,Amazon Translate
मेटाकॉग्निशन का अर्थ है अपने विचारों के बारे में सोचना।,Amir,Amazon Translate
पैंथिस्ट मानते हैं कि देवत्व प्राकृतिक हर चीज में मौजूद है।,Amir,Amazon Translate
महापौर चुनाव स्थानीय सरकार के नेतृत्व को नियंत्रित करते हैं।,Amir,Amazon Translate
टेलीविज़न वीडियो सिग्नल को डिजिटल डिस्प्ले पर स्ट्रीम करता है।,Amir,Amazon Translate
एन्क्रिप्ट किए गए संदेश ऑनलाइन गोपनीयता और डेटा सुरक्षा को बढ़ाते हैं।,Amir,Amazon Translate
टेपेस्ट्रीज़ बुने हुए कपड़े की छवियों के माध्यम से कहानियाँ सुनाते हैं।,Amir,Amazon Translate
सिंगापुर एक शहर और देश दोनों है।,Amir,Amazon Translate
जलीय चिकित्सा जल प्रतिरोध के साथ चोटों का पुनर्वास करती है।,Amir,Amazon Translate
फ्रांसीसी क्रांति ने राजशाही को स्थायी रूप से समाप्त कर दिया।,Amir,Amazon Translate
ग्राहक प्रतिक्रिया उत्पाद विकास के निर्णयों को आकार देती है।,Amir,Amazon Translate
साझा करना कई प्राप्तकर्ताओं के बीच संपत्ति को विभाजित करता है।,Amir,Amazon Translate
पदार्थ उबलने से तरल से गैस में बदल जाता है।,Amir,Amazon Translate
वाष्पोत्सर्जन पत्तियों से नमी को हवा में ले जाता है।,Amir,Amazon Translate
स्वस्थ मित्रता समग्र तनाव के स्तर को कम करती है।,Amir,Amazon Translate
एनालॉजीज़ परिचित अवधारणाओं का उपयोग करके अपरिचित विचारों को चित्रित करते हैं।,Amir,Amazon Translate
नैतिक कोड काम पर अधिकारों और गरिमा की रक्षा करते हैं।,Amir,Amazon Translate
बैंक शाखाएं स्थानीय स्तर पर वित्तीय खातों का प्रबंधन करती हैं।,Amir,Amazon Translate
डिज़ाइनर प्रोटोटाइप के लिए 3D मॉडलिंग सॉफ़्टवेयर का उपयोग करते हैं।,Amir,Amazon Translate
नेडबेले की दीवार पेंटिंग दक्षिण अफ्रीका में सांस्कृतिक प्रतीक हैं।,Amir,Amazon Translate
स्किप रोप पैरों की गति को प्रभावी ढंग से बढ़ाता है।,Amir,Amazon Translate
वियतनाम स्वतंत्रता दिवस राष्ट्रीय मुक्ति का जश्न मनाता है।,Amir,Amazon Translate
बिग-बॉक्स रिटेलर्स बड़ी मात्रा में उपभोक्ता सामान बेचते हैं।,Amir,Amazon Translate
वृत्त रेखांकन सापेक्ष प्रतिशत को दृष्टिगत रूप से व्यक्त करते हैं।,Amir,Amazon Translate
निरपेक्ष शून्य मापा जाने वाला न्यूनतम संभव तापमान है।,Amir,Amazon Translate
प्रयोग के परिणामों का विश्लेषण करने से वैज्ञानिक निष्कर्ष निकलते हैं।,Amir,Amazon Translate
सामुदायिक सेवा स्वयंसेवक सामान्य लाभ के लिए कौशल का योगदान करते हैं।,Amir,Amazon Translate
कारें अब कंप्यूटर नियंत्रित इंजन प्रबंधन प्रणालियों का उपयोग करती हैं।,Amir,Amazon Translate
माउंट मैकिन्ले (डेनली) उत्तरी अमेरिका का सबसे ऊँचा स्थान है।,Amir,Amazon Translate
यूरोप में विजय दिवस यूरोप में WWII के अंत का प्रतीक है।,Amir,Amazon Translate
कंसल्टेंट्स विशेष पेशेवर मुद्दों पर सलाह देते हैं।,Amir,Amazon Translate
दशमलव दसवें या शतांश मानों को सरलता से व्यक्त करते हैं।,Amir,Amazon Translate
थेरेपी कुत्ते मरीजों को आराम देने के लिए अस्पतालों में जाते हैं।,Amir,Amazon Translate
समय क्षेत्र वैश्विक स्थानों पर घड़ी की सेटिंग को संरेखित करते हैं।,Amir,Amazon Translate
सकारात्मक पुष्टि आत्म-मूल्य विश्वासों को सुदृढ़ करती है।,Amir,Amazon Translate
सिद्धांत तर्क में मूलभूत प्रारंभिक बिंदु के रूप में कार्य करते हैं।,Amir,Amazon Translate
भौतिकवादी दार्शनिक वास्तविकता को केवल भौतिक पदार्थ तक ही सीमित रखते हैं।,Amir,Amazon Translate
प्रार्थनाएं देवताओं से मार्गदर्शन या मदद मांगती हैं।,Amir,Amazon Translate
वैधानिक छुट्टियां हर साल अधिकार क्षेत्र के अनुसार बदलती रहती हैं।,Amir,Amazon Translate
ई-बुक्स दुनिया भर में डिजिटल रूप से लाइब्रेरी एक्सेस का विस्तार करती हैं।,Amir,Amazon Translate
स्क्रैचबोर्ड चित्रण काली सतहों से सफेद रेखाओं को उकेरता है।,Amir,Amazon Translate
योसेमाइट नेशनल पार्क कैलिफोर्निया के सिएरा नेवादा में स्थित है।,Amir,Amazon Translate
"मार्शल आर्ट्स फोकस, अनुशासन और सम्मान को बढ़ावा देते हैं।",Amir,Amazon Translate
संवैधानिक सम्मेलन नए शासी दस्तावेज लिखते हैं।,Amir,Amazon Translate
हाइड्रोलिक मशीनें दबाव वाले तरल पदार्थों के माध्यम से काम करती हैं।,Amir,Amazon Translate
घटाव बड़ी संख्याओं से छोटी संख्याओं को घटाता है।,Amir,Amazon Translate
ओहलोन ऐतिहासिक रूप से कैलिफोर्निया के केंद्रीय तट पर रहता था।,Amir,Amazon Translate
आनुपातिक प्रतिनिधित्व राजनीतिक सीटों को समान रूप से आवंटित करता है।,Amir,Amazon Translate
ग्रेफाइट की छड़ें बैटरी में कुशलता से बिजली का संचालन करती हैं।,Amir,Amazon Translate
भूकंप से भूकंपीय ऊर्जा निकलती है जिससे जमीन की आवाजाही होती है।,Amir,Amazon Translate
मेंटर साझा अनुभवों के माध्यम से मेंटी के विकास को प्रेरित करते हैं।,Amir,Amazon Translate
नियम-आधारित नैतिकता सिद्धांतों का सख्ती से पालन करने पर जोर देती है।,Amir,Amazon Translate
मॉर्मन के अग्रदूतों ने यूटा की साल्ट लेक वैली को बसाया।,Amir,Amazon Translate
कानून बनाने के लिए चेम्बर्स विधायी बिल पास करते हैं।,Amir,Amazon Translate
स्मार्ट कारें स्वचालित सुरक्षा सेंसर और नियंत्रण को एकीकृत करती हैं।,Amir,Amazon Translate
एक फोनबुक आवासीय और व्यावसायिक संपर्क जानकारी को सूचीबद्ध करती है।,Amir,Amazon Translate
"ज़्यूरिख़, स्विट्ज़रलैंड ज़्यूरिख़ झील के उत्तरी किनारे पर स्थित है।",Amir,Amazon Translate
बच्चों की देखभाल में अल्पकालिक बाल देखभाल जिम्मेदारियां शामिल हैं।,Amir,Amazon Translate
पृथ्वी की सतह में ज्यादातर पानी होता है।,Amir,Amazon Translate
आइजैक न्यूटन ने गति के तीन नियम विकसित किए।,Amir,Amazon Translate
दोस्ती समय के साथ भावनात्मक सुरक्षा प्रदान करती है।,Amir,Amazon Translate
चुनाव करने से पहले विचार-विमर्श विकल्पों पर विचार करता है।,Amir,Amazon Translate
सिख मान्यताएं ईश्वर के समक्ष समानता पर बल देती हैं।,Amir,Amazon Translate
संसद नए करों या खर्च बिलों को अधिकृत करती है।,Amir,Amazon Translate
स्ट्रीमिंग सेवाएं इंटरनेट के माध्यम से वीडियो सामग्री वितरित करती हैं।,Amir,Amazon Translate
वायरलेस कीबोर्ड रेडियो सिग्नल द्वारा कंप्यूटर के साथ संचार करते हैं।,Amir,Amazon Translate
भित्तिचित्र राजनीतिक विरोध संदेश व्यक्त कर सकते हैं।,Amir,Amazon Translate
मेक्सिको सिटी समुद्र तल से काफी ऊंचाई पर स्थित है।,Amir,Amazon Translate
स्ट्रेंथ ट्रेनिंग से चलने से ज्यादा तेजी से कैलोरी बर्न होती है।,Amir,Amazon Translate
मध्य मेक्सिको में एज़्टेक सभ्यता फली-फूली।,Amir,Amazon Translate
सूप व्यंजनों में तरल पदार्थ में उबली हुई सामग्री को मिलाया जाता है।,Amir,Amazon Translate
चुंबकत्व कम्पास सुइयों को चुंबकीय ध्रुवों की ओर ले जाता है।,Amir,Amazon Translate
पोषण संबंधी तथ्य खाद्य पैकेज सामग्री को लेबल करते हैं।,Amir,Amazon Translate
कटौतीत्मक अनुमान किसी मामले पर नियम लागू करता है।,Amir,Amazon Translate
ज़ेन कोअन आदतन सोच को चुनौती देते हैं।,Amir,Amazon Translate
समितियां संभावित परिवर्तनों के लिए विधायी प्रस्तावों की समीक्षा करती हैं।,Amir,Amazon Translate
मोबाइल ऐप यूज़र को घर से बैंक करने की सुविधा देते हैं।,Amir,Amazon Translate
मैनुअल इलेक्ट्रॉनिक डाउनलोड के माध्यम से अपडेट हो सकते हैं।,Amir,Amazon Translate
रंगीन कांच की खिड़कियां गिरजाघरों में प्रवेश करने वाली धूप को रंगती हैं।,Amir,Amazon Translate
पेटागोनिया में दक्षिणी अर्जेंटीना और चिली क्षेत्र शामिल हैं।,Amir,Amazon Translate
रोइंग स्कल्स से शरीर के ऊपरी हिस्से की मांसपेशियों की ताकत बढ़ती है।,Amir,Amazon Translate
बर्लिन एयरलिफ्ट ने नाकाबंदी के दौरान पश्चिम बर्लिन की आपूर्ति की।,Amir,Amazon Translate
फूड कोर्ट कई रेस्तरां को एक साथ क्लस्टर करते हैं।,Amir,Amazon Translate
अंश समान रूप से विभाजित नहीं होने वाली संख्याओं की तुलना करते हैं।,Amir,Amazon Translate
लावा ठंडा होता है और आग्नेय चट्टान की परतें बनाता है।,Amir,Amazon Translate
निर्णय सर्वोत्तम परिणामों के लिए विकल्पों का मूल्यांकन करता है।,Amir,Amazon Translate
आंकड़े आबादी के बारे में अनुमान लगाने के लिए नमूनों का उपयोग करते हैं।,Amir,Amazon Translate
सदाचार नैतिकता अच्छे इरादे से काम करने पर प्रकाश डालती है।,Amir,Amazon Translate
वाणिज्य दूतावास विदेश में नागरिकों को सहायता प्रदान करते हैं।,Amir,Amazon Translate
ऐप आइकन अक्सर प्रमुख ऐप फ़ंक्शंस का प्रतीक होते हैं।,Amir,Amazon Translate
सार्वजनिक दृश्य क्षेत्र सुरक्षित वन्यजीव अवलोकन को सक्षम करते हैं।,Amir,Amazon Translate
पानी की स्की झील की सतहों पर तेजी से सरकती है।,Amir,Amazon Translate
स्केटिंग कोर और पैर की मांसपेशियों को समान रूप से सक्रिय करती है।,Amir,Amazon Translate
युद्ध समाप्त होने के बाद संधियाँ राष्ट्रीय स्वतंत्रता को मान्यता देती हैं।,Amir,Amazon Translate
हार्डवेयर स्टोर उपकरण और निर्माण सामग्री बेचते हैं।,Amir,Amazon Translate
दशमलव सटीक माप तुलना की अनुमति देते हैं।,Amir,Amazon Translate
जब हवा संतृप्ति बिंदु से नीचे ठंडी होती है तो ओस बनती है।,Amir,Amazon Translate
प्रेरक तर्क मजबूत तर्क पर निर्भर करते हैं।,Amir,Amazon Translate
सिद्धांत आधिकारिक धार्मिक शिक्षाओं को संक्षेप में प्रस्तुत करते हैं।,Amir,Amazon Translate
ट्रस्टी लाभार्थियों की ओर से संपत्ति का प्रबंधन करते हैं।,Amir,Amazon Translate
सुरक्षा कैमरे सार्वजनिक स्थानों पर चोरी को रोकते हैं।,Amir,Amazon Translate
मशीन लर्निंग बड़े डेटा सेट का विश्लेषण करने को स्वचालित करता है।,Amir,Amazon Translate
अध्याय पुस्तक सामग्री को तार्किक अनुभागों में व्यवस्थित करते हैं।,Amir,Amazon Translate
सांस्कृतिक समारोहों में सैंड पेंटिंग का उपयोग किया जाता है।,Amir,Amazon Translate
बेन नेविस स्कॉटलैंड का सबसे ऊँचा पर्वत है।,Amir,Amazon Translate
"पार्कौर दौड़ने, कूदने और चढ़ने की बाधाओं को आसानी से जोड़ती है।",Amir,Amazon Translate
प्रिंटिंग प्रेस ने जनसंचार में हमेशा के लिए क्रांति ला दी।,Amir,Amazon Translate
मेल-ऑर्डर कैटलॉग ऑनलाइन शॉपिंग के अवसरों से पहले थे।,Amir,Amazon Translate
समरूपता दृष्टिगत रूप से संतुलित कलाकृति रचनाएं बनाती है।,Amir,Amazon Translate
प्लेट टेक्टोनिक्स पैसिफिक रिंग ऑफ फायर में भूकंप की व्याख्या करता है।,Amir,Amazon Translate
सौर ऊर्जा रूफटॉप पैनल को कुशलता से संचालित करती है।,Amir,Amazon Translate
कृतज्ञता पत्र सार्थक रूप से प्रशंसा व्यक्त करते हैं।,Amir,Amazon Translate
इंडक्शन सामान्य प्रवृत्तियों को देखने के बाद सिद्धांतों को विकसित करता है।,Amir,Amazon Translate
मठवासी जीवन सरलता और सामुदायिक सेवा पर जोर देता है।,Amir,Amazon Translate
अभियान दानदाता स्वेच्छा से चुनाव गतिविधियों को निधि देते हैं।,Amir,Amazon Translate
प्रोग्रामिंग कंप्यूटर कार्यों को चरण-दर-चरण स्पष्ट रूप से परिभाषित करता है।,Amir,Amazon Translate
वर्णमाला क्रम पुस्तकालय की पुस्तकों को आसानी से व्यवस्थित करता है।,Amir,Amazon Translate
स्क्रैपबुकिंग सजाए गए एल्बमों में रख-रखाव को बरकरार रखती है।,Amir,Amazon Translate
बैंक प्राप्त जमा के आधार पर पैसा उधार देते हैं।,Amir,Amazon Translate
कॉन्सर्टो में ऑर्केस्ट्रल बैकग्राउंड के खिलाफ सोलो इंस्ट्रूमेंट है।,Amir,Amazon Translate
फ़ॉकलैंड द्वीप दक्षिण अमेरिकी तट के पूर्व में स्थित है।,Amir,Amazon Translate
दीवार पर चढ़ने के लिए समन्वित गति और पकड़ की आवश्यकता होती है।,Amir,Amazon Translate
मुक्ति उद्घोषणा ने अमेरिकी विद्रोही राज्यों में गुलामी को समाप्त कर दिया।,Amir,Amazon Translate
ऋण चुकौती कार्यक्रमों के लिए समय पर भुगतान की आवश्यकता होती है।,Amir,Amazon Translate
स्थानीय मान अंकों को अलग-अलग परिमाण के अर्थ देता है।,Amir,Amazon Translate
उत्प्लावक बल बताते हैं कि वस्तुएं तरल पदार्थों में क्यों तैरती हैं।,Amir,Amazon Translate
परावर्तन दृश्य समरूपता के रूप में आकृतियों को दर्शाता है।,Amir,Amazon Translate
उपयोगितावादी सोच निर्णयों में कुल खुशी को मापती है।,Amir,Amazon Translate
अध्यादेश संप्रदायों के भीतर पादरी प्राधिकरण को औपचारिक बनाता है।,Amir,Amazon Translate
जेल सुधार पुनर्वास प्रयासों को बढ़ाने की वकालत करता है।,Amir,Amazon Translate
सॉकेट रिंच बोल्ट और नट्स को कसकर मोड़ते हैं।,Amir,Amazon Translate
सोशल मीडिया दुनिया भर में तेजी से समाचार प्रसार को सक्षम बनाता है।,Amir,Amazon Translate
एक स्टाइलबुक लेखन स्थिरता के लिए दिशानिर्देश प्रदान करती है।,Amir,Amazon Translate
कला में यथार्थवाद रोजमर्रा की जिंदगी को सटीक रूप से दर्शाता है।,Amir,Amazon Translate
नील डेल्टा के पास मिस्र की राजधानी काहिरा है।,Amir,Amazon Translate
मध्यकाल में ब्लैक डेथ ने लाखों लोगों को मार डाला।,Amir,Amazon Translate
कैशियर बिक्री के बिंदुओं पर लेनदेन की प्रक्रिया करते हैं।,Amir,Amazon Translate
हमारे नंबर सिस्टम में जीरो एक प्लेसहोल्डर है।,Amir,Amazon Translate
इलेक्ट्रॉन गोले में परमाणु नाभिक की परिक्रमा करते हैं।,Amir,Amazon Translate
मैरी क्यूरी ने दो नोबेल पुरस्कार जीते।,Amir,Amazon Translate
रचनात्मक आलोचना प्रदर्शन या कौशल में सुधार करती है।,Amir,Amazon Translate
अल्पकालिक स्मृति मिनटों में तेजी से फीकी पड़ जाती है।,Amir,Amazon Translate
कन्फ्यूशियस शिक्षाएं सम्मान और फिलियल कर्तव्यों पर जोर देती हैं।,Amir,Amazon Translate
नगरपालिकाएं स्थानीय योजना और सेवाओं की देखरेख करती हैं।,Amir,Amazon Translate
मोबाइल पेमेंट ऐप इलेक्ट्रॉनिक रूप से फंड ट्रांसफर करते हैं।,Amir,Amazon Translate
वायरलेस स्पीकर ऑडियो प्राप्त करने के लिए ब्लूटूथ का उपयोग करते हैं।,Amir,Amazon Translate
"सिरेमिक ग्लेज़ एक चमकदार, वाटरप्रूफ फ़िनिश बनाता है।",Amir,Amazon Translate
वेनेटियन शहर की नहरों पर गोंडोला से यात्रा करते हैं।,Amir,Amazon Translate
चोट को रोकने के लिए क्रॉस-ट्रेनिंग वैकल्पिक वर्कआउट करती है।,Amir,Amazon Translate
बैरोक वास्तुकला में अलंकृत विवरण हैं।,Amir,Amazon Translate
भोजन के हिस्से कैलोरी की मात्रा और चयापचय को प्रभावित करते हैं।,Amir,Amazon Translate
अपवर्तन विभिन्न सामग्रियों के माध्यम से प्रकाश को मोड़ता है।,Amir,Amazon Translate
इच्छाशक्ति लगातार प्रलोभन का विरोध करती है।,Amir,Amazon Translate
एनालॉजी नई अवधारणाओं को सरलता से समझाने में मदद करती है।,Amir,Amazon Translate
ट्रान्सेंडैंटलिस्ट लेखकों ने औद्योगिक समाज पर प्रकृति का पक्ष लिया।,Amir,Amazon Translate
पैरिशियन नियमित पूजा सेवाओं में एक साथ शामिल होते हैं।,Amir,Amazon Translate
वाद-विवाद विशिष्ट मुद्दों पर अलग-अलग दृष्टिकोण प्रस्तुत करते हैं।,Amir,Amazon Translate
ट्यूटोरियल ऑनलाइन स्व-निर्देशित सीखने की सुविधा प्रदान करते हैं।,Amir,Amazon Translate
पैटर्न की किताबें शिल्प को चरण-दर-चरण दर्शाती हैं।,Amir,Amazon Translate
भित्तिचित्र रंगीन दीवार चित्रों से चैपल को सजाते हैं।,Amir,Amazon Translate
मसाई समुदाय केन्या और तंजानिया में फैले हुए हैं।,Amir,Amazon Translate
मार्शल आर्ट्स से चपलता और अनुशासन का निर्माण होता है।,Amir,Amazon Translate
जेम्सटाउन अमेरिका में इंग्लैंड की पहली स्थायी बस्ती थी।,Amir,Amazon Translate
रसीद प्रिंटर तुरंत भुगतान सत्यापन पर्ची का उत्पादन करते हैं।,Amir,Amazon Translate
हर महीने चंद्रमा के चरण अलग-अलग होते हैं।,Amir,Amazon Translate
समावेशन मतभेदों की परवाह किए बिना समान उपचार सुनिश्चित करता है।,Amir,Amazon Translate
संभाव्यताएं गणितीय रूप से अपेक्षित जोखिमों की गणना करती हैं।,Amir,Amazon Translate
नैतिक कोड व्यवहार के लिए सामूहिक मानक प्रदान करते हैं।,Amir,Amazon Translate
रहस्यमय परंपराएं सीधे आध्यात्मिक मिलन का पता लगाती हैं।,Amir,Amazon Translate
बिल ऑफ राइट्स मूल अमेरिकी स्वतंत्रता की रक्षा करता है।,Amir,Amazon Translate
यूनिवर्सल रिमोट कंट्रोल कई इलेक्ट्रॉनिक्स संचालित करते हैं।,Amir,Amazon Translate
टिनटाइप फोटोग्राफी ने ऐतिहासिक रूप से धातु की प्लेटों का इस्तेमाल किया।,Amir,Amazon Translate
बोस्पोरस जलडमरूमध्य इस्तांबुल को यूरोप और एशिया में विभाजित करता है।,Amir,Amazon Translate
"कयाकिंग से पीठ, हाथ और कोर की मांसपेशियां मजबूत होती हैं।",Amir,Amazon Translate
जेनेवा कन्वेंशन युद्धकालीन मानवीय सिद्धांतों को निर्धारित करता है।,Amir,Amazon Translate
कारीगर विशिष्ट तकनीकों का उपयोग करके वस्तुओं को हाथ से बनाते हैं।,Amir,Amazon Translate
साझा करने योग्य स्प्रेडशीट टीम प्रोजेक्ट प्रबंधन की सहायता करती हैं।,Amir,Amazon Translate
ऋणात्मक घातांक संख्याओं के पारस्परिक का प्रतिनिधित्व करते हैं।,Amir,Amazon Translate
सबडक्शन ज़ोन होते हैं जहाँ टेक्टोनिक प्लेटें मिलती हैं।,Amir,Amazon Translate
ग्राफ़ परिवर्तनशील संबंधों को दृष्टिगत रूप से चार्ट करते हैं।,Amir,Amazon Translate
खेती से मिट्टी से कुशलतापूर्वक भोजन का उत्पादन होता है।,Amir,Amazon Translate
सदाचार सूचियां प्रतिदिन नैतिक आत्म-विकास को प्रोत्साहित करती हैं।,Amir,Amazon Translate
एनिमिस्टिक मान्यताएं आत्माओं को पौधों और जानवरों से जोड़ती हैं।,Amir,Amazon Translate
समान कानून क्रॉस-स्टेट नियमों को मानकीकृत करते हैं।,Amir,Amazon Translate
"टाइमकीपिंग घंटों, दिनों, महीनों और वर्षों को सटीक रूप से ट्रैक करती है।",Amir,Amazon Translate
एन्क्रिप्शन एल्गोरिदम के माध्यम से गुप्त रूप से जानकारी बचाता है।,Amir,Amazon Translate
कविता स्लैम में मूल कविताओं का प्रदर्शन होता है।,Amir,Amazon Translate
सिडनी हार्बर ब्रिज शहर के जिलों को पानी के पार जोड़ता है।,Amir,Amazon Translate
अल नीनो वैश्विक मौसम के पैटर्न को चक्रीय रूप से बदल देता है।,Amir,Amazon Translate
"बॉक्सिंग मैच ताकत, रणनीति और सहनशक्ति का परीक्षण करते हैं।",Amir,Amazon Translate
संशोधन कानूनी ग्रंथों को सोच-समझकर अपडेट करते हैं।,Amir,Amazon Translate
इंप्रेशनिस्ट संगीत क्षणभंगुर मनोदशाओं को ध्वनि में कैद करता है।,Amir,Amazon Translate
सार्वजनिक स्वास्थ्य अभियान स्थानीय स्तर पर महामारी का मुकाबला करते हैं।,Amir,Amazon Translate
रिज्यूमे कैरियर हाइलाइट्स को संक्षिप्त रूप से सारांशित करते हैं।,Amir,Amazon Translate
माइक्रोस्कोप अवलोकन के लिए छोटे नमूनों को बड़ा करते हैं।,Amir,Amazon Translate
लॉयल्टी प्रोग्राम बार-बार ग्राहक की खरीदारी को पुरस्कृत करते हैं।,Amir,Amazon Translate
टेक्टोनिक्स पृथ्वी की पपड़ी की गतिविधियों का अध्ययन करता है।,Amir,Amazon Translate
सैन्य ड्यूटी के लिए नागरिकों को भर्ती का मसौदा तैयार करता है।,Amir,Amazon Translate
एसेट मैनेजर रणनीतिक रूप से क्लाइंट के पैसे का निवेश करते हैं।,Amir,Amazon Translate
सकारात्मक अर्थशास्त्र बिना निर्णय के तथ्यों का विश्लेषण करता है।,Amir,Amazon Translate
नियतात्मक कंप्यूटर प्रोग्राम में हमेशा पूर्वानुमानित आउटपुट होते हैं।,Amir,Amazon Translate
नाहुल्ट भाषा की उत्पत्ति एज़्टेक लोगों के बीच हुई।,Amir,Amazon Translate
रोम अपनी प्राचीन वास्तुकला के लिए जाना जाता है।,Amir,Amazon Translate
अमेज़ॅन नदी दक्षिण अमेरिका से होकर बहती है।,Amir,Amazon Translate
संतुलित आहार संपूर्ण स्वास्थ्य और ऊर्जा का समर्थन करता है।,Amir,Amazon Translate
प्राचीन ग्रीस ने पश्चिमी दर्शन को प्रभावित किया।,Amir,Amazon Translate
पानी पृथ्वी की अधिकांश सतह को कवर करता है।,Amir,Amazon Translate
ऑक्सीजन पृथ्वी के वायुमंडल का 21 प्रतिशत हिस्सा बनाता है।,Amir,Amazon Translate
गणित समस्याओं को हल करने के लिए संख्याओं और प्रतीकों का उपयोग करता है।,Amir,Amazon Translate
घटाव एक संख्या को दूसरी मात्रा से निकालता है।,Amir,Amazon Translate
फ़ुटबॉल एक गेंद का उपयोग करके दो टीमों द्वारा खेला जाता है।,Amir,Amazon Translate
ईमेल कंप्यूटर के बीच इलेक्ट्रॉनिक रूप से संदेश भेजता है।,Amir,Amazon Translate
आंखों का रंग आंशिक रूप से आनुवंशिकी पर निर्भर करता है।,Amir,Amazon Translate
वर्षा तब होती है जब जल वाष्प बूंदों में संघनित हो जाता है।,Amir,Amazon Translate
सर्दियों के तूफान बर्फ या बर्फ पैदा करते हैं।,Amir,Amazon Translate
"जैसे ही पृथ्वी की धुरी झुकती है, वसंत सर्दियों के बाद आता है।",Amir,Amazon Translate
पाइथागोरस ने समकोण त्रिभुजों के बारे में सिद्धांत विकसित किए।,Amir,Amazon Translate
जीवित चीजों के लिए कार्बन एक प्रमुख तत्व है।,Amir,Amazon Translate
सेंट पीटर्सबर्ग को कभी लेनिनग्राद कहा जाता था।,Amir,Amazon Translate
कुछ धर्मों में भिक्षु धार्मिक प्रतिज्ञाओं के तहत रहते हैं।,Amir,Amazon Translate
डॉक्टर बीमारियों और चोटों का निदान करते हैं।,Amir,Amazon Translate
पायलट उड़ानों के दौरान विमान को नियंत्रित करते हैं।,Amir,Amazon Translate
जनसंख्या घनत्व प्रति यूनिट क्षेत्र में लोगों को मापता है।,Amir,Amazon Translate
तेज आवाज समय के साथ सुनने को नुकसान पहुंचा सकती है।,Amir,Amazon Translate
तूफान में तेज हवाएं और भारी बारिश होती है।,Amir,Amazon Translate
पश्चिम अफ्रीका में फ्रेंच व्यापक रूप से बोली जाती है।,Amir,Amazon Translate
मूर्तियां महत्वपूर्ण ऐतिहासिक हस्तियों का सम्मान करती हैं।,Amir,Amazon Translate
ब्लू व्हेल आज जीवित सबसे बड़े जानवर हैं।,Amir,Amazon Translate
जीवित जीव पर्यावरणीय परिवर्तनों के अनुकूल होते हैं।,Amir,Amazon Translate
पौधे जड़ों और बीजों में ऊर्जा का भंडारण करते हैं।,Amir,Amazon Translate
ईंधन कारों और मशीनरी को शक्ति देता है।,Amir,Amazon Translate
डीएनए माता-पिता से विरासत में मिले शारीरिक लक्षणों को निर्धारित करता है।,Amir,Amazon Translate
पब्लिक स्कूल मुफ्त शिक्षा प्रदान करते हैं।,Amir,Amazon Translate
शतरंज के लिए सावधानीपूर्वक योजना और दूरदर्शिता की आवश्यकता होती है।,Amir,Amazon Translate
भूकंप से संग्रहित ऊर्जा अचानक निकलती है।,Amir,Amazon Translate
लिफ्ट लोगों को इमारत के फर्श के बीच लंबवत रूप से ले जाती है।,Amir,Amazon Translate
किसान खाद्य उत्पादन के लिए फसलों की खेती करते हैं।,Amir,Amazon Translate
गिटार स्ट्रिंग्स को वाइब्रेट करके ध्वनि बनाते हैं।,Amir,Amazon Translate
ब्रिटिश संसद यूनाइटेड किंगडम में कानून पारित करती है।,Amir,Amazon Translate
नर्स मरीजों की देखभाल में डॉक्टरों की सहायता करती हैं।,Amir,Amazon Translate
कपास के रेशों को धागे में काट दिया जाता है।,Amir,Amazon Translate
"गणित में अंकगणित, ज्यामिति और बीजगणित शामिल हैं।",Amir,Amazon Translate
केक को उत्सव के लिए बेक किया जाता है।,Amir,Amazon Translate
तैरने से मांसपेशियां और समन्वय मजबूत होता है।,Amir,Amazon Translate
पढ़ने से शब्दावली और समझ बढ़ती है।,Amir,Amazon Translate
उपग्रह पृथ्वी के वायुमंडल के ऊपर परिक्रमा करते हैं।,Amir,Amazon Translate
रनवे लाइट्स रात में हवाई जहाज के उतरने का मार्गदर्शन करती हैं।,Amir,Amazon Translate
शास्त्रीय संगीत संरचित रूपों और सामंजस्य का अनुसरण करता है।,Amir,Amazon Translate
हार्वेस्ट फेस्टिवल सफल फसल इकट्ठा करने का जश्न मनाते हैं।,Amir,Amazon Translate
बैरोमीटर वायुमंडलीय वायुदाब को मापते हैं।,Amir,Amazon Translate
झंडे देशों और संगठनों का प्रतीक हैं।,Amir,Amazon Translate
सिम्फनी में संगीतकारों के बड़े समूह एक साथ खेलते हैं।,Amir,Amazon Translate
फल खाने से विटामिन और फाइबर मिलता है।,Amir,Amazon Translate
प्रोग्रामिंग कंप्यूटर को विशिष्ट कार्यों को पूरा करने का निर्देश देता है।,Amir,Amazon Translate
लोकतंत्र नागरिकों को मतदान का अधिकार देता है।,Amir,Amazon Translate
पानी पीना सेहत के लिए जरूरी है।,Amir,Amazon Translate
पढ़ने से साक्षरता कौशल में सुधार होता है।,Amir,Amazon Translate
भूकंप टेक्टोनिक मूवमेंट के कारण होते हैं।,Amir,Amazon Translate
कार्बन डाइऑक्साइड एक ग्रीनहाउस गैस है।,Amir,Amazon Translate
बादलों में पानी की छोटी-छोटी बूंदें होती हैं।,Amir,Amazon Translate
विमान यात्रियों को शहरों के बीच तेज़ी से उड़ाते हैं।,Amir,Amazon Translate
बीजिंग चीन की राजधानी है।,Amir,Amazon Translate
ऑर्केस्ट्रा कई संगीतकारों के साथ सिम्फोनिक संगीत का प्रदर्शन करते हैं।,Amir,Amazon Translate
फ्रेंच फ्राइज़ आलू से बनाए जाते हैं।,Amir,Amazon Translate
वायरलेस इंटरनेट कनेक्शन के लिए रेडियो तरंगों का उपयोग करता है।,Amir,Amazon Translate
बैटरी इलेक्ट्रॉनिक उपकरणों के लिए ऊर्जा संग्रहीत करती है।,Amir,Amazon Translate
मच्छरों में मलेरिया के परजीवी होते हैं।,Amir,Amazon Translate
जैज़ बैंड में सैक्सोफ़ोन आम हैं।,Amir,Amazon Translate
बीजगणित संख्याओं का प्रतिनिधित्व करने वाले अक्षरों के साथ समीकरणों को हल करता है।,Amir,Amazon Translate
महासागर पृथ्वी की सतह के लगभग 71% हिस्से को कवर करते हैं।,Amir,Amazon Translate
शुक्र सूर्य से दूसरा ग्रह है।,Amir,Amazon Translate
फ़ुटबॉल घास के मैदान पर गोल के साथ खेला जाता है।,Amir,Amazon Translate
मेल संदेश और पैकेज भौतिक रूप से वितरित करता है।,Amir,Amazon Translate
बास्केटबॉल में एक गेंद और दो हुप्स का उपयोग किया जाता है।,Amir,Amazon Translate
कैलेंडर तारीखों और महीनों पर नज़र रखते हैं।,Amir,Amazon Translate
"इंजीनियर इमारतों, पुलों और वाहनों को डिजाइन करते हैं।",Amir,Amazon Translate
खाना पकाने से कच्ची सामग्री भोजन में बदल जाती है।,Amir,Amazon Translate
"भौतिकी पदार्थ, ऊर्जा और बलों का अध्ययन करती है।",Amir,Amazon Translate
"खगोल विज्ञान सितारों, ग्रहों और आकाशगंगाओं की खोज करता है।",Amir,Amazon Translate
इलेक्ट्रिक कारें रिचार्जेबल बैटरी पर चलती हैं।,Amir,Amazon Translate
किताबें कहानी सुनाती हैं या जानकारी देती हैं।,Amir,Amazon Translate
"जिम्नास्टिक ताकत, लचीलापन और समन्वय को जोड़ती है।",Amir,Amazon Translate
जड़ वाली सब्जियां मिट्टी के नीचे उगती हैं।,Amir,Amazon Translate
हिप-हॉप लयबद्ध भाषण और संगीत को मिलाता है।,Amir,Amazon Translate
बर्डवॉचिंग में प्रकृति में जंगली पक्षियों को देखना शामिल है।,Amir,Amazon Translate
एंटीबायोटिक्स बैक्टीरिया को मारते हैं जो संक्रमण का कारण बनते हैं।,Amir,Amazon Translate
ग्लो-वर्म बायोलुमिनसेंस के माध्यम से प्रकाश उत्पन्न करते हैं।,Amir,Amazon Translate
ईगल्स पेड़ों या चट्टानों में ऊंचे घोंसले बनाते हैं।,Amir,Amazon Translate
टमाटर को वानस्पतिक रूप से जामुन के रूप में वर्गीकृत किया जाता है।,Amir,Amazon Translate
लंदन में एक भूमिगत रेलवे है जिसे “द ट्यूब” कहा जाता है।,Amir,Amazon Translate
नदी के डेल्टा तलछट जमा करते हैं जहाँ नदियाँ समुद्रों से मिलती हैं।,Amir,Amazon Translate
ग्रह सूर्य के चारों ओर परिक्रमा करते हैं।,Amir,Amazon Translate
सार्वजनिक पुस्तकालय बिना किसी शुल्क के किताबें उधार देते हैं।,Amir,Amazon Translate
प्राचीन रोम ने ताजे पानी की आपूर्ति के लिए एक्वाडक्ट्स का निर्माण किया।,Amir,Amazon Translate
साइनस नाक के पास खोपड़ी में छिद्र होते हैं।,Amir,Amazon Translate
रोमनों ने अपने साम्राज्य में सड़कों का निर्माण किया।,Amir,Amazon Translate
वकील कानूनी मामलों में ग्राहकों का प्रतिनिधित्व करते हैं।,Amir,Amazon Translate
व्हेल हर साल बड़ी दूरी तय करती हैं।,Amir,Amazon Translate
हाइकिंग से कैलोरी बर्न होती है और मानसिक स्वास्थ्य को फायदा होता है।,Amir,Amazon Translate
टेलीपोर्टेशन वर्तमान में केवल विज्ञान कथाओं में मौजूद है।,Amir,Amazon Translate
फुटबॉल को उत्तरी अमेरिका के बाहर फुटबॉल कहा जाता है।,Amir,Amazon Translate
पेपर माचे हल्की मूर्तियां और मॉडल बनाता है।,Amir,Amazon Translate
रोम में कोलोसियम ने ग्लैडीएटर फाइट्स की मेजबानी की।,Amir,Amazon Translate
"भूवैज्ञानिक चट्टानों, खनिजों और भूकंपों का अध्ययन करते हैं।",Amir,Amazon Translate
कठपुतली गुड़िया और आकृतियों में सजीव गति लाती है।,Amir,Amazon Translate
संगीतकार नए वाद्य और स्वर रचनाएँ बनाते हैं।,Amir,Amazon Translate
सिंगल व्हील्स की सवारी करने के लिए यूनीसाइकिल को संतुलन की आवश्यकता होती है।,Amir,Amazon Translate
सील समुद्र तट के किनारे रहते हैं और मछलियों को खाते हैं।,Amir,Amazon Translate
शतरंज के ग्रैंडमास्टर्स ने रणनीति में महारत हासिल करके अंतरराष्ट्रीय टूर्नामेंट जीते।,Amir,Amazon Translate
स्वस्थ मिट्टी बनाए रखने के लिए किसान फसलों को घुमाते हैं।,Amir,Amazon Translate
मिट्टी के बर्तनों को आकार दिया जाता है और फिर भट्ठों में आग लगाई जाती है।,Amir,Amazon Translate
शब्दकोश अंग्रेजी शब्दों को वर्णानुक्रम में परिभाषित करते हैं।,Amir,Amazon Translate
1955 में कैलिफोर्निया में डिज्नीलैंड खोला गया।,Amir,Amazon Translate
सेलोस ऑर्केस्ट्रा में कम पिच बजाते हैं।,Amir,Amazon Translate
मांसाहारी मुख्य रूप से जानवरों के मांस पर निर्भर करते हैं।,Amir,Amazon Translate
कम वायुमंडलीय दबाव पर पानी तेजी से उबलता है।,Amir,Amazon Translate
जेट धाराएँ पृथ्वी की सतह से बहुत ऊपर बहती हैं।,Amir,Amazon Translate
पाचन खाद्य पदार्थों को पोषक तत्वों में तोड़ देता है।,Amir,Amazon Translate
चिड़ियाघर में विदेशी और लुप्तप्राय जानवर सुरक्षित रूप से रहते हैं।,Amir,Amazon Translate
नाटक संवाद और क्रिया के माध्यम से कहानी की भावना को प्रस्तुत करता है।,Amir,Amazon Translate
पाठ्यक्रम निर्दिष्ट करते हैं कि छात्रों को स्कूल में क्या सीखना चाहिए।,Amir,Amazon Translate
पाई डे हर चौदह मार्च को मनाया जाता है।,Amir,Amazon Translate
शेक्सपियर ने अंग्रेजी साहित्य में नाटक और गीत लिखे।,Amir,Amazon Translate
हीरे अत्यधिक संपीड़ित कार्बन से बने होते हैं।,Amir,Amazon Translate
"माउंट एवरेस्ट की ऊंचाई समुद्र तल से 8,800 मीटर से अधिक है।",Amir,Amazon Translate
केले पोषण के लिए फाइबर और पोटेशियम प्रदान करते हैं।,Amir,Amazon Translate
"मानचित्र क्षेत्रों, सीमाओं और सुविधाओं को दृष्टिगत रूप से प्रदर्शित करते हैं।",Amir,Amazon Translate
डॉक्टर मरीज के स्वास्थ्य को बेहतर बनाने के लिए बीमारियों का इलाज करते हैं।,Amir,Amazon Translate
त्रिभुजों के तीन कोण होते हैं जिनका योग 180 डिग्री के बराबर होता है।,Amir,Amazon Translate
जैज़ सख्त नोटों पर आशुरचना पर जोर देता है।,Amir,Amazon Translate
संग्रहालय आने वाली पीढ़ियों के लिए इतिहास और संस्कृति को संरक्षित करते हैं।,Amir,Amazon Translate
"योगा करने से ताकत, लचीलापन और संतुलन बढ़ता है।",Amir,Amazon Translate
परमाणु आपस में मिलकर अलग-अलग रासायनिक यौगिक बनाते हैं।,Amir,Amazon Translate
वाई-फाई डिवाइसों के लिए वायरलेस कनेक्शन की अनुमति देता है।,Amir,Amazon Translate
बारिश तब होती है जब बादल संघनित जलवाष्प छोड़ते हैं।,Amir,Amazon Translate
मुद्रा बाजारों में विनिमय के माध्यम के रूप में कार्य करती है।,Amir,Amazon Translate
आदर्श परिस्थितियों में बांस प्रति दिन एक मीटर बढ़ सकता है।,Amir,Amazon Translate
वाहन चालकों को सुरक्षा के लिए यातायात नियमों का पालन करना चाहिए।,Amir,Amazon Translate
मधुमक्खियां पादप शर्करा स्रोतों से शहद बनाती हैं।,Amir,Amazon Translate
ठोस पदार्थ माध्यमों में ध्वनि सबसे तेज चलती है।,Amir,Amazon Translate
गुरुत्वाकर्षण ग्रहों के पिंडों को अण्डाकार पथों का अनुसरण करता रहता है।,Amir,Amazon Translate
शब्दकोश शब्दों के अर्थ और सही वर्तनी की व्याख्या करते हैं।,Amir,Amazon Translate
पेंटिंग में ब्रश या चाकू से लगाए गए पिगमेंट का उपयोग किया जाता है।,Amir,Amazon Translate
"तटस्थ रंगों में सफेद, काला, ग्रे और बेज रंग शामिल हैं।",Amir,Amazon Translate
ऑर्केस्ट्रा शास्त्रीय शीट संगीत रचनाओं का प्रदर्शन करते हैं।,Amir,Amazon Translate
जेट इंजन का उपयोग करके हवाई जहाज तेजी से गंतव्यों के बीच यात्रा करते हैं।,Amir,Amazon Translate
सरीसृप सूरज की रोशनी में तप कर तापमान को नियंत्रित करते हैं।,Amir,Amazon Translate
फ़ोन लंबी दूरी पर ध्वनि संचार को सक्षम करते हैं।,Amir,Amazon Translate
विटामिन बेहतर स्वास्थ्य के लिए आहार अंतराल को पूरा करते हैं।,Amir,Amazon Translate
"किताबें पाठकों के साथ ज्ञान, विचारों या कहानियों को साझा करती हैं।",Amir,Amazon Translate
बादल छाए रहने से प्राकृतिक सूर्य की रोशनी बड़े पैमाने पर फैलती है।,Amir,Amazon Translate
जैज़ की उत्पत्ति अफ्रीकी-अमेरिकी समुदायों में हुई थी।,Amir,Amazon Translate
दंत चिकित्सक विशेष रूप से दांतों और मसूड़ों की देखभाल करते हैं।,Amir,Amazon Translate
सौर पैनल फोटॉन ऊर्जा को बिजली में परिवर्तित करते हैं।,Amir,Amazon Translate
लोकतंत्र नागरिकों को नेताओं के लिए वोट करने का अधिकार देता है।,Amir,Amazon Translate
जानवरों के दूध के एंजाइमों को किण्वित करके पनीर बनता है।,Amir,Amazon Translate
किसान उपभोग या पशुधन के लिए फसल के पौधे उगाते हैं।,Amir,Amazon Translate
अंश संपूर्ण मानों से कम संख्याओं का वर्णन करते हैं।,Amir,Amazon Translate
ओपेरा में वोकल परफॉरमेंस और नाटकीय स्टोरीटेलिंग शामिल है।,Amir,Amazon Translate
पानी की लिली चौड़ी पत्तियों का उपयोग करके तालाबों पर तैरती है।,Amir,Amazon Translate
विश्व स्तर पर हर चार साल में ओलंपिक खेल होते हैं।,Amir,Amazon Translate
तापमान पदार्थों में ऊष्मीय ऊर्जा को मापता है।,Amir,Amazon Translate
नींबू खाने में एसिडिटी और स्वाद जोड़ता है।,Amir,Amazon Translate
अंटार्कटिका में वैज्ञानिकों के अलावा कोई स्थायी निवासी नहीं है।,Amir,Amazon Translate
"डायरी व्यक्तिगत अनुभवों, विचारों और भावनाओं को रिकॉर्ड करती है।",Amir,Amazon Translate
मछली पकड़ने से उच्च प्रोटीन खाद्य संसाधनों की आपूर्ति होती है।,Amir,Amazon Translate
ग्लास का निर्माण रेत और सोडा ऐश को पिघलाकर किया जाता है।,Amir,Amazon Translate
वायलिन धनुष ध्वनि उत्पन्न करने के लिए घोड़े के बाल का उपयोग करते हैं।,Amir,Amazon Translate
जिराफ लंबी गर्दन का उपयोग करके बबूल के पेड़ों को खाते हैं।,Amir,Amazon Translate
पेंट के साथ लेपित होने पर आयरन क्षरण का सबसे अच्छा प्रतिरोध करता है।,Amir,Amazon Translate
तारे हाइड्रोजन परमाणुओं को हीलियम नाभिक में फ्यूज करते हैं जिससे ऊर्जा निकलती है।,Amir,Amazon Translate
व्याकरण बताता है कि भाषाएं वाक्यों को तार्किक रूप से कैसे संरचित करती हैं।,Amir,Amazon Translate
बिजली तब होती है जब वातावरण में विरोधी आवेश बराबर हो जाते हैं।,Amir,Amazon Translate
डिजिटल कैमरे तस्वीरों को इलेक्ट्रॉनिक इमेज के रूप में रिकॉर्ड करते हैं।,Amir,Amazon Translate
"इंजीनियरिंग मशीनों, सड़कों, उपकरणों या संरचनाओं को विकसित करती है।",Amir,Amazon Translate
ट्यूलिप मध्य एशिया के क्षेत्रों में पाए जाने वाले बल्ब फूल हैं।,Amir,Amazon Translate
गाजर में बीटा-कैरोटीन होता है जिसे शरीर विटामिन ए में बदल देता है।,Amir,Amazon Translate
सेब पर्णपाती पेड़ों पर उगते हैं जो सालाना पत्ते खो देते हैं।,Amir,Amazon Translate
विज्ञान में प्रश्न पूछना और विधिवत प्रयोग करना शामिल है।,Amir,Amazon Translate
सार्वजनिक पुस्तकालय पुस्तकों और मल्टीमीडिया वस्तुओं को स्वतंत्र रूप से ऋण देते हैं।,Amir,Amazon Translate
सूरज की किरणों को बिखेर कर सूर्यास्त आकाश का रंग बदल देता है।,Amir,Amazon Translate
बोनफायर बाहर बड़ी मात्रा में लकड़ी जलाते हैं।,Amir,Amazon Translate
दवाएं बीमारी या संक्रमण के लक्षणों को कम करने में मदद करती हैं।,Amir,Amazon Translate
धारीदार छलावरण की बदौलत ज़ेबरा घास के मैदानों में मिल जाते हैं।,Amir,Amazon Translate
सर्दियों में ठंडे जलवायु क्षेत्रों में बर्फीले तूफान आते हैं।,Amir,Amazon Translate
शिक्षक शिक्षण संस्थानों में सीखने के उद्देश्यों का समर्थन करते हैं।,Amir,Amazon Translate
पुरातत्वविद पिछले समाजों की कलाकृतियों का अध्ययन करते हैं।,Amir,Amazon Translate
फ़ुटबॉल खिलाड़ी एक गेंद को किक करके गोल करते हैं।,Amir,Amazon Translate
तूफान के कारण हवा से गंभीर नुकसान होता है और बाढ़ आती है।,Amir,Amazon Translate
पेपर प्रोसेस्ड ट्री फाइबर से आता है।,Amir,Amazon Translate
चॉकलेट उष्णकटिबंधीय जलवायु में उगाए जाने वाले कोको बीन्स के रूप में शुरू होती है।,Amir,Amazon Translate
कुकबुक रेसिपी और खाना पकाने की तकनीक के निर्देश देती हैं।,Amir,Amazon Translate
एथलीट शारीरिक प्रदर्शन के स्तर को बढ़ाने के लिए प्रशिक्षण लेते हैं।,Amir,Amazon Translate
रोम जूलियस सीज़र जैसे सम्राटों का घर था।,Amir,Amazon Translate
इलेक्ट्रिक गिटार को बढ़ी हुई मात्रा के लिए एम्पलीफायरों की आवश्यकता होती है।,Amir,Amazon Translate
द्वीप तब बनते हैं जब ज्वालामुखी पानी की रेखा से ऊपर निकलते हैं।,Amir,Amazon Translate
वातावरण द्वारा नम और गर्म करने पर बीज अंकुरित होते हैं।,Amir,Amazon Translate
मनोविज्ञान वैज्ञानिक रूप से मानसिक प्रक्रियाओं और व्यवहार का अध्ययन करता है।,Amir,Amazon Translate
जलवायु भौगोलिक स्थानों में पाई जाने वाली वनस्पतियों के प्रकारों को प्रभावित करती है।,Amir,Amazon Translate
समुद्र में तैरते बड़े ग्लेशियरों से हिमखंड टूट जाते हैं।,Amir,Amazon Translate
"शेक्सपियर ने नाटक लिखे, जिनमें हेमलेट और मैकबेथ शामिल हैं।",Amir,Amazon Translate
"संतुलित आहार में प्रोटीन, सब्जियां और अनाज शामिल होते हैं।",Amir,Amazon Translate
पृथ्वी के वायुमंडल में ज्यादातर नाइट्रोजन और ऑक्सीजन होते हैं।,Amir,Amazon Translate
सेब के बाग प्रत्येक शरद ऋतु में फल देते हैं।,Amir,Amazon Translate
प्रशीतन होने से पहले नमक मांस को सुरक्षित रखता है।,Amir,Amazon Translate
पॉलीगॉन केवल सीधी भुजाओं के साथ बंद आकार के होते हैं।,Amir,Amazon Translate
रेडियो ध्वनि तरंगों को दूरी पर वायरलेस तरीके से प्रसारित करता है।,Amir,Amazon Translate
पानी में घुसने के लिए क्रेन लंबी टांगों का इस्तेमाल करते हैं।,Amir,Amazon Translate
सिक्के छोटे लेनदेन के लिए मुद्रा के रूप में काम करते हैं।,Amir,Amazon Translate
तापमान के कारण पतझड़ में पत्तियाँ रंग बदलती हैं।,Amir,Amazon Translate
स्वास्थ्य देखभाल पेशेवर बीमारियों का निदान और उपचार करते हैं।,Amir,Amazon Translate
शतरंज एक चेकर गेमबोर्ड पर रणनीतिक चालों का उपयोग करता है।,Amir,Amazon Translate
डॉक्टर मरीजों के लिए दवाएं और उपचार लिखते हैं।,Amir,Amazon Translate
मच्छर विभिन्न रोगों के सामान्य वाहक होते हैं।,Amir,Amazon Translate
तर्क तर्कसंगत तर्क का आधार बनता है।,Amir,Amazon Translate
"गणित पैटर्न, मात्रा और संरचनाओं का विश्लेषण करता है।",Amir,Amazon Translate
अभिनेता नाट्य प्रस्तुतियों में भूमिकाएँ निभाते हैं।,Amir,Amazon Translate
शिक्षक दुनिया भर की कक्षाओं में छात्रों को शिक्षित करते हैं।,Amir,Amazon Translate
फ्रीडा काहलो ने अभिव्यंजक स्व-चित्रों को चित्रित किया।,Amir,Amazon Translate
"एफिल टॉवर पेरिस, फ्रांस में स्थित है।",Amir,Amazon Translate
बास्केटबॉल अंक हासिल करने के लिए प्रतिस्पर्धा करने वाली पांच खिलाड़ियों वाली टीमों का उपयोग करता है।,Amir,Amazon Translate
बुलडोजर निर्माण परियोजनाओं के दौरान पृथ्वी को हिलाते हैं।,Amir,Amazon Translate
उद्धरण चिह्न पाठ में भाषण या उद्धरणों को दर्शाते हैं।,Amir,Amazon Translate
कंप्यूटर उच्च गति पर इलेक्ट्रॉनिक रूप से जानकारी संसाधित करते हैं।,Amir,Amazon Translate
आंधी के मौसम में बिजली चमकती है।,Amir,Amazon Translate
पिरामिड प्राचीन वास्तुकला उपलब्धियों का उदाहरण देते हैं।,Amir,Amazon Translate
विटामिन शरीर के कार्यों और चयापचय को बनाए रखने में मदद करते हैं।,Amir,Amazon Translate
शास्त्रीय संगीत ऑर्केस्ट्रेटेड वाद्ययंत्रों के साथ संरचित रचनाओं का उपयोग करता है।,Amir,Amazon Translate
ब्लूप्रिंट बिल्डिंग डिज़ाइन में इंजीनियरों का मार्गदर्शन करते हैं।,Amir,Amazon Translate
विरोध के दौरान मंगल नग्न आंखों से दिखाई देता है।,Amir,Amazon Translate
मौसम के पूर्वानुमान स्थानीय स्तर पर भविष्य की वायुमंडलीय स्थितियों की भविष्यवाणी करते हैं।,Amir,Amazon Translate
एशियाई आहार में चावल मुख्य अनाज है।,Amir,Amazon Translate
कठपुतली हाथ से नियंत्रित आंकड़ों का उपयोग करके कहानियों को जीवंत करती है।,Amir,Amazon Translate
कैंसर असामान्य कोशिका वृद्धि वाले रोगों के समूह का वर्णन करता है।,Amir,Amazon Translate
Google सर्च इंजन रोजाना लाखों वेब पेजों को इंडेक्स करता है।,Amir,Amazon Translate
पनीर दही वाले डेयरी मिल्क से आता है जिसे ठीक से स्टोर किया जाता है।,Amir,Amazon Translate
मगरमच्छ नदी के किनारे और गर्म आर्द्रभूमि में निवास करते हैं।,Amir,Amazon Translate
अंटार्कटिका में सालाना छह महीने लगातार दिन के उजाले का अनुभव होता है।,Amir,Amazon Translate
"इंजीनियर मशीनों, इमारतों और इन्फ्रास्ट्रक्चर को डिजाइन करते हैं।",Amir,Amazon Translate
वायलिनिस्ट सटीक रूप से तार झुकाकर धुन बजाते हैं।,Amir,Amazon Translate
द्वीप पूरी तरह से जल निकायों से घिरे हुए हैं।,Amir,Amazon Translate
जॉगिंग से गतिहीन जीवन शैली के खिलाफ लचीलापन में सुधार होता है।,Amir,Amazon Translate
जब तापमान ठंड से नीचे चला जाता है तो बर्फ प्राकृतिक रूप से बनती है।,Amir,Amazon Translate
सॉकर प्रति टीम एक गोलाकार गेंद और गोलपोस्ट का उपयोग करता है।,Amir,Amazon Translate
मूर्तिकार पत्थर या धातु के ब्लॉक से त्रि-आयामी कार्य बनाते हैं।,Amir,Amazon Translate
स्वस्थ भोजन मजबूत प्रतिरक्षा प्रणाली के कार्य का समर्थन करता है।,Amir,Amazon Translate
बिजली हर जगह इलेक्ट्रॉनिक उपकरणों को शक्ति प्रदान करती है।,Amir,Amazon Translate
डॉक्टर रोजाना चोटों और बीमारियों का इलाज करते हैं।,Amir,Amazon Translate
लाइब्रेरी अलमारियां विषय या लेखक द्वारा पुस्तकों को व्यवस्थित करती हैं।,Amir,Amazon Translate
इतिहास अतीत के लोगों और घटनाओं का अध्ययन करता है।,Amir,Amazon Translate
भूकंप भूमिगत दोषों के साथ आवाजाही के परिणामस्वरूप होते हैं।,Amir,Amazon Translate
"योग में आसन, सांस लेने और एकाग्रता की तकनीकें शामिल हैं।",Amir,Amazon Translate
बैले डांसर कोरियोग्राफ किए गए मूवमेंट्स को इनायत से करते हैं।,Amir,Amazon Translate
भूगोलवेत्ता स्थानिक वितरण और स्थानों का अध्ययन करते हैं।,Amir,Amazon Translate
किसान उपभोग के लिए अनाज और सब्जियां उगाते हैं।,Amir,Amazon Translate
मधुमक्खियां पित्ती के भीतर शहद का उत्पादन करती हैं।,Amir,Amazon Translate
प्राचीन यूनानियों ने अपने देवताओं का सम्मान करते हुए मंदिरों का निर्माण किया।,Amir,Amazon Translate
सार्वजनिक बसें शहरों के आसपास साझा परिवहन प्रदान करती हैं।,Amir,Amazon Translate
सील जमीन पर और ठंडे समुद्र दोनों में रहते हैं।,Amir,Amazon Translate
बर्लिन वॉल ने WWII के बाद पूर्व और पश्चिम बर्लिन को विभाजित किया।,Amir,Amazon Translate
ग्रेट व्हाइट शार्क के दांतों की कई पंक्तियाँ होती हैं।,Amir,Amazon Translate
बलूत का फल ओक के पेड़ों में परिपक्व हो जाता है अगर उन्हें बिना किसी बाधा के छोड़ दिया जाए।,Amir,Amazon Translate
मूंगफली फली में जमीन के नीचे उगती है।,Amir,Amazon Translate
कीवी फल में भूरे रंग का मुरझाया हुआ छिलका और हरा मांस होता है।,Amir,Amazon Translate
"परमाणु सभी प्रकार के ठोस, तरल और गैस पदार्थ बनाते हैं।",Amir,Amazon Translate
वायरस इन्फ्लूएंजा और सामान्य जुकाम का कारण बनते हैं।,Amir,Amazon Translate
"मानव स्मृति तथ्यों, कौशल और अनुभवों को संग्रहीत करती है।",Amir,Amazon Translate
"सुपरमार्केट किराने का सामान, घरेलू सामान और निजी सामान बेचते हैं।",Amir,Amazon Translate
हवाई जहाज यात्रियों को महाद्वीपों में तेजी से ले जाते हैं।,Amir,Amazon Translate
सिकंदर महान ने प्राचीन दुनिया के अधिकांश हिस्से पर विजय प्राप्त की।,Amir,Amazon Translate
ब्लूटूथ वायरलेस तरीके से डिजिटल डिवाइस को जोड़ता है।,Amir,Amazon Translate
कलाकार विभिन्न मीडिया के माध्यम से विचारों को दृष्टिगत रूप से व्यक्त करते हैं।,Amir,Amazon Translate
फलों और सब्जियों को धोने से गंदगी और बैक्टीरिया दूर होते हैं।,Amir,Amazon Translate
कैलकुलस वक्रों और परिवर्तन की दरों के अंतर्गत क्षेत्रों का पता लगाता है।,Amir,Amazon Translate
मानचित्र भौगोलिक क्षेत्रों को प्रतीकों और रेखाओं के साथ दृष्टिगत रूप से दर्शाते हैं।,Amir,Amazon Translate
संतुलित आहार मजबूत प्रतिरक्षा प्रणाली का समर्थन करता है।,Amir,Amazon Translate
"संग्रहालय कला, इतिहास और विज्ञान प्रदर्शनियों को प्रदर्शित करते हैं।",Amir,Amazon Translate
गुरुत्वाकर्षण वस्तुओं को पृथ्वी की सतह पर रखता है।,Amir,Amazon Translate
फ़ोटोग्राफ़ी कैमरे और फ़िल्म या सेंसर का उपयोग करके छवियों को कैप्चर करती है।,Amir,Amazon Translate
खरगोश अपने बड़े संवेदनशील कानों से शिकारियों का पता लगाते हैं।,Amir,Amazon Translate
कंप्यूटर बाइनरी न्यूमेरिकल सिस्टम का उपयोग करके डेटा प्रोसेस करते हैं।,Amir,Amazon Translate
सिक्के वाणिज्यिक लेनदेन के लिए मुद्रा के रूप में काम करते हैं।,Amir,Amazon Translate
वायलिन वादक ऑर्केस्ट्रा और पहनावा में उच्च स्वर बजाते हैं।,Amir,Amazon Translate
हवाई जहाज यात्रियों को दूर के वैश्विक शहरों के बीच उड़ाते हैं।,Amir,Amazon Translate
डॉक्टर बीमारियों का निदान करते हैं और उपचार की सलाह देते हैं।,Amir,Amazon Translate
क्रेन उथले पानी में मछलियों और कीड़ों का शिकार करते हैं।,Amir,Amazon Translate
मूर्तियां सार्वजनिक स्थानों पर उल्लेखनीय लोगों या घटनाओं की याद दिलाती हैं।,Amir,Amazon Translate
"छात्र गणित, विज्ञान और भाषा जैसे अकादमिक विषय सीखते हैं।",Amir,Amazon Translate
ग्लोबल पोजिशनिंग सिस्टम (GPS) बाहर नेविगेट करने में मदद करते हैं।,Amir,Amazon Translate
गर्मियों का तापमान आमतौर पर सर्दियों के महीनों की तुलना में अधिक होता है।,Amir,Amazon Translate
झीलों में खड़े ताजे पानी या खारे पानी के शव होते हैं।,Amir,Amazon Translate
बादलों में ठंडे संघनित जल वाष्प की बूंदें होती हैं।,Amir,Amazon Translate
फ़ुटबॉल टीमें गेंद से गोल करने के लिए प्रतिस्पर्धा करती हैं।,Amir,Amazon Translate
विज्ञान अवलोकन और प्रयोग के साक्ष्य पर निर्भर करता है।,Amir,Amazon Translate
चश्मा नज़दीकी दृष्टि समस्याओं जैसे नज़दीकी को ठीक करता है।,Amir,Amazon Translate
"अंकगणित में जोड़, घटाव, गुणा और भाग शामिल हैं।",Amir,Amazon Translate
घड़ियाँ समय अंतराल को ठीक-ठीक मापती हैं।,Amir,Amazon Translate
पेनिसिलिन को अलेक्जेंडर फ्लेमिंग द्वारा एंटीबायोटिक के रूप में खोजा गया था।,Amir,Amazon Translate
नासा दूरबीन और अंतरिक्ष यान का उपयोग करके बाहरी अंतरिक्ष की खोज करता है।,Amir,Amazon Translate
मांसाहारी मुख्य रूप से अन्य जानवरों को खाकर पोषण प्राप्त करते हैं।,Amir,Amazon Translate
"मस्तिष्क विचारों, भावनाओं को संसाधित करता है और शारीरिक कार्यों को नियंत्रित करता है।",Amir,Amazon Translate
कारें लोगों और सामानों को रोडवेज पर तेजी से ले जाती हैं।,Amir,Amazon Translate
शुक्र हमारे सौरमंडल का सबसे गर्म ग्रह है।,Amir,Amazon Translate
एशिया पृथ्वी के महाद्वीपों में सबसे बड़ा है।,Amir,Amazon Translate
फ्रिडा काहलो ने मैक्सिकन संस्कृति से प्रभावित सेल्फ-पोर्ट्रेट्स को चित्रित किया।,Amir,Amazon Translate
"मानचित्र भू-आकृतियों, दूरियों और राजनीतिक सीमाओं को सरल बनाते हैं।",Amir,Amazon Translate
स्वस्थ नींद प्रतिरक्षा कार्य और मनोदशा के नियमन का समर्थन करती है।,Amir,Amazon Translate
डॉक्टर निदान और दवा का उपयोग करके बीमारियों का इलाज करते हैं।,Amir,Amazon Translate
योग स्वास्थ्य लाभ के लिए स्ट्रेचिंग को सांस लेने के साथ जोड़ता है।,Amir,Amazon Translate
समशीतोष्ण जलवायु में पौधे शरद ऋतु में पत्तियों को खो देते हैं।,Amir,Amazon Translate
पेंगुइन ऐसे पक्षी हैं जो तैरते हैं लेकिन उड़ते नहीं हैं।,Amir,Amazon Translate
महासागर पृथ्वी की सतह के दो तिहाई से अधिक हिस्से को कवर करते हैं।,Amir,Amazon Translate
प्लास्टिक प्रकृति में सैकड़ों वर्षों तक बना रहता है।,Amir,Amazon Translate
सार्वजनिक पुस्तकालय कार्डधारकों को मुफ्त में किताबें उधार देते हैं।,Amir,Amazon Translate
सांस लेने के लिए सरफेसिंग करते समय व्हेल हवा के स्पाउट्स को बाहर निकाल देती हैं।,Amir,Amazon Translate
पर्यावरणीय ध्वनियों का पता लगाने के लिए खरगोश बड़े कानों का उपयोग करते हैं।,Amir,Amazon Translate
"राय के कथन विश्वासों को दर्शाते हैं, न कि सार्वभौमिक तथ्यों को।",Amir,Amazon Translate
इंजीनियर व्यावहारिक चुनौतियों के लिए तकनीकी समाधान तैयार करते हैं।,Amir,Amazon Translate
कलाकार रचनात्मक कार्यों के माध्यम से भावनाओं को दृष्टिगत रूप से व्यक्त करते हैं।,Amir,Amazon Translate
तर्क औपचारिक आधार के आधार पर वैध निष्कर्ष निकालता है।,Amir,Amazon Translate
कथाएं कहानियों को घटनाओं के क्रम के रूप में संरचित करती हैं।,Amir,Amazon Translate
शब्दकोश वर्णानुक्रम में शब्द परिभाषाएं और उच्चारण सूचीबद्ध करते हैं।,Amir,Amazon Translate
भूवैज्ञानिक चट्टानों की संरचना और इतिहास का अध्ययन करते हैं।,Amir,Amazon Translate
उपग्रह वैश्विक स्तर पर संकेतों को प्रसारित करने के लिए ग्रहों की परिक्रमा करते हैं।,Amir,Amazon Translate
टिड्डे अपने शरीर के आकार के सापेक्ष बहुत दूर तक छलांग लगाते हैं।,Amir,Amazon Translate
बाजार वे स्थान हैं जहां खरीदार और विक्रेता बातचीत करते हैं।,Amir,Amazon Translate
ज्वालामुखी विस्फोट के दौरान गर्म लावा का उत्सर्जन करते हैं।,Amir,Amazon Translate
अफ्रीका दूसरा सबसे बड़ा महाद्वीप है।,Amir,Amazon Translate
ऊतकों को ऑक्सीजन पहुंचाने के लिए हृदय रक्त का संचार करता है।,Amir,Amazon Translate
"बैले के लिए ताकत, लचीलापन और सटीक संतुलन की आवश्यकता होती है।",Amir,Amazon Translate
यांग्त्ज़ी नदी पूर्वी चीन से होकर बहती है।,Amir,Amazon Translate
लगातार प्रतिरोध व्यायाम से मांसपेशियों की वृद्धि होती है।,Amir,Amazon Translate
टीके वायरल संक्रमण के संचरण को कम करने में मदद करते हैं।,Amir,Amazon Translate
सनस्क्रीन तेज गर्मी के दिनों में सनबर्न को रोकने में मदद करता है।,Amir,Amazon Translate
ध्रुवीय भालू अच्छी तरह से तैरते हैं और बर्फ के टुकड़ों का शिकार करते हैं।,Amir,Amazon Translate
"कुर्द तुर्की, सीरिया, इराक और ईरान में फैले क्षेत्रों में निवास करते हैं।",Amir,Amazon Translate
आलू जमीनी स्तर से नीचे कंद के रूप में उगते हैं।,Amir,Amazon Translate
सार्वजनिक पुस्तकालय समुदाय के सदस्यों को मुफ्त में किताबें उधार देते हैं।,Amir,Amazon Translate
प्राचीन रोमन वास्तुकला ने मेहराबों और गुंबदों का बीड़ा उठाया।,Amir,Amazon Translate
कीस्टोन आर्क ब्रिज घाटियों में कुशलता से वजन वितरित करते हैं।,Amir,Amazon Translate
पहाड़ों का परिणाम टेक्टोनिक बदलावों से होता है जो जमीन को ऊपर की ओर उठाते हैं।,Amir,Amazon Translate
सॉकर एक टीम स्पोर्ट है जिसमें सिर्फ पैरों और एक गेंद का उपयोग किया जाता है।,Amir,Amazon Translate
पनीर किण्वित दूध है जिसे अलग-अलग उम्र में ठीक किया जाता है।,Amir,Amazon Translate
"सेब किस्म के आधार पर लाल, हरे या पीले रंग में पकते हैं।",Amir,Amazon Translate
ग्लेशियर धीमी गति से धीरे-धीरे पहाड़ों को आकार देते हैं।,Amir,Amazon Translate
रेलवे यात्रियों को लंबी दूरी पर शहरों के बीच ले जाता है।,Amir,Amazon Translate
सुपरमार्केट मांस से लेकर सफाई की आपूर्ति तक के उत्पादों का स्टॉक करते हैं।,Amir,Amazon Translate
पवन टर्बाइन जीवाश्म ईंधन को जलाए बिना बिजली उत्पन्न करते हैं।,Amir,Amazon Translate
स्ट्रॉबेरी हर वसंत में काटे जाने वाले पहले फलों में से हैं।,Amir,Amazon Translate
जलवायु लंबी समयावधि में सामान्य मौसम के रुझान का वर्णन करती है।,Amir,Amazon Translate
नम छायांकित वातावरण में मशरूम सबसे अच्छे से पनपते हैं।,Amir,Amazon Translate
इंजीनियर भूकंप और बाढ़ का सामना करने के लिए संरचनाएं बनाते हैं।,Amir,Amazon Translate
नमक मछली के मांस को क्षय से बचाता है।,Amir,Amazon Translate
बादल सूरज की रोशनी बिखेरते हैं जिससे पेस्टल शाम का आसमान बनता है।,Amir,Amazon Translate
डॉक्टर साक्ष्य-आधारित दवा का उपयोग करके बीमारियों का इलाज करते हैं।,Amir,Amazon Translate
दंत चिकित्सक कैविटी को रोकने के लिए दांतों को साफ करते हैं।,Amir,Amazon Translate
गणित में ज्यामिति और सांख्यिकी जैसे विविध क्षेत्र शामिल हैं।,Amir,Amazon Translate
हॉकी छोटे गोल पक को निर्देशित करने के लिए स्टिक का उपयोग करती है।,Amir,Amazon Translate
खरगोश भागने के लिए अपने मजबूत पैरों का इस्तेमाल करते हैं।,Amir,Amazon Translate
प्लास्टिक पैकेजिंग खराब होने वाले खाद्य पदार्थों को खराब होने से बचाती है।,Amir,Amazon Translate
मुद्रा वाणिज्यिक लेनदेन और विनिमय की सुविधा प्रदान करती है।,Amir,Amazon Translate
जैज़ संगीतकार बदलते सामंजस्य के बीच एकल प्रदर्शन करते हैं।,Amir,Amazon Translate
मूर्तिकार ऐतिहासिक लोगों का प्रतिनिधित्व करने वाली पत्थर की आकृतियाँ बनाते हैं।,Amir,Amazon Translate
गुरुत्वाकर्षण के कारण तटीय तटरेखाओं के साथ ज्वार समय-समय पर बदलते रहते हैं।,Amir,Amazon Translate
बिजली की चमक रात के आकाश को संक्षिप्त रूप से रोशन करती है।,Amir,Amazon Translate
अंटार्कटिका साल भर बर्फ से लगभग ढका रहता है।,Amir,Amazon Translate
स्प्रे पेंट शहर की दीवारों पर पॉप आर्ट भित्ति चित्र बनाता है।,Amir,Amazon Translate
पेनिसिलिन को गलती से मोल्ड संदूषण से खोजा गया था।,Amir,Amazon Translate
तर्क तर्कों को आधार और तर्कसंगत निष्कर्षों में विभाजित करता है।,Amir,Amazon Translate
ठंड के मौसम के बाद वसंत के पत्ते निकलते हैं।,Amir,Amazon Translate
पारंपरिक कुकीज़ की तुलना में संवहन ओवन में कुकीज़ तेजी से बेक होती हैं।,Amir,Amazon Translate
किताबें कहानियों और सूचनाओं को प्रभावी ढंग से संप्रेषित करती हैं।,Amir,Amazon Translate
तस्वीरें बाद के आनंद के लिए दृश्य क्षणों को कैप्चर करती हैं।,Amir,Amazon Translate
वैश्विक वैज्ञानिक सहयोग के कारण प्रौद्योगिकी तेजी से आगे बढ़ती है।,Amir,Amazon Translate
कांच की बोतलों को कई बार धोया और फिर से इस्तेमाल किया जा सकता है।,Amir,Amazon Translate
बीजगणित चर और अंकगणितीय संचालन से जुड़े समीकरणों को हल करता है।,Amir,Amazon Translate
"टैबलेट स्क्रीन, प्रोसेसर, बैटरी और स्पीकर को पोर्टेबल रूप से एकीकृत करते हैं।",Amir,Amazon Translate
जिराफ़ ऊँचे पेड़ों को चराते हैं जहाँ अन्य शाकाहारी जीव नहीं पहुँच सकते।,Amir,Amazon Translate
"घड़ियाँ घंटे, मिनट और सेकंड को सटीक रूप से प्रदर्शित करती हैं।",Amir,Amazon Translate
मोनेट ने प्रसिद्ध जल लिली के दृश्यों को चित्रित किया।,Amir,Amazon Translate
माउंट एवरेस्ट पृथ्वी का सबसे ऊँचा बिंदु है।,Amir,Amazon Translate
पीने का पानी शरीर के तापमान को नियंत्रित करने में मदद करता है।,Amir,Amazon Translate
प्राचीन मिस्र ने फिरौन के लिए भव्य पिरामिड बनाए।,Amir,Amazon Translate
अमूर्त कला यथार्थवाद के बजाय आकृतियों का उपयोग करती है।,Amir,Amazon Translate
अर्जेंटीना दक्षिण अमेरिका में ब्राज़ील के दक्षिण में स्थित है।,Amir,Amazon Translate
सब्जियां खाने से प्रतिरक्षा प्रणाली स्वस्थ रहती है।,Amir,Amazon Translate
मूर्तिकला त्रि-आयामी कलाकृतियों को तराशती या ढालती है।,Amir,Amazon Translate
उष्णकटिबंधीय जलवायु में केले अच्छी तरह से विकसित होते हैं।,Amir,Amazon Translate
बेक करने से पहले ब्रेड को उठना चाहिए।,Amir,Amazon Translate
सूर्य का प्रकाश सभी जीवित चीजों के लिए ऊर्जा प्रदान करता है।,Amir,Amazon Translate
कारें लंबी दूरी पर यात्रा के समय को कम करती हैं।,Amir,Amazon Translate
"किताबें कहानियों, सूचनाओं और इतिहास को रिकॉर्ड करती हैं।",Amir,Amazon Translate
अंडे में प्रोटीन और विटामिन ए और डी होते हैं।,Amir,Amazon Translate
चावल हर साल दुनिया भर में अरबों को खिलाता है।,Amir,Amazon Translate
ओपेरा ऑर्केस्ट्रल संगत के साथ गायन का मिश्रण करता है।,Amir,Amazon Translate
शास्त्रीय संगीत स्ट्रिंग और ब्रास सेक्शन का उपयोग करता है।,Amir,Amazon Translate
बिजली संयंत्र समुदायों के लिए बिजली पैदा करते हैं।,Amir,Amazon Translate
सिक्के एक्सचेंजों के लिए मुद्रा के रूप में काम करते हैं।,Amir,Amazon Translate
नेपोलियन ने फ्रांस पर अपने सम्राट के रूप में शासन किया।,Amir,Amazon Translate
व्हिटनी ह्यूस्टन एक प्रभावशाली पॉप गायिका थीं।,Amir,Amazon Translate
कंप्यूटर इलेक्ट्रॉनिक सर्किट का उपयोग करके जानकारी संसाधित करते हैं।,Amir,Amazon Translate
बीजगणित में अज्ञात मानों का प्रतिनिधित्व करने वाले चर होते हैं।,Amir,Amazon Translate
भेड़ें गर्म ऊन के कपड़ों के लिए फाइबर प्रदान करती हैं।,Amir,Amazon Translate
डॉक्टर लक्षणों और परीक्षणों के आधार पर स्थितियों का निदान करते हैं।,Amir,Amazon Translate
"मानचित्र नदियों, शहरों और सीमाओं को दृष्टिगत रूप से उजागर करते हैं।",Amir,Amazon Translate
गर्मियों के तूफानों में बिजली गिरने की घटनाएं अधिक होती हैं।,Amir,Amazon Translate
जैज़ संगीतकार अप्रत्याशित रूप से धुनों को सुधारते हैं।,Amir,Amazon Translate
प्लास्टिक के आवरण वस्तुओं को नमी से बचाते हैं।,Amir,Amazon Translate
एक पियानो स्ट्रक स्ट्रिंग्स के माध्यम से ध्वनि उत्पन्न करता है।,Amir,Amazon Translate
नाभिकीय संलयन के कारण तारे प्रकाश उत्सर्जित करते हैं।,Amir,Amazon Translate
अंतरिक्ष यात्री अतिरिक्त ग्रहों की सुरक्षा के लिए स्पेससूट पहनते हैं।,Amir,Amazon Translate
"गणित में गणना, माप और विश्लेषण शामिल हैं।",Amir,Amazon Translate
ऑप्स अंतरराष्ट्रीय कार्यक्रमों में जिम्मेदारियां साझा करते हैं।,Amir,Amazon Translate
मोना लिसा रहस्यमय चेहरे के भाव प्रदर्शित करती है।,Amir,Amazon Translate
रोम में प्राचीन सभ्यताओं के खंडहर दिखाई देते हैं।,Amir,Amazon Translate
कंप्यूटर मेमोरी प्रोसेसिंग के लिए अस्थायी रूप से डेटा संग्रहीत करती है।,Amir,Amazon Translate
कैलोरी खाए गए खाद्य पदार्थों में उपलब्ध ऊर्जा को मापती है।,Amir,Amazon Translate
रक्त पूरे संचार प्रणाली में पोषक तत्वों का परिवहन करता है।,Amir,Amazon Translate
भाग भोजन में पोषक तत्वों के सेवन को नियंत्रित करते हैं।,Amir,Amazon Translate
संग्रहालय ऐतिहासिक और कलात्मक मूल्य के कार्यों को प्रदर्शित करते हैं।,Amir,Amazon Translate
केले के पेड़ खाने योग्य फल और पत्ते दोनों पैदा करते हैं।,Amir,Amazon Translate
पौष्टिक नाश्ता स्कूल में एकाग्रता का समर्थन करता है।,Amir,Amazon Translate
गणित के समीकरणों में एक या एक से अधिक हल हो सकते हैं।,Amir,Amazon Translate
गुरुत्वाकर्षण लोगों को पृथ्वी की सतह पर बांधे रखता है।,Amir,Amazon Translate
अमेज़ॅन नदी में एक विस्तृत जल निकासी बेसिन है।,Amir,Amazon Translate
पारंपरिक पतंगों में त्रिकोणीय आकार आम हैं।,Amir,Amazon Translate
चॉकलेट प्रोसेस्ड कोको बीन्स से आती है।,Amir,Amazon Translate
डॉक्टर वार्षिक फ्लू टीकाकरण की सलाह देते हैं।,Amir,Amazon Translate
"संस्कृति कला, भाषा और सामाजिक रीति-रिवाजों को प्रभावित करती है।",Amir,Amazon Translate
सॉकर एक गोलाकार गेंद और दो जाल का उपयोग करता है।,Amir,Amazon Translate
मेडिटेशन चिंता को शांत करता है और माइंडफुलनेस को बढ़ाता है।,Amir,Amazon Translate
टोक्यो घनी आबादी वाला और तकनीकी रूप से उन्नत है।,Amir,Amazon Translate
किताबें पीढ़ी दर पीढ़ी ज्ञान देती हैं।,Amir,Amazon Translate
वर्कआउट रूटीन विशिष्ट मांसपेशी समूहों को मजबूत करते हैं।,Amir,Amazon Translate
बहुभुज कई भुजाओं वाली बंद आकृतियाँ होती हैं।,Amir,Amazon Translate
नमक बैक्टीरिया के विकास को रोककर मांस को संरक्षित करता है।,Amir,Amazon Translate
पनीर उत्पादन में जमावट और किण्वन शामिल है।,Amir,Amazon Translate
हीरे मुख्य रूप से कार्बन को चतुष्फलकीय रूप से व्यवस्थित किया जाता है।,Amir,Amazon Translate
आलू विभिन्न व्यंजनों में कार्बोहाइड्रेट प्रदान करते हैं।,Amir,Amazon Translate
ईगल्स शक्तिशाली तालाबों का उपयोग करके शिकार को पकड़ते हैं।,Amir,Amazon Translate
तस्वीरें भावी पीढ़ी के लिए दृश्य यादों को कैप्चर करती हैं।,Amir,Amazon Translate
ग्लेशियर अपने वजन के नीचे धीरे-धीरे चलते हैं।,Amir,Amazon Translate
"जिराफ पेड़ों की चोटी के पत्तों को खाते हैं, जो दूसरों के लिए दुर्गम हैं।",Amir,Amazon Translate
क्रिकेट्स ज्यादातर गर्म रातों के दौरान चहकते हैं।,Amir,Amazon Translate
कानूनी प्रणालियां समाजों के भीतर नियम लागू करती हैं।,Amir,Amazon Translate
पवन चक्कियां गतिज ऊर्जा को यांत्रिक कार्य में परिवर्तित करती हैं।,Amir,Amazon Translate
लोग ईवेंट की योजना बनाने के लिए कैलेंडर का उपयोग करते हैं।,Amir,Amazon Translate
शेर गर्व में सहकारी रूप से शिकार करते हैं।,Amir,Amazon Translate
घटाव मात्राओं के बीच अंतर को निर्धारित करता है।,Amir,Amazon Translate
पके होने पर स्ट्रॉबेरी को तोड़ना चाहिए।,Amir,Amazon Translate
साक्षरता लिखित निर्देशों को समझने में सक्षम बनाती है।,Amir,Amazon Translate
टीके प्रतिरक्षा प्रतिक्रिया को सुरक्षित रूप से उत्तेजित करते हैं।,Amir,Amazon Translate
पाई चार्ट दृश्यमान रूप से संपूर्ण अंशों का प्रतिनिधित्व करते हैं।,Amir,Amazon Translate
समुद्री कछुए अंडे देने के लिए समुद्र तटों पर लौटते हैं।,Amir,Amazon Translate
समाचार पत्र पाठकों को वर्तमान समाचारों के बारे में सूचित करते हैं।,Amir,Amazon Translate
"गोल्फ कोर्स में ग्रीन्स, फेयरवे और सैंड बंकर हैं।",Amir,Amazon Translate
प्रकाश समान कोणों पर दर्पणों से परावर्तित होता है।,Amir,Amazon Translate
घने जंगल अधिक जानवरों की विविधता की मेजबानी करते हैं।,Amir,Amazon Translate
न्यूरॉन्स पूरे तंत्रिका तंत्र में संकेतों को प्रसारित करते हैं।,Amir,Amazon Translate
दृष्टि लेंस के माध्यम से आने वाली रोशनी पर निर्भर करती है।,Amir,Amazon Translate
हाइब्रिड कारें इलेक्ट्रिक मोटर और गैस इंजन का उपयोग करती हैं।,Amir,Amazon Translate
शरीर की गति उत्पन्न करने के लिए मांसपेशियां सिकुड़ती हैं।,Amir,Amazon Translate
शब्द शब्दकोश शब्दों को स्पष्ट रूप से परिभाषित करते हैं।,Amir,Amazon Translate
बास्केटबॉल में पॉइंट्स के लिए हुप्स शूट करने वाली टीमें हैं।,Amir,Amazon Translate
शास्त्रीय टुकड़ों में अक्सर आर्केस्ट्रा की व्यवस्था की आवश्यकता होती है।,Amir,Amazon Translate
इंटरनेट सूचना तक वैश्विक पहुंच प्रदान करता है।,Amir,Amazon Translate
हड्डियां कोमल अंगों और ऊतकों को सहारा देती हैं।,Amir,Amazon Translate
जीवाश्म प्राचीन जानवरों की संरचनाओं को प्रकट करते हैं।,Amir,Amazon Translate
पेंटिंग यथार्थवादी से लेकर अमूर्त शैलियों तक होती हैं।,Amir,Amazon Translate
"भौतिकी पदार्थ, बल और गति की खोज करती है।",Amir,Amazon Translate
गणितज्ञ संख्याओं और स्थानों के बारे में सिद्धांत विकसित करते हैं।,Amir,Amazon Translate
बर्डसॉन्ग क्षेत्र या आकर्षण के इरादों का संचार करता है।,Amir,Amazon Translate
बुनियादी अंकगणित रोजमर्रा की गणनाओं का समर्थन करता है।,Amir,Amazon Translate
कॉम्पैक्ट डिस्क डिजिटल ऑडियो डेटा स्टोर करते हैं।,Amir,Amazon Translate
