statement,committer,elicitation
Les chats sont généralement gardés comme animaux de compagnie.,Amir,Amazon Translate
La lumière voyage plus vite que le son.,Amir,Amazon Translate
Le sucre se dissout dans l'eau.,Amir,Amazon Translate
Les journées d'hiver sont généralement plus froides que les journées d'été.,Amir,Amazon Translate
Les plantes ont besoin de la lumière du soleil pour la photosynthèse.,Amir,Amazon Translate
La plupart des adultes ont 32 dents.,Amir,Amazon Translate
Les livres peuvent être fabriqués à partir de papier.,Amir,Amazon Translate
La pluie se forme à partir de la vapeur d'eau condensée.,Amir,Amazon Translate
Les voitures ont besoin de carburant pour fonctionner.,Amir,Amazon Translate
Les échecs se jouent sur un plateau carré.,Amir,Amazon Translate
Le pain devient rassis lorsqu'il est laissé découvert.,Amir,Amazon Translate
La lune tourne autour de la Terre.,Amir,Amazon Translate
Le fer rouille lorsqu'il est exposé à l'humidité.,Amir,Amazon Translate
Les araignées ont huit pattes.,Amir,Amazon Translate
Les éléphants sont les plus grands animaux terrestres.,Amir,Amazon Translate
Un triangle possède trois côtés.,Amir,Amazon Translate
Le lait est souvent utilisé pour faire du fromage.,Amir,Amazon Translate
Les pièces sont généralement en métal.,Amir,Amazon Translate
Les réfrigérateurs gardent les aliments au frais.,Amir,Amazon Translate
La gravité attire les objets vers la Terre.,Amir,Amazon Translate
Les chaussettes se portent aux pieds.,Amir,Amazon Translate
Les abeilles récoltent le nectar des fleurs.,Amir,Amazon Translate
Les poissons utilisent des branchies pour respirer sous l'eau.,Amir,Amazon Translate
Le feu produit de la chaleur et de la lumière.,Amir,Amazon Translate
Les nuages sont des accumulations visibles de gouttelettes d'eau.,Amir,Amazon Translate
Les diamants sont considérés comme des pierres précieuses.,Amir,Amazon Translate
Les volcans peuvent entrer en éruption avec de la lave en fusion.,Amir,Amazon Translate
Le riz est un aliment de base dans de nombreux pays.,Amir,Amazon Translate
L'Amazonie est une vaste forêt tropicale.,Amir,Amazon Translate
Les oiseaux construisent des nids pour pondre leurs œufs.,Amir,Amazon Translate
Une semaine compte sept jours.,Amir,Amazon Translate
Les appels téléphoniques transmettent des voix sur de longues distances.,Amir,Amazon Translate
Le plastique peut être recyclé dans certaines installations.,Amir,Amazon Translate
Les pommes poussent sur les arbres.,Amir,Amazon Translate
Les kangourous sont originaires d'Australie.,Amir,Amazon Translate
Les moulins à vent peuvent produire de l'électricité.,Amir,Amazon Translate
Les citoyens votent lors d'élections démocratiques.,Amir,Amazon Translate
Les bibliothèques prêtent des livres au public.,Amir,Amazon Translate
Les trains circulent sur des rails.,Amir,Amazon Translate
La plupart des crayons contiennent du graphite.,Amir,Amazon Translate
Les appareils photo capturent des photos.,Amir,Amazon Translate
Le football se joue avec un ballon ovale.,Amir,Amazon Translate
La crème glacée fond lorsqu'elle est exposée à la chaleur.,Amir,Amazon Translate
Les télévisions diffusent des images animées.,Amir,Amazon Translate
Les avions volent à l'aide d'ailes.,Amir,Amazon Translate
Les pommes de terre poussent sous terre.,Amir,Amazon Translate
Le sucre a un goût sucré pour la plupart des gens.,Amir,Amazon Translate
Les chaussures protègent vos pieds.,Amir,Amazon Translate
"Les dauphins sont des mammifères, pas des poissons.",Amir,Amazon Translate
Les clés sont utilisées pour déverrouiller les portes.,Amir,Amazon Translate
Paris est la capitale de la France.,Amir,Amazon Translate
Les satellites orbitent autour des planètes dans l'espace.,Amir,Amazon Translate
Les pins restent verts toute l'année.,Amir,Amazon Translate
Les méduses vivent dans les océans.,Amir,Amazon Translate
Le Sahara est un vaste désert.,Amir,Amazon Translate
Les pannes de courant interrompent la circulation de l'électricité.,Amir,Amazon Translate
Les tournesols se tournent vers la lumière du soleil.,Amir,Amazon Translate
La Statue de la Liberté se trouve dans le port de New York.,Amir,Amazon Translate
Les arcs-en-ciel se forment lorsque la lumière traverse des gouttelettes d'eau.,Amir,Amazon Translate
La plupart des grenouilles peuvent sauter sur de longues distances.,Amir,Amazon Translate
Les loups chassent en meute.,Amir,Amazon Translate
Les tortues ont une carapace dure.,Amir,Amazon Translate
Les tremblements de terre sont le résultat du déplacement des plaques tectoniques.,Amir,Amazon Translate
Les papillons se métamorphosent.,Amir,Amazon Translate
Les horloges mesurent le temps.,Amir,Amazon Translate
L'or a un éclat métallique jaune.,Amir,Amazon Translate
Une boussole indique les directions cardinales.,Amir,Amazon Translate
Les hiboux sont des oiseaux nocturnes.,Amir,Amazon Translate
Les bateaux flottent sur l'eau.,Amir,Amazon Translate
La pizza est un plat populaire.,Amir,Amazon Translate
Les girafes ont un long cou.,Amir,Amazon Translate
Les bougies fournissent de la lumière lorsqu'elles sont brûlées.,Amir,Amazon Translate
Le bambou pousse rapidement.,Amir,Amazon Translate
Le football se joue avec un ballon rond.,Amir,Amazon Translate
"Les champignons sont des champignons, pas des plantes.",Amir,Amazon Translate
Les lasers émettent des faisceaux de lumière focalisés.,Amir,Amazon Translate
La Grande Muraille est située en Chine.,Amir,Amazon Translate
Les moustiques piquent pour se nourrir de sang.,Amir,Amazon Translate
Les œufs sont un aliment courant pour le petit-déjeuner.,Amir,Amazon Translate
Les chevaux ont des sabots.,Amir,Amazon Translate
Le savon élimine la saleté de la peau.,Amir,Amazon Translate
De nombreux insectes subissent une métamorphose complète.,Amir,Amazon Translate
L'Arctique abrite des ours polaires.,Amir,Amazon Translate
Les cartes indiquent l'emplacement des lieux.,Amir,Amazon Translate
Les imperméables vous permettent de rester au sec.,Amir,Amazon Translate
La foudre peut toucher des objets de grande taille.,Amir,Amazon Translate
L'eau gèle à zéro degré Celsius.,Amir,Amazon Translate
Les chiens sont des animaux domestiques courants.,Amir,Amazon Translate
Les feuilles changent de couleur en automne.,Amir,Amazon Translate
Le papier est fabriqué à partir de pâte de bois.,Amir,Amazon Translate
La plupart des oiseaux pondent des œufs.,Amir,Amazon Translate
Les tomates contiennent de la vitamine C.,Amir,Amazon Translate
Les ordinateurs traitent les informations numériques.,Amir,Amazon Translate
Les vaches produisent du lait pour les produits laitiers.,Amir,Amazon Translate
Les trains transportent des passagers ou des marchandises.,Amir,Amazon Translate
Les vélos sont alimentés par le pédalage.,Amir,Amazon Translate
Le miel est fabriqué par les abeilles.,Amir,Amazon Translate
L'océan couvre la majeure partie de la surface de la Terre.,Amir,Amazon Translate
Les montagnes peuvent avoir une incidence sur les conditions météorologiques locales.,Amir,Amazon Translate
La plupart des montres affichent l'heure.,Amir,Amazon Translate
Le cerveau contrôle les fonctions du corps.,Amir,Amazon Translate
Les ananas ont une peau extérieure hérissée.,Amir,Amazon Translate
La plupart des plantes ont des feuilles vertes.,Amir,Amazon Translate
La girafe est l'animal le plus grand.,Amir,Amazon Translate
Le plastique est fabriqué à partir de pétrole.,Amir,Amazon Translate
Le café contient de la caféine.,Amir,Amazon Translate
La musique peut être produite par des instruments.,Amir,Amazon Translate
Les lions vivent en hordes.,Amir,Amazon Translate
Les diamants sont formés sous haute pression.,Amir,Amazon Translate
Londres est au Royaume-Uni.,Amir,Amazon Translate
Les reptiles sont des animaux à sang froid.,Amir,Amazon Translate
La plupart des gens prennent trois repas par jour.,Amir,Amazon Translate
Les plumes recouvrent la plupart des oiseaux.,Amir,Amazon Translate
Les carottes sont riches en bêta-carotène.,Amir,Amazon Translate
Les cacahuètes poussent sous terre.,Amir,Amazon Translate
Les lacets fixent les chaussures à vos pieds.,Amir,Amazon Translate
Mars est surnommée la planète rouge.,Amir,Amazon Translate
Le basket-ball se joue à l'intérieur ou à l'extérieur.,Amir,Amazon Translate
Les baleines respirent de l'air par des orifices d'aération.,Amir,Amazon Translate
Les cartes facilitent la navigation.,Amir,Amazon Translate
L'acier est un alliage de fer et de carbone.,Amir,Amazon Translate
Certains champignons décomposent les plantes mortes.,Amir,Amazon Translate
Le clavier est utilisé pour taper.,Amir,Amazon Translate
Les tigres ont une fourrure rayée.,Amir,Amazon Translate
La plupart des avions ont deux ailes.,Amir,Amazon Translate
Certains déserts possèdent des dunes de sable.,Amir,Amazon Translate
Les moteurs des voitures utilisent la combustion pour fonctionner.,Amir,Amazon Translate
Un arc-en-ciel possède plusieurs couleurs visibles.,Amir,Amazon Translate
Les pingouins vivent dans des climats froids.,Amir,Amazon Translate
L'hydrogène est l'élément le plus léger.,Amir,Amazon Translate
La plupart des mammifères ont des poils ou de la fourrure.,Amir,Amazon Translate
Les bibliothèques stockent des ressources d'information.,Amir,Amazon Translate
Les oranges sont des agrumes juteux.,Amir,Amazon Translate
Les étoiles émettent de l'énergie sous forme de lumière et de chaleur.,Amir,Amazon Translate
Les singes sont des primates.,Amir,Amazon Translate
Les pingouins ne peuvent pas voler.,Amir,Amazon Translate
Une rivière coule vers des altitudes plus basses.,Amir,Amazon Translate
Les requins ont des dents pointues.,Amir,Amazon Translate
La canne à sucre pousse dans les régions tropicales.,Amir,Amazon Translate
Vous pouvez voir votre respiration dans l'air froid.,Amir,Amazon Translate
On trouve des coquillages sur les plages.,Amir,Amazon Translate
Internet connecte les ordinateurs du monde entier.,Amir,Amazon Translate
De nombreux ordinateurs portables sont équipés de pavés tactiles.,Amir,Amazon Translate
Les perroquets peuvent imiter la parole humaine.,Amir,Amazon Translate
Le guépard est l'animal terrestre le plus rapide.,Amir,Amazon Translate
Les tornades se forment lors de tempêtes violentes.,Amir,Amazon Translate
Les paons arborent des plumes de queue colorées.,Amir,Amazon Translate
La pluie peut remplir les rivières et les lacs.,Amir,Amazon Translate
Le dentifrice nettoie les dents.,Amir,Amazon Translate
Les raisins peuvent être transformés en vin.,Amir,Amazon Translate
Les roses sont des plantes à fleurs.,Amir,Amazon Translate
Les coyotes sont des chiens sauvages.,Amir,Amazon Translate
Les dauphins communiquent par des clics et des sifflets.,Amir,Amazon Translate
Les toiles d'araignées piègent les insectes.,Amir,Amazon Translate
Certains bus sont alimentés à l'électricité.,Amir,Amazon Translate
Les koalas mangent des feuilles d'eucalyptus.,Amir,Amazon Translate
L'équitation est une activité de plein air.,Amir,Amazon Translate
Les bureaux offrent une surface de travail.,Amir,Amazon Translate
Les vols partent des aéroports.,Amir,Amazon Translate
Les grillons émettent des sons de gazouillis la nuit.,Amir,Amazon Translate
Les baleines peuvent communiquer sur de longues distances.,Amir,Amazon Translate
Les triangles sont des formes géométriques de base.,Amir,Amazon Translate
Le shampoing nettoie vos cheveux.,Amir,Amazon Translate
Les pingouins se dandinent lorsqu'ils marchent.,Amir,Amazon Translate
Les spaghettis sont un type de pâtes.,Amir,Amazon Translate
Les caméras peuvent enregistrer des vidéos et des images fixes.,Amir,Amazon Translate
Les souris sont de petits rongeurs.,Amir,Amazon Translate
La plupart des bus urbains suivent un horaire.,Amir,Amazon Translate
Le pancréas produit de l'insuline.,Amir,Amazon Translate
Les tulipes sont des fleurs printanières.,Amir,Amazon Translate
Les plantes de la forêt tropicale poussent rapidement.,Amir,Amazon Translate
Les moustiques sont attirés par l'eau stagnante.,Amir,Amazon Translate
Les pièces d'échecs se déplacent de manière spécifique.,Amir,Amazon Translate
Les récifs coralliens abritent une vie marine diversifiée.,Amir,Amazon Translate
Les ours hibernent en hiver.,Amir,Amazon Translate
Les cartes peuvent être numériques ou papier.,Amir,Amazon Translate
Les ordinateurs portables peuvent fonctionner sur piles.,Amir,Amazon Translate
Le bois flotte sur l'eau.,Amir,Amazon Translate
Les feuilles captent la lumière solaire pour produire de l'énergie.,Amir,Amazon Translate
Les cerfs-volants volent dans le vent.,Amir,Amazon Translate
Les tigres chassent de grosses proies.,Amir,Amazon Translate
La lumière permet aux humains de voir leur environnement.,Amir,Amazon Translate
La plupart des mammifères donnent naissance à des petits vivants.,Amir,Amazon Translate
Le sel rehausse le goût de nombreux aliments.,Amir,Amazon Translate
La Voie lactée est une galaxie contenant la Terre.,Amir,Amazon Translate
Les chats utilisent des moustaches pour détecter leur environnement.,Amir,Amazon Translate
La Terre tourne une fois toutes les 24 heures.,Amir,Amazon Translate
Les pièces peuvent être utilisées pour payer de petits achats.,Amir,Amazon Translate
Le beurre fond à température ambiante.,Amir,Amazon Translate
Le courrier est distribué par les services postaux.,Amir,Amazon Translate
Les chiens peuvent être entraînés à obéir aux ordres.,Amir,Amazon Translate
Les lapins mangent principalement des plantes et des légumes.,Amir,Amazon Translate
Le soleil fournit de l'énergie aux écosystèmes de la Terre.,Amir,Amazon Translate
De nombreux lacs sont formés par les glaciers.,Amir,Amazon Translate
Le sucre peut provoquer la carie dentaire.,Amir,Amazon Translate
Le vent fait passer l'air de la haute à la basse pression.,Amir,Amazon Translate
Le thé est préparé en faisant tremper les feuilles dans de l'eau chaude.,Amir,Amazon Translate
Les loups sont apparentés aux chiens domestiques.,Amir,Amazon Translate
Les coups de soleil sont causés par les rayons ultraviolets.,Amir,Amazon Translate
Les poulpes ont huit bras.,Amir,Amazon Translate
Un marathon fait 42 kilomètres de long.,Amir,Amazon Translate
Certains oiseaux peuvent imiter la voix humaine.,Amir,Amazon Translate
Les feuilles tombent des arbres en automne.,Amir,Amazon Translate
Le charbon est un combustible fossile.,Amir,Amazon Translate
Les renards ont une queue touffue.,Amir,Amazon Translate
Les vélos contribuent à réduire la pollution de l'air.,Amir,Amazon Translate
Les zèbres ont des rayures noires et blanches.,Amir,Amazon Translate
Les séismes mesurent le mouvement le long des failles.,Amir,Amazon Translate
La plupart des navires flottent en déplaçant l'eau.,Amir,Amazon Translate
Le chocolat contient du cacao.,Amir,Amazon Translate
Les nuages prédisent des changements climatiques.,Amir,Amazon Translate
Certaines araignées utilisent le venin pour maîtriser leurs proies.,Amir,Amazon Translate
Les vaches mâchent du lait pour digérer les aliments.,Amir,Amazon Translate
Les roses ont des tiges épineuses.,Amir,Amazon Translate
De nombreux hiboux chassent la nuit.,Amir,Amazon Translate
Les pommes de terre peuvent être préparées de plusieurs manières.,Amir,Amazon Translate
Les feuilles absorbent du dioxyde de carbone.,Amir,Amazon Translate
Les loups voyagent en meute.,Amir,Amazon Translate
Les moustiques peuvent transmettre des maladies comme le paludisme.,Amir,Amazon Translate
Les phoques sont des mammifères marins.,Amir,Amazon Translate
Les avions décollent des pistes.,Amir,Amazon Translate
Les crayons sont fabriqués à partir de cire colorée.,Amir,Amazon Translate
Les étoiles sont visibles la nuit.,Amir,Amazon Translate
Le brocoli est un légume nutritif.,Amir,Amazon Translate
La glace se forme lorsque l'eau gèle.,Amir,Amazon Translate
La girafe a un long cou pour se nourrir.,Amir,Amazon Translate
Les tours d'horloge indiquent l'heure au public.,Amir,Amazon Translate
Les loupes font paraître les objets plus grands.,Amir,Amazon Translate
Les cartes utilisent des symboles pour les points de repère.,Amir,Amazon Translate
Les perroquets sont connus pour leurs plumes brillantes.,Amir,Amazon Translate
Les lièvres ont de longues oreilles.,Amir,Amazon Translate
Les coquillages sont fabriqués par des animaux marins.,Amir,Amazon Translate
Le soleil se trouve à environ 93 millions de kilomètres de la Terre.,Amir,Amazon Translate
Le feu a besoin d'oxygène pour brûler.,Amir,Amazon Translate
Les chenilles se transforment en papillons.,Amir,Amazon Translate
Les oranges sont pelées avant d'être consommées.,Amir,Amazon Translate
Pluton est classée comme une planète naine.,Amir,Amazon Translate
Le clignotement permet de garder les yeux humides.,Amir,Amazon Translate
Les concombres sont principalement constitués d'eau.,Amir,Amazon Translate
De nombreux poissons pondent leurs œufs dans l'eau.,Amir,Amazon Translate
Les boussoles utilisent le magnétisme pour trouver le Nord.,Amir,Amazon Translate
La foudre peut provoquer des feux de forêt.,Amir,Amazon Translate
Les bulles de savon sont sphériques.,Amir,Amazon Translate
De nombreux champignons poussent dans les forêts humides.,Amir,Amazon Translate
Les avions survolent les nuages.,Amir,Amazon Translate
Les bernard-l'ermite trouvent des coquilles vides pour vivre.,Amir,Amazon Translate
Les montres-bracelets indiquent l'heure actuelle.,Amir,Amazon Translate
Le chant des baleines parcourt de longues distances sous l'eau.,Amir,Amazon Translate
Les chats peuvent rétracter leurs griffes.,Amir,Amazon Translate
Le violon se joue avec un archet.,Amir,Amazon Translate
Les orchidées sont des fleurs tropicales.,Amir,Amazon Translate
La pluie rafraîchit l'air pendant les journées chaudes.,Amir,Amazon Translate
Les aigles ont une excellente vue.,Amir,Amazon Translate
Les abeilles sont d'importants pollinisateurs.,Amir,Amazon Translate
Les pins ont des feuilles en forme d'aiguilles.,Amir,Amazon Translate
La plupart des immeubles d'habitation comportent plusieurs étages.,Amir,Amazon Translate
Des grues soulèvent des matériaux lourds sur les chantiers de construction.,Amir,Amazon Translate
Les chameaux emmagasinent la graisse dans leurs bosses.,Amir,Amazon Translate
Les cartes aident les gens à trouver un itinéraire.,Amir,Amazon Translate
Les lapins ont de longues oreilles.,Amir,Amazon Translate
Le sommeil redonne de l'énergie aux humains et aux animaux.,Amir,Amazon Translate
Les pigeons vivent dans les villes du monde entier.,Amir,Amazon Translate
Les couteaux sont utilisés pour couper les aliments.,Amir,Amazon Translate
Les corbeaux sont des oiseaux très intelligents.,Amir,Amazon Translate
Les plantules poussent à partir de graines plantées.,Amir,Amazon Translate
L'aluminium est un métal léger utilisé dans les canettes.,Amir,Amazon Translate
Les montagnes connaissent une baisse de la pression atmosphérique au sommet.,Amir,Amazon Translate
Les rivières peuvent éroder les roches et le sol.,Amir,Amazon Translate
Les fourmis vivent en colonies organisées.,Amir,Amazon Translate
Les enfants perdent généralement leurs dents de lait à l'âge de douze ans.,Amir,Amazon Translate
Les oiseaux ont des os creux qui les aident à voler.,Amir,Amazon Translate
L'or est utilisé dans la fabrication de bijoux.,Amir,Amazon Translate
Les citrons ont un goût aigre à cause de l'acide citrique.,Amir,Amazon Translate
Les globules rouges transportent de l'oxygène.,Amir,Amazon Translate
Certaines chauves-souris utilisent l'écholocation pour naviguer.,Amir,Amazon Translate
Le vert est une couleur secondaire.,Amir,Amazon Translate
L'eau est un composé d'hydrogène et d'oxygène.,Amir,Amazon Translate
Certains hiboux peuvent faire pivoter leur tête de 270 degrés.,Amir,Amazon Translate
Les triangles ont toujours trois angles.,Amir,Amazon Translate
Les serpents perdent leur peau périodiquement.,Amir,Amazon Translate
Le fromage est fabriqué à partir de lait fermenté.,Amir,Amazon Translate
Les cartes utilisent une légende pour expliquer les symboles.,Amir,Amazon Translate
La plupart des gens ont vingt dents primaires.,Amir,Amazon Translate
Le vent déplace les nuages dans le ciel.,Amir,Amazon Translate
Les montres sont alimentées par des piles ou des ressorts.,Amir,Amazon Translate
Certains poissons changent de couleur pour se camoufler.,Amir,Amazon Translate
Le pain se lève avec de la levure ou de la levure chimique.,Amir,Amazon Translate
Une pieuvre jette de l'encre lorsqu'elle est menacée.,Amir,Amazon Translate
Certains animaux hibernent en hiver.,Amir,Amazon Translate
Les guépards peuvent atteindre des vitesses élevées pendant de courtes rafales.,Amir,Amazon Translate
Les levers de soleil se produisent à l'est.,Amir,Amazon Translate
Les hippocampes s'ancrent avec une queue préhensile.,Amir,Amazon Translate
Le chocolat est toxique pour de nombreux animaux.,Amir,Amazon Translate
Les abeilles stockent le miel dans des ruches.,Amir,Amazon Translate
Le cuivre est un bon conducteur électrique.,Amir,Amazon Translate
Les chameaux ont de longs cils pour se protéger du sable.,Amir,Amazon Translate
L'océan Atlantique borde plusieurs continents.,Amir,Amazon Translate
Les tornades ont l'apparence d'un entonnoir.,Amir,Amazon Translate
Les roses ont besoin de soleil et d'eau pour pousser.,Amir,Amazon Translate
Les bureaux de poste s'occupent de la distribution du courrier.,Amir,Amazon Translate
La plupart des téléphones modernes sont des smartphones.,Amir,Amazon Translate
La gravité de la lune provoque des marées sur Terre.,Amir,Amazon Translate
L'Antarctique est principalement recouvert de glace.,Amir,Amazon Translate
Les vers de terre contribuent à améliorer la structure du sol.,Amir,Amazon Translate
La plupart des araignées sont inoffensives pour l'homme.,Amir,Amazon Translate
Les ventilateurs font circuler l'air dans une pièce.,Amir,Amazon Translate
Les kiwis sont des oiseaux incapables de voler originaires de Nouvelle-Zélande.,Amir,Amazon Translate
La plupart des tissus sont tissés à partir de fils.,Amir,Amazon Translate
La foudre est causée par une décharge électrique dans les nuages.,Amir,Amazon Translate
Les pingouins chassent le poisson sous l'eau.,Amir,Amazon Translate
Le guépard est connu pour sa vitesse de sprint.,Amir,Amazon Translate
Les chats ronronnent souvent lorsqu'ils sont satisfaits.,Amir,Amazon Translate
Les koalas dorment pendant de longues périodes.,Amir,Amazon Translate
Les arbres fournissent de l'ombre et un abri.,Amir,Amazon Translate
Les pandas mangent principalement du bambou.,Amir,Amazon Translate
Le congélateur permet de conserver les aliments congelés.,Amir,Amazon Translate
La glace flotte parce qu'elle est moins dense que l'eau.,Amir,Amazon Translate
Les cartes aident les voyageurs à planifier leurs voyages.,Amir,Amazon Translate
La lave se refroidit en roche solide.,Amir,Amazon Translate
Les grues sont des machines utilisées pour le levage.,Amir,Amazon Translate
Les lézards se prélassent au soleil pour se réchauffer.,Amir,Amazon Translate
Les rizières ont besoin d'eau stagnante.,Amir,Amazon Translate
Les détecteurs de fumée détectent les particules émises par les incendies.,Amir,Amazon Translate
Les lucioles émettent de la lumière depuis leur abdomen.,Amir,Amazon Translate
Les éponges vivent dans l'océan.,Amir,Amazon Translate
Les saumons remontent la rivière pour pondre leurs œufs.,Amir,Amazon Translate
La plupart des mammifères ont le sang chaud.,Amir,Amazon Translate
Les rayures aident les zèbres à se camoufler dans l'herbe.,Amir,Amazon Translate
"Les roches peuvent être sédimentaires, ignées ou métamorphiques.",Amir,Amazon Translate
Les pingouins utilisent des nageoires pour nager.,Amir,Amazon Translate
Les nuages bloquent la lumière du soleil par temps couvert.,Amir,Amazon Translate
Les flocons de neige ont six faces.,Amir,Amazon Translate
Les bébés rampent avant de marcher.,Amir,Amazon Translate
Les feuilles perdent de la chlorophylle et se fanent en automne.,Amir,Amazon Translate
Les océans sont salés à cause des minéraux dissous.,Amir,Amazon Translate
Les hiboux chassent en silence la nuit.,Amir,Amazon Translate
Les graines contiennent des plantes embryonnaires.,Amir,Amazon Translate
Les cartes montrent souvent des montagnes avec des triangles.,Amir,Amazon Translate
Les autruches sont les plus gros oiseaux.,Amir,Amazon Translate
Les bébés boivent du lait pour se nourrir.,Amir,Amazon Translate
Les pompiers éteignent les flammes à l'aide de tuyaux d'arrosage.,Amir,Amazon Translate
Les cartes sont orientées vers le nord en haut.,Amir,Amazon Translate
Les marées montent et descendent deux fois par jour.,Amir,Amazon Translate
Les loutres utilisent des pierres pour ouvrir leur carapace.,Amir,Amazon Translate
L'eau de pluie alimente les rivières et les lacs.,Amir,Amazon Translate
La foudre peut provoquer des coupures de courant.,Amir,Amazon Translate
Les phoques utilisent des nageoires pour nager.,Amir,Amazon Translate
Les bactéries peuvent se multiplier rapidement.,Amir,Amazon Translate
Les chênes produisent des glands.,Amir,Amazon Translate
Les grillons émettent des sons en frottant leurs ailes.,Amir,Amazon Translate
Les geckos peuvent adhérer aux murs.,Amir,Amazon Translate
Les ours polaires sont de bons nageurs.,Amir,Amazon Translate
Les planètes orbitent autour des étoiles des systèmes solaires.,Amir,Amazon Translate
Les vautours recherchent de la nourriture.,Amir,Amazon Translate
Le violon est un instrument à cordes.,Amir,Amazon Translate
Les chèvres peuvent grimper sur des terrains escarpés.,Amir,Amazon Translate
Le feu est chaud au toucher.,Amir,Amazon Translate
Les océans constituent l'habitat de nombreux animaux.,Amir,Amazon Translate
Un arc-en-ciel apparaît après la pluie lorsque la lumière du soleil se réfracte.,Amir,Amazon Translate
Les smartphones ont des appareils photo intégrés pour prendre des photos.,Amir,Amazon Translate
La plupart des voitures utilisent de l'essence ou du diesel comme carburant.,Amir,Amazon Translate
Les poissons utilisent des nageoires pour nager dans l'eau.,Amir,Amazon Translate
Le café est souvent servi chaud.,Amir,Amazon Translate
Les araignées tissent des toiles pour attraper leurs proies.,Amir,Amazon Translate
Les abeilles domestiques vivent en colonies.,Amir,Amazon Translate
Les ballons s'élèvent parce que l'hélium est plus léger que l'air.,Amir,Amazon Translate
Les pins produisent des cônes sous forme de graines.,Amir,Amazon Translate
La pluie mouille généralement le sol.,Amir,Amazon Translate
Les grenouilles sautent pour se déplacer.,Amir,Amazon Translate
Les avions peuvent parcourir de longues distances.,Amir,Amazon Translate
Les papillons ont des ailes colorées.,Amir,Amazon Translate
"Les pommes peuvent être rouges, vertes ou jaunes.",Amir,Amazon Translate
Les trains circulent sur des voies métalliques.,Amir,Amazon Translate
Les girafes mangent les feuilles des grands arbres.,Amir,Amazon Translate
Les chaussures se portent aux pieds.,Amir,Amazon Translate
Les rivières s'écoulent vers les océans ou les lacs.,Amir,Amazon Translate
Les volcans libèrent des cendres et de la lave lors des éruptions.,Amir,Amazon Translate
Les kangourous peuvent parcourir de longues distances.,Amir,Amazon Translate
Le brocoli est vert et comestible.,Amir,Amazon Translate
Les oranges sont une source de vitamine C.,Amir,Amazon Translate
Les nuages se forment à partir de la vapeur d'eau évaporée.,Amir,Amazon Translate
Les chats se nettoient avec leur langue.,Amir,Amazon Translate
L'herbe est verte et pousse à partir du sol.,Amir,Amazon Translate
L'hiver se caractérise par des températures plus froides.,Amir,Amazon Translate
Les chiens peuvent aboyer pour communiquer.,Amir,Amazon Translate
Les éléphants ont de grandes oreilles et de grandes troncs.,Amir,Amazon Translate
L'air chaud s'élève au-dessus de l'air froid.,Amir,Amazon Translate
Les cerfs ont des bois qui tombent chaque année.,Amir,Amazon Translate
Les baleines sont les plus grands mammifères marins.,Amir,Amazon Translate
Le charbon est utilisé comme source de combustible.,Amir,Amazon Translate
La Lune influe sur les marées océaniques.,Amir,Amazon Translate
Les grues sont de grands oiseaux au long cou.,Amir,Amazon Translate
Les singes utilisent la queue pour s'équilibrer.,Amir,Amazon Translate
Le vent déplace les branches des arbres.,Amir,Amazon Translate
Les moutons cultivent de la laine chaque année.,Amir,Amazon Translate
Le carburant alimente la plupart des voitures.,Amir,Amazon Translate
Les déserts sont généralement des environnements secs.,Amir,Amazon Translate
Le sel permet de conserver certains aliments.,Amir,Amazon Translate
Les aubergines poussent sur les plantes.,Amir,Amazon Translate
La craie écrit sur des tableaux noirs.,Amir,Amazon Translate
Les loutres vivent dans les rivières et les lacs.,Amir,Amazon Translate
Les moustiques piquent les humains et les animaux.,Amir,Amazon Translate
Les ordinateurs portables sont des ordinateurs portables.,Amir,Amazon Translate
Les cartes indiquent les frontières et les pays.,Amir,Amazon Translate
L'écran solaire protège la peau des coups de soleil.,Amir,Amazon Translate
Le football nécessite un travail d'équipe pour jouer efficacement.,Amir,Amazon Translate
Les carnivores mangent de la viande.,Amir,Amazon Translate
Les insectes ont trois segments corporels.,Amir,Amazon Translate
Le lait est une boisson de base dans de nombreuses cultures.,Amir,Amazon Translate
Les flocons de neige ont des motifs uniques.,Amir,Amazon Translate
Les sauterelles peuvent sauter de longues distances.,Amir,Amazon Translate
La gravité maintient les objets ancrés.,Amir,Amazon Translate
Les cochons sont des animaux de ferme.,Amir,Amazon Translate
Les radios diffusent de la musique et diffusent des informations.,Amir,Amazon Translate
Les poules pondent des œufs pour se nourrir.,Amir,Amazon Translate
Les cartes peuvent être dessinées à différentes échelles.,Amir,Amazon Translate
L'eau de pluie arrose les plantes et les arbres.,Amir,Amazon Translate
L'acier est plus résistant que le fer.,Amir,Amazon Translate
L'eau est essentielle à toute forme de vie connue.,Amir,Amazon Translate
Les grenouilles peuvent coasser fort.,Amir,Amazon Translate
Le maïs est récolté à la fin de l'été.,Amir,Amazon Translate
Les dauphins sont des créatures sociales dans la nature.,Amir,Amazon Translate
Les escargots ont des coquilles en spirale.,Amir,Amazon Translate
Les fourmis transportent des charges plus lourdes que leur corps.,Amir,Amazon Translate
Les tulipes sont cultivées à partir de bulbes dans le sol.,Amir,Amazon Translate
Le soleil fournit de la lumière pendant la journée.,Amir,Amazon Translate
La pluie se forme lorsque les nuages deviennent saturés.,Amir,Amazon Translate
Les chats utilisent leur queue pour s'équilibrer.,Amir,Amazon Translate
L'eau bouillante tue de nombreux germes.,Amir,Amazon Translate
Les bananes poussent en grappes sur les arbres.,Amir,Amazon Translate
Les ventilateurs électriques rafraîchissent les pièces.,Amir,Amazon Translate
Les loups communiquent en hurlant.,Amir,Amazon Translate
Le maïs est une céréale courante.,Amir,Amazon Translate
Les avions transportent des passagers sur de longues distances.,Amir,Amazon Translate
La peau de la plupart des poissons est recouverte d'écailles.,Amir,Amazon Translate
Les lapins creusent des terriers pour s'abriter.,Amir,Amazon Translate
La télévision diffuse une variété de programmes.,Amir,Amazon Translate
Les chiens aboient pour alerter leurs propriétaires.,Amir,Amazon Translate
Les pingouins se dandinent sur la terre ferme.,Amir,Amazon Translate
Les pastèques contiennent principalement de l'eau.,Amir,Amazon Translate
Les singes se balancent souvent sur les branches des arbres.,Amir,Amazon Translate
Les papillons poussent à partir de chenilles.,Amir,Amazon Translate
La France est située en Europe.,Amir,Amazon Translate
Les chevaux galopent pour courir rapidement.,Amir,Amazon Translate
Les dauphins vivent dans des environnements d'eau salée.,Amir,Amazon Translate
Les stylos sont utilisés pour écrire sur du papier.,Amir,Amazon Translate
La surface de la lune comporte de nombreux cratères.,Amir,Amazon Translate
Le lait est une source de calcium.,Amir,Amazon Translate
La foudre peut déclencher des feux de forêt.,Amir,Amazon Translate
Les concombres peuvent être marinés.,Amir,Amazon Translate
La plupart des chemises ont des manches.,Amir,Amazon Translate
Les tigres sont des mammifères carnivores.,Amir,Amazon Translate
Le pain est cuit au four.,Amir,Amazon Translate
Les zèbres ont des peaux rayées.,Amir,Amazon Translate
Les pommes mûrissent à la fin de l'été.,Amir,Amazon Translate
Le savon dissout la graisse et la saleté.,Amir,Amazon Translate
Mont. L'Everest est une destination d'escalade populaire.,Amir,Amazon Translate
Les livres peuvent raconter des histoires fictives.,Amir,Amazon Translate
Les pygargues à tête blanche sont originaires d'Amérique du Nord.,Amir,Amazon Translate
Les requins sont les principaux prédateurs des océans.,Amir,Amazon Translate
Les pianos ont des touches noires et blanches.,Amir,Amazon Translate
Les horloges numériques indiquent l'heure numériquement.,Amir,Amazon Translate
Les chaises sont conçues pour s'asseoir.,Amir,Amazon Translate
Les coqs chantent à l'aube.,Amir,Amazon Translate
Les roses sont disponibles en plusieurs couleurs.,Amir,Amazon Translate
Les hippopotames vivent dans les rivières et les lacs africains.,Amir,Amazon Translate
"Les calendriers indiquent les jours, les semaines et les mois.",Amir,Amazon Translate
Les parachutes aident à ralentir la descente depuis les hauteurs.,Amir,Amazon Translate
Les lions sont surnommés « le roi de la jungle ».,Amir,Amazon Translate
Les arachides peuvent provoquer des réactions allergiques.,Amir,Amazon Translate
Les carottes sont bonnes pour la santé visuelle.,Amir,Amazon Translate
Les oies volent en V.,Amir,Amazon Translate
Les pins conservent leurs aiguilles en hiver.,Amir,Amazon Translate
Les raisins poussent en grappes.,Amir,Amazon Translate
Les glaçons se forment dans les congélateurs.,Amir,Amazon Translate
Les méduses piquent avec leurs tentacules.,Amir,Amazon Translate
Le fumier de cheval est utilisé comme engrais.,Amir,Amazon Translate
Les imperméables sont portés pendant la saison des pluies.,Amir,Amazon Translate
Les tremblements de terre secouent le sol en raison des mouvements tectoniques.,Amir,Amazon Translate
Les lasers peuvent scanner les codes-barres rapidement.,Amir,Amazon Translate
Les pièces sont utilisées pour faire de la monnaie.,Amir,Amazon Translate
Les fraises sont rouges à maturité.,Amir,Amazon Translate
Le sel de table est du chlorure de sodium.,Amir,Amazon Translate
Les rhinocéros ont une ou deux cornes.,Amir,Amazon Translate
Les poulpes ont des bras flexibles.,Amir,Amazon Translate
Les écureuils cueillent des noix pour l'hiver.,Amir,Amazon Translate
La lave durcit en roche volcanique.,Amir,Amazon Translate
La courgette est un type de courge.,Amir,Amazon Translate
Les tornades sont des vents violents et tourbillonnants.,Amir,Amazon Translate
Les fougères se reproduisent à l'aide de spores.,Amir,Amazon Translate
Les cartes peuvent indiquer les changements d'altitude.,Amir,Amazon Translate
L'océan Pacifique couvre de vastes zones de la Terre.,Amir,Amazon Translate
Les chiens peuvent reconnaître des personnes qui leur sont familières.,Amir,Amazon Translate
Les racines des arbres ancrent la plante dans le sol.,Amir,Amazon Translate
Les oiseaux ont un bec au lieu de dents.,Amir,Amazon Translate
La glace fond à des températures supérieures à zéro Celsius.,Amir,Amazon Translate
La pluie favorise la croissance des cultures.,Amir,Amazon Translate
Le chocolat fond par temps chaud.,Amir,Amazon Translate
Les souris sont de petits rongeurs nocturnes.,Amir,Amazon Translate
La vapeur s'élève de l'eau bouillante.,Amir,Amazon Translate
La lune reflète la lumière du soleil pendant la nuit.,Amir,Amazon Translate
Les chauves-souris dorment la tête en bas.,Amir,Amazon Translate
Le yogourt est fabriqué à partir de cultures bactériennes.,Amir,Amazon Translate
Les livres sont conservés pour la lecture.,Amir,Amazon Translate
Les fraises poussent près du sol.,Amir,Amazon Translate
L'air froid est plus dense que l'air chaud.,Amir,Amazon Translate
Les chameaux peuvent stocker de l'eau dans leur corps.,Amir,Amazon Translate
L'or ne rouille pas.,Amir,Amazon Translate
Les plantes libèrent de l'oxygène lors de la photosynthèse.,Amir,Amazon Translate
Les lions vivent dans les savanes africaines.,Amir,Amazon Translate
La laitue est souvent utilisée dans les salades.,Amir,Amazon Translate
Le bambou est une espèce de graminée.,Amir,Amazon Translate
Les pommes de terre peuvent être écrasées ou frites.,Amir,Amazon Translate
Les bananes brunissent lorsqu'elles sont trop mûres.,Amir,Amazon Translate
Le cercle polaire arctique connaît de longues nuits d'hiver.,Amir,Amazon Translate
Les corps des méduses sont principalement constitués d'eau.,Amir,Amazon Translate
Le kiwi contient des graines noires à l'intérieur.,Amir,Amazon Translate
Les crocodiles ont de fortes mâchoires.,Amir,Amazon Translate
Les sommets des montagnes ont des températures plus basses que les vallées.,Amir,Amazon Translate
Le plastique est courant dans les emballages.,Amir,Amazon Translate
Les rhinocéros ont une peau épaisse et protectrice.,Amir,Amazon Translate
Le basket-ball se joue sur un terrain.,Amir,Amazon Translate
L'air frais est important pour la respiration.,Amir,Amazon Translate
Les feuilles de pandan sont utilisées dans la cuisine asiatique.,Amir,Amazon Translate
Les carottes poussent sous terre.,Amir,Amazon Translate
Les grains de café poussent dans les buissons.,Amir,Amazon Translate
Les chèvres mangent des feuilles et de l'herbe.,Amir,Amazon Translate
Le fromage est vieilli pour sa saveur.,Amir,Amazon Translate
Les zèbres courent en troupeaux pour des raisons de sécurité.,Amir,Amazon Translate
Les loutres ont une fourrure épaisse pour l'isolation.,Amir,Amazon Translate
Les arachides sont en fait des légumineuses.,Amir,Amazon Translate
Les glands tombent des chênes en automne.,Amir,Amazon Translate
Le hurlement d'un loup parcourt de longues distances.,Amir,Amazon Translate
Les hélicoptères peuvent décoller à la verticale.,Amir,Amazon Translate
Les moustiques sont attirés par l'haleine humaine.,Amir,Amazon Translate
L'eau de pluie peut être collectée dans des barils.,Amir,Amazon Translate
Les souris d'ordinateur contrôlent les mouvements à l'écran.,Amir,Amazon Translate
Les étoiles de mer peuvent faire repousser les bras perdus.,Amir,Amazon Translate
Les paresseux se déplacent lentement dans les arbres.,Amir,Amazon Translate
Les pingouins se blottissent pour conserver la chaleur.,Amir,Amazon Translate
La plupart des oranges sont récoltées en hiver.,Amir,Amazon Translate
Les chenilles mangent les feuilles avant de se nymphoser.,Amir,Amazon Translate
Les phares guident les navires en mer.,Amir,Amazon Translate
Les tortues se protègent à l'aide de carapaces.,Amir,Amazon Translate
Les rivières creusent des canaux au fil du temps.,Amir,Amazon Translate
Les citrouilles sont utilisées pour les tartes.,Amir,Amazon Translate
Les tournesols produisent des graines comestibles.,Amir,Amazon Translate
Les geckos s'accrochent aux surfaces grâce à des coussinets spéciaux.,Amir,Amazon Translate
Vénus est appelée la planète jumelle de la Terre.,Amir,Amazon Translate
Les trombones sont fabriqués à partir de fil plié.,Amir,Amazon Translate
La neige se forme à partir de vapeur d'eau gelée.,Amir,Amazon Translate
Les montagnes sont souvent formées par des plaques tectoniques.,Amir,Amazon Translate
Les lions communiquent par des rugissements.,Amir,Amazon Translate
Les échecs utilisent deux armées de pièces.,Amir,Amazon Translate
Le blé est moulu pour faire de la farine.,Amir,Amazon Translate
Les pousses de bambou sont comestibles.,Amir,Amazon Translate
La fumée s'élève au-dessus du feu.,Amir,Amazon Translate
Le radar détecte les objets à l'aide d'ondes radio.,Amir,Amazon Translate
Les icebergs flottent dans les océans polaires.,Amir,Amazon Translate
La plupart des serpents pondent des œufs.,Amir,Amazon Translate
Les fourmis utilisent des phéromones pour communiquer.,Amir,Amazon Translate
La foudre peut frapper plusieurs fois.,Amir,Amazon Translate
Les têtards se transforment en grenouilles.,Amir,Amazon Translate
Le cœur bat involontairement.,Amir,Amazon Translate
Les lézards peuvent laisser tomber leur queue pour échapper à leurs prédateurs.,Amir,Amazon Translate
Les fruits contiennent souvent des graines destinées à la reproduction.,Amir,Amazon Translate
Les ampoules convertissent l'électricité en lumière visible.,Amir,Amazon Translate
Les voitures ont quatre roues pour plus de stabilité.,Amir,Amazon Translate
La tarte est généralement préparée avec une croûte de pâte.,Amir,Amazon Translate
Les vélos nécessitent de pédaler pour avancer.,Amir,Amazon Translate
Le papier est utilisé pour l'écriture et l'impression.,Amir,Amazon Translate
Le café est préparé à partir de grains torréfiés.,Amir,Amazon Translate
Les guépards peuvent courir plus vite que les autres animaux.,Amir,Amazon Translate
Les loups vivent en groupes familiaux appelés meutes.,Amir,Amazon Translate
Les brosses à dents nettoient les dents et les gencives.,Amir,Amazon Translate
Les dentistes recommandent de se brosser les dents deux fois par jour.,Amir,Amazon Translate
Les moutons sont élevés pour leur laine.,Amir,Amazon Translate
Les ordinateurs stockent et traitent les informations.,Amir,Amazon Translate
L'eau est essentielle à la croissance des plantes.,Amir,Amazon Translate
De nombreux champignons poussent après la pluie.,Amir,Amazon Translate
Les abeilles pollinisent de nombreuses plantes à fleurs.,Amir,Amazon Translate
Les chats ronronnent lorsqu'ils se sentent à l'aise.,Amir,Amazon Translate
Les pommes sont populaires dans les tartes.,Amir,Amazon Translate
La plupart des reptiles pondent des œufs.,Amir,Amazon Translate
Les serpents se déplacent sans pattes en glissant.,Amir,Amazon Translate
Les oiseaux ont des plumes pour s'isoler.,Amir,Amazon Translate
La pluie transporte les nutriments dans le sol.,Amir,Amazon Translate
Les bananes mûrissent après avoir été cueillies.,Amir,Amazon Translate
L'herbe est un couvre-sol courant.,Amir,Amazon Translate
Les couchers de soleil marquent la fin de la journée.,Amir,Amazon Translate
La neige recouvre le sol en hiver.,Amir,Amazon Translate
Les mammifères donnent du lait à leurs petits.,Amir,Amazon Translate
Les échecs sont un jeu de plateau à deux joueurs.,Amir,Amazon Translate
Les toiles d'araignées sont fabriquées à partir de soie.,Amir,Amazon Translate
Le lait provient de mammifères.,Amir,Amazon Translate
Les cacahuètes sont utilisées pour faire du beurre.,Amir,Amazon Translate
L'acier est créé en ajoutant du carbone au fer.,Amir,Amazon Translate
Les arcs-en-ciel sont des arcs de lumière colorée.,Amir,Amazon Translate
Les ours polaires ont une fourrure épaisse pour se réchauffer.,Amir,Amazon Translate
L'Arctique est froid pendant la majeure partie de l'année.,Amir,Amazon Translate
Les plantes absorbent le dioxyde de carbone pour la photosynthèse.,Amir,Amazon Translate
Les villes sont des zones urbaines densément peuplées.,Amir,Amazon Translate
Les kangourous transportent leurs petits dans des sacs.,Amir,Amazon Translate
Les patates douces sont riches en fibres.,Amir,Amazon Translate
Les cartes peuvent indiquer l'altitude à l'aide de courbes de niveau.,Amir,Amazon Translate
Les voitures nécessitent un entretien régulier.,Amir,Amazon Translate
Les aimants ont des pôles nord et sud.,Amir,Amazon Translate
Les chauves-souris naviguent dans l'obscurité grâce au son.,Amir,Amazon Translate
Les pingouins ont des plumes imperméables.,Amir,Amazon Translate
Le miel est souvent utilisé comme édulcorant.,Amir,Amazon Translate
Le verre est fabriqué à partir de sable et de chaleur.,Amir,Amazon Translate
Les baleines communiquent par des sons de basse fréquence.,Amir,Amazon Translate
Des trombones permettent de maintenir les feuilles de papier ensemble.,Amir,Amazon Translate
La mayonnaise est fabriquée à partir d'œufs et d'huile.,Amir,Amazon Translate
Il existe de nombreuses variétés de fromages.,Amir,Amazon Translate
Les traces de craie peuvent être effacées.,Amir,Amazon Translate
La soupe est généralement servie chaude.,Amir,Amazon Translate
Les cartes affichent les informations visuellement.,Amir,Amazon Translate
Le feu est utilisé pour la cuisson des aliments.,Amir,Amazon Translate
L'or est considéré comme un métal précieux.,Amir,Amazon Translate
La pluie peut réapprovisionner les sources d'eau souterraines.,Amir,Amazon Translate
La plupart des adultes ont besoin de huit heures de sommeil.,Amir,Amazon Translate
Les concombres sont consommés en salade.,Amir,Amazon Translate
La soupe peut être préparée avec de nombreux ingrédients.,Amir,Amazon Translate
Les tortues pondent leurs œufs sur les plages de sable.,Amir,Amazon Translate
Le quartz est un minéral courant.,Amir,Amazon Translate
Les touches du clavier permettent d'entrer des données dans les ordinateurs.,Amir,Amazon Translate
Les morses vivent dans des environnements marins froids.,Amir,Amazon Translate
Les glands sont mangés par les écureuils.,Amir,Amazon Translate
Les agrafeuses permettent de fixer les papiers ensemble.,Amir,Amazon Translate
La pluie augmente l'humidité du sol.,Amir,Amazon Translate
Les chiens sont utilisés comme animaux d'assistance.,Amir,Amazon Translate
Les voitures circulent sur des routes goudronnées.,Amir,Amazon Translate
Le pain est fabriqué à partir de farine de blé.,Amir,Amazon Translate
Les chats communiquent en miaulant et en ronronnant.,Amir,Amazon Translate
Les œufs fournissent des protéines dans l'alimentation.,Amir,Amazon Translate
La glace fond à des températures élevées.,Amir,Amazon Translate
Les bus transportent plusieurs passagers à la fois.,Amir,Amazon Translate
L'eau hydrate les organismes vivants.,Amir,Amazon Translate
Les vaches paissent dans les champs ouverts.,Amir,Amazon Translate
Les caméras peuvent enregistrer des images animées.,Amir,Amazon Translate
Les livres contiennent des informations écrites.,Amir,Amazon Translate
Les tigres ont des rayures pour se camoufler.,Amir,Amazon Translate
Les moustiques pondent leurs œufs dans l'eau.,Amir,Amazon Translate
Les roses fleurissent au printemps.,Amir,Amazon Translate
Le sol soutient les racines des plantes.,Amir,Amazon Translate
Le savon aide à éliminer les germes.,Amir,Amazon Translate
Les ventilateurs électriques font circuler l'air frais.,Amir,Amazon Translate
Les cartes représentent des espaces géographiques.,Amir,Amazon Translate
L'herbe pousse rapidement au printemps.,Amir,Amazon Translate
Les chats peuvent grimper aux arbres.,Amir,Amazon Translate
Les bottes de pluie sont portées par temps humide.,Amir,Amazon Translate
Le football se joue sur un terrain.,Amir,Amazon Translate
Les crayons sont fabriqués en bois et en graphite.,Amir,Amazon Translate
Les chaussettes gardent les pieds au chaud.,Amir,Amazon Translate
Les oiseaux volent à l'aide de leurs ailes.,Amir,Amazon Translate
L'eau s'écoule en bas de la colline.,Amir,Amazon Translate
Le soleil paraît plus grand au lever du soleil.,Amir,Amazon Translate
Le vent influe sur les conditions météorologiques.,Amir,Amazon Translate
Le bambou est utilisé dans la construction.,Amir,Amazon Translate
Les baleines sont des mammifères.,Amir,Amazon Translate
Le lait se gâte s'il n'est pas réfrigéré.,Amir,Amazon Translate
Les pièces peuvent être collectées comme passe-temps.,Amir,Amazon Translate
Les oreillers fournissent un soutien de la tête.,Amir,Amazon Translate
Le miel est stocké dans des nids d'abeilles.,Amir,Amazon Translate
Les cartes mettent en évidence les frontières politiques.,Amir,Amazon Translate
Les oies migrent sur de longues distances.,Amir,Amazon Translate
La sève s'écoule des érables.,Amir,Amazon Translate
Les voitures sont alimentées à l'essence ou à l'électricité.,Amir,Amazon Translate
Les douches nettoient le corps humain.,Amir,Amazon Translate
Les tornades sont des colonnes d'air à rotation rapide.,Amir,Amazon Translate
Les pommes sont cueillies à l'automne.,Amir,Amazon Translate
La foudre accompagne de nombreux orages.,Amir,Amazon Translate
Les aigles chassent les petits animaux.,Amir,Amazon Translate
Les portes permettent l'entrée et la sortie.,Amir,Amazon Translate
Les dauphins sont capables de sauter.,Amir,Amazon Translate
Les sacs en plastique peuvent être recyclés.,Amir,Amazon Translate
Le maïs est consommé frais ou sous forme de pop-corn.,Amir,Amazon Translate
Les loupes agrandissent les petits objets.,Amir,Amazon Translate
Les pâtes sont fabriquées à partir de blé dur.,Amir,Amazon Translate
Les citrouilles contiennent des graines comestibles.,Amir,Amazon Translate
Les radios reçoivent des signaux de diffusion.,Amir,Amazon Translate
Les perroquets peuvent apprendre des astuces simples.,Amir,Amazon Translate
Les loutres utilisent des outils pour ouvrir la nourriture.,Amir,Amazon Translate
Les lézards ont une peau squameuse.,Amir,Amazon Translate
Le soleil est une étoile au centre de notre système solaire.,Amir,Amazon Translate
Les vaches sont élevées pour le lait et la viande.,Amir,Amazon Translate
Les feuilles jaunissent en automne.,Amir,Amazon Translate
La plupart des rivières se jettent dans la mer.,Amir,Amazon Translate
Les plantes ont besoin d'eau pour survivre.,Amir,Amazon Translate
Les crayons sont utilisés pour écrire ou dessiner.,Amir,Amazon Translate
Le lait est conservé au frais au réfrigérateur.,Amir,Amazon Translate
La foudre peut se produire pendant les tempêtes.,Amir,Amazon Translate
Les hiboux voient bien dans l'obscurité.,Amir,Amazon Translate
Les perroquets ont un bec incurvé.,Amir,Amazon Translate
Le Pacifique est le plus grand océan de la planète.,Amir,Amazon Translate
Les cartes peuvent montrer les routes et les villes.,Amir,Amazon Translate
Les chiens remuent la queue lorsqu'ils sont heureux.,Amir,Amazon Translate
Les crustacés vivent dans les océans.,Amir,Amazon Translate
Les livres peuvent être fictifs ou non-fictionnels.,Amir,Amazon Translate
Les diamants se forment au plus profond de la terre.,Amir,Amazon Translate
Les lions font partie de la famille des chats.,Amir,Amazon Translate
Les grenouilles vivent dans l'eau ou à proximité de celle-ci.,Amir,Amazon Translate
Les sabots des chevaux ont besoin de soins réguliers.,Amir,Amazon Translate
L'hiver apporte souvent des températures froides.,Amir,Amazon Translate
Les avions atterrissent sur les pistes.,Amir,Amazon Translate
Les trains circulent entre les villes et les villages.,Amir,Amazon Translate
Les voitures ont besoin de recharges de carburant régulières.,Amir,Amazon Translate
Les tomates poussent sur les vignes.,Amir,Amazon Translate
Les cartes peuvent indiquer l'altitude des montagnes.,Amir,Amazon Translate
Les papillons éclosent des cocons.,Amir,Amazon Translate
Les pièces ont des valeurs différentes.,Amir,Amazon Translate
Les baleines vivent dans les océans.,Amir,Amazon Translate
Les feuilles tombent à l'automne.,Amir,Amazon Translate
Le golf se joue avec des clubs et des balles.,Amir,Amazon Translate
Les abeilles visitent de nombreux types de fleurs.,Amir,Amazon Translate
Les carottes sont des légumes-racines.,Amir,Amazon Translate
Le fromage est produit à partir de lait animal.,Amir,Amazon Translate
Les chiens aboient pour de nombreuses raisons.,Amir,Amazon Translate
Les montagnes sont formées par des forces géologiques.,Amir,Amazon Translate
Les étoiles produisent de l'énergie par fusion nucléaire.,Amir,Amazon Translate
Les grillons sont connus pour leur chant.,Amir,Amazon Translate
Le plastique est utilisé pour de nombreux produits.,Amir,Amazon Translate
Les casoars sont de grands oiseaux incapables de voler.,Amir,Amazon Translate
Le riz pousse dans les champs inondés.,Amir,Amazon Translate
Les épiceries vendent des fruits et des légumes.,Amir,Amazon Translate
Les pies collectent des objets brillants.,Amir,Amazon Translate
Les cartes utilisent des symboles pour montrer les caractéristiques.,Amir,Amazon Translate
Les dauphins sont des animaux marins intelligents.,Amir,Amazon Translate
Les avions voyagent plus vite que les voitures.,Amir,Amazon Translate
Des fossiles se trouvent dans les roches sédimentaires.,Amir,Amazon Translate
Les raisins poussent en grappes sur les vignes.,Amir,Amazon Translate
Le beurre fond sur du pain chaud.,Amir,Amazon Translate
Les kiwis sont un type de fruit.,Amir,Amazon Translate
Le métal conduit bien l'électricité.,Amir,Amazon Translate
Les panneaux solaires ont besoin de la lumière du soleil pour fonctionner.,Amir,Amazon Translate
Les perruches sont de petits oiseaux colorés.,Amir,Amazon Translate
La plupart des thés proviennent de feuilles de camellia sinensis.,Amir,Amazon Translate
Les cartes sont précieuses pour la navigation.,Amir,Amazon Translate
L'eau bout à cent degrés Celsius au niveau de la mer.,Amir,Amazon Translate
Les chats ont des griffes rétractables pour grimper et chasser.,Amir,Amazon Translate
Les déserts reçoivent moins de dix pouces de pluie par an.,Amir,Amazon Translate
Les abeilles communiquent à l'aide de motifs de danse.,Amir,Amazon Translate
Les planètes orbitent autour du soleil en raison des forces gravitationnelles.,Amir,Amazon Translate
Les batteries stockent l'énergie électrique pour une utilisation future.,Amir,Amazon Translate
Le cœur fait circuler le sang dans tout le corps humain.,Amir,Amazon Translate
Les requins doivent continuer à nager pour respirer.,Amir,Amazon Translate
Les grenouilles commencent leur vie sous forme de têtards aquatiques.,Amir,Amazon Translate
Le sel se dissout facilement dans l'eau.,Amir,Amazon Translate
Les pingouins sont des oiseaux incapables de voler et adaptés aux climats froids.,Amir,Amazon Translate
"Le feu nécessite de la chaleur, du combustible et de l'oxygène.",Amir,Amazon Translate
Les méduses bougent en contractant et en relaxant leur corps.,Amir,Amazon Translate
Les lézards perdent leur peau en grandissant.,Amir,Amazon Translate
La plupart des serpents sont carnivores.,Amir,Amazon Translate
"Les cartes affichent les pays, les villes et les caractéristiques géographiques.",Amir,Amazon Translate
L'herbe pousse à partir de graines appelées céréales.,Amir,Amazon Translate
Les vaches mangent de l'herbe et produisent du lait.,Amir,Amazon Translate
Les avions ont besoin de pistes pour le décollage et l'atterrissage.,Amir,Amazon Translate
Les colonies de fourmis ont une division du travail.,Amir,Amazon Translate
Les forêts tropicales sont riches en biodiversité.,Amir,Amazon Translate
Les igloos sont des abris construits à partir de blocs de glace.,Amir,Amazon Translate
Les palmiers poussent dans les climats tropicaux.,Amir,Amazon Translate
Les mousses prospèrent dans les environnements humides et ombragés.,Amir,Amazon Translate
Les poulpes ont trois cœurs et du sang bleu.,Amir,Amazon Translate
La lumière du soleil est la principale source d'énergie de la Terre.,Amir,Amazon Translate
Les canneberges flottent dans l'eau à cause des poches d'air.,Amir,Amazon Translate
Les glaciers se déplacent lentement sur les terres.,Amir,Amazon Translate
Les gommes éliminent les traces de crayon sur le papier.,Amir,Amazon Translate
Le sucre se dissout rapidement dans les liquides chauds.,Amir,Amazon Translate
Les kangourous sautent à l'aide de leurs puissantes pattes postérieures.,Amir,Amazon Translate
L'eau de pluie nourrit les cultures et les plantes.,Amir,Amazon Translate
Les livres sont une source d'informations et d'histoires.,Amir,Amazon Translate
Les volcans entrent en éruption lorsque le magma atteint la surface de la Terre.,Amir,Amazon Translate
Les échelles aident les gens à atteindre des objets hauts.,Amir,Amazon Translate
Le temps nuageux réduit la lumière du soleil sur le sol.,Amir,Amazon Translate
Les rivières s'écoulent du haut vers le bas.,Amir,Amazon Translate
Les dindes peuvent voler sur de courtes distances.,Amir,Amazon Translate
Les oignons sont des bulbes qui poussent sous terre.,Amir,Amazon Translate
Les châteaux de sable sont construits sur des plages de sable mouillé.,Amir,Amazon Translate
Les escargots se déplacent à l'aide d'un pied musclé.,Amir,Amazon Translate
La foudre est une décharge d'électricité lors d'une tempête.,Amir,Amazon Translate
Les sauterelles produisent des sons en se frottant les pattes.,Amir,Amazon Translate
Des bulles de savon éclatent lorsqu'elles sèchent.,Amir,Amazon Translate
Les vestes de pluie protègent les vêtements par temps humide.,Amir,Amazon Translate
Les chats se toilettent en léchant leur fourrure.,Amir,Amazon Translate
Les rivières s'écoulent vers le bas en raison de la gravité.,Amir,Amazon Translate
Les feuilles absorbent la lumière du soleil pour favoriser la croissance des plantes.,Amir,Amazon Translate
Les pingouins vivent principalement près du pôle Sud.,Amir,Amazon Translate
Les cartes fournissent des informations géographiques.,Amir,Amazon Translate
Les éoliennes produisent de l'électricité à partir de l'énergie éolienne.,Amir,Amazon Translate
Le chocolat fond dans la bouche.,Amir,Amazon Translate
De nombreux mammifères ont de la fourrure pour rester au chaud.,Amir,Amazon Translate
Les plumes aident les oiseaux à voler.,Amir,Amazon Translate
Les roues aident les véhicules à se déplacer efficacement.,Amir,Amazon Translate
Les glaciers sont d'énormes masses de glace qui se déplacent lentement.,Amir,Amazon Translate
Les feux d'artifice présentent des lumières et des couleurs vives.,Amir,Amazon Translate
Les chiens sont connus pour leur loyauté envers les humains.,Amir,Amazon Translate
Les forêts tropicales ont une végétation dense et une humidité élevée.,Amir,Amazon Translate
Les chauves-souris sont des mammifères capables de voler véritablement.,Amir,Amazon Translate
Les tigres ont des rayures orange et noires distinctives.,Amir,Amazon Translate
Les pièces sont utilisées comme monnaie dans les transactions.,Amir,Amazon Translate
Les requins vivent dans les océans du monde entier.,Amir,Amazon Translate
Les orques sont les plus grands membres de la famille des dauphins.,Amir,Amazon Translate
Les clous sont enfoncés dans le bois pour la construction.,Amir,Amazon Translate
Les montres enregistrent le temps.,Amir,Amazon Translate
Les grillons chantent pour attirer les partenaires.,Amir,Amazon Translate
Les champignons poussent dans des endroits humides et sombres.,Amir,Amazon Translate
Les tortues replient leur tête dans leur carapace pour des raisons de sécurité.,Amir,Amazon Translate
Les couchers de soleil se produisent lorsque le soleil se couche sous l'horizon.,Amir,Amazon Translate
La pluie tombe des nuages dans l'atmosphère.,Amir,Amazon Translate
Les crabes ont un exosquelette rigide pour se protéger.,Amir,Amazon Translate
"Les voitures fonctionnent à l'essence, à l'électricité ou au diesel.",Amir,Amazon Translate
Les montagnes attirent les touristes pour la randonnée et le ski.,Amir,Amazon Translate
Les cartes permettent de localiser des lieux dans le monde entier.,Amir,Amazon Translate
Le pain est tranché pour les sandwichs.,Amir,Amazon Translate
Le maïs pousse sur de hautes tiges dans les champs.,Amir,Amazon Translate
Les haricots sont une bonne source de protéines.,Amir,Amazon Translate
Les clés ouvrent les serrures pour des raisons de sécurité.,Amir,Amazon Translate
Les bouteilles en plastique sont souvent recyclables.,Amir,Amazon Translate
Les chiens sont des mammifères domestiques.,Amir,Amazon Translate
L'herbe se trouve couramment dans les pelouses.,Amir,Amazon Translate
Le soleil est une étoile.,Amir,Amazon Translate
Les feuilles font la photosynthèse pour produire de l'énergie végétale.,Amir,Amazon Translate
La laine provient de moutons.,Amir,Amazon Translate
Les pneus assurent la traction des voitures.,Amir,Amazon Translate
Les arbres produisent des anneaux annuels.,Amir,Amazon Translate
Le sol soutient la plupart des plantes terrestres.,Amir,Amazon Translate
Les motos ont deux roues.,Amir,Amazon Translate
Les pingouins sont des oiseaux.,Amir,Amazon Translate
La peinture sèche plus rapidement à l'air sec.,Amir,Amazon Translate
Le sable est fait de petites roches.,Amir,Amazon Translate
Les grues ont de longues pattes.,Amir,Amazon Translate
Les pommes de terre sont un aliment de base.,Amir,Amazon Translate
Les tournesols sont orientés vers l'est le matin.,Amir,Amazon Translate
Les cartes indiquent les directions cardinales.,Amir,Amazon Translate
La mousse pousse dans les endroits ombragés.,Amir,Amazon Translate
Les champignons se reproduisent à l'aide de spores.,Amir,Amazon Translate
Les aubergines sont des légumes violets.,Amir,Amazon Translate
Les oignons font déchirer les yeux.,Amir,Amazon Translate
Les bureaux sont utilisés pour écrire.,Amir,Amazon Translate
Les requins ont des squelettes cartilagineux.,Amir,Amazon Translate
Les pigeons sont des oiseaux urbains courants.,Amir,Amazon Translate
Les carottes sont oranges et sucrées.,Amir,Amazon Translate
Des glaçons se forment à cause de l'eau qui coule.,Amir,Amazon Translate
L'huile est extraite des graines.,Amir,Amazon Translate
Les trains circulent sur des voies ferrées.,Amir,Amazon Translate
Les abricots peuvent être séchés pour les collations.,Amir,Amazon Translate
Les imperméables sont résistants à l'eau.,Amir,Amazon Translate
Les poivrons peuvent être épicés.,Amir,Amazon Translate
Les haut-parleurs émettent des ondes sonores.,Amir,Amazon Translate
Les noix de coco ont une coque dure.,Amir,Amazon Translate
Le ruban adhésif permet de coller deux surfaces ensemble.,Amir,Amazon Translate
Les serrures sécurisent les portes et les portails.,Amir,Amazon Translate
Les crabes se déplacent latéralement.,Amir,Amazon Translate
Les tulipes ont besoin de froid pour fleurir.,Amir,Amazon Translate
Les cactus stockent l'eau dans les tiges.,Amir,Amazon Translate
L'herbe est une plante commune.,Amir,Amazon Translate
Les ballons à l'hélium flottent.,Amir,Amazon Translate
Les phoques mangent du poisson.,Amir,Amazon Translate
Le kiwi a une peau duveteuse.,Amir,Amazon Translate
Les montagnes ont une altitude élevée.,Amir,Amazon Translate
Les cartes utilisent une barre d'échelle.,Amir,Amazon Translate
Les aigles ont des serres acérées.,Amir,Amazon Translate
Le vent déplace les systèmes météorologiques.,Amir,Amazon Translate
Les tomates contiennent des graines.,Amir,Amazon Translate
Les livres ont des pages imprimées.,Amir,Amazon Translate
La plupart des serpents mangent des rongeurs.,Amir,Amazon Translate
Les clous sont en acier.,Amir,Amazon Translate
Les arcs-en-ciel présentent sept couleurs.,Amir,Amazon Translate
Les tunnels passent sous terre.,Amir,Amazon Translate
Les couchers de soleil se produisent à l'ouest.,Amir,Amazon Translate
Les cartes ont une rose des vents.,Amir,Amazon Translate
Il pleut peu dans les déserts.,Amir,Amazon Translate
Les grues peuvent parcourir de longues distances.,Amir,Amazon Translate
Les mangues sont des fruits tropicaux.,Amir,Amazon Translate
Les loutres utilisent les pierres comme outils.,Amir,Amazon Translate
Les insectes peuvent infester les cultures.,Amir,Amazon Translate
Les plages ont du sable ou des galets.,Amir,Amazon Translate
L'eau de pluie s'accumule sous forme de gouttelettes.,Amir,Amazon Translate
Les chats chassent les petits animaux pour se nourrir.,Amir,Amazon Translate
Les outils aident les utilisateurs à effectuer des tâches manuelles.,Amir,Amazon Translate
Les chiens sont souvent gardés comme animaux de compagnie.,Amir,Amazon Translate
L'herbe pousse dans de nombreux environnements à travers le monde.,Amir,Amazon Translate
Les feuilles effectuent la photosynthèse pendant la journée.,Amir,Amazon Translate
Les bananes poussent sur de grandes plantes herbacées.,Amir,Amazon Translate
Les carottes sont des légumes-racines riches en vitamine A.,Amir,Amazon Translate
Les moulins à vent convertissent le vent en énergie de rotation.,Amir,Amazon Translate
Les grillons chantent en se frottant les ailes.,Amir,Amazon Translate
Les chauves-souris sont les seuls mammifères volants.,Amir,Amazon Translate
Les poivrons sont disponibles en différentes couleurs et forces.,Amir,Amazon Translate
Les camions de pompiers transportent les pompiers et leur équipement.,Amir,Amazon Translate
Les arbres absorbent le dioxyde de carbone de l'atmosphère.,Amir,Amazon Translate
Les chiens ont un sens de l'odorat amélioré.,Amir,Amazon Translate
Les cartes incluent généralement une échelle et une clé.,Amir,Amazon Translate
Les tornades produisent des vents qui tournent très rapidement.,Amir,Amazon Translate
Les cartes utilisent des lignes et des symboles pour les routes.,Amir,Amazon Translate
L'électricité alimente les lampes et les appareils électroniques.,Amir,Amazon Translate
Les loutres flottent sur l'eau grâce à la flottabilité.,Amir,Amazon Translate
Les pommes sont consommées crues ou cuites.,Amir,Amazon Translate
Les lampadaires assurent l'éclairage des rues la nuit.,Amir,Amazon Translate
Les avions ont besoin d'aéroports pour atterrir en toute sécurité.,Amir,Amazon Translate
Les fauçons sont des oiseaux connus pour leurs plongées rapides.,Amir,Amazon Translate
Les fraises poussent à partir de petites plantes à fleurs.,Amir,Amazon Translate
Les figues poussent sur des arbres à feuilles caduques.,Amir,Amazon Translate
Les écouteurs transmettent le son directement aux oreilles.,Amir,Amazon Translate
Les oignons sont utilisés dans de nombreux aliments cuits.,Amir,Amazon Translate
Les pingouins sont des oiseaux aquatiques incapables de voler.,Amir,Amazon Translate
Les pièces sont de petites formes métalliques de monnaie.,Amir,Amazon Translate
Les avions parcourent rapidement de grandes distances.,Amir,Amazon Translate
Les furets sont des animaux domestiques et joueurs.,Amir,Amazon Translate
Les champignons sont des champignons qui poussent à l'ombre.,Amir,Amazon Translate
Les nids abritent des œufs d'oiseaux et des nouveau-nés.,Amir,Amazon Translate
Les plantes absorbent l'eau par leurs racines.,Amir,Amazon Translate
L'or a été utilisé comme monnaie.,Amir,Amazon Translate
Les phoques sont des mammifères adaptés au froid.,Amir,Amazon Translate
Les cartes indiquent la distance relative et absolue.,Amir,Amazon Translate
Les rivières transportent l'eau vers les mers.,Amir,Amazon Translate
Le sel est utilisé pour assaisonner les aliments.,Amir,Amazon Translate
Les fauçons sont des oiseaux prédateurs qui volent rapidement.,Amir,Amazon Translate
Les tulipes sont disponibles en plusieurs couleurs.,Amir,Amazon Translate
Le pain est souvent servi aux repas.,Amir,Amazon Translate
Les aigles ont une excellente vision pour la chasse.,Amir,Amazon Translate
Les arbres constituent un habitat important pour la faune.,Amir,Amazon Translate
Les roches peuvent être classées selon leur composition minérale.,Amir,Amazon Translate
Les canards ont des pattes palmées qui leur permettent de nager.,Amir,Amazon Translate
"Les chèvres fournissent du lait, de la viande et des fibres.",Amir,Amazon Translate
Le verre est couramment utilisé pour les vitres.,Amir,Amazon Translate
Les livres sont disponibles sous forme électronique et imprimée.,Amir,Amazon Translate
Le sirop d'érable est fabriqué à partir de sève.,Amir,Amazon Translate
Les méduses contiennent 95 % d'eau en poids.,Amir,Amazon Translate
Le fer est un métal de construction courant.,Amir,Amazon Translate
Le vent pousse les voiliers sur l'eau.,Amir,Amazon Translate
Les montagnes attirent aussi bien les randonneurs que les skieurs.,Amir,Amazon Translate
Les chats chassent les petits rongeurs.,Amir,Amazon Translate
Les cartes montrent la géographie physique.,Amir,Amazon Translate
Les bananes sont jaunes à maturité.,Amir,Amazon Translate
Les pommes de terre sont des légumes-tubercules.,Amir,Amazon Translate
Les pièces sont des devises plates et rondes.,Amir,Amazon Translate
Les montagnes s'élèvent au-dessus du niveau de la mer.,Amir,Amazon Translate
Les cigales émettent de forts bourdonnements.,Amir,Amazon Translate
Les orages succèdent aux éclairs.,Amir,Amazon Translate
Les fourmis forment des colonies souterraines.,Amir,Amazon Translate
Les pies sont des oiseaux intelligents.,Amir,Amazon Translate
Les dauphins utilisent l'écholocation pour naviguer.,Amir,Amazon Translate
Les phoques passent du temps sur terre et en mer.,Amir,Amazon Translate
Les loutres utilisent des outils pour ouvrir leur carapace.,Amir,Amazon Translate
Les pompiers portent des vêtements de protection.,Amir,Amazon Translate
Les cartes représentent les continents et les pays.,Amir,Amazon Translate
Les vaches fournissent du lait et du cuir.,Amir,Amazon Translate
Les cartes montrent une échelle pour mesurer les distances.,Amir,Amazon Translate
Les merles sont des oiseaux chanteurs courants.,Amir,Amazon Translate
Les arcs-en-ciel apparaissent après les averses de pluie.,Amir,Amazon Translate
Les corbeaux résolvent des énigmes simples.,Amir,Amazon Translate
Une croûte de pain se forme lors de la cuisson.,Amir,Amazon Translate
Les nids sont construits par de nombreux oiseaux.,Amir,Amazon Translate
Les bananes poussent en grappes.,Amir,Amazon Translate
Les tomates sont utilisées dans les salades.,Amir,Amazon Translate
La craie marque les surfaces.,Amir,Amazon Translate
L'eau s'évapore sous l'effet de la chaleur.,Amir,Amazon Translate
Les grenouilles pondent leurs œufs dans l'eau.,Amir,Amazon Translate
Les cartes indiquent les noms des villes.,Amir,Amazon Translate
La pluie nourrit la vie végétale.,Amir,Amazon Translate
Les papillons se nourrissent de nectar.,Amir,Amazon Translate
Les cartes affichent les symboles des rivières.,Amir,Amazon Translate
Deux plus deux font quatre.,Amir,Amazon Translate
Les grues sont de grands échassiers.,Amir,Amazon Translate
Le fer est un élément magnétique.,Amir,Amazon Translate
Les pommes de terre sont des légumes-racines.,Amir,Amazon Translate
Les corbeaux sont des oiseaux très intelligents.,Amir,Amazon Translate
Le pain peut être grillé.,Amir,Amazon Translate
Les montagnes connaissent des températures plus froides.,Amir,Amazon Translate
Les chevaux portent des fers à cheval.,Amir,Amazon Translate
Le blé est une céréale de base.,Amir,Amazon Translate
Le feu a besoin de trois éléments pour brûler.,Amir,Amazon Translate
Les cygnes glissent sur les surfaces d'eau.,Amir,Amazon Translate
L'eau de pluie est collectée dans des flaques d'eau.,Amir,Amazon Translate
Les cartes peuvent présenter des données démographiques.,Amir,Amazon Translate
Les poivrons peuvent être doux ou piquants.,Amir,Amazon Translate
Les cartes montrent les routes et les caractéristiques du terrain.,Amir,Amazon Translate
Les montagnes sont des zones élevées de la Terre.,Amir,Amazon Translate
Les cartes fournissent des informations sur les distances.,Amir,Amazon Translate
Les nuages se forment lorsque l'air chaud se refroidit.,Amir,Amazon Translate
Les papillons émergent des chrysalides.,Amir,Amazon Translate
Les cartes indiquent la position relative des villes.,Amir,Amazon Translate
Les tomates sont rouges lorsqu'elles sont mûres.,Amir,Amazon Translate
Les cartes indiquent l'emplacement de l'océan et de la mer.,Amir,Amazon Translate
Les grues sont des oiseaux migrateurs.,Amir,Amazon Translate
Les cartes comportent une flèche vers le nord.,Amir,Amazon Translate
Les cartes sont essentielles pour les études géographiques.,Amir,Amazon Translate
Les cartes présentent des paysages naturels.,Amir,Amazon Translate
Les girafes ont des manteaux à motifs.,Amir,Amazon Translate
Les nems sont un aliment populaire.,Amir,Amazon Translate
La craie laisse de la poussière sur les tableaux noirs.,Amir,Amazon Translate
Les cartes indiquent les miles ou les kilomètres.,Amir,Amazon Translate
Les cartes indiquent souvent les rivières et les lacs.,Amir,Amazon Translate
Les feuilles utilisent la lumière du soleil pour préparer leur nourriture.,Amir,Amazon Translate
Les cartes indiquent les emplacements et les directions avec précision.,Amir,Amazon Translate
Le pain est cuit à partir de farine et de levure.,Amir,Amazon Translate
Les grenouilles se métamorphosent à mesure qu'elles mûrissent.,Amir,Amazon Translate
La photosynthèse se produit dans les feuilles des plantes.,Amir,Amazon Translate
Les galets sont de petites pierres arrondies.,Amir,Amazon Translate
Les lapins mangent des légumes-feuilles pour se nourrir.,Amir,Amazon Translate
Les grues utilisent des becs pour attraper les poissons.,Amir,Amazon Translate
Les cartes peuvent montrer des montagnes et des rivières.,Amir,Amazon Translate
La croûte du pain est plus ferme que les miettes.,Amir,Amazon Translate
Les cartes utilisent des lettres pour étiqueter les villes.,Amir,Amazon Translate
Les méduses ont un corps gélatineux en forme de parapluie.,Amir,Amazon Translate
Les moustiques sont des insectes nuisibles courants.,Amir,Amazon Translate
Le chocolat est fondu pour faire de la fondue.,Amir,Amazon Translate
Les montagnes s'altèrent plus lentement que les collines.,Amir,Amazon Translate
Les cartes indiquent les frontières des États ou des pays.,Amir,Amazon Translate
Les livres fournissent des informations et des divertissements.,Amir,Amazon Translate
Les cartes aident les randonneurs à éviter de se perdre.,Amir,Amazon Translate
Les cartes aident à planifier les voyages en voiture.,Amir,Amazon Translate
Les camions de pompiers transportent les intervenants d'urgence.,Amir,Amazon Translate
Les cartes nécessitent des échelles pour des distances précises.,Amir,Amazon Translate
Les cartes montrent les aéroports et les ports maritimes.,Amir,Amazon Translate
Le sol fournit des éléments nutritifs aux plantes.,Amir,Amazon Translate
Les bulbes de tulipes sont plantés à l'automne.,Amir,Amazon Translate
Les cartes sont importantes pour les explorateurs.,Amir,Amazon Translate
Les flamants roses ont des plumes roses.,Amir,Amazon Translate
"Techniquement, les cacahuètes ne sont pas de vraies noix.",Amir,Amazon Translate
Les montagnes fournissent un habitat à la faune.,Amir,Amazon Translate
Les tomates sont techniquement des fruits.,Amir,Amazon Translate
Des touffes d'herbe recouvrent les terrains de soccer.,Amir,Amazon Translate
Des gressins sont servis en entrée.,Amir,Amazon Translate
Les cartes sont utilisées dans les cours de géographie.,Amir,Amazon Translate
Les aigles glissent sur les courants d'air.,Amir,Amazon Translate
Le sel est utilisé pour conserver les viandes.,Amir,Amazon Translate
Les cartes montrent les plans d'eau.,Amir,Amazon Translate
Les diamants sont la substance naturelle la plus dure.,Amir,Amazon Translate
La COVID-19 est causée par un coronavirus.,Amir,Amazon Translate
Le lait contient du calcium et de la vitamine D.,Amir,Amazon Translate
Les oies migrent souvent dans des formations en forme de V.,Amir,Amazon Translate
Les océans contiennent de l'eau salée qui recouvre la majeure partie de la Terre.,Amir,Amazon Translate
Les abeilles pollinisent les plantes et produisent du miel.,Amir,Amazon Translate
L'électricité circule dans les fils sous forme de courant.,Amir,Amazon Translate
Les tiques peuvent transmettre la maladie de Lyme aux humains.,Amir,Amazon Translate
Le mobilier fournit des surfaces et des sièges.,Amir,Amazon Translate
Les chats dorment souvent de nombreuses heures.,Amir,Amazon Translate
Les cartes peuvent afficher des informations politiques ou physiques.,Amir,Amazon Translate
Les trains transportent efficacement des marchandises et des personnes.,Amir,Amazon Translate
Les grenouilles croassent pour attirer des partenaires.,Amir,Amazon Translate
Les mouches ont des yeux composés.,Amir,Amazon Translate
Le lait est pasteurisé avant d'être vendu.,Amir,Amazon Translate
Les cartes indiquent la direction de la boussole pour l'orientation.,Amir,Amazon Translate
Les tigres sont des chats solitaires et territoriaux.,Amir,Amazon Translate
Les feuilles ont des nervures qui fournissent de l'eau.,Amir,Amazon Translate
Les cartes utilisent des couleurs pour indiquer l'altitude.,Amir,Amazon Translate
"Les nuages apportent de la pluie, de la neige ou de la grêle.",Amir,Amazon Translate
Les chiens utilisent leur nez pour suivre.,Amir,Amazon Translate
Les cartes sont importantes pour la connaissance de l'espace.,Amir,Amazon Translate
Les rivières transportent l'eau douce vers les lacs.,Amir,Amazon Translate
Les cartes permettent de visualiser la topographie et les régions.,Amir,Amazon Translate
La neige est une précipitation gelée.,Amir,Amazon Translate
Les cartes indiquent les limites géographiques.,Amir,Amazon Translate
Les cartes comportent souvent une légende.,Amir,Amazon Translate
Les lucioles produisent de la lumière par bioluminescence.,Amir,Amazon Translate
Le pain est un aliment de base dans le monde entier.,Amir,Amazon Translate
Les batteries stockent de l'énergie chimique.,Amir,Amazon Translate
Les pompiers utilisent l'eau pour éteindre les incendies.,Amir,Amazon Translate
Le brocoli fait partie de la famille des choux.,Amir,Amazon Translate
Les étoiles émettent leur propre lumière.,Amir,Amazon Translate
Les ours polaires vivent près du pôle Nord.,Amir,Amazon Translate
Un thermomètre mesure la température.,Amir,Amazon Translate
Les chats atterrissent sur leurs pattes.,Amir,Amazon Translate
Les cristaux ont des structures atomiques ordonnées.,Amir,Amazon Translate
Les pièces peuvent être en argent ou en cuivre.,Amir,Amazon Translate
Les chiens sont des animaux de meute domestiques.,Amir,Amazon Translate
Les cartes utilisent souvent des couleurs pour les caractéristiques.,Amir,Amazon Translate
Les grenouilles qui sautent aident à échapper aux prédateurs.,Amir,Amazon Translate
Les roses fleurissent dans les jardins du monde entier.,Amir,Amazon Translate
Les feuilles contiennent de la chlorophylle pour la photosynthèse.,Amir,Amazon Translate
Les chats ronronnent souvent lorsqu'ils sont détendus.,Amir,Amazon Translate
Les fleurs attirent les pollinisateurs grâce à leurs couleurs vives.,Amir,Amazon Translate
Les papillons commencent leur vie sous forme de chenilles.,Amir,Amazon Translate
Les citrouilles sont récoltées en automne.,Amir,Amazon Translate
Les vaches mangent de l'herbe et du fourrage.,Amir,Amazon Translate
Le sel est utilisé comme conservateur alimentaire.,Amir,Amazon Translate
Le pain est souvent cuit dans des pains.,Amir,Amazon Translate
Les cartes peuvent indiquer les conditions météorologiques.,Amir,Amazon Translate
Les cartes permettent de visualiser les relations spatiales.,Amir,Amazon Translate
La pluie provient souvent d'épais nuages.,Amir,Amazon Translate
Les cartes peuvent afficher les climats et la végétation.,Amir,Amazon Translate
Les oiseaux migrent vers les régions plus chaudes de façon saisonnière.,Amir,Amazon Translate
Le pain est souvent tranché avant d'être consommé.,Amir,Amazon Translate
Les montagnes peuvent influencer le climat et les précipitations.,Amir,Amazon Translate
Les œufs fournissent des protéines essentielles.,Amir,Amazon Translate
La craie est utilisée sur les tableaux noirs des classes.,Amir,Amazon Translate
Le pain contient du gluten de blé.,Amir,Amazon Translate
Les cartes aident à planifier les itinéraires.,Amir,Amazon Translate
Les crabes ont une carapace protectrice dure.,Amir,Amazon Translate
Les océans contiennent de l'eau salée et de la vie marine.,Amir,Amazon Translate
Le lait peut être transformé en yogourt.,Amir,Amazon Translate
Les cartes utilisent parfois des lignes de contour pour le relief.,Amir,Amazon Translate
Les lucioles émettent de la lumière pour attirer les partenaires.,Amir,Amazon Translate
Les cartes utilisent parfois des couleurs pour la densité de population.,Amir,Amazon Translate
Les dauphins sont des mammifères qui vivent dans les océans.,Amir,Amazon Translate
Les cartes affichent les lignes de latitude et de longitude.,Amir,Amazon Translate
Les crayons sont utilisés pour colorier des images.,Amir,Amazon Translate
"Les œufs peuvent être brouillés, frits ou bouillis.",Amir,Amazon Translate
Les cartes permettent de localiser les points d'intérêt.,Amir,Amazon Translate
"Les plans d'eau comprennent les lacs, les rivières et les océans.",Amir,Amazon Translate
Les nuages contiennent des gouttelettes d'eau ou des cristaux de glace.,Amir,Amazon Translate
Les cartes peuvent montrer les habitudes de vote.,Amir,Amazon Translate
Les lucioles produisent de la lumière pour communiquer.,Amir,Amazon Translate
Les pièces comportent souvent des images de dirigeants.,Amir,Amazon Translate
Le crépuscule se produit entre le coucher du soleil et la nuit.,Amir,Amazon Translate
Les jours de pluie réduisent la visibilité extérieure.,Amir,Amazon Translate
Les cartes peuvent inclure des fuseaux horaires.,Amir,Amazon Translate
Les perroquets vivent dans les régions tropicales.,Amir,Amazon Translate
Le pain moisit lorsqu'il est laissé de côté.,Amir,Amazon Translate
Les voitures se déplacent à l'aide de moteurs à combustion ou électriques.,Amir,Amazon Translate
Les crayons sont des outils de dessin colorés.,Amir,Amazon Translate
L'or est un métal doux précieux.,Amir,Amazon Translate
Les cartes peuvent inclure des données routières et de trafic.,Amir,Amazon Translate
Les poulets sont élevés pour leurs œufs et leur viande.,Amir,Amazon Translate
Les chevaux sont utilisés pour le transport et le sport.,Amir,Amazon Translate
Les cartes peuvent illustrer les zones climatiques.,Amir,Amazon Translate
Les papillons goûtent avec leurs pattes.,Amir,Amazon Translate
Les cartes utilisent des références de grille pour les emplacements.,Amir,Amazon Translate
La valeur des pièces est imprimée sur chaque pièce.,Amir,Amazon Translate
Les cartes illustrent à la fois les caractéristiques physiques et humaines.,Amir,Amazon Translate
Les feuilles sont vertes à cause de la chlorophylle.,Amir,Amazon Translate
Les gouttes de pluie forment les nuages.,Amir,Amazon Translate
Le vent fait bouger l'air.,Amir,Amazon Translate
Les coquillages protègent les mollusques dans les océans.,Amir,Amazon Translate
Les papillons ont quatre ailes.,Amir,Amazon Translate
Les pièces ont généralement des faces.,Amir,Amazon Translate
Les cartes représentent à la fois la terre et l'eau.,Amir,Amazon Translate
Les enfants utilisent des blocs pour construire.,Amir,Amazon Translate
Les cartes présentent parfois des informations climatiques.,Amir,Amazon Translate
Les cartes sont utiles en cas d'urgence.,Amir,Amazon Translate
Les cartes peuvent être téléchargées sur les téléphones.,Amir,Amazon Translate
Les tulipes sont populaires en tant que bulbes à fleurs.,Amir,Amazon Translate
Les cartes indiquent les capitales du monde à titre de référence.,Amir,Amazon Translate
Les phoques ont un corps profilé pour nager.,Amir,Amazon Translate
Le lait fournit du calcium pour des os solides.,Amir,Amazon Translate
Les crabes ont des griffes pour se défendre et se nourrir.,Amir,Amazon Translate
Les cartes peuvent montrer les ressources naturelles.,Amir,Amazon Translate
La pomme de terre est l'un des légumes les plus consommés.,Amir,Amazon Translate
Le mont Everest se trouve dans l'Himalaya.,Amir,Amazon Translate
Les carottes sont des racines d'orange que l'on consomme généralement crues.,Amir,Amazon Translate
Les races de chiens varient considérablement en taille.,Amir,Amazon Translate
Les piqûres de moustiques peuvent provoquer des démangeaisons.,Amir,Amazon Translate
Les grillons sont des insectes nocturnes.,Amir,Amazon Translate
Les œufs sont généralement cuits de différentes manières.,Amir,Amazon Translate
La craie peut être facilement effacée des tableaux noirs.,Amir,Amazon Translate
Le pain est plus facile à trancher lorsqu'il est frais.,Amir,Amazon Translate
Les cartes incluent des clés cartographiques à titre indicatif.,Amir,Amazon Translate
Le pain devient rassis s'il n'est pas protégé.,Amir,Amazon Translate
Les cartes peuvent montrer l'impact des catastrophes naturelles.,Amir,Amazon Translate
Les cartes affichent les données en utilisant différentes couleurs.,Amir,Amazon Translate
Les loups vivent et chassent en groupe.,Amir,Amazon Translate
Le pain est l'un des aliments les plus anciens.,Amir,Amazon Translate
Les cartes fournissent des informations de navigation essentielles pour les navires.,Amir,Amazon Translate
Les tomates poussent à partir de plantes à fleurs.,Amir,Amazon Translate
La pluie peut être mesurée à l'aide d'un manomètre.,Amir,Amazon Translate
Les cartes peuvent illustrer les réseaux de transport.,Amir,Amazon Translate
Les cartes sont cruciales pour la planification urbaine.,Amir,Amazon Translate
Les tulipes poussent mieux dans les climats frais.,Amir,Amazon Translate
Les cartes peuvent révéler l'évolution historique des terres.,Amir,Amazon Translate
Les cartes restent importantes pour la navigation moderne.,Amir,Amazon Translate
Les œufs sont produits par les oiseaux et les reptiles.,Amir,Amazon Translate
Les baleines ont besoin de remonter à la surface pour respirer.,Amir,Amazon Translate
Les cartes présentent différents types de caractéristiques.,Amir,Amazon Translate
Les cartes utilisent souvent des couleurs pour différencier les cartes.,Amir,Amazon Translate
Les cartes utilisent souvent des échelles pour les mesures.,Amir,Amazon Translate
Les érables produisent du sirop.,Amir,Amazon Translate
Les cartes aident les voyageurs à éviter de se perdre.,Amir,Amazon Translate
Les cartes montrent les zones urbaines et rurales.,Amir,Amazon Translate
Les oies migrent en groupe chaque année.,Amir,Amazon Translate
Les cartes identifient les capitales et les grandes villes.,Amir,Amazon Translate
Les cartes offrent une représentation visuelle de l'espace.,Amir,Amazon Translate
La photosynthèse produit de l'oxygène pour les animaux et les humains.,Amir,Amazon Translate
Les feuilles absorbent la lumière du soleil et produisent des glucides lors de la photosynthèse.,Amir,Amazon Translate
La plupart des requins ne vivent qu'en eau salée.,Amir,Amazon Translate
Les vaches fournissent du lait et du bœuf aux habitants du monde entier.,Amir,Amazon Translate
Le mont Everest est la plus haute montagne du monde au-dessus du niveau de la mer.,Amir,Amazon Translate
Les couleurs de l'arc-en-ciel sont toujours observées dans le même ordre.,Amir,Amazon Translate
Le sol est essentiel à la croissance de la plupart des plantes terrestres.,Amir,Amazon Translate
Les plants d'arachides produisent des graines comestibles sous terre.,Amir,Amazon Translate
Les poissons absorbent l'oxygène dissous à l'aide de branchies sous l'eau.,Amir,Amazon Translate
Les méduses ont un corps gélatineux et des tentacules urticants.,Amir,Amazon Translate
Les fraises mûrissent en fruits rouges sucrés.,Amir,Amazon Translate
Les coyotes s'adaptent bien aux environnements urbains.,Amir,Amazon Translate
Les sacs en plastique mettent des décennies à se décomposer complètement.,Amir,Amazon Translate
L'argent est échangé contre des biens et des services.,Amir,Amazon Translate
"Les cartes représentent avec précision les routes, les villes et les points de repère physiques.",Amir,Amazon Translate
Les pandas se nourrissent presque exclusivement de pousses de bambou.,Amir,Amazon Translate
La compote de pommes est préparée en cuisant et en écrasant des pommes.,Amir,Amazon Translate
Les cartes guident les voyageurs vers des destinations inconnues.,Amir,Amazon Translate
Le coton provient des capitules duveteux des plantes.,Amir,Amazon Translate
Les moteurs de voiture dépendent de l'essence pour fonctionner.,Amir,Amazon Translate
Les zèbres appartiennent à la famille des chevaux et ont un pelage rayé.,Amir,Amazon Translate
Les écoles organisent les cours en fonction de l'âge et de la matière.,Amir,Amazon Translate
Les oignons apportent une saveur forte aux plats cuisinés.,Amir,Amazon Translate
L'essence s'évapore rapidement à température ambiante.,Amir,Amazon Translate
Les avions décollent à l'aide d'ailes conçues pour l'aérodynamisme.,Amir,Amazon Translate
Des pièges à souris sont installés pour contrôler la présence de rongeurs à l'intérieur.,Amir,Amazon Translate
"Les livres transmettent des informations sous forme écrite, imprimée ou numérique.",Amir,Amazon Translate
Les vignes grimpent en enroulant les tiges autour de supports.,Amir,Amazon Translate
Les draps sont généralement fabriqués à partir de tissu de coton.,Amir,Amazon Translate
La foule augmente les niveaux de bruit dans les espaces confinés.,Amir,Amazon Translate
Le papier se déchire plus facilement que le tissu ou le plastique.,Amir,Amazon Translate
Les clés déverrouillent les portes équipées de serrures compatibles.,Amir,Amazon Translate
Les vautours récupèrent les charognes au lieu de chasser des proies vivantes.,Amir,Amazon Translate
Les escargots se retirent à l'intérieur de leurs coquilles pour se protéger du danger.,Amir,Amazon Translate
Les desserts sont consommés après les repas principaux.,Amir,Amazon Translate
Les dinosaures ont disparu il y a environ 65 millions d'années.,Amir,Amazon Translate
Les parapluies protègent les utilisateurs des fortes pluies.,Amir,Amazon Translate
Les plants de tomates ont besoin de températures chaudes pour prospérer.,Amir,Amazon Translate
Les sacs à dos transportent des livres et des fournitures confortablement.,Amir,Amazon Translate
Les balançoires sont des équipements courants dans les terrains de jeux extérieurs.,Amir,Amazon Translate
Les abeilles contribuent directement aux efforts de pollinisation des plantes.,Amir,Amazon Translate
Les valises contiennent des vêtements et des effets personnels à des fins de voyage.,Amir,Amazon Translate
Le clair de lune résulte de la réflexion de la lumière du soleil sur la lune.,Amir,Amazon Translate
Les ceintures ajustent la coupe des pantalons et des jupes.,Amir,Amazon Translate
Les gants protègent les doigts du froid.,Amir,Amazon Translate
Des sonnettes signalent aux visiteurs l'extérieur des entrées.,Amir,Amazon Translate
L'or conduit exceptionnellement bien l'électricité.,Amir,Amazon Translate
Les ancres fixent les bateaux à une position dans l'eau.,Amir,Amazon Translate
La pizza est coupée en tranches avant de servir des portions individuelles.,Amir,Amazon Translate
"Les ciseaux coupent efficacement le papier, le tissu ou la ficelle.",Amir,Amazon Translate
Les bonhommes de neige sont fabriqués à partir de boules de neige roulées en hiver.,Amir,Amazon Translate
Les arroseurs distribuent l'eau uniformément sur les pelouses ou les jardins.,Amir,Amazon Translate
Les échecs impliquent le déplacement stratégique de pièces de jeu uniques.,Amir,Amazon Translate
"Les calendriers suivent systématiquement les jours, les semaines et les mois.",Amir,Amazon Translate
Les bus scolaires transportent les enfants entre la maison et l'école.,Amir,Amazon Translate
Les abeilles produisent du miel à partir du nectar des fleurs.,Amir,Amazon Translate
Les chiens utilisent la queue pour signaler différentes émotions.,Amir,Amazon Translate
Les champignons préfèrent pousser dans des environnements humides.,Amir,Amazon Translate
Les araignées attrapent les insectes à l'aide de toiles soyeuses.,Amir,Amazon Translate
L'or est précieux en raison de sa rareté et de son apparence.,Amir,Amazon Translate
Les pommes de terre sont des tubercules comestibles cultivés sous terre.,Amir,Amazon Translate
Les livres contiennent des connaissances et des histoires sous forme écrite.,Amir,Amazon Translate
Les animaux à cornes peuvent se défendre contre les prédateurs.,Amir,Amazon Translate
Les aigles voient les objets éloignés beaucoup plus clairement que les humains.,Amir,Amazon Translate
Les grands immeubles sont appelés gratte-ciel dans les villes.,Amir,Amazon Translate
Les ponts relient des terres séparées par de l'eau ou des obstacles.,Amir,Amazon Translate
La foudre se produit naturellement pendant les orages.,Amir,Amazon Translate
Les haricots fournissent des protéines végétales dans l'alimentation.,Amir,Amazon Translate
Les chameaux prospèrent dans des conditions désertiques où l'eau est rare.,Amir,Amazon Translate
Les réveils réveillent les gens à l'aide de signaux sonores ou vibratoires.,Amir,Amazon Translate
Les biscuits sont des produits de boulangerie sucrés populaires dans le monde entier.,Amir,Amazon Translate
Les clés déverrouillent les portes sécurisées par des serrures correspondantes.,Amir,Amazon Translate
Les réfrigérateurs conservent la fraîcheur des denrées périssables plus longtemps.,Amir,Amazon Translate
Les ceintures fixent les pantalons ou les jupes autour de la taille.,Amir,Amazon Translate
Les bougies émettent de la lumière en brûlant des mèches dans de la cire.,Amir,Amazon Translate
Les calendriers suivent les dates et les événements annuels pertinents.,Amir,Amazon Translate
Les licornes sont des créatures mythiques dont l'existence n'a pas été prouvée.,Amir,Amazon Translate
Les vélos de montagne s'adaptent facilement aux terrains accidentés hors route.,Amir,Amazon Translate
Les cartes comportent souvent des roses des vents indiquant les directions.,Amir,Amazon Translate
Les ordinateurs traitent les informations électroniquement à l'aide de code binaire.,Amir,Amazon Translate
Les gants protègent et réchauffent les mains.,Amir,Amazon Translate
Les dentistes font la promotion de l'hygiène bucco-dentaire pour des dents saines.,Amir,Amazon Translate
Les tablettes servent d'appareils informatiques électroniques portables.,Amir,Amazon Translate
Le verre est transparent et laisse passer la lumière visible.,Amir,Amazon Translate
Les plantes d'intérieur améliorent la qualité de l'air intérieur et les niveaux d'humidité.,Amir,Amazon Translate
Les prévisions météorologiques prévoient les précipitations et les changements de température à venir.,Amir,Amazon Translate
Les sacs à dos répartissent le poids uniformément sur les épaules.,Amir,Amazon Translate
Les systèmes d'arrosage irriguent automatiquement les pelouses et les jardins.,Amir,Amazon Translate
Les ascenseurs soulèvent et abaissent les personnes dans les grands immeubles.,Amir,Amazon Translate
Les miroirs fournissent des reflets précis des apparences.,Amir,Amazon Translate
Les horloges murales indiquent l'heure en un coup d'œil.,Amir,Amazon Translate
Les scooters ont deux roues pour le transport personnel.,Amir,Amazon Translate
Les tulipes fleurissent chaque année au printemps.,Amir,Amazon Translate
Les moutons produisent de la laine qui est filée en fil.,Amir,Amazon Translate
Les bouteilles en plastique mettent des années à se décomposer naturellement.,Amir,Amazon Translate
Le riz est cultivé dans des champs appelés rizières.,Amir,Amazon Translate
Les lapins ont de longues oreilles pour détecter les menaces.,Amir,Amazon Translate
Les méduses ont des tentacules urticants utilisés pour se défendre.,Amir,Amazon Translate
Les roses ont des épines qui dissuadent les herbivores de les manger.,Amir,Amazon Translate
"Les pommes sont disponibles en variétés rouges, vertes et jaunes.",Amir,Amazon Translate
Les girafes utilisent un long cou pour atteindre les hautes feuilles des arbres.,Amir,Amazon Translate
Les bandes Velcro utilisent de minuscules crochets et boucles.,Amir,Amazon Translate
Les trains circulent le long des voies grâce à la puissance du moteur.,Amir,Amazon Translate
Les déserts reçoivent peu de précipitations annuelles par rapport aux forêts.,Amir,Amazon Translate
Les volcans expulsent de la lave et des cendres en fusion lors des éruptions.,Amir,Amazon Translate
Allume les feux légers par friction ou réaction chimique.,Amir,Amazon Translate
Les livres sont des collections de pages reliées entre elles.,Amir,Amazon Translate
Les dents aident à décomposer les aliments pendant la mastication.,Amir,Amazon Translate
"L'herbe recouvre les plaines, les pelouses et divers paysages.",Amir,Amazon Translate
Les bols contiennent des liquides ou des aliments solides en vrac.,Amir,Amazon Translate
"Le fil dentaire nettoie entre les dents, là où les brosses ne peuvent pas atteindre.",Amir,Amazon Translate
Le détergent aide à éliminer les taches sur les tissus des vêtements.,Amir,Amazon Translate
La pizza est composée de pâte cuite additionnée de garnitures.,Amir,Amazon Translate
Le savon pour les mains tue les germes lors de procédures de lavage appropriées.,Amir,Amazon Translate
Les miroirs reflètent les images avec précision lorsque les surfaces sont propres.,Amir,Amazon Translate
Les fourmis se coordonnent efficacement pour les tâches de survie des colonies.,Amir,Amazon Translate
Les zèbres vivent en troupeaux dans les savanes africaines.,Amir,Amazon Translate
Les radios transmettent des signaux audio via des ondes électromagnétiques.,Amir,Amazon Translate
Les valises facilitent le transport des articles de voyage.,Amir,Amazon Translate
Les grues soulèvent de lourdes charges à l'aide de systèmes de câbles.,Amir,Amazon Translate
Les chevaux se déplacent rapidement et soutiennent les cavaliers humains.,Amir,Amazon Translate
Les parapluies aident à se protéger de la pluie ou des forts rayons du soleil.,Amir,Amazon Translate
Les tablettes combinent écrans tactiles et puissance informatique pour garantir leur portabilité.,Amir,Amazon Translate
Les ventilateurs font circuler l'air pour refroidir les espaces clos.,Amir,Amazon Translate
Les réveils réveillent les personnes à des heures précises.,Amir,Amazon Translate
Les vélos transportent les cyclistes à l'aide de pédales actionnées par les pieds.,Amir,Amazon Translate
Les hélicoptères volent verticalement grâce à des pales rotatives.,Amir,Amazon Translate
Les oreillers amortissent les têtes pour des positions de sommeil confortables.,Amir,Amazon Translate
Les rideaux bloquent l'entrée de lumière dans les pièces.,Amir,Amazon Translate
Les aspirateurs aspirent la poussière et les débris des sols.,Amir,Amazon Translate
Les sonnettes alertent les occupants de la maison de l'arrivée de visiteurs.,Amir,Amazon Translate
Les bancs permettent de s'asseoir dans des lieux publics ou privés.,Amir,Amazon Translate
Les rouleaux de peinture ajoutent de la couleur uniformément aux murs.,Amir,Amazon Translate
Les paniers simplifient les achats d'épicerie dans les magasins.,Amir,Amazon Translate
"Les portefeuilles contiennent des cartes d'identité, de l'argent et des reçus.",Amir,Amazon Translate
Les blocs-notes permettent aux utilisateurs de rédiger et d'organiser des notes.,Amir,Amazon Translate
Le pain devient rassis après exposition à l'air.,Amir,Amazon Translate
Les perroquets peuvent imiter de nombreux sons environnementaux.,Amir,Amazon Translate
Les fourmis construisent des colonies avec des rôles spécialisés.,Amir,Amazon Translate
Les zèbres arborent des rayures noires et blanches uniques.,Amir,Amazon Translate
Un temps nuageux peut indiquer de la pluie ou des tempêtes.,Amir,Amazon Translate
Les pingouins ne peuvent pas voler mais nagent habilement sous l'eau.,Amir,Amazon Translate
Les dragons de Komodo sont les plus grands lézards vivants.,Amir,Amazon Translate
Les champignons décomposent la matière organique du sol.,Amir,Amazon Translate
Les feux d'artifice créent des bruits forts et des jeux de lumière colorés.,Amir,Amazon Translate
Les ours polaires habitent les régions de glace de mer de l'Arctique.,Amir,Amazon Translate
Les couchers de soleil apparaissent plus vifs dans un ciel clair.,Amir,Amazon Translate
La craie écrit facilement sur les surfaces rugueuses.,Amir,Amazon Translate
Les arachides poussent sous la surface sous forme de légumineuses.,Amir,Amazon Translate
Les grains de café sont des graines torréfiées provenant de cerises de café.,Amir,Amazon Translate
Le brocoli est riche en vitamines et en fibres alimentaires.,Amir,Amazon Translate
Les cartes utilisent fréquemment des couleurs pour représenter les types de terrain.,Amir,Amazon Translate
La pollution plastique menace les écosystèmes de la faune marine.,Amir,Amazon Translate
Les prairies font paître des troupeaux de gros animaux.,Amir,Amazon Translate
"La vie marine comprend des créatures comme les poissons, les crabes et les poulpes.",Amir,Amazon Translate
Les glaciers remodèlent lentement les paysages au fil des siècles.,Amir,Amazon Translate
Les voitures fonctionnent généralement à l'aide de moteurs à combustion interne.,Amir,Amazon Translate
Les chariots facilitent le transport des produits d'épicerie.,Amir,Amazon Translate
Les miroirs réfléchissent la lumière pour montrer des images.,Amir,Amazon Translate
Les veaux sont de jeunes bovins avant l'âge adulte.,Amir,Amazon Translate
Les portefeuilles stockent les cartes d'identité et l'argent en toute sécurité.,Amir,Amazon Translate
Les journaux publient quotidiennement des informations et des événements récents.,Amir,Amazon Translate
La colle lie solidement divers matériaux.,Amir,Amazon Translate
Les nids abritent les œufs et les nouveau-nés en toute sécurité.,Amir,Amazon Translate
Le verre se brise lors d'un impact violent.,Amir,Amazon Translate
Les bananes fournissent du potassium et des sucres naturels comme source d'énergie.,Amir,Amazon Translate
Les contenants en plastique permettent de conserver les aliments de manière sûre et pratique.,Amir,Amazon Translate
Les oranges contiennent de la vitamine C importante pour l'immunité.,Amir,Amazon Translate
Les abeilles produisent du miel dans des colonies organisées appelées ruches.,Amir,Amazon Translate
Le riz est un aliment de base cultivé en milieu humide.,Amir,Amazon Translate
Les grenouilles sont d'abord des têtards avant de développer leurs pattes.,Amir,Amazon Translate
La craie est fréquemment utilisée à des fins d'écriture pédagogique.,Amir,Amazon Translate
Les déserts reçoivent peu de précipitations chaque année et restent secs.,Amir,Amazon Translate
Les cartes affichent les changements d'altitude à l'aide de courbes de niveau.,Amir,Amazon Translate
Les phoques se déplacent gracieusement dans les eaux froides de l'océan.,Amir,Amazon Translate
Les plants de tomates ont besoin de chaleur et de soleil pour faire mûrir leurs fruits.,Amir,Amazon Translate
La colle fait adhérer fermement les morceaux de papier aux surfaces.,Amir,Amazon Translate
Les chariots d'achat aident les clients des grandes épiceries.,Amir,Amazon Translate
Les clés sont découpées pour s'adapter précisément aux serrures correspondantes.,Amir,Amazon Translate
Les avions parcourent de longues distances à haute altitude.,Amir,Amazon Translate
Les tissus en coton sont des matériaux doux et très absorbants.,Amir,Amazon Translate
Les réveils sonnent à des heures prédéfinies pour réveiller les utilisateurs.,Amir,Amazon Translate
Les sacs à dos transportent les fournitures confortablement sur les épaules.,Amir,Amazon Translate
Les noix poussent dans des coquilles protectrices dures sur les arbres.,Amir,Amazon Translate
Les ciseaux coupent divers papiers et matériaux souples fins.,Amir,Amazon Translate
Les chevaux galopent souvent rapidement sur les terres ouvertes.,Amir,Amazon Translate
Les lits favorisent le sommeil et vous permettent de vous reposer confortablement pendant la nuit.,Amir,Amazon Translate
Les escaliers relient les étages verticalement à l'intérieur des bâtiments.,Amir,Amazon Translate
Les fenêtres laissent entrer la lumière tout en protégeant contre les intempéries.,Amir,Amazon Translate
Les ceintures maintiennent le pantalon avec des passants autour de la taille.,Amir,Amazon Translate
Le jus d'orange provient du pressage d'oranges mûres.,Amir,Amazon Translate
Les rideaux bloquent la lumière du soleil et ajoutent de l'intimité à l'intérieur.,Amir,Amazon Translate
Les téléviseurs transmettent des signaux de divertissement vidéo et audio.,Amir,Amazon Translate
Les enfants perdent leurs dents de lait avant de faire pousser leurs dents d'adulte.,Amir,Amazon Translate
Les trains circulent sur des voies pour un transport en commun efficace.,Amir,Amazon Translate
Les cartes permettent de naviguer facilement dans des lieux ou des villes inconnus.,Amir,Amazon Translate
Les œufs contiennent des protéines essentielles à la croissance musculaire.,Amir,Amazon Translate
Les pièces sont produites en estampant des flans métalliques à plat.,Amir,Amazon Translate
Les loups chassent les petits mammifères en meutes coordonnées.,Amir,Amazon Translate
Les phoques se déplacent efficacement à la fois sur terre et sur l'eau.,Amir,Amazon Translate
Les moutons produisent de la laine largement utilisée dans les textiles du monde entier.,Amir,Amazon Translate
Les voitures ont besoin de moteurs à combustion ou de moteurs électriques pour fonctionner.,Amir,Amazon Translate
Les arachides mûrissent naturellement sous terre dans des coquilles biodégradables.,Amir,Amazon Translate
La craie écrit de manière visible sur les surfaces en ardoise foncée.,Amir,Amazon Translate
Les tomates mûrissent en rouge à cause de la présence de pigments lycopènes.,Amir,Amazon Translate
Les plantes d'intérieur nécessitent un arrosage régulier et un ensoleillement indirect à l'intérieur.,Amir,Amazon Translate
Les rizières sont appelées rizières et sont généralement inondées.,Amir,Amazon Translate
Les aigles volent haut à l'aide de larges ailes à plumes puissantes.,Amir,Amazon Translate
Les livres organisent les informations sur des pages imprimées ou numériques.,Amir,Amazon Translate
Les ordinateurs traitent les données par le biais de signaux électriques binaires.,Amir,Amazon Translate
Les dents décomposent les aliments solides pendant le processus de mastication.,Amir,Amazon Translate
"Les thermomètres mesurent la température avec du mercure, de l'alcool ou des appareils électroniques.",Amir,Amazon Translate
Les loutres ouvrent les coquillages à l'aide de pierres qu'elles tiennent dans leurs pattes.,Amir,Amazon Translate
Les éclairs sont provoqués par l'électricité statique pendant les orages.,Amir,Amazon Translate
Les carnets fournissent des pages lignées pour la rédaction de notes et de rappels.,Amir,Amazon Translate
Les pinceaux étalent la peinture liquide sur les surfaces en douceur.,Amir,Amazon Translate
Les miroirs reflètent les images à l'aide de surfaces en verre poli situées derrière.,Amir,Amazon Translate
Les bancs permettent de s'asseoir simultanément à plusieurs personnes.,Amir,Amazon Translate
Les noix sont des noix à coque dure riches en graisses saines.,Amir,Amazon Translate
Les aspirateurs éliminent efficacement les particules de poussière des sols.,Amir,Amazon Translate
Les lampes fournissent une lumière dirigée pour lire la nuit.,Amir,Amazon Translate
Les ascenseurs permettent de transporter facilement les occupants entre les niveaux d'un bâtiment à plusieurs étages.,Amir,Amazon Translate
Les climatiseurs régulent la température intérieure pendant les étés chauds.,Amir,Amazon Translate
Les claviers saisissent des lettres écrites dans les appareils informatiques avec précision.,Amir,Amazon Translate
Les horloges indiquent l'heure de manière constante tout au long des cycles diurnes et nocturnes.,Amir,Amazon Translate
Les pelles creusent efficacement le sol pour les projets de jardinage ou d'aménagement paysager.,Amir,Amazon Translate
Les casques réduisent les blessures à la tête pendant les activités à vélo ou à moto.,Amir,Amazon Translate
Le savon décompose les molécules de graisse pour les éliminer pendant le lavage.,Amir,Amazon Translate
Les œufs contiennent des protéines et d'autres nutriments importants pour la croissance.,Amir,Amazon Translate
Le fromage est produit en caillant les protéines du lait.,Amir,Amazon Translate
Le plastique met des siècles à se décomposer naturellement à l'extérieur.,Amir,Amazon Translate
Les réfrigérateurs conservent la fraîcheur des denrées périssables en maintenant des températures basses.,Amir,Amazon Translate
Le pain monte parce que la levure libère du dioxyde de carbone.,Amir,Amazon Translate
La craie est fréquemment utilisée pour dessiner sur des planches.,Amir,Amazon Translate
Les papillons éclosent des chrysalides après leur métamorphose.,Amir,Amazon Translate
Les imperméables protègent ceux qui les portent de la pluie.,Amir,Amazon Translate
La glace flotte dans l'eau en raison de sa structure moléculaire.,Amir,Amazon Translate
La foudre se produit pendant les orages en raison de déséquilibres de charge électrique.,Amir,Amazon Translate
Les pièces fonctionnent pour les petits achats en utilisant les valeurs des devises du pays.,Amir,Amazon Translate
Les clés ouvrent des portes qui correspondent à des rainures découpées avec précision.,Amir,Amazon Translate
"Les portefeuilles contiennent de l'argent, des pièces et des cartes en toute sécurité.",Amir,Amazon Translate
Les lits offrent confort et soutien pour les habitudes de sommeil régulières.,Amir,Amazon Translate
Les chariots permettent de récupérer les produits d'épicerie à l'intérieur des magasins.,Amir,Amazon Translate
"Les tablettes permettent aux utilisateurs de naviguer, de lire et de taper numériquement.",Amir,Amazon Translate
Les horloges affichent l'heure précise tout au long de la journée et de la nuit.,Amir,Amazon Translate
"Les calendriers organisent clairement les mois, les semaines, les jours fériés et les rendez-vous.",Amir,Amazon Translate
Les sacs à dos facilitent le transport d'objets grâce à leurs bretelles.,Amir,Amazon Translate
Les balançoires se déplacent d'avant en arrière pour les loisirs.,Amir,Amazon Translate
Les réveils sonnent fort pour réveiller les dormeurs de manière fiable.,Amir,Amazon Translate
Les pommes poussent sur les arbres à feuilles caduques dans les climats tempérés.,Amir,Amazon Translate
Le sel rehausse la saveur et est utilisé pour la conservation.,Amir,Amazon Translate
Les lapins mangent de la végétation verte et ont de longues oreilles.,Amir,Amazon Translate
"Les colonies de fourmis sont composées d'ouvrières, de soldats et de reines.",Amir,Amazon Translate
Les arachides se développent sous terre à l'intérieur de coquilles protectrices.,Amir,Amazon Translate
Les livres organisent les informations accumulées sous forme de documents écrits.,Amir,Amazon Translate
"Les tomates mûrissent en rouge, jaune ou rose selon la variété.",Amir,Amazon Translate
Les abeilles mellifères communiquent par des danses frétillantes.,Amir,Amazon Translate
Le savon aide à éliminer efficacement la saleté et les huiles des mains.,Amir,Amazon Translate
Les claviers saisissent des caractères pour les ordinateurs ou les appareils numériques.,Amir,Amazon Translate
"Les ciseaux coupent avec précision le papier, le tissu ou les fines feuilles.",Amir,Amazon Translate
"Les pages du calendrier divisent le temps en jours, semaines et mois.",Amir,Amazon Translate
"Les pinceaux permettent d'appliquer des finitions uniformes sur le bois, les murs ou la toile.",Amir,Amazon Translate
Les films présentent des histoires à l'aide d'images animées séquentielles.,Amir,Amazon Translate
La colle lie les matériaux rapidement et durablement une fois sèche.,Amir,Amazon Translate
Les montgolfières s'élèvent parce que l'air chaud est moins dense que l'air froid.,Amir,Amazon Translate
Les miroirs réfléchissent clairement la lumière visible pour le toilettage personnel.,Amir,Amazon Translate
"Les portefeuilles permettent de ranger l'argent, les cartes et les documents importants.",Amir,Amazon Translate
Les dents mastiquent les aliments pour faciliter la digestion dans l'estomac.,Amir,Amazon Translate
Les chiens aboient pour exprimer leur excitation ou signaler un danger.,Amir,Amazon Translate
Les bananes fournissent le potassium nécessaire à la fonction musculaire.,Amir,Amazon Translate
Les colonies de fourmis s'organisent en castes sociales distinctes.,Amir,Amazon Translate
Les trains empruntent des voies ferrées entre des destinations éloignées.,Amir,Amazon Translate
Les vaches fournissent le lait consommé par des millions de personnes.,Amir,Amazon Translate
Les méduses se déplacent passivement en fonction des courants océaniques.,Amir,Amazon Translate
Les fraises commencent à blanchir et deviennent rouge vif à maturité.,Amir,Amazon Translate
Les pommes poussent mieux dans les climats frais et tempérés du monde entier.,Amir,Amazon Translate
La craie fonctionne bien pour marquer les tableaux d'écriture sombres.,Amir,Amazon Translate
Les kangourous transportent les jeunes joeys dans des poches abdominales.,Amir,Amazon Translate
Les baleines remontent régulièrement à la surface pour respirer l'oxygène atmosphérique.,Amir,Amazon Translate
Les aigles repèrent leurs proies grâce à des capacités visuelles exceptionnelles.,Amir,Amazon Translate
Les outils à marteau enfoncent les clous dans le bois en toute sécurité.,Amir,Amazon Translate
Les loutres utilisent des pierres pour ouvrir les repas de crustacés.,Amir,Amazon Translate
Les rizières sont inondées pour un développement optimal des plantes.,Amir,Amazon Translate
Les sacs à dos permettent aux gens de transporter leurs affaires confortablement en gardant les mains libres.,Amir,Amazon Translate
Les systèmes de gicleurs arrosent automatiquement les pelouses à intervalles réguliers.,Amir,Amazon Translate
"L'électricité éclaire les maisons, les bureaux et les rues.",Amir,Amazon Translate
Les vaches fournissent à la fois de la viande et des produits laitiers.,Amir,Amazon Translate
La craie marque les tableaux et est facile à effacer.,Amir,Amazon Translate
Les pandas consomment du bambou presque exclusivement tous les jours.,Amir,Amazon Translate
Les méduses flottent librement et piquent pour se défendre.,Amir,Amazon Translate
Le pain monte parce que la levure crée des bulles de gaz.,Amir,Amazon Translate
Les pommes poussent sur les arbres qui fleurissent au printemps.,Amir,Amazon Translate
"Le fromage provient de la fermentation du lait de vache, de chèvre ou de brebis.",Amir,Amazon Translate
Les ours polaires ne vivent que dans les habitats arctiques.,Amir,Amazon Translate
Les dauphins utilisent les clics du sonar pour naviguer sous l'eau.,Amir,Amazon Translate
Les arachides mûrissent à l'intérieur du sol plutôt qu'à la surface du sol.,Amir,Amazon Translate
Les chaises offrent aux personnes un confort d'assise confortable à l'intérieur.,Amir,Amazon Translate
Les livres contiennent des faits et des histoires imprimés sur des pages papier.,Amir,Amazon Translate
Les clés s'adaptent aux serrures pour permettre l'entrée par les portes.,Amir,Amazon Translate
Les banquettes permettent à plusieurs personnes de se reposer à l'extérieur.,Amir,Amazon Translate
Les noix sont des noix recouvertes de coquilles et de cosses dures.,Amir,Amazon Translate
La soupe est généralement servie très chaude dans des bols.,Amir,Amazon Translate
Les lits permettent aux humains de dormir confortablement chaque nuit.,Amir,Amazon Translate
Les vaccins protègent contre diverses maladies contagieuses.,Amir,Amazon Translate
Les valises permettent de ranger les vêtements pendant que les gens voyagent loin de chez eux.,Amir,Amazon Translate
Les agrafeuses fixent les feuilles de papier volantes à l'aide d'agrafes métalliques.,Amir,Amazon Translate
Les loutres déterrent les coquillages à l'aide de roches trouvées sous l'eau.,Amir,Amazon Translate
Les lampes de poche éclairent les endroits sombres à l'aide de piles.,Amir,Amazon Translate
Les bancs servent de mobilier de repos extérieur public.,Amir,Amazon Translate
Les casques protègent la tête pendant la pratique du vélo et d'autres activités similaires.,Amir,Amazon Translate
Les aspirateurs utilisent la force d'aspiration pour nettoyer la poussière et les débris.,Amir,Amazon Translate
Shakespeare a écrit de nombreuses pièces célèbres.,Amir,Amazon Translate
La Joconde est exposée au musée du Louvre.,Amir,Amazon Translate
Léonard de Vinci a peint La Cène.,Amir,Amazon Translate
Frida Kahlo était une peintre mexicaine.,Amir,Amazon Translate
Athènes a accueilli les premiers Jeux olympiques modernes.,Amir,Amazon Translate
La course à pied améliore la santé cardiovasculaire.,Amir,Amazon Translate
Le rap est originaire des États-Unis.,Amir,Amazon Translate
Venise est connue pour ses canaux.,Amir,Amazon Translate
La vitamine C stimule la fonction immunitaire.,Amir,Amazon Translate
D'anciennes pyramides se trouvent en Égypte.,Amir,Amazon Translate
Le Japon est composé de quatre îles principales.,Amir,Amazon Translate
L'eau potable prévient la déshydratation.,Amir,Amazon Translate
La période de la Renaissance a commencé en Italie.,Amir,Amazon Translate
Le football est populaire dans le monde entier.,Amir,Amazon Translate
L'Australie possède des marsupiaux uniques comme les kangourous.,Amir,Amazon Translate
La toux expulse les irritants des voies respiratoires.,Amir,Amazon Translate
L'impressionnisme a changé la façon dont les artistes utilisaient la lumière.,Amir,Amazon Translate
Le Canada partage une frontière avec les États-Unis.,Amir,Amazon Translate
Fumer endommage les tissus pulmonaires.,Amir,Amazon Translate
Alexander Graham Bell a inventé le téléphone.,Amir,Amazon Translate
La forêt amazonienne s'étend sur neuf pays.,Amir,Amazon Translate
Le haïku est une forme de poésie japonaise.,Amir,Amazon Translate
Les chutes du Niagara se trouvent à la frontière entre les États-Unis et le Canada.,Amir,Amazon Translate
La sculpture consiste à façonner des matériaux tels que la pierre ou le métal.,Amir,Amazon Translate
L'Afrique compte plus de cinquante pays.,Amir,Amazon Translate
Big Ben de Londres est une célèbre tour d'horloge.,Amir,Amazon Translate
L'exercice renforce les muscles et les os.,Amir,Amazon Translate
L'asthme affecte la capacité respiratoire.,Amir,Amazon Translate
La musique classique fait souvent appel à des orchestres.,Amir,Amazon Translate
Rome abrite le Colisée.,Amir,Amazon Translate
Les bandes dessinées racontent des histoires à l'aide d'images et de mots.,Amir,Amazon Translate
L'Islande est connue pour son activité géothermique.,Amir,Amazon Translate
L'Afrique subsaharienne comprend des cultures et des langues diverses.,Amir,Amazon Translate
Le ballet utilise des mouvements précis et formels.,Amir,Amazon Translate
Abraham Lincoln a aboli l'esclavage en Amérique.,Amir,Amazon Translate
Le basket-ball nécessite des compétences de dribble et de tir.,Amir,Amazon Translate
La Grèce compte des milliers d'îles.,Amir,Amazon Translate
Cesser de fumer réduit le risque de cancer.,Amir,Amazon Translate
Le fluor aide à garder les dents en bonne santé.,Amir,Amazon Translate
Le Taj Mahal se trouve en Inde.,Amir,Amazon Translate
L'anémie est due à un faible taux de globules rouges.,Amir,Amazon Translate
La calligraphie est un style d'écriture décoratif.,Amir,Amazon Translate
Le Kenya est célèbre pour ses safaris animaliers.,Amir,Amazon Translate
"Le cinéma combine l'écriture de scénarios, le jeu d'acteur et le montage.",Amir,Amazon Translate
Le Brésil accueille le plus grand festival de carnaval.,Amir,Amazon Translate
Les tractions renforcent la force du haut du corps.,Amir,Amazon Translate
Le bronze est fabriqué en mélangeant du cuivre et de l'étain.,Amir,Amazon Translate
Le jazz est né à La Nouvelle-Orléans.,Amir,Amazon Translate
Le Népal se situe entre la Chine et l'Inde.,Amir,Amazon Translate
Un accident vasculaire cérébral perturbe la circulation sanguine du cerveau.,Amir,Amazon Translate
L'opéra combine chant et représentation théâtrale.,Amir,Amazon Translate
L'Amérique du Sud possède des forêts tropicales et de hautes montagnes.,Amir,Amazon Translate
Machu Picchu est un site ancien au Pérou.,Amir,Amazon Translate
La natation est un excellent exercice aérobique.,Amir,Amazon Translate
Les rhumes sont causés par des virus.,Amir,Amazon Translate
L'Espagne est connue pour la danse flamenco.,Amir,Amazon Translate
Marie Curie a découvert des éléments radioactifs.,Amir,Amazon Translate
La randonnée permet de brûler des calories et de tonifier les muscles des jambes.,Amir,Amazon Translate
Les fossiles témoignent de la vie préhistorique.,Amir,Amazon Translate
Les îles des Caraïbes attirent les touristes pour leurs plages.,Amir,Amazon Translate
La méditation peut réduire le niveau de stress.,Amir,Amazon Translate
Le Japon féodal avait des guerriers samouraïs.,Amir,Amazon Translate
L'Indonésie est composée de milliers d'îles.,Amir,Amazon Translate
La pression artérielle doit être surveillée régulièrement.,Amir,Amazon Translate
Le cubisme est un mouvement artistique abstrait.,Amir,Amazon Translate
La ville de New York comprend cinq arrondissements.,Amir,Amazon Translate
L'haltérophilie renforce la force musculaire.,Amir,Amazon Translate
Le paludisme se propage par les piqûres de moustiques.,Amir,Amazon Translate
Les tapis persans sont des œuvres d'art tissées à la main.,Amir,Amazon Translate
L'Alaska possède le plus long littoral des États-Unis.,Amir,Amazon Translate
Un sommeil sain améliore la mémoire et l'humeur.,Amir,Amazon Translate
Les châteaux médiévaux étaient des structures défensives.,Amir,Amazon Translate
Le bouddhisme s'est répandu de l'Inde à l'Asie.,Amir,Amazon Translate
La basilique Saint-Pierre se trouve dans la Cité du Vatican.,Amir,Amazon Translate
Les typhons frappent fréquemment les côtes de l'Asie de l'Est.,Amir,Amazon Translate
Les légumes fournissent des fibres alimentaires.,Amir,Amazon Translate
La Smithsonian Institution préserve l'histoire américaine.,Amir,Amazon Translate
La Norvège possède des fjords le long des zones côtières.,Amir,Amazon Translate
La danse tango est originaire d'Argentine.,Amir,Amazon Translate
Le mur de Berlin est tombé en 1989.,Amir,Amazon Translate
L'origami est un art japonais traditionnel du pliage de papier.,Amir,Amazon Translate
La Thaïlande possède des marchés flottants.,Amir,Amazon Translate
La Seconde Guerre mondiale a pris fin en 1945.,Amir,Amazon Translate
Consommer trop de sucre entraîne l'obésité.,Amir,Amazon Translate
La France est réputée pour sa production de vin.,Amir,Amazon Translate
Les photographies capturent en permanence des moments de la vie réelle.,Amir,Amazon Translate
Jérusalem est importante pour plusieurs religions.,Amir,Amazon Translate
La Turquie fait le pont entre l'Europe et l'Asie.,Amir,Amazon Translate
La civilisation maya a construit des temples pyramidaux.,Amir,Amazon Translate
Le yoga est bénéfique à la fois pour l'esprit et pour le corps.,Amir,Amazon Translate
La musique baroque est très ornementée.,Amir,Amazon Translate
Tesla a développé la technologie du courant alternatif.,Amir,Amazon Translate
"Les pays BRICS sont le Brésil, la Russie, l'Inde, la Chine et l'Afrique du Sud.",Amir,Amazon Translate
Les pèlerins ont atterri à Plymouth Rock.,Amir,Amazon Translate
La Sibérie couvre un vaste territoire du nord de la Russie.,Amir,Amazon Translate
L'escalade développe la force de préhension.,Amir,Amazon Translate
Cléopâtre a régné sur l'Égypte ancienne.,Amir,Amazon Translate
Les préjugés influent sur les résultats de la recherche sociale.,Amir,Amazon Translate
Le confucianisme a influencé la philosophie chinoise.,Amir,Amazon Translate
L'énergie solaire alimente certaines maisons.,Amir,Amazon Translate
L'Inde célèbre Diwali chaque année.,Amir,Amazon Translate
Le virus Zika peut provoquer des malformations congénitales.,Amir,Amazon Translate
La médecine traditionnelle chinoise utilise des herbes.,Amir,Amazon Translate
Michel-Ange a sculpté David à la Renaissance.,Amir,Amazon Translate
Le fleuve Mississippi divise les États-Unis d'est en ouest.,Amir,Amazon Translate
La culture hip-hop est apparue dans les communautés urbaines.,Amir,Amazon Translate
Monter les escaliers est un exercice de musculation.,Amir,Amazon Translate
Neptune est la huitième planète depuis le soleil.,Amir,Amazon Translate
Le judo met l'accent sur les lancers et les prises.,Amir,Amazon Translate
Walt Disney a révolutionné l'animation.,Amir,Amazon Translate
"Singapour mêle héritage malais, chinois et indien.",Amir,Amazon Translate
Platon a enseigné Aristote dans la Grèce antique.,Amir,Amazon Translate
Les kibboutzim israéliens pratiquent la vie communautaire.,Amir,Amazon Translate
La déforestation menace la biodiversité.,Amir,Amazon Translate
Stonehenge date de la Grande-Bretagne préhistorique.,Amir,Amazon Translate
Le Chili s'étend le long de la côte ouest de l'Amérique du Sud.,Amir,Amazon Translate
Des analyses de sang vérifient le fonctionnement des organes.,Amir,Amazon Translate
Le taiko drumming est une performance scénique japonaise énergique.,Amir,Amazon Translate
La culture amish pratique une vie simple.,Amir,Amazon Translate
La tour Eiffel symbolise Paris.,Amir,Amazon Translate
La pizza est originaire d'Italie.,Amir,Amazon Translate
Le Nil traverse l'Égypte.,Amir,Amazon Translate
L'hydratation quotidienne préserve la santé des reins.,Amir,Amazon Translate
La Première Guerre mondiale a commencé en 1914.,Amir,Amazon Translate
La peinture est une forme d'expression créative.,Amir,Amazon Translate
Tokyo est la capitale du Japon.,Amir,Amazon Translate
Le cyclisme améliore l'endurance cardiovasculaire.,Amir,Amazon Translate
Jules César a été assassiné à Rome.,Amir,Amazon Translate
L'agriculture fournit de la nourriture à de nombreuses sociétés.,Amir,Amazon Translate
Les émotions influent sur la prise de décisions personnelles.,Amir,Amazon Translate
L'éthique guide les jugements et les comportements moraux.,Amir,Amazon Translate
Le catholicisme a des sacrements tels que le baptême.,Amir,Amazon Translate
Les démocraties impliquent que les citoyens votent pour les lois ou les dirigeants.,Amir,Amazon Translate
Les smartphones accèdent aux informations de n'importe où grâce à des signaux.,Amir,Amazon Translate
Les cellules cancéreuses se développent de façon incontrôlable à l'intérieur du corps.,Amir,Amazon Translate
L'Europe médiévale a vu des châteaux et des chevaliers.,Amir,Amazon Translate
Vous trouverez des sentiers de randonnée dans les parcs nationaux.,Amir,Amazon Translate
Le Canada est célèbre pour son sirop d'érable.,Amir,Amazon Translate
Les hiéroglyphes étaient utilisés par les anciens Égyptiens.,Amir,Amazon Translate
Les danseurs de ballet portent des chaussures de pointe pour danser.,Amir,Amazon Translate
L'Australie est entourée par les océans Pacifique et Indien.,Amir,Amazon Translate
Les protéines favorisent la récupération musculaire après l'entraînement.,Amir,Amazon Translate
Napoléon Bonaparte a dirigé la France au début des années 1800.,Amir,Amazon Translate
La cuisson consiste à combiner des ingrédients crus à la chaleur.,Amir,Amazon Translate
Les nombres premiers n'ont que deux facteurs.,Amir,Amazon Translate
Les atomes se combinent pour former des molécules.,Amir,Amazon Translate
L'estime de soi influe sur le bien-être mental.,Amir,Amazon Translate
La logique permet de résoudre rationnellement des problèmes complexes.,Amir,Amazon Translate
L'islam comprend des pratiques appelées « cinq piliers ».,Amir,Amazon Translate
L'économie étudie la production et la distribution des ressources.,Amir,Amazon Translate
Les imprimantes 3D créent des modèles physiques à partir de dessins numériques.,Amir,Amazon Translate
La migration des oiseaux suit les tendances saisonnières à l'échelle mondiale.,Amir,Amazon Translate
L'origami transforme le papier en figures décoratives.,Amir,Amazon Translate
Le Machu Picchu a été construit par les Incas.,Amir,Amazon Translate
La Chine a inventé la poudre à canon il y a des siècles.,Amir,Amazon Translate
Les achats stimulent les économies locales.,Amir,Amazon Translate
La multiplication est une addition répétée.,Amir,Amazon Translate
Sigmund Freud a développé la psychanalyse.,Amir,Amazon Translate
L'utilitarisme vise un maximum de bonheur en général.,Amir,Amazon Translate
L'hindouisme intègre les concepts de karma et de réincarnation.,Amir,Amazon Translate
Les normes sociales façonnent les comportements de groupe.,Amir,Amazon Translate
L'intelligence artificielle imite certains processus de pensée humains.,Amir,Amazon Translate
Les chevilles favorisent les mouvements de marche et de course.,Amir,Amazon Translate
Berlin accueille un important festival international du film.,Amir,Amazon Translate
La jungle amazonienne couvre des millions de kilomètres carrés.,Amir,Amazon Translate
Les drapeaux des pays représentent les identités nationales.,Amir,Amazon Translate
Le brossage des dents prévient les caries et les maladies des gencives.,Amir,Amazon Translate
Apollo 11 a fait atterrir des humains sur la lune.,Amir,Amazon Translate
La Renaissance italienne a produit des artistes et des penseurs célèbres.,Amir,Amazon Translate
Les pyramides d'Égypte servent de tombes aux pharaons.,Amir,Amazon Translate
La pêche est source de nourriture et de loisirs.,Amir,Amazon Translate
"Les nombres peuvent être naturels, entiers, entiers ou rationnels.",Amir,Amazon Translate
"Les antibiotiques traitent les infections bactériennes, pas les virus.",Amir,Amazon Translate
La santé mentale influe sur les activités de la vie quotidienne.,Amir,Amazon Translate
Le dualisme divise l'existence en esprit et en matière.,Amir,Amazon Translate
Les systèmes de justice pénale appliquent les codes juridiques.,Amir,Amazon Translate
Les satellites relaient les émissions de télévision à l'échelle internationale.,Amir,Amazon Translate
Les vaccins préviennent les maladies infectieuses courantes.,Amir,Amazon Translate
Les girafes vivent principalement dans les savanes africaines.,Amir,Amazon Translate
Les symphonies nécessitent que les orchestres interprètent des compositions complètes.,Amir,Amazon Translate
Les arts martiaux développent des compétences d'autodéfense.,Amir,Amazon Translate
La Grande Muraille s'étend sur le nord de la Chine.,Amir,Amazon Translate
Les aliments sans gluten aident les personnes atteintes de la maladie cœliaque.,Amir,Amazon Translate
La Révolution française a mis fin à la monarchie.,Amir,Amazon Translate
La danse exprime les émotions à travers les mouvements du corps.,Amir,Amazon Translate
Les galaxies sont composées de milliards d'étoiles.,Amir,Amazon Translate
Le langage corporel transmet des sentiments non exprimés.,Amir,Amazon Translate
La pensée rationnelle évalue les preuves de manière logique.,Amir,Amazon Translate
Les bouddhistes recherchent l'illumination par la pratique.,Amir,Amazon Translate
Le vote donne aux citoyens une représentation politique.,Amir,Amazon Translate
Le cloud computing stocke les fichiers sur des serveurs externes.,Amir,Amazon Translate
Les croisades impliquaient des guerres de religion à l'époque médiévale.,Amir,Amazon Translate
Le camping implique de dormir temporairement à l'extérieur.,Amir,Amazon Translate
Les variables d'équation représentent des valeurs inconnues.,Amir,Amazon Translate
Les orbites planétaires suivent des trajectoires elliptiques autour du soleil.,Amir,Amazon Translate
Le canal de Suez relie la mer Méditerranée à la mer Rouge.,Amir,Amazon Translate
Le fleuve Amazone est plus long que la plupart des fleuves du monde.,Amir,Amazon Translate
Les échecs se jouent sur une grille de huit par huit.,Amir,Amazon Translate
Les exercices de respiration calment le corps.,Amir,Amazon Translate
Les Vikings ont traversé les océans à bord de bateaux en bois.,Amir,Amazon Translate
Les tendances de la mode évoluent en fonction des changements culturels.,Amir,Amazon Translate
"La géométrie étudie les formes, les angles et les surfaces.",Amir,Amazon Translate
La physique explique comment l'énergie interagit avec la matière.,Amir,Amazon Translate
L'adolescence marque le passage à l'âge adulte.,Amir,Amazon Translate
L'empathie permet de comprendre le point de vue des autres.,Amir,Amazon Translate
L'agnosticisme met en doute la certitude de la connaissance des dieux.,Amir,Amazon Translate
Le mont Fuji est la plus haute montagne du Japon.,Amir,Amazon Translate
"Le hip hop est né dans le Bronx, à New York.",Amir,Amazon Translate
Le désert du Sahara couvre une grande partie de l'Afrique du Nord.,Amir,Amazon Translate
L'Empire romain est tombé en 476 après JC.,Amir,Amazon Translate
Les centres commerciaux proposent plusieurs magasins sous un même toit.,Amir,Amazon Translate
Pi représente la circonférence du cercle divisée par son diamètre.,Amir,Amazon Translate
Les introvertis retrouvent de l'énergie grâce à la solitude.,Amir,Amazon Translate
La pensée critique remet en question les hypothèses et les preuves.,Amir,Amazon Translate
Les fêtes hindoues célèbrent les dieux et les événements saisonniers.,Amir,Amazon Translate
Les classes sociales organisent les gens par statut.,Amir,Amazon Translate
Les voitures électriques utilisent des batteries au lieu de moteurs à essence.,Amir,Amazon Translate
La musique jazz comporte de l'improvisation.,Amir,Amazon Translate
Le Nil est le plus long fleuve d'Afrique.,Amir,Amazon Translate
La Seconde Guerre mondiale a débuté en 1939.,Amir,Amazon Translate
Cuisiner à la maison permet d'économiser de l'argent.,Amir,Amazon Translate
L'algèbre permet de résoudre des variables inconnues.,Amir,Amazon Translate
Les valeurs personnelles influencent la prise de décisions.,Amir,Amazon Translate
Le débat encourage la pensée analytique.,Amir,Amazon Translate
La Torah contient des textes religieux juifs.,Amir,Amazon Translate
Les gouvernements appliquent les lois au sein des pays.,Amir,Amazon Translate
Les ordinateurs portables permettent d'utiliser des ordinateurs pendant les déplacements.,Amir,Amazon Translate
Les avocats poussent sur des arbres originaires du Mexique.,Amir,Amazon Translate
Le cubisme a changé la façon dont l'art représentait l'espace.,Amir,Amazon Translate
Yellowstone est le premier parc national des États-Unis.,Amir,Amazon Translate
Une hydratation adéquate permet d'éviter les coups de chaleur lors de l'exercice.,Amir,Amazon Translate
Napoléon a été vaincu à Waterloo.,Amir,Amazon Translate
Le jardinage peut réduire le niveau de stress.,Amir,Amazon Translate
Un polygone possède trois côtés ou plus.,Amir,Amazon Translate
Le cuivre conduit bien l'électricité.,Amir,Amazon Translate
La maîtrise de soi permet d'atteindre des objectifs à long terme.,Amir,Amazon Translate
La déduction permet de déduire des détails à partir de principes généraux.,Amir,Amazon Translate
Le confucianisme met l'accent sur le développement moral.,Amir,Amazon Translate
Les sondages montrent l'opinion publique dans les démocraties.,Amir,Amazon Translate
Le Wi-Fi fournit un accès Internet sans fil.,Amir,Amazon Translate
L'opéra a débuté en Italie à la Renaissance.,Amir,Amazon Translate
Moscou est la plus grande ville de Russie.,Amir,Amazon Translate
L'entraînement en force renforce le tissu musculaire.,Amir,Amazon Translate
La vaccination antivariolique a permis d'éradiquer la maladie dans le monde entier.,Amir,Amazon Translate
La tour Eiffel a été achevée en 1889.,Amir,Amazon Translate
Le breakdance comprend des mouvements acrobatiques et des pirouettes.,Amir,Amazon Translate
Victoria Falls se situe entre le Zimbabwe et la Zambie.,Amir,Amazon Translate
Le jogging permet de brûler des calories efficacement.,Amir,Amazon Translate
Catherine la Grande a étendu le territoire russe.,Amir,Amazon Translate
Les pique-niques allient nourriture et loisirs en plein air.,Amir,Amazon Translate
Les équations mathématiques doivent avoir des réponses qui satisfont les énoncés.,Amir,Amazon Translate
Le travail d'équipe repose sur les compétences de coopération et de communication.,Amir,Amazon Translate
Le raisonnement analytique divise les problèmes en parties plus petites.,Amir,Amazon Translate
Le karma influe sur la renaissance des systèmes de croyances hindous.,Amir,Amazon Translate
Les structures familiales diffèrent d'une société à l'autre.,Amir,Amazon Translate
Les engrenages de vélo aident les cyclistes à affronter différents terrains.,Amir,Amazon Translate
Le kiwi est riche en vitamine C.,Amir,Amazon Translate
La musique pop moderne mélange de nombreux styles musicaux.,Amir,Amazon Translate
Le Portugal n'a de frontière que avec l'Espagne en Europe.,Amir,Amazon Translate
Les longues promenades favorisent la santé cardiaque.,Amir,Amazon Translate
La guerre civile divise les nations sur le plan interne.,Amir,Amazon Translate
La lessive nettoie les vêtements à l'eau et au savon.,Amir,Amazon Translate
Precalculus prépare les étudiants aux concepts du calcul.,Amir,Amazon Translate
La gestion du stress renforce la résilience globale.,Amir,Amazon Translate
Les énigmes logiques testent la capacité de raisonnement systématique.,Amir,Amazon Translate
Le jeûne religieux restreint généralement certains aliments.,Amir,Amazon Translate
La mondialisation connecte les marchés du monde entier.,Amir,Amazon Translate
Les aspirateurs robots nettoient les sols automatiquement.,Amir,Amazon Translate
Le graffiti est considéré comme du street art urbain.,Amir,Amazon Translate
"La Scandinavie comprend la Suède, la Norvège et le Danemark.",Amir,Amazon Translate
Le sommeil favorise la consolidation de la mémoire.,Amir,Amazon Translate
Les chevaliers médiévaux suivaient les codes de la chevalerie.,Amir,Amazon Translate
Des baleiniers ont exploré les eaux arctiques et antarctiques.,Amir,Amazon Translate
Le quilting transforme les déchets de tissu en couvertures et en œuvres d'art.,Amir,Amazon Translate
Le Golden Gate Bridge enjambe la baie de San Francisco.,Amir,Amazon Translate
La physiothérapie rétablit le mouvement après une blessure.,Amir,Amazon Translate
Harriet Tubman a conduit les esclaves à la liberté.,Amir,Amazon Translate
La fabrication de la poterie implique le façonnage et la cuisson de l'argile.,Amir,Amazon Translate
Les logarithmes simplifient les calculs de multiplication et de division.,Amir,Amazon Translate
Les traits de caractère façonnent la personnalité d'un individu.,Amir,Amazon Translate
Le scepticisme met en doute les affirmations sans preuves suffisantes.,Amir,Amazon Translate
La prière islamique fait face à La Mecque.,Amir,Amazon Translate
Les transports en commun réduisent les embouteillages.,Amir,Amazon Translate
Le stockage dans le cloud permet de conserver les données hors des appareils personnels.,Amir,Amazon Translate
Les olives sont cultivées principalement dans les régions méditerranéennes.,Amir,Amazon Translate
Les artistes de la Renaissance ont perfectionné les techniques de perspective.,Amir,Amazon Translate
La plongée en apnée permet l'exploration sous-marine près de la surface.,Amir,Amazon Translate
La chimie organique étudie les molécules à base de carbone.,Amir,Amazon Translate
Les rôles sociétaux définissent les attentes en matière de comportement.,Amir,Amazon Translate
Les pare-feux protègent les réseaux informatiques contre tout accès non autorisé.,Amir,Amazon Translate
La vitamine D aide à absorber le calcium pour la santé des os.,Amir,Amazon Translate
Les seigneurs féodaux gouvernaient les terres européennes médiévales.,Amir,Amazon Translate
Les contes populaires transmettent la sagesse culturelle à travers les générations.,Amir,Amazon Translate
L'Asie est la région la plus peuplée du monde.,Amir,Amazon Translate
"Les épreuves d'athlétisme comprennent la course à pied, le saut et le lancer.",Amir,Amazon Translate
La compréhension des listes simplifie la structure du code de programmation.,Amir,Amazon Translate
Les supernovas marquent la mort d'étoiles massives.,Amir,Amazon Translate
L'intelligence émotionnelle favorise des relations saines.,Amir,Amazon Translate
La métaphysique examine la réalité au-delà du monde physique.,Amir,Amazon Translate
La réincarnation suggère que les âmes reviennent dans un nouveau corps.,Amir,Amazon Translate
Mozart a composé des symphonies à l'époque classique.,Amir,Amazon Translate
L'Indonésie est le plus grand pays insulaire du monde.,Amir,Amazon Translate
L'Afrique compte le plus grand nombre de pays de tous les continents.,Amir,Amazon Translate
Marcher tous les jours peut réduire la tension artérielle.,Amir,Amazon Translate
Jules César s'est déclaré dictateur à vie.,Amir,Amazon Translate
"Les sculpteurs utilisent de l'argile, de la pierre, du bois ou du métal comme matériaux.",Amir,Amazon Translate
Le mont Kilimandjaro est le plus haut sommet d'Afrique.,Amir,Amazon Translate
Le fait de soulever des poids augmente la densité osseuse.,Amir,Amazon Translate
Le jour de l'indépendance marque la libération de la domination coloniale.,Amir,Amazon Translate
La Voie lactée est notre galaxie d'origine.,Amir,Amazon Translate
La confiance en soi favorise les interactions sociales positives.,Amir,Amazon Translate
La logique déductive tire des conclusions à partir de prémisses.,Amir,Amazon Translate
Les pratiques de méditation existent dans de nombreuses religions orientales.,Amir,Amazon Translate
Les mariages sont des partenariats formalisés reconnus par les sociétés.,Amir,Amazon Translate
La musique folklorique préserve les histoires traditionnelles sous forme de chansons.,Amir,Amazon Translate
Le lac Supérieur est le plus grand lac d'Amérique du Nord.,Amir,Amazon Translate
Les exercices aérobiques nécessitent un apport continu d'oxygène.,Amir,Amazon Translate
La Première Guerre mondiale a pris fin avec le traité de Versailles.,Amir,Amazon Translate
Le barbecue permet de cuire les aliments à la chaleur directe.,Amir,Amazon Translate
Les acides ont un pH inférieur à 7.,Amir,Amazon Translate
Le développement personnel passe souvent par l'acquisition de nouvelles compétences.,Amir,Amazon Translate
Les dilemmes éthiques suscitent des arguments divergents.,Amir,Amazon Translate
L'islam exige que l'on prie à des heures précises chaque jour.,Amir,Amazon Translate
Les réseaux sociaux connectent les gens du monde entier en ligne.,Amir,Amazon Translate
Les livres électroniques permettent un accès portable à la littérature.,Amir,Amazon Translate
Les papayes poussent mieux dans les climats tropicaux.,Amir,Amazon Translate
Le surréalisme met l'accent sur les scènes oniriques dans l'art.,Amir,Amazon Translate
Bagdad se trouve à proximité du Tigre.,Amir,Amazon Translate
Les fibres améliorent la santé du système digestif.,Amir,Amazon Translate
La loi sur les droits civils a interdit la discrimination raciale.,Amir,Amazon Translate
L'entraînement libère des endorphines qui améliorent l'humeur.,Amir,Amazon Translate
Albert Einstein a développé la théorie de la relativité générale.,Amir,Amazon Translate
Le jardinage urbain fait pousser des plantes à l'intérieur des villes.,Amir,Amazon Translate
Les facteurs premiers se multiplient pour donner les nombres originaux.,Amir,Amazon Translate
La foudre se produit lorsque des charges électriques se déchargent soudainement.,Amir,Amazon Translate
L'empathie contribue à renforcer les communautés.,Amir,Amazon Translate
Le raisonnement par analogie permet d'établir des comparaisons entre les situations.,Amir,Amazon Translate
Le taoïsme suggère que l'harmonie avec la nature apporte le contentement.,Amir,Amazon Translate
L'opinion publique influence les décisions politiques.,Amir,Amazon Translate
Les drones photographient les paysages depuis le ciel.,Amir,Amazon Translate
Les chanteurs d'opéra suivent une formation vocale rigoureuse.,Amir,Amazon Translate
La cordillère des Andes longe l'ouest de l'Amérique du Sud.,Amir,Amazon Translate
Le café est originaire d'Éthiopie.,Amir,Amazon Translate
Une consommation modérée de café peut améliorer la vigilance.,Amir,Amazon Translate
Le roi Henri VIII a créé l'Église d'Angleterre.,Amir,Amazon Translate
Les matchs de football divisent le temps en deux mi-temps.,Amir,Amazon Translate
Les puzzles de Sudoku mettent à l'épreuve les capacités de raisonnement logique.,Amir,Amazon Translate
Les branches de la chimie comprennent les types organiques et inorganiques.,Amir,Amazon Translate
Les atomes s'organisent selon des motifs répétitifs dans les cristaux.,Amir,Amazon Translate
La gratitude améliore le bien-être émotionnel.,Amir,Amazon Translate
Les énoncés logiques doivent être vrais ou faux.,Amir,Amazon Translate
Le déisme croit en Dieu mais pas en une religion organisée.,Amir,Amazon Translate
Le divorce modifie les relations juridiques familiales.,Amir,Amazon Translate
Les moteurs de recherche permettent de localiser rapidement les informations numériques.,Amir,Amazon Translate
Les cerises poussent sur des espèces d'arbres en fleurs.,Amir,Amazon Translate
Les sonates sont des compositions musicales pour instruments solistes.,Amir,Amazon Translate
Les saunas favorisent la transpiration pour se détendre.,Amir,Amazon Translate
Les civilisations ont créé l'écriture cunéiforme en Mésopotamie.,Amir,Amazon Translate
L'aviron active les principaux groupes musculaires.,Amir,Amazon Translate
L'archipel décrit des chaînes d'îles.,Amir,Amazon Translate
Le gaz naturel permet de chauffer efficacement les maisons.,Amir,Amazon Translate
"La sagesse repose sur l'expérience, la connaissance et le bon jugement.",Amir,Amazon Translate
Les biais nuisent à l'objectivité de la recherche.,Amir,Amazon Translate
Le christianisme orthodoxe grec suit les traditions byzantines.,Amir,Amazon Translate
Le recensement recense régulièrement les données démographiques.,Amir,Amazon Translate
Les montres connectées suivent la forme physique et les événements du calendrier.,Amir,Amazon Translate
Les rivières érodent progressivement les vallées au fil des siècles.,Amir,Amazon Translate
Le street art comprend des peintures murales et des installations dans des lieux publics.,Amir,Amazon Translate
"La vallée de Yosemite, en Californie, attire les amateurs de plein air.",Amir,Amazon Translate
Les poudres protéinées complètent les régimes alimentaires des athlètes.,Amir,Amazon Translate
Jeanne d'Arc a dirigé les armées françaises contre les forces anglaises.,Amir,Amazon Translate
"Les desserts contiennent souvent des arômes de sucre, de chocolat ou de fruits.",Amir,Amazon Translate
Les exposants montrent la multiplication répétée de nombres.,Amir,Amazon Translate
Les marées océaniques changent principalement en raison de l'attraction gravitationnelle lunaire.,Amir,Amazon Translate
Les variables des expériences ont une incidence systématique sur les résultats.,Amir,Amazon Translate
L'expression créative encourage l'individualité.,Amir,Amazon Translate
L'absurdisme met en évidence l'absence de sens dans les perspectives philosophiques.,Amir,Amazon Translate
Le shintoïsme honore les esprits appelés kami au Japon.,Amir,Amazon Translate
Les libertés civiles protègent les droits à la liberté individuelle.,Amir,Amazon Translate
La cryptographie sécurise les communications numériques grâce à des algorithmes complexes.,Amir,Amazon Translate
Le cloud computing partage les ressources de traitement via des connexions Internet.,Amir,Amazon Translate
Les oranges fleurissent dans les climats méditerranéens et subtropicaux.,Amir,Amazon Translate
Les œuvres d'art en mosaïque assemblent de petits carreaux ou des pierres.,Amir,Amazon Translate
L'Antarctique est le continent le plus sec et le plus froid.,Amir,Amazon Translate
Le vélo de montagne nécessite un équilibre et une coordination habiles.,Amir,Amazon Translate
La paléontologie étudie les fossiles pour comprendre les organismes anciens.,Amir,Amazon Translate
Les partis politiques organisent leurs membres autour de convictions communes.,Amir,Amazon Translate
Le logiciel de pare-feu empêche le trafic indésirable de pénétrer dans les systèmes informatiques.,Amir,Amazon Translate
La vitamine B12 favorise la fonction nerveuse et la formation des globules rouges.,Amir,Amazon Translate
Charlemagne a régné sur l'Europe occidentale après la chute de Rome.,Amir,Amazon Translate
La poésie épique utilise des actions héroïques et de grands thèmes.,Amir,Amazon Translate
L'Asie couvre plus de terres que les autres continents.,Amir,Amazon Translate
Le pentathlon combine cinq épreuves sportives.,Amir,Amazon Translate
La logique booléenne limite les valeurs à l'état vrai ou faux.,Amir,Amazon Translate
Les galaxies tournent lentement autour de leurs centres massifs.,Amir,Amazon Translate
La moralité détermine ce qui est considéré comme bien et ce qui est mal.,Amir,Amazon Translate
Le panthéisme voit la divinité dans tous les aspects de l'univers.,Amir,Amazon Translate
Picasso a fondé le mouvement cubiste dans l'art.,Amir,Amazon Translate
Le Groenland est la plus grande île de la planète.,Amir,Amazon Translate
Les États-Unis s'étendent sur plusieurs fuseaux horaires.,Amir,Amazon Translate
La Seconde Guerre mondiale a pris fin avec la capitulation du Japon.,Amir,Amazon Translate
Le sang circule dans un réseau de vaisseaux.,Amir,Amazon Translate
L'identité façonne la façon dont les gens se perçoivent eux-mêmes.,Amir,Amazon Translate
Les syllogismes utilisent la logique pour le raisonnement déductif.,Amir,Amazon Translate
L'athéisme est l'incrédulité à l'égard de l'existence des divinités.,Amir,Amazon Translate
Les sociétés laïques séparent la religion des affaires gouvernementales.,Amir,Amazon Translate
Le Bluetooth connecte les appareils sans fil sur de courtes distances.,Amir,Amazon Translate
Harlem Renaissance a favorisé les arts noirs américains.,Amir,Amazon Translate
Madrid est la capitale et la plus grande ville d'Espagne.,Amir,Amazon Translate
Les longueurs de natation renforcent la capacité aérobique.,Amir,Amazon Translate
Les traités officialisent la paix entre les nations.,Amir,Amazon Translate
La friture permet de cuire les aliments dans de l'huile chaude.,Amir,Amazon Translate
Les calculatrices accélèrent les tâches arithmétiques.,Amir,Amazon Translate
Toute matière est constituée d'atomes.,Amir,Amazon Translate
Le sommeil régulier améliore la santé émotionnelle.,Amir,Amazon Translate
La logique inductive tire des généralisations des preuves.,Amir,Amazon Translate
"Les taoïstes s'efforcent d'agir sans effort, ou wu wei.",Amir,Amazon Translate
Les organisations caritatives aident les communautés dans le besoin.,Amir,Amazon Translate
Les usines automatisées augmentent efficacement la production de produits.,Amir,Amazon Translate
Les kiwis poussent mieux dans les climats tempérés.,Amir,Amazon Translate
"Les groupes pop utilisent souvent de la guitare, de la basse et de la batterie.",Amir,Amazon Translate
Le Cervin est à cheval sur la Suisse et l'Italie.,Amir,Amazon Translate
Manger lentement peut réduire l'apport calorique.,Amir,Amazon Translate
Les dynasties chinoises ont marqué des périodes historiques par des familles dirigeantes.,Amir,Amazon Translate
Le patinage à roulettes combine équilibre et coordination.,Amir,Amazon Translate
Les rapporteurs mesurent la taille des angles pour résoudre des problèmes de géométrie.,Amir,Amazon Translate
Les conducteurs transmettent facilement le courant électrique.,Amir,Amazon Translate
La pleine conscience aide à focaliser l'attention sur le présent.,Amir,Amazon Translate
Les analogies comparent les similitudes entre des sujets non liés.,Amir,Amazon Translate
"L'humanisme valorise la raison, la science et la dignité humaine.",Amir,Amazon Translate
Les textes sacrés définissent les enseignements religieux.,Amir,Amazon Translate
Les magistrats interprètent les lois au sein des systèmes judiciaires.,Amir,Amazon Translate
Les véhicules hybrides combinent l'essence et l'énergie électrique.,Amir,Amazon Translate
Les mangues sont des fruits à noyau originaires d'Asie.,Amir,Amazon Translate
Le collage numérique mélange électroniquement plusieurs éléments visuels.,Amir,Amazon Translate
Les cornemuses produisent de la musique à l'aide d'anches fermées.,Amir,Amazon Translate
La côte amalfitaine est célèbre pour la beauté de ses paysages.,Amir,Amazon Translate
Le jogging régulier atténue les risques de maladies cardiaques.,Amir,Amazon Translate
La guerre de Crimée a remodelé les alliances européennes.,Amir,Amazon Translate
Le tricot utilise du fil et des aiguilles pour fabriquer du tissu.,Amir,Amazon Translate
La somme des séries permet d'additionner des nombres consécutifs.,Amir,Amazon Translate
L'électricité statique fait parfois dresser les cheveux.,Amir,Amazon Translate
La vitamine E agit comme un antioxydant.,Amir,Amazon Translate
Les ethnies influencent les coutumes et les traditions quotidiennes.,Amir,Amazon Translate
Les luthériens suivent les doctrines établies lors de la Réforme protestante.,Amir,Amazon Translate
Le consensus implique un accord général entre les membres du groupe.,Amir,Amazon Translate
Les écouteurs sans fil éliminent les câbles pour les appareils audio.,Amir,Amazon Translate
Les carottes stockent les nutriments sous terre sous forme de racines.,Amir,Amazon Translate
Les masques vénitiens présentent des décorations élaborées.,Amir,Amazon Translate
Les Islandais apprécient les piscines géothermiques chauffées.,Amir,Amazon Translate
Les épinards contiennent du fer et des vitamines A et C.,Amir,Amazon Translate
Sparte était connue pour sa culture militariste en Grèce.,Amir,Amazon Translate
Jouer aux échecs améliore la capacité de réflexion stratégique.,Amir,Amazon Translate
"La gravité attire les objets qui tombent vers la Terre à une vitesse de 9,8 m/s².",Amir,Amazon Translate
Le non-dualisme supprime la distinction entre l'expérience du sujet et celle de l'objet.,Amir,Amazon Translate
Le bouddhisme zen pratique la méditation de pleine conscience.,Amir,Amazon Translate
Les référendums permettent de voter directement sur des questions spécifiques.,Amir,Amazon Translate
Les feux de circulation régulent les intersections.,Amir,Amazon Translate
Les tigres vivent principalement dans les forêts et les prairies d'Asie.,Amir,Amazon Translate
Les opéras comprennent des airs chantés par des interprètes solistes.,Amir,Amazon Translate
Les Tchèques parlent officiellement le tchèque.,Amir,Amazon Translate
Les Égyptiens ont développé l'une des premières formes d'écriture.,Amir,Amazon Translate
Les caniches appartiennent à des races de chiens de compagnie.,Amir,Amazon Translate
Barbarossa était la campagne de l'Allemagne nazie contre l'Union soviétique.,Amir,Amazon Translate
Les bagages protègent vos effets personnels pendant le voyage.,Amir,Amazon Translate
L'aire mesure la taille de la surface en mathématiques.,Amir,Amazon Translate
Les masses atomiques sont à peu près égales aux protons et aux neutrons combinés.,Amir,Amazon Translate
L'influence des pairs influe de manière significative sur les choix des adolescents.,Amir,Amazon Translate
Le rationalisme critique met l'accent sur la mise à l'essai des idées pour les améliorer.,Amir,Amazon Translate
Le symbolisme de la croix apparaît dans de nombreuses religions.,Amir,Amazon Translate
Le Parlement débat et adopte de nouvelles lois.,Amir,Amazon Translate
Les grilles aident les géographes à localiser les lieux avec précision.,Amir,Amazon Translate
Le sol abrite des organismes essentiels à la croissance des plantes.,Amir,Amazon Translate
Le pamplemousse appartient à la famille des agrumes.,Amir,Amazon Translate
Le jade est apprécié pour la sculpture et les bijoux.,Amir,Amazon Translate
La sonnerie de la cloche est utilisée pour signaler des événements.,Amir,Amazon Translate
L'empire inca s'étendait à l'ouest de l'Amérique du Sud.,Amir,Amazon Translate
La ségrégation a toujours divisé les établissements américains par race.,Amir,Amazon Translate
La climatisation rafraîchit les bâtiments dans les régions chaudes.,Amir,Amazon Translate
Les alertes de notification push parviennent instantanément aux utilisateurs d'appareils mobiles.,Amir,Amazon Translate
Rembrandt a peint de nombreux autoportraits.,Amir,Amazon Translate
Sumatra est l'une des plus grandes îles d'Indonésie.,Amir,Amazon Translate
L'Islande se trouve sur la dorsale médio-atlantique.,Amir,Amazon Translate
Les étirements avant l'exercice préviennent les blessures musculaires.,Amir,Amazon Translate
La Révolution française a commencé en 1789.,Amir,Amazon Translate
"Les arts culinaires comprennent la cuisson au four, le grillage, le rôtissage et le sauté.",Amir,Amazon Translate
Un hexagone possède six côtés.,Amir,Amazon Translate
Le son a besoin d'un support pour voyager.,Amir,Amazon Translate
L'autoréflexion améliore la compréhension personnelle.,Amir,Amazon Translate
Le raisonnement inductif utilise l'observation pour élaborer des théories.,Amir,Amazon Translate
Les sanctuaires shintoïstes sont courants au Japon.,Amir,Amazon Translate
Les constitutions définissent les structures et les droits du gouvernement.,Amir,Amazon Translate
Les câbles à fibres optiques transmettent des signaux lumineux.,Amir,Amazon Translate
Les grenades sont originaires d'Iran et du nord de l'Inde.,Amir,Amazon Translate
Le ballet classique est né en Italie à la Renaissance.,Amir,Amazon Translate
Montréal est une ville de la province de Québec.,Amir,Amazon Translate
La marche rapide permet de brûler plus de calories que la marche lente.,Amir,Amazon Translate
Le jour de l'Armistice commémore la fin de la Première Guerre mondiale.,Amir,Amazon Translate
Les soupes peuvent être bouillonnantes ou crémeuses.,Amir,Amazon Translate
Les expressions algébriques utilisent des lettres pour représenter des nombres.,Amir,Amazon Translate
"La matière existe sous forme de solides, de liquides ou de gaz.",Amir,Amazon Translate
La dopamine régule l'humeur et la motivation.,Amir,Amazon Translate
Les arguments logiques ont des formes valides ou non valides.,Amir,Amazon Translate
Le panthéisme considère la nature comme divine.,Amir,Amazon Translate
Les membres du clergé dirigent souvent des cérémonies religieuses.,Amir,Amazon Translate
Des caméras de drones filment des perspectives aériennes.,Amir,Amazon Translate
Le chou frisé pousse bien dans les climats frais.,Amir,Amazon Translate
Le clavecin était populaire dans la musique baroque.,Amir,Amazon Translate
Le lac Baïkal est le plus profond du monde.,Amir,Amazon Translate
La corde à sauter améliore la fréquence cardiaque et la coordination.,Amir,Amazon Translate
Les missions Apollo ont exploré la surface lunaire.,Amir,Amazon Translate
Les artistes utilisent des techniques mixtes pour créer des effets créatifs.,Amir,Amazon Translate
Les bitmaps sont des images numériques créées à partir de pixels.,Amir,Amazon Translate
Les rizières en terrasses contrôlent l'eau pour l'agriculture.,Amir,Amazon Translate
La famine survient lorsque l'apport calorique est trop faible.,Amir,Amazon Translate
Les enzymes accélèrent les réactions chimiques dans les cellules.,Amir,Amazon Translate
Les objets circulaires roulent en douceur sur des surfaces planes.,Amir,Amazon Translate
Les salons de thé servent des buveurs qui socialisent avec des amis en Asie.,Amir,Amazon Translate
La cosmologie explore l'origine et la structure de l'univers.,Amir,Amazon Translate
Les vertus guident le comportement éthique dans toutes les cultures.,Amir,Amazon Translate
Les traditions religieuses influencent les choix moraux.,Amir,Amazon Translate
Le vote garantit la participation du public à la gouvernance.,Amir,Amazon Translate
Les sauvegardes basées sur le cloud protègent les données numériques hors site.,Amir,Amazon Translate
"Les groupes de jazz comportent des sections à vent, à cuivres et rythmiques.",Amir,Amazon Translate
La péninsule du Sinaï relie l'Afrique et l'Asie.,Amir,Amazon Translate
Le badminton nécessite des réflexes rapides et de l'agilité.,Amir,Amazon Translate
"Les atomes contiennent des protons, des neutrons et des électrons.",Amir,Amazon Translate
Les neurones sensoriels transmettent des stimuli au cerveau.,Amir,Amazon Translate
La poésie confessionnelle révèle des expériences émotionnelles privées.,Amir,Amazon Translate
La taille du lac Chad varie considérablement d'une année à l'autre.,Amir,Amazon Translate
La course à reculons sollicite différents muscles.,Amir,Amazon Translate
La thérapie au sauna favorise l'élimination des toxines par la transpiration.,Amir,Amazon Translate
L'érosion façonne les paysages en enlevant la terre et les roches.,Amir,Amazon Translate
Les religieuses consacrent leur vie au service spirituel.,Amir,Amazon Translate
La conception de l'éclairage crée une ambiance dans les théâtres et les événements.,Amir,Amazon Translate
Les mots croisés améliorent les compétences en vocabulaire anglais.,Amir,Amazon Translate
Les bronchioles fournissent de l'air aux alvéoles des poumons.,Amir,Amazon Translate
La nanotechnologie manipule la matière à l'échelle atomique.,Amir,Amazon Translate
Les suffixes modifient le sens des mots de base.,Amir,Amazon Translate
L'évolution humaine remonte à des millions d'années.,Amir,Amazon Translate
Les tramways dominaient autrefois les réseaux de transport urbains.,Amir,Amazon Translate
La probabilité estime mathématiquement la probabilité d'un événement.,Amir,Amazon Translate
L'écart type mesure la variabilité des données.,Amir,Amazon Translate
"Freud a développé les concepts de ça, d'ego et de surmoi.",Amir,Amazon Translate
L'iconoclasme a toujours résisté aux images religieuses.,Amir,Amazon Translate
Les gouvernements des États adoptent des politiques locales.,Amir,Amazon Translate
Les sultans dirigeaient l'Empire ottoman.,Amir,Amazon Translate
Les pays signent des traités pour résoudre leurs différends de manière pacifique.,Amir,Amazon Translate
Les lignes et les colonnes organisent les informations de la feuille de calcul.,Amir,Amazon Translate
Les courants d'arrachement éloignent les nageurs du rivage.,Amir,Amazon Translate
Les papillons pollinisent les plantes à fleurs.,Amir,Amazon Translate
Les actuaires évaluent le risque financier à l'aide de modèles mathématiques.,Amir,Amazon Translate
La thermodynamique décrit les relations entre la chaleur et le travail.,Amir,Amazon Translate
Les poèmes lyriques expriment de manière succincte des émotions fortes.,Amir,Amazon Translate
Le polythéisme vénère de multiples divinités.,Amir,Amazon Translate
La polygamie permet le mariage de plusieurs partenaires.,Amir,Amazon Translate
L'automobile a révolutionné le transport au XXe siècle.,Amir,Amazon Translate
Les ampoules LED consomment moins d'électricité que les ampoules à incandescence.,Amir,Amazon Translate
Des tranchées en haute mer marquent les limites entre les plaques tectoniques.,Amir,Amazon Translate
Le financement participatif soutient des projets grâce à de petits dons individuels.,Amir,Amazon Translate
Les carnivores se nourrissent principalement de tissus d'origine animale.,Amir,Amazon Translate
Les légendes urbaines se sont largement répandues malgré une vérité douteuse.,Amir,Amazon Translate
Le réalisme critique combine des faits objectifs et des perspectives subjectives.,Amir,Amazon Translate
Les techniques de fresque consistent à peindre sur du plâtre humide.,Amir,Amazon Translate
Les chœurs de l'église chantent des hymnes en harmonie.,Amir,Amazon Translate
Les spectres d'absorption permettent d'identifier la composition des éléments.,Amir,Amazon Translate
Les jaguars habitent les forêts tropicales d'Amérique centrale et d'Amérique du Sud.,Amir,Amazon Translate
Pékin a accueilli les Jeux olympiques d'été en 2008.,Amir,Amazon Translate
Les codes de chiffrement des données limitent les accès non autorisés.,Amir,Amazon Translate
Le refroidissement éolien rend l'air froid plus froid.,Amir,Amazon Translate
Le Sphinx se trouve près des pyramides d'Égypte.,Amir,Amazon Translate
Madagascar est une nation insulaire au large des côtes africaines.,Amir,Amazon Translate
Les sauts d'obstacles augmentent rapidement le rythme cardiaque.,Amir,Amazon Translate
La Magna Carta a limité l'autorité royale anglaise.,Amir,Amazon Translate
Le graffiti est une œuvre d'art dessinée sur des surfaces publiques.,Amir,Amazon Translate
Un pentagone possède cinq côtés droits.,Amir,Amazon Translate
Le respect construit une image de soi positive chez les individus.,Amir,Amazon Translate
Les preuves empiriques valident les conclusions logiques.,Amir,Amazon Translate
Les rituels reconstituent des événements clés pour les fidèles.,Amir,Amazon Translate
Les droits civils existent pour protéger les libertés individuelles.,Amir,Amazon Translate
La technologie Bluetooth remplace les câbles physiques.,Amir,Amazon Translate
Les pistaches sont une sorte de noix verte.,Amir,Amazon Translate
La haute couture représente la mode personnalisée haut de gamme.,Amir,Amazon Translate
Casablanca est la plus grande ville du Maroc en termes de population.,Amir,Amazon Translate
Faire du vélo régulièrement renforce les muscles des jambes.,Amir,Amazon Translate
Alexandre le Grand a diffusé la culture hellénistique.,Amir,Amazon Translate
La cuisson lente développe des saveurs plus profondes.,Amir,Amazon Translate
Une équation utilise des signes égaux entre deux expressions.,Amir,Amazon Translate
Les molécules se forment lorsque les atomes partagent ou transfèrent des électrons.,Amir,Amazon Translate
Des routines régulières réduisent le stress et l'anxiété.,Amir,Amazon Translate
La logique déductive applique des règles générales à des cas spécifiques.,Amir,Amazon Translate
L'humanisme donne la priorité au bien-être et à la dignité humains.,Amir,Amazon Translate
Les sermons transmettent des messages et des leçons religieuses.,Amir,Amazon Translate
Les appareils de suivi de la condition physique surveillent les niveaux d'activité physique.,Amir,Amazon Translate
Les mangues prospèrent dans les climats chauds et humides.,Amir,Amazon Translate
La peinture baroque présente des contrastes dramatiques d'ombre et de lumière.,Amir,Amazon Translate
La Toscane se trouve dans les collines du centre de l'Italie.,Amir,Amazon Translate
Trop grignoter entraîne une prise de poids.,Amir,Amazon Translate
"À son apogée, l'Empire romain s'étendait sur trois continents.",Amir,Amazon Translate
La location permet des arrangements de logement temporaires.,Amir,Amazon Translate
Les clous en fer rouillent dans des conditions humides.,Amir,Amazon Translate
La pratique régulière de la pleine conscience réduit les comportements impulsifs.,Amir,Amazon Translate
Les analogies clarifient des idées abstraites à l'aide d'exemples pertinents.,Amir,Amazon Translate
Le pragmatisme juge les actions en fonction de résultats pratiques.,Amir,Amazon Translate
Les textes sacrés façonnent les traditions religieuses.,Amir,Amazon Translate
Les législatures rédigent et révisent les lois.,Amir,Amazon Translate
Les téléphones portables utilisent les réseaux cellulaires pour communiquer.,Amir,Amazon Translate
Les navets poussent sous forme de légumes-racines sous terre.,Amir,Amazon Translate
Des vitraux décorent de nombreuses vieilles églises.,Amir,Amazon Translate
Singapour est connue pour ses règles de propreté strictes.,Amir,Amazon Translate
Le potassium maintient l'équilibre hydrique dans les cellules.,Amir,Amazon Translate
Les rôles des hommes et des femmes sont façonnés par la culture et l'histoire.,Amir,Amazon Translate
Les archevêques supervisent de vastes territoires chrétiens.,Amir,Amazon Translate
Les contrats sociaux expliquent comment les lois naissent d'un accord public.,Amir,Amazon Translate
Les forums en ligne permettent des discussions de groupe dans le monde entier.,Amir,Amazon Translate
Des mosaïques byzantines illustrent des scènes bibliques sur fond doré.,Amir,Amazon Translate
Le Kilimandjaro s'élève au-dessus des plaines de l'Afrique de l'Est.,Amir,Amazon Translate
Le hockey sur gazon utilise des bâtons et des balles dures.,Amir,Amazon Translate
Les atomes de carbone se lient facilement pour former de longues molécules organiques.,Amir,Amazon Translate
Les signaux nerveux envoient rapidement des messages sensoriels.,Amir,Amazon Translate
Le mètre mesure la longueur dans le système métrique.,Amir,Amazon Translate
Les romans épiques suivent des héros à travers les générations et les voyages.,Amir,Amazon Translate
L'animisme voit des esprits habiter des objets naturels.,Amir,Amazon Translate
La charia influence le droit de certains pays islamiques.,Amir,Amazon Translate
La diplomatie négocie des accords de paix au niveau international.,Amir,Amazon Translate
Les référendums invitent à la démocratie directe sur certaines questions.,Amir,Amazon Translate
La latitude mesure la distance au nord ou au sud de l'équateur.,Amir,Amazon Translate
Les ouragans tournent en raison de l'effet Coriolis de la Terre.,Amir,Amazon Translate
Les bourdons aident à fertiliser les fleurs lors de la recherche de nectar.,Amir,Amazon Translate
Les analystes interprètent quotidiennement les tendances boursières.,Amir,Amazon Translate
Les détecteurs de mouvement détectent les mouvements à l'intérieur et à l'extérieur.,Amir,Amazon Translate
Les ponts soutiennent les routes qui franchissent des rivières ou des vallées.,Amir,Amazon Translate
L'asthme restreint la respiration lors de certains déclencheurs.,Amir,Amazon Translate
Les glyphes transmettent le langage par le biais de symboles basés sur des images.,Amir,Amazon Translate
Les explorateurs de l'Arctique sont confrontés à un froid extrême et à l'isolement.,Amir,Amazon Translate
La cinématographie est essentielle à la narration des films.,Amir,Amazon Translate
Les quadrupèdes marchent naturellement sur quatre pattes.,Amir,Amazon Translate
Les empreintes digitales constituent des méthodes d'identification personnelles uniques.,Amir,Amazon Translate
Banksy est un artiste de rue anonyme bien connu.,Amir,Amazon Translate
Le Tibet se trouve sur le plus haut plateau du monde.,Amir,Amazon Translate
Le Brésil borde tous les pays d'Amérique du Sud à l'exception du Chili et de l'Équateur.,Amir,Amazon Translate
Les redressements assis font travailler les muscles abdominaux et la force du tronc.,Amir,Amazon Translate
L'atterrissage sur la lune a eu lieu en 1969.,Amir,Amazon Translate
La photographie de rue capture des moments candides dans l'espace public.,Amir,Amazon Translate
Les liquides prennent la forme de leur contenant.,Amir,Amazon Translate
Les réalisations personnelles renforcent l'estime de soi et la motivation.,Amir,Amazon Translate
L'intuition complète l'analyse logique dans la prise de décision.,Amir,Amazon Translate
Le sikhisme a commencé au Pendjab au XVe siècle.,Amir,Amazon Translate
Les bibliothèques publiques proposent des livres gratuits à l'usage de la communauté.,Amir,Amazon Translate
Les graines de sésame sont utilisées en pâtisserie et en cuisine.,Amir,Amazon Translate
"Les films de Bollywood combinent musique, théâtre et danse.",Amir,Amazon Translate
Bangkok est la capitale et la plus grande ville de Thaïlande.,Amir,Amazon Translate
La marche rapide augmente l'endurance avec un impact minimal sur les articulations.,Amir,Amazon Translate
La Déclaration d'indépendance a été signée en 1776.,Amir,Amazon Translate
Le brassage à domicile permet de créer de la bière grâce à une fermentation contrôlée.,Amir,Amazon Translate
Les décimales expriment des valeurs fractionnaires en utilisant la notation des valeurs de position.,Amir,Amazon Translate
Les gaz se dilatent pour remplir tout espace disponible.,Amir,Amazon Translate
La routine aide les enfants à se sentir en sécurité.,Amir,Amazon Translate
Le raisonnement circulaire répète des affirmations sans preuve valable.,Amir,Amazon Translate
Le transcendantalisme met l'accent sur l'intuition et la spiritualité naturelle.,Amir,Amazon Translate
Les ministres dirigent les congrégations et les cérémonies chrétiennes.,Amir,Amazon Translate
"La technologie portable permet de suivre les pas, la fréquence cardiaque ou les cycles de sommeil.",Amir,Amazon Translate
La goyave pousse sur les arbres tropicaux à feuilles persistantes.,Amir,Amazon Translate
L'expressionnisme transmet des émotions à travers des couleurs et des formes audacieuses.,Amir,Amazon Translate
Rio de Janeiro possède de célèbres plages et des défilés de carnaval.,Amir,Amazon Translate
Les collations en milieu de matinée peuvent interrompre la régulation de l'appétit.,Amir,Amazon Translate
L'Empire aztèque dominait le centre du Mexique avant le contact avec les Européens.,Amir,Amazon Translate
Les colocataires partagent les frais et les tâches ménagères ensemble.,Amir,Amazon Translate
Une année bissextile ajoute un jour supplémentaire au mois de février.,Amir,Amazon Translate
L'aluminium résiste mieux à la corrosion que le fer.,Amir,Amazon Translate
La budgétisation limite les dépenses inutiles à long terme.,Amir,Amazon Translate
Le symbolisme donne aux objets des significations plus larges dans les histoires ou les œuvres d'art.,Amir,Amazon Translate
La phénoménologie étudie systématiquement les expériences conscientes.,Amir,Amazon Translate
Les paraboles enseignent la morale dans les écritures religieuses.,Amir,Amazon Translate
Les branches exécutives appliquent les lois au niveau du gouvernement.,Amir,Amazon Translate
La fibre optique améliore considérablement la vitesse d'Internet.,Amir,Amazon Translate
Les graffitis expriment des messages sociaux sur les surfaces urbaines.,Amir,Amazon Translate
Les pasteurs conseillent les paroissiens en matière de foi.,Amir,Amazon Translate
Les poursuites civiles permettent de résoudre des différends juridiques non pénaux.,Amir,Amazon Translate
Les plateformes numériques permettent facilement des conversations mondiales.,Amir,Amazon Translate
Les pollinisateurs aident les plantes à se reproduire en transférant le pollen.,Amir,Amazon Translate
L'architecture Art déco utilise des motifs géométriques et épurés.,Amir,Amazon Translate
Les Rocheuses forment la plus longue chaîne de montagnes continue d'Amérique du Nord.,Amir,Amazon Translate
Le baseball consiste à frapper des balles avec des battes vers les buts.,Amir,Amazon Translate
Les motoneurones contrôlent les mouvements musculaires dans l'ensemble du corps.,Amir,Amazon Translate
Les drames mettent l'accent sur le développement émotionnel ou les conflits.,Amir,Amazon Translate
Le stoïcisme enseigne que la vertu est le plus grand bien de la vie.,Amir,Amazon Translate
Les prédicateurs donnent des sermons pendant les cultes.,Amir,Amazon Translate
Les juges interprètent les règles conformément au droit établi.,Amir,Amazon Translate
Les smartphones fonctionnent sur des systèmes d'exploitation mobiles.,Amir,Amazon Translate
Les radis mûrissent rapidement de la graine à la récolte.,Amir,Amazon Translate
Les peintures murales décorent les bâtiments avec de grandes images peintes.,Amir,Amazon Translate
Séoul est la capitale de la Corée du Sud.,Amir,Amazon Translate
Le phosphore favorise la santé des os et la formation des dents.,Amir,Amazon Translate
Les rôles sociaux définissent les comportements attendus dans les groupes.,Amir,Amazon Translate
Les moines consacrent leur vie à la prière et à l'apprentissage.,Amir,Amazon Translate
Les pétitions recueillent des signatures pour les demandes de changement de politique.,Amir,Amazon Translate
La messagerie texte transmet de brèves communications par voie numérique.,Amir,Amazon Translate
Les espèces endémiques ne vivent que dans des régions géographiques spécifiques.,Amir,Amazon Translate
Le traîneau à chiens transporte des provisions sur un terrain enneigé.,Amir,Amazon Translate
Des mosaïques romaines décoraient les sols et les murs avec de minuscules carreaux.,Amir,Amazon Translate
Le camp de base de l'Everest attire les randonneurs du monde entier.,Amir,Amazon Translate
Les chefs créent des recettes culinaires de manière professionnelle.,Amir,Amazon Translate
La division longue sépare les nombres en parties entières.,Amir,Amazon Translate
La génétique explique les caractéristiques héréditaires des êtres vivants.,Amir,Amazon Translate
La fiction courte raconte des histoires complètes en quelques pages.,Amir,Amazon Translate
Les mâts totémiques représentent l'ascendance des peuples autochtones.,Amir,Amazon Translate
Les animateurs donnent vie aux personnages image par image.,Amir,Amazon Translate
"Les crustacés comprennent les crabes, les homards et les crevettes.",Amir,Amazon Translate
Hokusai a créé la célèbre estampe « La Grande Vague au large de Kanagawa ».,Amir,Amazon Translate
La Tasmanie est un État insulaire de l'Australie.,Amir,Amazon Translate
La Suisse est enclavée et bordée par cinq pays.,Amir,Amazon Translate
Les tractions utilisent le poids du corps pour l'entraînement en résistance.,Amir,Amazon Translate
Apollo 13 était une mission lunaire qui a failli être catastrophique.,Amir,Amazon Translate
La calligraphie nécessite un contrôle minutieux des coups de crayon ou de pinceau.,Amir,Amazon Translate
Un cercle possède des lignes de symétrie infinies.,Amir,Amazon Translate
La matière est conservée lors de réactions physiques ou chimiques.,Amir,Amazon Translate
Les affirmations quotidiennes peuvent favoriser la croissance de l'estime de soi.,Amir,Amazon Translate
Les méthodes de recherche testent les hypothèses par l'observation.,Amir,Amazon Translate
"Les jardins zen arrangent les rochers, le sable et les plantes de manière esthétique.",Amir,Amazon Translate
Les devoirs civiques comprennent le vote et le service de juré.,Amir,Amazon Translate
Le réseau sans fil permet la connectivité des appareils sans fil.,Amir,Amazon Translate
Les tomates séchées au soleil sont utilisées comme ingrédients culinaires.,Amir,Amazon Translate
La musique salsa mélange des rythmes afro-cubains et des éléments de jazz.,Amir,Amazon Translate
Vancouver se situe entre l'océan Pacifique et les montagnes côtières.,Amir,Amazon Translate
L'aviron utilise la force coordonnée des bras et du dos.,Amir,Amazon Translate
L'édit de Nantes a accordé la liberté de religion à la France.,Amir,Amazon Translate
La vapeur permet de cuire les légumes tout en conservant plus de nutriments.,Amir,Amazon Translate
Le système hexadécimal utilise seize chiffres possibles.,Amir,Amazon Translate
Les plasmas conduisent mieux l'électricité que les gaz.,Amir,Amazon Translate
Le rythme circadien affecte la vigilance à différents moments.,Amir,Amazon Translate
Les signaux analogiques varient continuellement dans le temps.,Amir,Amazon Translate
Le structuralisme analyse les modèles au sein des systèmes culturels.,Amir,Amazon Translate
Les prêtres accomplissent des rituels dans de nombreuses religions du monde.,Amir,Amazon Translate
Les services de covoiturage s'appuient sur des applications mobiles.,Amir,Amazon Translate
Le durian a une forte odeur mais un goût sucré.,Amir,Amazon Translate
L'Art nouveau présente des courbes fluides et des formes naturelles.,Amir,Amazon Translate
L'Orchestre philharmonique de Vienne est un orchestre classique renommé.,Amir,Amazon Translate
Manger debout réduit parfois la taille des portions.,Amir,Amazon Translate
Les Incas ont construit de vastes réseaux routiers en Amérique du Sud.,Amir,Amazon Translate
Les dortoirs proposent des logements partagés dans les universités.,Amir,Amazon Translate
L'accumulation d'habitudes crée de nouvelles routines à partir des habitudes existantes.,Amir,Amazon Translate
Les métaphores visuelles montrent des idées de manière symbolique dans l'art.,Amir,Amazon Translate
Le conséquentialisme juge la moralité en fonction des résultats des actions.,Amir,Amazon Translate
Les liturgies sont des formes établies de culte public.,Amir,Amazon Translate
Le code civil couvre les questions de droit non pénal.,Amir,Amazon Translate
Le chiffrement brouille les données numériques pour des raisons de confidentialité.,Amir,Amazon Translate
Le radicchio ajoute une saveur amère aux salades composées.,Amir,Amazon Translate
Le marquage des graffitis permet de laisser l'identifiant de l'artiste sur les murs publics.,Amir,Amazon Translate
Les religieuses peuvent donner des cours ou soigner des malades.,Amir,Amazon Translate
Le droit des brevets protège temporairement les œuvres originales des inventeurs.,Amir,Amazon Translate
Le financement participatif aide les petites entreprises à lever des capitaux financiers.,Amir,Amazon Translate
Le réseau trophique décrit la façon dont l'énergie circule dans les écosystèmes.,Amir,Amazon Translate
Les églises baroques utilisaient des sculptures dorées dans les autels.,Amir,Amazon Translate
Les Appalaches s'étendent de l'Alabama au Canada.,Amir,Amazon Translate
Les raquettes de badminton ont de longs manches et des têtes à cordes.,Amir,Amazon Translate
Le méthane dégage de la chaleur lorsqu'il est brûlé.,Amir,Amazon Translate
La lumière voyage plus vite que tout autre phénomène connu.,Amir,Amazon Translate
Les chaises supportent le poids du corps pendant le travail ou le repos.,Amir,Amazon Translate
La poésie épique raconte des aventures ou des quêtes héroïques.,Amir,Amazon Translate
Les alliances établissent des promesses contraignantes dans la tradition juive.,Amir,Amazon Translate
Les cours constitutionnelles décident si les lois sont conformes à la constitution d'un pays.,Amir,Amazon Translate
L'ensemencement des nuages vise à déclencher artificiellement des précipitations.,Amir,Amazon Translate
Le haut débit fournit des connexions Internet haut débit.,Amir,Amazon Translate
Les épreuves d'endurance mettent à l'épreuve l'endurance des participants sur la distance.,Amir,Amazon Translate
Les troupes de danse s'entraînent intensivement pour des performances synchronisées.,Amir,Amazon Translate
Les légumes crucifères contiennent des composés bénéfiques pour la santé.,Amir,Amazon Translate
La mémoire épisodique mémorise des expériences personnelles spécifiques.,Amir,Amazon Translate
Les peintres d'icônes créent des images spirituelles appelées icônes.,Amir,Amazon Translate
Le droit canonique régit les procédures au sein de l'Église catholique romaine.,Amir,Amazon Translate
Les minarets marquent visuellement les mosquées islamiques.,Amir,Amazon Translate
Les salles d'urgence traitent les situations médicales mettant la vie en danger.,Amir,Amazon Translate
L'ambre provient de résine d'arbre durcie.,Amir,Amazon Translate
Les herbivores ne consomment que du matériel végétal.,Amir,Amazon Translate
Les apprentissages combinent apprentissage et expérience professionnelle pratique.,Amir,Amazon Translate
L'éducation aux médias permet d'analyser la crédibilité des informations.,Amir,Amazon Translate
Les biosphères englobent tous les êtres vivants qui interagissent à l'échelle mondiale.,Amir,Amazon Translate
Les tubes à essai contiennent des liquides lors d'expériences scientifiques.,Amir,Amazon Translate
Les glossaires définissent les termes spécialisés utilisés dans les livres.,Amir,Amazon Translate
Les grues en origami symbolisent l'espoir et la guérison.,Amir,Amazon Translate
Les fonctions du cerveau gauche mettent l'accent sur la logique et l'orientation des détails.,Amir,Amazon Translate
Les peintures murales de Banksy abordent souvent des thèmes politiques.,Amir,Amazon Translate
La Sicile est la plus grande île de la Méditerranée.,Amir,Amazon Translate
Greenwich marque le méridien principal à zéro longitude.,Amir,Amazon Translate
Les fentes renforcent les jambes et les fessiers.,Amir,Amazon Translate
Les frères Wright ont piloté le premier avion.,Amir,Amazon Translate
L'animation en stop-motion utilise des images fixes pour créer du mouvement.,Amir,Amazon Translate
Les quadrilatères ont quatre côtés.,Amir,Amazon Translate
Les solutions sont des mélanges homogènes de substances.,Amir,Amazon Translate
La gestion du temps stimule l'efficacité personnelle des étudiants.,Amir,Amazon Translate
Les heuristiques accélèrent les processus de décision complexes.,Amir,Amazon Translate
Les pèlerinages attirent les croyants vers des lieux sacrés.,Amir,Amazon Translate
Les organisations à but non lucratif fonctionnent sans distribuer de bénéfices sous forme de dividendes.,Amir,Amazon Translate
Les thermostats intelligents adaptent automatiquement les programmes de chauffage.,Amir,Amazon Translate
La polka est originaire d'Europe centrale.,Amir,Amazon Translate
Berlin se trouve au bord de la Spree.,Amir,Amazon Translate
Les femmes ont obtenu le droit de vote aux États-Unis en 1920.,Amir,Amazon Translate
Les baristas préparent les boissons au café de manière professionnelle.,Amir,Amazon Translate
Les pourcentages expriment des valeurs sur cent.,Amir,Amazon Translate
La distillation sépare les liquides en fonction de leur point d'ébullition.,Amir,Amazon Translate
Les étiquettes nutritionnelles permettent de faire des choix alimentaires sains.,Amir,Amazon Translate
La validité fait référence à la mesure dans laquelle un test mesure quelque chose.,Amir,Amazon Translate
Les paradoxes logiques révèlent des contradictions involontaires.,Amir,Amazon Translate
Le christianisme orthodoxe emploie des icônes dans ses pratiques de culte.,Amir,Amazon Translate
Les décrets orientent les actions des agences gouvernementales.,Amir,Amazon Translate
Les casques Bluetooth permettent de passer des appels téléphoniques en mode mains libres.,Amir,Amazon Translate
Le curcuma ajoute une couleur jaune et une saveur terreuse à la cuisine.,Amir,Amazon Translate
Les bandes dessinées racontent des histoires séquentielles avec des illustrations.,Amir,Amazon Translate
Le palais de l'Alhambra reflète l'architecture islamique en Espagne.,Amir,Amazon Translate
Le poulet grillé fournit des protéines maigres pour les régimes alimentaires.,Amir,Amazon Translate
L'Empire ottoman s'étendait sur trois continents.,Amir,Amazon Translate
Les locataires signent des baux lorsqu'ils louent des appartements.,Amir,Amazon Translate
Le périmètre calcule la distance totale autour de l'arête du polygone.,Amir,Amazon Translate
Les horloges à quartz indiquent l'heure avec précision grâce aux vibrations des cristaux.,Amir,Amazon Translate
Le contrôle des impulsions prévient les comportements à risque chez les enfants.,Amir,Amazon Translate
La philosophie existentielle aborde la liberté et le but humains.,Amir,Amazon Translate
Les fables utilisent des animaux pour enseigner des leçons de morale.,Amir,Amazon Translate
Les maires sont les dirigeants des villes.,Amir,Amazon Translate
Amazon Kindle a popularisé la lecture électronique numérique dans le monde entier.,Amir,Amazon Translate
"Les panais ressemblent à des carottes, mais ils sont plus pâles et plus sucrés.",Amir,Amazon Translate
Le clair-obscur contraste dramatiquement la lumière et l'ombre dans l'art.,Amir,Amazon Translate
Le Loch Ness se trouve dans le nord de l'Écosse.,Amir,Amazon Translate
"Le pickleball combine les règles du tennis, du badminton et du ping-pong.",Amir,Amazon Translate
Le nickel résiste à la corrosion et forme facilement des alliages.,Amir,Amazon Translate
La lumière se courbe à travers différents matériaux transparents.,Amir,Amazon Translate
Les adaptations cinématographiques traduisent des livres en narration visuelle.,Amir,Amazon Translate
L'enseignement confucéen met l'accent sur la loyauté familiale.,Amir,Amazon Translate
La police applique les lois pénales au niveau local.,Amir,Amazon Translate
Les applications mobiles fournissent des fonctionnalités spécialisées sur les smartphones.,Amir,Amazon Translate
Les radis mûrissent rapidement pour les salades fraîches.,Amir,Amazon Translate
Les grues en papier origami représentent l'espoir dans la culture japonaise.,Amir,Amazon Translate
La danse à claquettes comporte des sons de pieds synchronisés.,Amir,Amazon Translate
Les kumquats sont de petits agrumes consommés entiers.,Amir,Amazon Translate
La réalisation de soi représente le summum de l'épanouissement psychologique.,Amir,Amazon Translate
Les modèles ont une influence positive sur le développement des jeunes.,Amir,Amazon Translate
Les aumôniers fournissent un soutien spirituel dans les hôpitaux.,Amir,Amazon Translate
Les tribunaux ecclésiastiques statuent sur les questions juridiques religieuses.,Amir,Amazon Translate
Les salles de sport proposent des installations pour l'entraînement en résistance et en cardio-training.,Amir,Amazon Translate
Les portfolios collectent des illustrations à des fins de révision ou de présentation.,Amir,Amazon Translate
La théorie des graphes étudie les relations entre les nœuds connectés.,Amir,Amazon Translate
Les ressources humaines gèrent les relations de travail au sein des entreprises.,Amir,Amazon Translate
"Le culte comprend des prières, des chants et des rituels consacrés à la dévotion.",Amir,Amazon Translate
Les cathédrales sont dotées de plafonds voûtés et de vitraux.,Amir,Amazon Translate
Les peintres impressionnistes ont utilisé des coups de pinceau rapides et des scènes extérieures.,Amir,Amazon Translate
Les aliments halal sont conformes aux normes alimentaires islamiques.,Amir,Amazon Translate
Les soins aux personnes âgées répondent aux besoins de la vie quotidienne des personnes âgées.,Amir,Amazon Translate
Les jardins botaniques présentent une variété d'espèces végétales.,Amir,Amazon Translate
Les missions sur Mars recherchent des preuves de vie.,Amir,Amazon Translate
Le papier tournesol teste l'acidité ou l'alcalinité de la substance.,Amir,Amazon Translate
L'hygiène personnelle protège contre les maladies et les infections.,Amir,Amazon Translate
Le counseling aide à résoudre les problèmes personnels et émotionnels.,Amir,Amazon Translate
Les romans graphiques combinent des images et des récits écrits.,Amir,Amazon Translate
Pi est une constante mathématique irrationnelle.,Amir,Amazon Translate
L'agronomie améliore la fertilité des sols et le rendement des cultures.,Amir,Amazon Translate
Les tabernacles stockent le pain consacré dans les églises catholiques.,Amir,Amazon Translate
L'archéologie examine les cultures du passé à travers des vestiges matériels.,Amir,Amazon Translate
Les portes shintoïstes torii marquent les entrées des sanctuaires.,Amir,Amazon Translate
La gazéification crée des bulles dans les boissons gazeuses.,Amir,Amazon Translate
Les comparaisons se comparent à des choses différentes en utilisant « comme » ou « comme ».,Amir,Amazon Translate
La magnétite est un minéral magnétique naturel.,Amir,Amazon Translate
Les ouvrages de référence généraux donnent un aperçu de nombreux sujets.,Amir,Amazon Translate
Le dictionnaire définit les mots et leurs usages.,Amir,Amazon Translate
Les encyclopédies compilent des connaissances dans de multiples disciplines.,Amir,Amazon Translate
Les atlas présentent des collections de cartes à titre de référence.,Amir,Amazon Translate
Les bibliothèques de référence organisent les documents destinés à l'usage du public.,Amir,Amazon Translate
Les statistiques résument de grandes quantités d'informations numériques.,Amir,Amazon Translate
Les bibliographies répertorient les sources citées dans les ouvrages savants.,Amir,Amazon Translate
Les index permettent de localiser des sujets spécifiques dans un livre.,Amir,Amazon Translate
Les glossaires clarifient les termes utilisés dans le texte.,Amir,Amazon Translate
Les almanachs présentent des données et des faits annuels.,Amir,Amazon Translate
Les formats de citation garantissent la clarté de la rédaction académique.,Amir,Amazon Translate
Les chronologies décrivent les événements dans un ordre séquentiel.,Amir,Amazon Translate
Les catalogues organisent les articles ou les produits par catégories pertinentes.,Amir,Amazon Translate
Les guides fournissent des conseils pratiques sur les lieux ou les activités.,Amir,Amazon Translate
Les thésaurus proposent des choix de mots alternatifs.,Amir,Amazon Translate
Les résumés résument le contenu des articles de recherche.,Amir,Amazon Translate
Les manuels expliquent comment utiliser les différents appareils.,Amir,Amazon Translate
Les recueils combinent plusieurs ensembles de connaissances en une seule source.,Amir,Amazon Translate
Les plannings organisent les tâches ou les événements par ordre chronologique.,Amir,Amazon Translate
Les documents officiels enregistrent des transactions ou des accords importants.,Amir,Amazon Translate
"Les musées d'art collectent, conservent et exposent des œuvres d'art.",Amir,Amazon Translate
Le ballet utilise le mouvement et la musique pour raconter des histoires.,Amir,Amazon Translate
La poésie exprime des sentiments à travers un langage soigneusement choisi.,Amir,Amazon Translate
Les romans créent des mondes imaginaires pour les lecteurs.,Amir,Amazon Translate
Les chansons folkloriques reflètent l'identité et le patrimoine culturels.,Amir,Amazon Translate
La sculpture transforme les matériaux en formes tridimensionnelles.,Amir,Amazon Translate
L'architecture façonne les environnements humains grâce à des structures conçues.,Amir,Amazon Translate
Les bandes dessinées mélangent visuels et dialogues pour créer un effet narratif.,Amir,Amazon Translate
Les symphonies sont des compositions musicales orchestrales complexes.,Amir,Amazon Translate
Les films utilisent des images animées pour raconter des histoires.,Amir,Amazon Translate
Des peintures murales décorent de grands murs avec des scènes artistiques.,Amir,Amazon Translate
Le théâtre décrit les conflits à travers des dialogues parlés et des actions.,Amir,Amazon Translate
Le design de mode influence les tendances vestimentaires du monde entier.,Amir,Amazon Translate
La photographie capture des moments avec des appareils photo.,Amir,Amazon Translate
La céramique transforme l'argile en objets fonctionnels ou décoratifs.,Amir,Amazon Translate
Les arts de la scène nécessitent une présentation en direct devant le public.,Amir,Amazon Translate
La reliure permet de créer des volumes durables et accessibles de représentations écrites.,Amir,Amazon Translate
Les traditions culturelles varient d'un groupe ethnique à l'autre.,Amir,Amazon Translate
Les festivals marquent des événements sociaux ou religieux importants.,Amir,Amazon Translate
L'artisanat met l'accent sur la création habile à la main.,Amir,Amazon Translate
Les techniques de peinture peuvent faire appel à l'aquarelle ou à l'huile.,Amir,Amazon Translate
La littérature analyse la société à travers la fiction ou la poésie.,Amir,Amazon Translate
La danse transmet un sens sans utiliser de mots prononcés.,Amir,Amazon Translate
Les mythes représentent les explications traditionnelles des phénomènes naturels.,Amir,Amazon Translate
L'art numérique utilise la technologie pour l'expression créative.,Amir,Amazon Translate
Les musées interprètent l'histoire à travers des expositions d'artefacts.,Amir,Amazon Translate
Les capitales mondiales servent de plaques tournantes administratives pour les pays.,Amir,Amazon Translate
Les îles sont des masses continentales entourées d'eau.,Amir,Amazon Translate
Les forêts tropicales abritent une végétation dense et une faune diversifiée.,Amir,Amazon Translate
Les plateaux ont un terrain plat en haute altitude.,Amir,Amazon Translate
Les forêts offrent des habitats à de nombreuses espèces.,Amir,Amazon Translate
Les canyons sont le résultat de processus d'érosion prolongés.,Amir,Amazon Translate
Les frontières séparent les pays ou les régions géographiquement.,Amir,Amazon Translate
Les lacs stockent l'eau douce à l'intérieur des terres.,Amir,Amazon Translate
Les vallées se trouvent entre les collines ou les montagnes.,Amir,Amazon Translate
Les péninsules s'étendent jusqu'à de plus grands plans d'eau.,Amir,Amazon Translate
Les deltas se forment là où les rivières rencontrent des eaux plus importantes.,Amir,Amazon Translate
Les centres urbains concentrent la population et les infrastructures.,Amir,Amazon Translate
Les estuaires équilibrent les écosystèmes d'eau salée et d'eau douce.,Amir,Amazon Translate
Les grottes se développent naturellement sous terre.,Amir,Amazon Translate
Les zones humides abritent des plantes adaptées aux sols saturés.,Amir,Amazon Translate
L'exercice maintient la forme cardiovasculaire.,Amir,Amazon Translate
L'hydratation prévient la déshydratation et l'épuisement dû à la chaleur.,Amir,Amazon Translate
La restauration du sommeil favorise une fonction immunitaire saine.,Amir,Amazon Translate
Les vitamines contribuent aux processus métaboliques essentiels.,Amir,Amazon Translate
Le lavage des mains réduit la transmission des maladies infectieuses.,Amir,Amazon Translate
Une alimentation équilibrée comprend des fruits et des légumes tous les jours.,Amir,Amazon Translate
Les examens de routine favorisent la détection précoce des problèmes de santé.,Amir,Amazon Translate
L'activité physique aide à gérer la prise de poids.,Amir,Amazon Translate
Les dentistes préviennent la carie dentaire et les maladies des gencives.,Amir,Amazon Translate
La marche est bénéfique pour le bien-être physique et mental.,Amir,Amazon Translate
Une bonne posture permet d'éviter les douleurs et les blessures articulaires.,Amir,Amazon Translate
La relaxation mentale diminue les hormones du stress.,Amir,Amazon Translate
Les vaccins protègent contre certaines maladies virales.,Amir,Amazon Translate
De saines habitudes alimentaires réduisent les risques de maladies chroniques.,Amir,Amazon Translate
Le petit-déjeuner augmente les niveaux d'énergie matinaux.,Amir,Amazon Translate
Les allergies surviennent lorsque le système immunitaire réagit à des substances inoffensives.,Amir,Amazon Translate
La Première Guerre mondiale a pris fin en 1918.,Amir,Amazon Translate
Le grand incendie de Londres s'est produit en 1666.,Amir,Amazon Translate
La Grèce antique a largement contribué à la civilisation occidentale.,Amir,Amazon Translate
Rome est devenue une république avant de devenir un empire.,Amir,Amazon Translate
La Magna Carta a été signée en 1215.,Amir,Amazon Translate
Christophe Colomb a atteint l'Amérique en 1492.,Amir,Amazon Translate
Le Mahatma Gandhi a dirigé le mouvement indépendantiste indien.,Amir,Amazon Translate
Le féodalisme était répandu dans l'Europe médiévale.,Amir,Amazon Translate
L'esclavage a été aboli aux États-Unis en 1865.,Amir,Amazon Translate
L'exploration spatiale a débuté au milieu du 20e siècle.,Amir,Amazon Translate
Nelson Mandela a combattu l'apartheid en Afrique du Sud.,Amir,Amazon Translate
L'invention de l'imprimerie a révolutionné la communication.,Amir,Amazon Translate
La révolution industrielle a accru la mécanisation et la croissance urbaine.,Amir,Amazon Translate
Les femmes ont obtenu le droit de vote dans le monde entier tout au long du XXe siècle.,Amir,Amazon Translate
Le développement d'Internet s'est accéléré rapidement après 1990.,Amir,Amazon Translate
La Renaissance a redécouvert le savoir et l'art classiques en Europe.,Amir,Amazon Translate
L'anglais est largement parlé dans le monde entier.,Amir,Amazon Translate
Les voyageurs utilisent des passeports pour les voyages internationaux.,Amir,Amazon Translate
La vente au détail consiste à vendre des biens directement aux consommateurs.,Amir,Amazon Translate
Les négociations permettent de résoudre les différends entre les parties.,Amir,Amazon Translate
Le jardinage fait pousser des plantes pour la beauté ou la nourriture.,Amir,Amazon Translate
La cuisine prépare les ingrédients pour la consommation.,Amir,Amazon Translate
Le vote permet aux citoyens de choisir leurs dirigeants de manière démocratique.,Amir,Amazon Translate
Le travail comprend un emploi rémunéré ou un travail indépendant.,Amir,Amazon Translate
Shopping échange de l'argent contre les produits nécessaires.,Amir,Amazon Translate
L'enseignement permet de transmettre des connaissances et des compétences aux apprenants.,Amir,Amazon Translate
Driving conduit des véhicules sur la voie publique.,Amir,Amazon Translate
La natation se déplace efficacement dans l'eau grâce à des mouvements coordonnés.,Amir,Amazon Translate
La randonnée permet d'explorer les environnements naturels à pied.,Amir,Amazon Translate
Les courses à pied mesurent la vitesse et l'endurance.,Amir,Amazon Translate
L'ébénisterie fabrique des objets utiles à partir des ressources ligneuses.,Amir,Amazon Translate
Le jeu d'acteur assume des rôles dans les présentations dramatiques.,Amir,Amazon Translate
L'étude passe en revue le matériel permettant de retenir ou d'apprendre de nouvelles idées.,Amir,Amazon Translate
La construction assemble les bâtiments selon des plans.,Amir,Amazon Translate
"Les mathématiques étudient les nombres, les modèles et les relations.",Amir,Amazon Translate
L'addition combine des valeurs pour produire une somme.,Amir,Amazon Translate
La division répartit les quantités de manière égale entre les groupes.,Amir,Amazon Translate
La soustraction permet de trouver des différences entre deux nombres.,Amir,Amazon Translate
Les fractions désignent des parties d'un tout.,Amir,Amazon Translate
Les décimales expriment les parties inférieures à une unité.,Amir,Amazon Translate
La probabilité estime les chances de résultats possibles.,Amir,Amazon Translate
Le calcul aborde le changement et l'accumulation de manière quantitative.,Amir,Amazon Translate
La logique étudie les principes d'un raisonnement valide.,Amir,Amazon Translate
Les graphiques permettent de visualiser les ensembles de données à analyser.,Amir,Amazon Translate
Les nombres premiers ne sont divisibles que par un et par eux-mêmes.,Amir,Amazon Translate
L'aire mesure l'espace à l'intérieur d'une limite donnée.,Amir,Amazon Translate
Les ratios comparent directement les tailles de deux quantités.,Amir,Amazon Translate
Les fonctions relient les entrées aux sorties de manière cohérente.,Amir,Amazon Translate
Les formules normalisent les procédures de calcul.,Amir,Amazon Translate
La densité décrit la masse par volume de matériau.,Amir,Amazon Translate
L'érosion détruit les roches et le sol.,Amir,Amazon Translate
La gravité attire tout vers les noyaux planétaires.,Amir,Amazon Translate
Les aimants induisent une attraction ou une répulsion entre les pôles.,Amir,Amazon Translate
Les métaux conduisent facilement le courant électrique.,Amir,Amazon Translate
L'oxygène favorise la respiration des animaux et des humains.,Amir,Amazon Translate
Le carbone constitue la base des composés organiques.,Amir,Amazon Translate
Les acides ont un goût amer et libèrent des ions hydrogène en solution.,Amir,Amazon Translate
Les bases sont glissantes au toucher et neutralisent les acides.,Amir,Amazon Translate
Les virus infectent les organismes vivants pour se reproduire.,Amir,Amazon Translate
Les ondes sonores contournent les obstacles et les barrières.,Amir,Amazon Translate
La chaleur passe spontanément des objets les plus chauds aux objets les plus froids.,Amir,Amazon Translate
Le grossissement permet d'agrandir les échantillons microscopiques à des fins d'observation.,Amir,Amazon Translate
La nutrition fournit les éléments constitutifs de la réparation corporelle.,Amir,Amazon Translate
Le numéro atomique compte les protons dans les noyaux des éléments.,Amir,Amazon Translate
"Les gens interagissent par la parole, le langage corporel et les expressions faciales.",Amir,Amazon Translate
La mémoire conserve les expériences passées pour s'en souvenir à l'avenir.,Amir,Amazon Translate
Les traits de personnalité distinguent les individus de manière unique.,Amir,Amazon Translate
Le vieillissement entraîne des changements biologiques graduels chez l'homme.,Amir,Amazon Translate
Les taux de croissance varient à tous les stades de la vie.,Amir,Amazon Translate
La curiosité motive l'apprentissage et l'exploration.,Amir,Amazon Translate
La collaboration donne plus de résultats que ne le permet souvent l'effort individuel.,Amir,Amazon Translate
La motivation est le moteur de la poursuite d'objectifs personnels.,Amir,Amazon Translate
La confiance renforce les relations interpersonnelles.,Amir,Amazon Translate
La pensée critique évalue les preuves disponibles de manière logique.,Amir,Amazon Translate
L'autoréflexion évalue les points forts et oriente l'amélioration.,Amir,Amazon Translate
Les habitudes façonnent le comportement sur de longues périodes.,Amir,Amazon Translate
Le stress affecte négativement la santé mentale et physique.,Amir,Amazon Translate
La créativité produit des solutions ou des idées originales.,Amir,Amazon Translate
Les valeurs guident les jugements moraux et les choix quotidiens.,Amir,Amazon Translate
Les croyances guident la formation de la vision du monde.,Amir,Amazon Translate
La durée d'attention fluctue en fonction de l'intérêt ou de la fatigue.,Amir,Amazon Translate
L'inférence tire des conclusions à partir des indices observés.,Amir,Amazon Translate
"La philosophie débat de l'existence, du but et de la moralité.",Amir,Amazon Translate
La raison considère les conséquences avant de prendre des décisions.,Amir,Amazon Translate
L'induction permet de déduire des principes généraux à partir des observations.,Amir,Amazon Translate
L'éthique remet en question les comportements qui sont bons ou bons.,Amir,Amazon Translate
Le libre arbitre suppose la capacité de faire des choix volontaires.,Amir,Amazon Translate
Le dualisme sépare conceptuellement l'esprit du corps.,Amir,Amazon Translate
L'objectivité vise l'impartialité et l'absence de partialité.,Amir,Amazon Translate
La connaissance cherche de vraies croyances justifiées.,Amir,Amazon Translate
L'esthétique apprécie la beauté ou la qualité artistique.,Amir,Amazon Translate
Le déterminisme propose que tous les événements suivent des lois causales.,Amir,Amazon Translate
La vertu donne la priorité à l'excellence du personnage par rapport aux récompenses externes.,Amir,Amazon Translate
L'utilitarisme maximise le bonheur du plus grand nombre.,Amir,Amazon Translate
L'analogie compare les similitudes entre les concepts.,Amir,Amazon Translate
L'idéalisme postule que la réalité est construite mentalement.,Amir,Amazon Translate
Le matérialisme prétend que seule la matière constitue l'existence.,Amir,Amazon Translate
La foi fait confiance au-delà des preuves empiriques.,Amir,Amazon Translate
Le dogme considère les enseignements comme une vérité incontestable.,Amir,Amazon Translate
Les Écritures contiennent des écrits sacrés vénérés par les adhérents.,Amir,Amazon Translate
La prière communique des vœux ou des remerciements aux divinités.,Amir,Amazon Translate
Le pèlerinage honore la tradition religieuse à travers les voyages.,Amir,Amazon Translate
Le monothéisme croit en une divinité suprême.,Amir,Amazon Translate
"L'animisme attribue des âmes à des animaux, à des plantes ou à des objets.",Amir,Amazon Translate
Le rituel met en œuvre des croyances spirituelles par le biais de cérémonies répétées.,Amir,Amazon Translate
Le clergé dirige les cultes de la congrégation.,Amir,Amazon Translate
Le péché identifie les actes contraires à la loi divine.,Amir,Amazon Translate
La rédemption promet le pardon pour les méfaits.,Amir,Amazon Translate
La doctrine systématise l'interprétation des croyances religieuses.,Amir,Amazon Translate
Le témoin partage sa foi publiquement avec d'autres personnes.,Amir,Amazon Translate
Le tabou interdit certains comportements sur le plan culturel ou spirituel.,Amir,Amazon Translate
Le salut offre l'espoir d'un accomplissement ou d'une libération après la mort.,Amir,Amazon Translate
Les normes sociales orientent le comportement attendu du groupe.,Amir,Amazon Translate
La démocratie élit ses dirigeants à la majorité des voix.,Amir,Amazon Translate
Les familles favorisent le développement des enfants dès leur plus jeune âge.,Amir,Amazon Translate
Les communautés partagent leurs ressources pour un bénéfice mutuel.,Amir,Amazon Translate
Les économies échangent des biens et des services contre des devises.,Amir,Amazon Translate
L'éducation permet d'acquérir les connaissances et les compétences nécessaires.,Amir,Amazon Translate
Les médias diffusent largement les informations auprès du public.,Amir,Amazon Translate
Le gouvernement applique les lois et maintient l'ordre civique.,Amir,Amazon Translate
L'inégalité divise les populations en fonction de l'accès aux opportunités.,Amir,Amazon Translate
Le volontariat contribue au bien-être collectif sans rémunération.,Amir,Amazon Translate
Les secours en cas de catastrophe aident les victimes confrontées à des difficultés soudaines.,Amir,Amazon Translate
La justice garantit un traitement équitable selon des normes convenues.,Amir,Amazon Translate
Les politiques publiques répondent à des problèmes communs sur le plan pratique.,Amir,Amazon Translate
La résolution des conflits encourage les compromis pacifiques.,Amir,Amazon Translate
Les marchés déterminent les prix en fonction de l'offre et de la demande.,Amir,Amazon Translate
La technologie résout les problèmes en utilisant des principes scientifiques.,Amir,Amazon Translate
Internet relie instantanément les réseaux mondiaux.,Amir,Amazon Translate
"Les smartphones intègrent les appels téléphoniques, l'informatique et les appareils photo.",Amir,Amazon Translate
Les programmes logiciels donnent des instructions aux ordinateurs à l'aide de commandes codées.,Amir,Amazon Translate
La robotique automatise les fonctions répétitives ou dangereuses.,Amir,Amazon Translate
Les satellites surveillent la Terre à distance depuis l'orbite.,Amir,Amazon Translate
Les moteurs électriques transforment l'électricité en travail mécanique.,Amir,Amazon Translate
L'impression 3D construit des objets couche par couche.,Amir,Amazon Translate
Le stockage dans le cloud enregistre les fichiers hors site via le Web.,Amir,Amazon Translate
L'imagerie médicale permet de visualiser les affections internes du corps de manière non invasive.,Amir,Amazon Translate
"Les énergies renouvelables exploitent l'énergie solaire, éolienne ou hydraulique.",Amir,Amazon Translate
L'intelligence artificielle exécute des tâches qui nécessitaient autrefois la cognition humaine.,Amir,Amazon Translate
Les nanotechnologies conçoivent des structures à l'échelle moléculaire.,Amir,Amazon Translate
Le génie génétique modifie intentionnellement les caractéristiques des organismes.,Amir,Amazon Translate
La mécanique quantique modélise les phénomènes atomiques et subatomiques.,Amir,Amazon Translate
La cybersécurité protège les systèmes d'information contre tout accès non autorisé.,Amir,Amazon Translate
Les plastiques biodégradables réduisent la pollution de l'environnement.,Amir,Amazon Translate
Les semi-conducteurs permettent la production de circuits électroniques compacts.,Amir,Amazon Translate
Une recette fournit des instructions de cuisson étape par étape.,Amir,Amazon Translate
Les historiens étudient les événements passés pour en déterminer le contexte.,Amir,Amazon Translate
Le lavage des légumes élimine les pesticides de surface.,Amir,Amazon Translate
La cuisson consiste à préparer les aliments à la chaleur.,Amir,Amazon Translate
L'algèbre utilise des lettres pour représenter les nombres.,Amir,Amazon Translate
L'hydrogène est l'élément chimique le plus simple.,Amir,Amazon Translate
La personnalité influence les interactions sociales et le comportement.,Amir,Amazon Translate
Le scepticisme nécessite de s'interroger avant de croire les affirmations.,Amir,Amazon Translate
Le bouddhisme encourage la pleine conscience et la compassion.,Amir,Amazon Translate
Les familles élèvent les enfants jusqu'à l'âge adulte.,Amir,Amazon Translate
Le courrier électronique permet la communication numérique sur de longues distances.,Amir,Amazon Translate
Les portes automatiques utilisent des capteurs pour s'ouvrir.,Amir,Amazon Translate
Les thésaurus répertorient les synonymes des mots couramment utilisés.,Amir,Amazon Translate
"Les orchestres comprennent des instruments à cordes, des instruments à vent, des cuivres et des percussions.",Amir,Amazon Translate
Paris est surnommée la « ville lumière ».,Amir,Amazon Translate
La course à pied renforce considérablement les muscles des jambes.,Amir,Amazon Translate
Peindre les murs change l'apparence d'une pièce.,Amir,Amazon Translate
Les nombres premiers n'ont que deux diviseurs.,Amir,Amazon Translate
Le rire peut atténuer temporairement le stress.,Amir,Amazon Translate
Le raisonnement distingue la logique de l'émotion.,Amir,Amazon Translate
Les rituels culturels façonnent l'identité du groupe au fil du temps.,Amir,Amazon Translate
Les élections déterminent démocratiquement les dirigeants politiques.,Amir,Amazon Translate
Les éoliennes produisent de l'énergie sans pollution de l'air.,Amir,Amazon Translate
Les manuels résument systématiquement les informations relatives à la matière.,Amir,Amazon Translate
L'art moderne enfreint souvent les règles traditionnelles.,Amir,Amazon Translate
Un sommeil adéquat favorise la concentration mentale.,Amir,Amazon Translate
La saisie rapide augmente la productivité au bureau.,Amir,Amazon Translate
"En multipliant par zéro, on obtient zéro.",Amir,Amazon Translate
La gravité maintient les planètes sur des orbites stables.,Amir,Amazon Translate
Le respect permet de gagner la confiance dans les relations.,Amir,Amazon Translate
La pensée abstraite reconnaît des modèles qui vont au-delà de l'évidence.,Amir,Amazon Translate
Le livre sacré de l'islam s'appelle le Coran.,Amir,Amazon Translate
Les normes sociales varient selon les cultures.,Amir,Amazon Translate
L'Internet sans fil permet de connecter efficacement les appareils mobiles.,Amir,Amazon Translate
Le travail manuel nécessite un effort physique.,Amir,Amazon Translate
Les dictionnaires trient les définitions de mots par ordre alphabétique.,Amir,Amazon Translate
Les tractions renforcent les muscles de la poitrine et des bras.,Amir,Amazon Translate
"Le jardinage produit des fleurs, des fruits et des légumes.",Amir,Amazon Translate
La division distribue les articles en groupes égaux.,Amir,Amazon Translate
L'estime de soi reflète la confiance dans les capacités personnelles.,Amir,Amazon Translate
Le débat développe les capacités de raisonnement.,Amir,Amazon Translate
Le shintoïsme vénère les esprits de la nature.,Amir,Amazon Translate
L'urbanisation concentre la population dans les villes.,Amir,Amazon Translate
Les voitures électriques fonctionnent avec des batteries au lithium.,Amir,Amazon Translate
Les encyclopédies rassemblent les connaissances par ordre alphabétique ou thématique.,Amir,Amazon Translate
Les théâtres de la Grèce antique organisaient des représentations dramatiques.,Amir,Amazon Translate
L'Amazone est le plus long fleuve d'Amérique du Sud.,Amir,Amazon Translate
L'invention de la presse à imprimer a augmenté les taux d'alphabétisation.,Amir,Amazon Translate
Les calculatrices approximent rapidement les résultats numériques.,Amir,Amazon Translate
L'assertivité exprime les besoins tout en respectant les limites des autres.,Amir,Amazon Translate
Le questionnement permet de clarifier les hypothèses sous-jacentes.,Amir,Amazon Translate
Le vote a un impact sur les politiques gouvernementales.,Amir,Amazon Translate
"L'ingénierie construit des ponts, des routes et des véhicules.",Amir,Amazon Translate
Les cartes routières indiquent les autoroutes et les intersections.,Amir,Amazon Translate
Les bandes dessinées combinent dessins et dialogues.,Amir,Amazon Translate
L'Opéra de Sydney est le bâtiment emblématique de l'Australie.,Amir,Amazon Translate
Le tai-chi intègre des mouvements lents et une respiration.,Amir,Amazon Translate
L'Empire romain s'est étendu à une grande partie de l'Europe.,Amir,Amazon Translate
Le repassage élimine les plis des vêtements.,Amir,Amazon Translate
Les biologistes classent les organismes en fonction de leurs similitudes.,Amir,Amazon Translate
L'intégrité personnelle favorise une réputation digne de confiance.,Amir,Amazon Translate
Les arguments nécessitent des preuves à l'appui de la croyance.,Amir,Amazon Translate
Le confucianisme met l'accent sur le respect des aînés et l'harmonie.,Amir,Amazon Translate
Les certificats de naissance attestent le statut juridique à la naissance.,Amir,Amazon Translate
Les panneaux solaires produisent de l'énergie électrique propre.,Amir,Amazon Translate
Les guides de référence organisent les informations pour un accès rapide.,Amir,Amazon Translate
L'art de la mosaïque utilise de petites pièces colorées.,Amir,Amazon Translate
Londres se trouve le long de la Tamise.,Amir,Amazon Translate
Les planches développent la force musculaire de base.,Amir,Amazon Translate
Le tricot crée du tissu à partir de boucles imbriquées.,Amir,Amazon Translate
Les fractions représentent des quantités partielles.,Amir,Amazon Translate
La friction résiste aux mouvements entre les surfaces.,Amir,Amazon Translate
Les hypothèses alimentent les expérimentations scientifiques.,Amir,Amazon Translate
Les fêtes religieuses marquent des croyances ou des événements importants.,Amir,Amazon Translate
Les systèmes juridiques réglementent le comportement des communautés.,Amir,Amazon Translate
Les codes-barres stockent les données des produits à des fins de numérisation.,Amir,Amazon Translate
Les glossaires définissent les termes techniques de manière concise.,Amir,Amazon Translate
Les galeries d'art organisent des expositions destinées au public.,Amir,Amazon Translate
Les Pyrénées constituent une frontière naturelle entre la France et l'Espagne.,Amir,Amazon Translate
Les légumineuses fournissent des protéines dans l'alimentation.,Amir,Amazon Translate
L'Holocauste rend hommage aux victimes du génocide.,Amir,Amazon Translate
La photographie capture les moments à travers des objectifs.,Amir,Amazon Translate
Les angles mesurent les degrés de rotation.,Amir,Amazon Translate
L'ébullition stérilise les ustensiles de cuisine.,Amir,Amazon Translate
La méditation abaisse naturellement la tension artérielle.,Amir,Amazon Translate
Les prémisses établissent des points dans l'argumentation logique.,Amir,Amazon Translate
Les textes védiques sont les anciennes écritures de l'hindouisme.,Amir,Amazon Translate
Les syndicats négocient collectivement les intérêts des travailleurs.,Amir,Amazon Translate
Les robots médicaux aident à effectuer des interventions chirurgicales précises.,Amir,Amazon Translate
Les bibliographies citent des sources.,Amir,Amazon Translate
Les peintres impressionnistes ont capturé les effets de lumière naturelle.,Amir,Amazon Translate
Hawaï est entièrement composée d'îles volcaniques.,Amir,Amazon Translate
Les tensions de la guerre froide ont divisé la politique mondiale après la Seconde Guerre mondiale.,Amir,Amazon Translate
La théorie des ensembles étudie les collections mathématiques.,Amir,Amazon Translate
Les forces reconnaissent les capacités personnelles de manière objective.,Amir,Amazon Translate
La cohérence permet d'aligner les actions sur les valeurs énoncées.,Amir,Amazon Translate
La déontologie évalue la moralité fondée sur le devoir.,Amir,Amazon Translate
Les uniformes scolaires normalisent la tenue des élèves.,Amir,Amazon Translate
Les données stockées transitent par des câbles à fibres optiques.,Amir,Amazon Translate
Les manuels d'instructions guident clairement les utilisateurs.,Amir,Amazon Translate
Les tapisseries décorent les intérieurs avec des images tissées.,Amir,Amazon Translate
Le Grand Canyon présente une géologie stratifiée.,Amir,Amazon Translate
Le traité de Versailles a suivi la Première Guerre mondiale.,Amir,Amazon Translate
Le dressage des chiens enseigne systématiquement les comportements souhaités.,Amir,Amazon Translate
Les lois de Newton expliquent la mécanique classique.,Amir,Amazon Translate
Tests chimiques pour l'acidité ou l'alcalinité des solutions.,Amir,Amazon Translate
Les phobies limitent les activités en raison de peurs intenses.,Amir,Amazon Translate
L'évaluation examine le mérite des idées.,Amir,Amazon Translate
Les centres de culte proposent des rassemblements spirituels.,Amir,Amazon Translate
Les nations fixent légalement les exigences en matière de citoyenneté.,Amir,Amazon Translate
L'apprentissage automatique automatise la prise de décision à l'aide d'algorithmes.,Amir,Amazon Translate
Les sites Web fournissent un accès rapide à l'information.,Amir,Amazon Translate
Les gens utilisent Internet pour communiquer.,Amir,Amazon Translate
L'hindouisme est originaire d'Asie du Sud.,Amir,Amazon Translate
Les téléphones portables reposent sur la technologie sans fil.,Amir,Amazon Translate
Les encyclopédies résument les connaissances sur divers sujets.,Amir,Amazon Translate
"Le mont Kilimandjaro s'élève en Tanzanie, en Afrique.",Amir,Amazon Translate
L'exercice quotidien améliore la santé cardiovasculaire.,Amir,Amazon Translate
La Rome antique a influencé l'architecture moderne.,Amir,Amazon Translate
La cuisson nécessite de suivre des recettes ou des instructions.,Amir,Amazon Translate
La logique repose sur un raisonnement cohérent.,Amir,Amazon Translate
Le sikhisme enseigne l'égalité et le service communautaire.,Amir,Amazon Translate
Le ballet associe la danse à une narration expressive.,Amir,Amazon Translate
Le sport implique de l'activité physique et de la compétition.,Amir,Amazon Translate
Le raisonnement permet de distinguer les arguments valides des arguments non valides.,Amir,Amazon Translate
Le judaïsme observe des lois alimentaires appelées kashrut.,Amir,Amazon Translate
Les recensements aident les gouvernements à planifier leurs ressources.,Amir,Amazon Translate
Les appareils photo numériques stockent les images électroniquement.,Amir,Amazon Translate
Les manuels fournissent des conseils étape par étape.,Amir,Amazon Translate
La forêt amazonienne est située en Amérique du Sud.,Amir,Amazon Translate
Un sommeil régulier favorise le bon fonctionnement du cerveau.,Amir,Amazon Translate
Le Civil Rights Movement a promu l'égalité raciale aux États-Unis.,Amir,Amazon Translate
L'algèbre utilise des variables pour résoudre des équations.,Amir,Amazon Translate
La Terre tourne autour du soleil chaque année.,Amir,Amazon Translate
L'estime de soi influe sur la motivation et la réalisation des objectifs.,Amir,Amazon Translate
La logique déductive commence par des principes généraux.,Amir,Amazon Translate
La prière est pratiquée dans de nombreuses religions.,Amir,Amazon Translate
Les normes sociales guident les comportements de groupe acceptables.,Amir,Amazon Translate
Les vitesses Internet varient d'un fournisseur à l'autre.,Amir,Amazon Translate
Le travail manuel implique de travailler avec les mains.,Amir,Amazon Translate
L'art contemporain brise les frontières créatives traditionnelles.,Amir,Amazon Translate
L'opéra de Sydney se trouve sur le port de Sydney.,Amir,Amazon Translate
Les voitures électriques réduisent les émissions de gaz à effet de serre.,Amir,Amazon Translate
Le brainstorming génère des solutions innovantes.,Amir,Amazon Translate
L'islam considère le vendredi comme un jour saint.,Amir,Amazon Translate
Les musées conservent des objets pour les exposer au public.,Amir,Amazon Translate
L'Himalaya couvre plusieurs pays d'Asie.,Amir,Amazon Translate
La consommation de fruits fournit des vitamines essentielles.,Amir,Amazon Translate
Louis XIV a régné en tant que roi de France.,Amir,Amazon Translate
L'apprentissage de nouvelles langues permet d'élargir la compréhension culturelle.,Amir,Amazon Translate
Le calcul analyse mathématiquement le changement et le mouvement.,Amir,Amazon Translate
Le respect favorise des relations sociales positives.,Amir,Amazon Translate
Les philosophes remettent en question l'existence et l'éthique.,Amir,Amazon Translate
Le confucianisme valorise la piété filiale et l'éducation.,Amir,Amazon Translate
Les anthologies rassemblent des œuvres littéraires par thème ou par époque.,Amir,Amazon Translate
La sculpture constitue un art visuel tridimensionnel.,Amir,Amazon Translate
Le lac Baïkal contient le plus grand volume d'eau douce de Russie.,Amir,Amazon Translate
L'activité aérobique renforce la capacité pulmonaire.,Amir,Amazon Translate
La probabilité mesure la probabilité des résultats.,Amir,Amazon Translate
L'induction permet de tirer des conclusions sur la base de preuves.,Amir,Amazon Translate
L'apprentissage automatique simule les processus d'intelligence humaine.,Amir,Amazon Translate
Les index classent le contenu par catégorie pour faciliter la recherche.,Amir,Amazon Translate
La Cité du Vatican est une cité-État indépendante.,Amir,Amazon Translate
L'impression a transformé la communication après la presse de Gutenberg.,Amir,Amazon Translate
Le vélo tonifie les muscles des jambes et brûle des calories.,Amir,Amazon Translate
Les réactions de neutralisation produisent du sel et de l'eau.,Amir,Amazon Translate
Les croyances façonnent les attitudes et les points de vue.,Amir,Amazon Translate
Les analogies comparent les similitudes pour des explications plus claires.,Amir,Amazon Translate
Les communautés organisent des événements pour favoriser l'appartenance.,Amir,Amazon Translate
Le travail d'équipe permet d'atteindre efficacement des objectifs complexes.,Amir,Amazon Translate
Les règles de grammaire garantissent une communication écrite claire.,Amir,Amazon Translate
L'art abstrait donne la priorité aux idées conceptuelles.,Amir,Amazon Translate
L'aviron fait travailler la force du haut du corps.,Amir,Amazon Translate
La langue des signes facilite la communication pour les personnes sourdes.,Amir,Amazon Translate
Les compétences d'observation améliorent la recherche scientifique.,Amir,Amazon Translate
La génétique examine l'hérédité des organismes vivants.,Amir,Amazon Translate
Les prix Nobel récompensent des réalisations exceptionnelles.,Amir,Amazon Translate
Les symphonies nécessitent une collaboration orchestrale.,Amir,Amazon Translate
Les continents divisent la surface terrestre de la Terre.,Amir,Amazon Translate
Le repos favorise la récupération musculaire après l'exercice.,Amir,Amazon Translate
Napoléon Bonaparte a mené des campagnes militaires françaises.,Amir,Amazon Translate
Les décimales représentent des valeurs fractionnaires.,Amir,Amazon Translate
Les plaques tectoniques se déplacent sous la croûte terrestre.,Amir,Amazon Translate
L'empathie permet de surmonter les malentendus personnels.,Amir,Amazon Translate
L'éthique traite des actions qui sont moralement justes.,Amir,Amazon Translate
Le christianisme est centré sur les enseignements de Jésus-Christ.,Amir,Amazon Translate
Les gouvernements mettent en œuvre les politiques par l'intermédiaire d'organes représentatifs.,Amir,Amazon Translate
Les smartphones intègrent des fonctions informatiques et de télécommunication.,Amir,Amazon Translate
Les graphiques de référence simplifient visuellement les informations complexes.,Amir,Amazon Translate
L'encyclopédie rassemble des informations générales sur de nombreux sujets.,Amir,Amazon Translate
Les thésaurus répertorient les synonymes des mots pour améliorer l'écriture.,Amir,Amazon Translate
Les cartes mondiales affichent les continents et les océans avec précision.,Amir,Amazon Translate
Le yoga augmente la flexibilité et la conscience corporelle.,Amir,Amazon Translate
Athènes est la capitale de la Grèce.,Amir,Amazon Translate
L'eau potable favorise la fonction rénale.,Amir,Amazon Translate
La menuiserie implique une menuiserie qualifiée.,Amir,Amazon Translate
Les traits personnels influent sur les choix de carrière.,Amir,Amazon Translate
L'analyse divise les concepts en parties plus petites.,Amir,Amazon Translate
Le bouddhisme enseigne la méditation de pleine conscience.,Amir,Amazon Translate
Les règles sociétales réglementent les comportements acceptables.,Amir,Amazon Translate
Les smartphones fournissent des outils de communication portables.,Amir,Amazon Translate
Les horloges numériques indiquent l'heure à l'aide de chiffres uniquement.,Amir,Amazon Translate
La peinture à l'huile permet de riches techniques de mélange de couleurs.,Amir,Amazon Translate
L'Australie est à la fois un pays et un continent.,Amir,Amazon Translate
La civilisation romaine a influencé les cultures européennes ultérieures.,Amir,Amazon Translate
Le sauté permet de cuire rapidement les aliments à feu vif.,Amir,Amazon Translate
Le bonheur stimule le fonctionnement immunitaire.,Amir,Amazon Translate
Les méthodes déductives permettent de vérifier si les réclamations découlent des prémisses.,Amir,Amazon Translate
L'animisme attribue des qualités spirituelles à la nature.,Amir,Amazon Translate
Le courrier électronique est désormais essentiel pour la correspondance commerciale.,Amir,Amazon Translate
Les manuels d'instructions proposent des instructions d'utilisation pour les produits.,Amir,Amazon Translate
La musique de chambre propose des performances en petit ensemble.,Amir,Amazon Translate
"Le mont Rainier se trouve dans l'État de Washington, aux États-Unis.",Amir,Amazon Translate
L'entraînement en circuit combine des exercices de musculation et de cardio-training.,Amir,Amazon Translate
Les lois sur les droits civils protègent l'égalité des chances.,Amir,Amazon Translate
La multiplication répète efficacement les processus d'addition.,Amir,Amazon Translate
"Les continents incluent l'Asie, l'Afrique et l'Europe.",Amir,Amazon Translate
La confiance renforce les collaborations de travail.,Amir,Amazon Translate
La réflexion revisite les expériences pour une meilleure compréhension.,Amir,Amazon Translate
Le catholicisme comprend des sacrements et des traditions uniques.,Amir,Amazon Translate
Les données démographiques suivent l'évolution des populations des groupes.,Amir,Amazon Translate
Les puces informatiques traitent rapidement les signaux électroniques.,Amir,Amazon Translate
Les lettres de recommandation décrivent les qualifications des candidats de manière neutre.,Amir,Amazon Translate
Madagascar est célèbre pour la diversité de ses espèces sauvages.,Amir,Amazon Translate
La préparation du dîner réunit souvent les familles.,Amir,Amazon Translate
La division sépare les articles en portions égales.,Amir,Amazon Translate
L'empathie améliore les taux de satisfaction liés au travail d'équipe.,Amir,Amazon Translate
Les arguments raisonnés utilisent des preuves solides.,Amir,Amazon Translate
Les systèmes judiciaires interprètent et appliquent les lois de manière impartiale.,Amir,Amazon Translate
La technologie sans fil transmet les données sans câble.,Amir,Amazon Translate
Les guides recommandent aux visiteurs les attractions locales.,Amir,Amazon Translate
Le style Art déco a prospéré dans les années 1920.,Amir,Amazon Translate
Le Danube traverse l'Europe centrale et orientale.,Amir,Amazon Translate
L'hydratation améliore la concentration pendant l'activité physique.,Amir,Amazon Translate
L'attaque de Pearl Harbor a eu lieu en décembre 1941.,Amir,Amazon Translate
Les variables algébriques représentent des quantités inconnues.,Amir,Amazon Translate
Les insectes ont six pattes anatomiquement.,Amir,Amazon Translate
La croissance personnelle suit des pratiques régulières d'autoréflexion.,Amir,Amazon Translate
Des erreurs logiques se produisent sans connexions valides.,Amir,Amazon Translate
L'islam encourage la charité par le biais de la zakat.,Amir,Amazon Translate
Le vote du public détermine les nominations à la direction.,Amir,Amazon Translate
Les lexiques organisent les significations des mots par ordre alphabétique.,Amir,Amazon Translate
Les sessions parlementaires établissent régulièrement les lois nationales.,Amir,Amazon Translate
La religion peut influencer les habitudes alimentaires.,Amir,Amazon Translate
Les groupes de quartier soutiennent les programmes de sécurité au niveau local.,Amir,Amazon Translate
Les catalogues organisent les articles pour une révision organisée.,Amir,Amazon Translate
La gravure consiste à découper des images ou des dessins sur des surfaces.,Amir,Amazon Translate
Le désert de Gobi s'étend dans le nord de la Chine et en Mongolie.,Amir,Amazon Translate
L'abolition américaine a officiellement mis fin à l'esclavage.,Amir,Amazon Translate
Les machines à coudre augmentent la vitesse de production des vêtements.,Amir,Amazon Translate
Les décimales séparent les entiers des fractions.,Amir,Amazon Translate
La thermodynamique explore les transformations de l'énergie thermique.,Amir,Amazon Translate
La compassion renforce les liens sociaux.,Amir,Amazon Translate
Les normes éthiques guident les priorités en milieu de travail.,Amir,Amazon Translate
Les sanctuaires shintoïstes parsèment le paysage japonais.,Amir,Amazon Translate
La législation transfère les propositions du gouvernement dans le droit statutaire.,Amir,Amazon Translate
Les micro-ondes cuisent les aliments en agitant les molécules d'eau.,Amir,Amazon Translate
Les atlas consolident les collections de cartes sur le plan géographique.,Amir,Amazon Translate
La musique punk rock est devenue une manifestation culturelle.,Amir,Amazon Translate
"Le lac Victoria borde l'Ouganda, le Kenya et la Tanzanie.",Amir,Amazon Translate
Les cours d'aérobic coordonnent les mouvements avec les battements rythmiques.,Amir,Amazon Translate
L'Armada espagnole a navigué en 1588.,Amir,Amazon Translate
Les compétences en matière de réparation maintiennent la fonctionnalité des équipements ménagers.,Amir,Amazon Translate
Les pourcentages permettent de comparer facilement les ratios.,Amir,Amazon Translate
La méiose produit des cellules reproductrices par division.,Amir,Amazon Translate
Les théories physiques expliquent les forces fondamentales.,Amir,Amazon Translate
La créativité stimule le développement de nouveaux produits.,Amir,Amazon Translate
La foi influence profondément les visions du monde.,Amir,Amazon Translate
Les fêtes marquent les fêtes nationales.,Amir,Amazon Translate
Les services bancaires en ligne gèrent l'argent par voie électronique.,Amir,Amazon Translate
Un débat respectueux favorise l'harmonie dans les sociétés.,Amir,Amazon Translate
La grammaire organise les structures linguistiques de manière cohérente.,Amir,Amazon Translate
L'art impressionniste met en valeur les effets de lumière et d'atmosphère.,Amir,Amazon Translate
"Les tetons se développent dans l'ouest du Wyoming, aux États-Unis.",Amir,Amazon Translate
Les prix Nobel récompensent les réalisations scientifiques mondiales.,Amir,Amazon Translate
La classification classe les organismes selon leurs caractéristiques et leur lignée.,Amir,Amazon Translate
La théorie des ensembles soutient la logique mathématique avancée.,Amir,Amazon Translate
Les tableaux périodiques classent les éléments avec précision.,Amir,Amazon Translate
L'écoute active résout les malentendus dans les relations.,Amir,Amazon Translate
L'éthique de la vertu met l'accent sur le développement moral du caractère.,Amir,Amazon Translate
Le christianisme offre l'espoir d'un salut éternel.,Amir,Amazon Translate
Les devoirs civiques incluent le paiement responsable des impôts.,Amir,Amazon Translate
La navigation par satellite localise des coordonnées spécifiques avec précision.,Amir,Amazon Translate
Les liens hypertextes relient le contenu du site Web de manière interactive.,Amir,Amazon Translate
L'impressionnisme a introduit de nouveaux styles de peinture.,Amir,Amazon Translate
La Grande Dépression a débuté en 1929.,Amir,Amazon Translate
Les transactions bancaires comprennent les dépôts et les retraits.,Amir,Amazon Translate
L'algèbre utilise des lettres pour les valeurs inconnues.,Amir,Amazon Translate
Charles Darwin a développé la théorie de l'évolution.,Amir,Amazon Translate
L'auto-motivation favorise la croissance personnelle.,Amir,Amazon Translate
Le stoïcisme enseigne la résilience émotionnelle.,Amir,Amazon Translate
Le christianisme compte de nombreuses confessions dans le monde entier.,Amir,Amazon Translate
Les appareils GPS utilisent la technologie des satellites.,Amir,Amazon Translate
Les manuels résument rapidement les informations de base.,Amir,Amazon Translate
Le lac Supérieur borde le Canada et les États-Unis.,Amir,Amazon Translate
L'hydratation affecte directement les performances mentales.,Amir,Amazon Translate
La Première Guerre mondiale a pris fin avec le traité de Versailles.,Amir,Amazon Translate
La loi oblige les enfants à fréquenter l'école.,Amir,Amazon Translate
Les tables de multiplication permettent de résoudre rapidement les équations.,Amir,Amazon Translate
L'héritage génétique transmet des traits d'une génération à l'autre.,Amir,Amazon Translate
Le langage corporel communique sans paroles.,Amir,Amazon Translate
Le raisonnement abductif permet de tirer des conclusions plausibles.,Amir,Amazon Translate
Les hiérarchies sociales organisent les gens en classes classées.,Amir,Amazon Translate
Les applications mobiles exécutent des fonctions spécifiques sur les smartphones.,Amir,Amazon Translate
Les index classent les sujets par ordre alphabétique pour faciliter leur localisation.,Amir,Amazon Translate
Le cubisme a fragmenté les sujets des arts visuels.,Amir,Amazon Translate
L'Etna est le volcan le plus actif d'Europe.,Amir,Amazon Translate
L'entraînement de base renforce les muscles du dos et de l'abdomen.,Amir,Amazon Translate
L'ordre chronologique organise les événements par temps.,Amir,Amazon Translate
Les supermarchés proposent des options d'épicerie en libre-service.,Amir,Amazon Translate
Les décimales expriment des fractions à l'aide d'un système de points.,Amir,Amazon Translate
L'énergie peut être cinétique ou potentielle.,Amir,Amazon Translate
Le renforcement positif favorise la répétition des comportements.,Amir,Amazon Translate
L'âge de voter varie d'un pays à l'autre.,Amir,Amazon Translate
Le Bluetooth permet aux appareils d'échanger des données sans fil.,Amir,Amazon Translate
Les gravures sur bois produisent des gravures à l'aide de blocs de bois sculptés.,Amir,Amazon Translate
Les sauts d'obstacles augmentent l'endurance aérobie.,Amir,Amazon Translate
Napoléon s'est couronné empereur de France.,Amir,Amazon Translate
Les agences de voyages organisent le transport et l'hébergement.,Amir,Amazon Translate
La division détermine combien de fois un élément s'insère dans un autre.,Amir,Amazon Translate
L'ADN contient des instructions pour les processus de la vie.,Amir,Amazon Translate
Des émotions saines améliorent la prise de décisions au quotidien.,Amir,Amazon Translate
Les paradoxes remettent logiquement en question les vérités classiques.,Amir,Amazon Translate
L'anglicanisme est apparu pendant la période de la Réforme en Angleterre.,Amir,Amazon Translate
Les lois réglementent les actions publiques et les litiges.,Amir,Amazon Translate
L'assurance maladie contribue à la couverture des frais médicaux.,Amir,Amazon Translate
Les guides de l'utilisateur expliquent les outils logiciels étape par étape.,Amir,Amazon Translate
Le jazz a fusionné les traditions musicales africaines et européennes.,Amir,Amazon Translate
Les bandes de résistance facilitent les exercices de renforcement musculaire.,Amir,Amazon Translate
Les chemins de fer transcontinentaux ont toujours uni des régions éloignées.,Amir,Amazon Translate
L'ajout de sets augmente mathématiquement la taille de la collection.,Amir,Amazon Translate
Les particules neutroniques ne portent aucune charge électrique.,Amir,Amazon Translate
Les compétences d'apprentissage améliorent la capacité d'adaptation au travail.,Amir,Amazon Translate
Les LED émettent de la lumière en dégageant peu de chaleur.,Amir,Amazon Translate
Les hymnes collectent des chants religieux pour le culte de groupe.,Amir,Amazon Translate
Stonehenge est un monument préhistorique en Angleterre.,Amir,Amazon Translate
Les vélos de spinning simulent des exercices de cyclisme en plein air.,Amir,Amazon Translate
Martin Luther a promu les réformes protestantes.,Amir,Amazon Translate
Le commerce électronique permet des transactions commerciales en ligne dans le monde entier.,Amir,Amazon Translate
La photosynthèse permet de stocker l'énergie solaire dans les plantes.,Amir,Amazon Translate
La topologie examine les propriétés non modifiées par la déformation.,Amir,Amazon Translate
L'empathie crée des liens solides avec les pairs.,Amir,Amazon Translate
Le pragmatisme se concentre sur les résultats pratiques des idées.,Amir,Amazon Translate
Les normes façonnent les attentes sociales en matière de comportement.,Amir,Amazon Translate
Les glossaires définissent les termes de référence.,Amir,Amazon Translate
Sumi-e représente les peintures japonaises au lavis à l'encre.,Amir,Amazon Translate
Les montagnes de l'Oural divisent géographiquement l'Europe et l'Asie.,Amir,Amazon Translate
Le Pilates améliore la posture et la stabilité du tronc.,Amir,Amazon Translate
Les abolitionnistes ont combattu l'esclavage au XIXe siècle.,Amir,Amazon Translate
Les textiles consistent à tisser des fibres pour en faire des articles textiles.,Amir,Amazon Translate
Les équations montrent clairement les relations mathématiques.,Amir,Amazon Translate
L'évaporation transforme l'eau liquide en gaz.,Amir,Amazon Translate
La cohérence favorise la confiance dans les interactions à long terme.,Amir,Amazon Translate
Les arguments ontologiques débattent de l'existence de réalités supérieures.,Amir,Amazon Translate
Le culte de la nature comporte le respect pour les forces naturelles.,Amir,Amazon Translate
Les membres du Conseil promulguent les politiques du gouvernement local.,Amir,Amazon Translate
La recherche sur les vaccins prévient les épidémies de maladies virales.,Amir,Amazon Translate
Les menus de démarrage rapide simplifient la configuration électronique.,Amir,Amazon Translate
Le fleuve Yangtsé constitue la plus longue voie navigable de Chine.,Amir,Amazon Translate
La callisthénie développe le contrôle du corps en utilisant un minimum d'équipement.,Amir,Amazon Translate
Trail of Tears a déplacé des communautés amérindiennes.,Amir,Amazon Translate
La restauration fournit des services de restauration pour les groupes ou les événements.,Amir,Amazon Translate
Les fractions indiquent des quantités partielles d'unités entières.,Amir,Amazon Translate
La curiosité incite les inventeurs à résoudre des problèmes.,Amir,Amazon Translate
La déduction applique des règles connues pour tirer des conclusions.,Amir,Amazon Translate
Les mythes de la création expliquent culturellement les origines de l'univers.,Amir,Amazon Translate
Les guildes réglementaient l'artisanat et les professions médiévales.,Amir,Amazon Translate
Les drones capturent des photos aériennes via une télécommande.,Amir,Amazon Translate
Les encyclopédies présentent des faits vérifiés aux lecteurs.,Amir,Amazon Translate
Un factbook rassemble des statistiques essentielles sur les pays.,Amir,Amazon Translate
La musique pop comporte souvent des refrains répétitifs.,Amir,Amazon Translate
Boire du thé hydrate comme de l'eau.,Amir,Amazon Translate
La révolution industrielle a commencé en Grande-Bretagne.,Amir,Amazon Translate
L'observation des oiseaux enregistre les observations et les comportements des espèces.,Amir,Amazon Translate
La multiplication permet d'obtenir le total des groupes égaux.,Amir,Amazon Translate
La foudre résulte de la rencontre de charges négatives et positives.,Amir,Amazon Translate
Aristote a écrit des ouvrages influents sur la logique et la science.,Amir,Amazon Translate
Le travail d'équipe améliore la productivité du groupe.,Amir,Amazon Translate
La pensée rationnelle repose sur des étapes raisonnées.,Amir,Amazon Translate
"Le zoroastrisme ne vénère qu'un seul dieu, Ahura Mazda.",Amir,Amazon Translate
Le mariage unit les partenaires dans un contrat social.,Amir,Amazon Translate
Les navigateurs Web affichent des informations provenant de sites Web Internet.,Amir,Amazon Translate
Les livres électroniques permettent une lecture accessible via des appareils numériques.,Amir,Amazon Translate
La danse moderne met l'accent sur le mouvement expressif.,Amir,Amazon Translate
Le mont Everest borde le Népal et la Chine.,Amir,Amazon Translate
La cuisson nécessite des mesures précises pour réussir.,Amir,Amazon Translate
Les graphiques permettent de visualiser les relations mathématiques.,Amir,Amazon Translate
La photosynthèse produit des molécules riches en énergie dans les plantes.,Amir,Amazon Translate
"L'altruisme, c'est aider les autres sans attendre de récompense.",Amir,Amazon Translate
La formulation d'hypothèses oriente la poursuite des recherches.,Amir,Amazon Translate
Le sikhisme enseigne les croyances en une vie honnête.,Amir,Amazon Translate
Les lois garantissent l'ordre au sein des sociétés.,Amir,Amazon Translate
Le travail à distance permet de travailler en dehors des bureaux traditionnels.,Amir,Amazon Translate
Les noms d'utilisateur permettent d'identifier les personnes sur les plateformes Internet.,Amir,Amazon Translate
Les catalogues organisent les articles pour une navigation systématique.,Amir,Amazon Translate
L'art de la céramique façonne l'argile puis la fait cuire.,Amir,Amazon Translate
Venise se trouve au sommet d'un réseau de canaux.,Amir,Amazon Translate
La guerre froide a vu une scission idéologique entre l'est et l'ouest.,Amir,Amazon Translate
Les études de marché éclairent la stratégie de développement des produits.,Amir,Amazon Translate
Divisez les quantités de pièces en unités plus petites.,Amir,Amazon Translate
Le réconfort réduit les sentiments d'anxiété.,Amir,Amazon Translate
Les heuristiques simplifient les tâches complexes de résolution de problèmes.,Amir,Amazon Translate
Le pèlerinage favorise la croissance de l'identité religieuse.,Amir,Amazon Translate
Les cadres éthiques débattent des normes de bonne action.,Amir,Amazon Translate
Les médias diffusent des informations dans le monde entier.,Amir,Amazon Translate
La technologie des batteries alimente les appareils électroniques portables.,Amir,Amazon Translate
Les résumés raccourcissent les articles pour une consultation plus rapide.,Amir,Amazon Translate
Les artistes baroques ont mis l'accent sur des contrastes visuels spectaculaires.,Amir,Amazon Translate
Le jogging favorise l'endurance cardiovasculaire.,Amir,Amazon Translate
Les droits civiques américains ont garanti la protection des électeurs.,Amir,Amazon Translate
Les détaillants proposent des produits directement aux acheteurs.,Amir,Amazon Translate
Les fractions expriment des ratios ou des comparaisons.,Amir,Amazon Translate
Les lois de Kepler expliquent le mouvement des planètes.,Amir,Amazon Translate
Les réactions chimiques ne réorganisent que les liaisons atomiques.,Amir,Amazon Translate
Le mérite augmente les chances de promotion sur le lieu de travail.,Amir,Amazon Translate
L'analyse des données permet de clarifier les décisions ou les tendances.,Amir,Amazon Translate
Les prières musulmanes sont effectuées cinq fois par jour.,Amir,Amazon Translate
Les parlements légifèrent les lois nationales de manière démocratique.,Amir,Amazon Translate
Le Bluetooth synchronise les appareils à courte portée.,Amir,Amazon Translate
Les glossaires simplifient les termes spécialisés dans les textes.,Amir,Amazon Translate
Les muralistes utilisent des murs pour des peintures à grande échelle.,Amir,Amazon Translate
Les montagnes Rocheuses s'étendent dans l'ouest de l'Amérique du Nord.,Amir,Amazon Translate
Le tai-chi combine les arts martiaux avec une approche méditative.,Amir,Amazon Translate
Les librairies vendent des livres imprimés ou électroniques.,Amir,Amazon Translate
Les décimales s'étendent au-delà des nombres entiers.,Amir,Amazon Translate
Les espèces clés stabilisent les écosystèmes dans leur ensemble.,Amir,Amazon Translate
La journalisation aide à clarifier les pensées personnelles.,Amir,Amazon Translate
Le relativisme suggère que les vérités dépendent des points de vue.,Amir,Amazon Translate
Les pratiques animistes vénèrent les esprits des ancêtres.,Amir,Amazon Translate
Les municipalités fournissent des services gouvernementaux locaux.,Amir,Amazon Translate
Les développeurs d'applications écrivent des logiciels pour smartphones.,Amir,Amazon Translate
Les listes de liens relient des sujets connexes dans des documents.,Amir,Amazon Translate
Les symphonies contiennent plusieurs mouvements joués ensemble.,Amir,Amazon Translate
L'aérobic aquatique fournit une résistance à la flottabilité pendant l'exercice.,Amir,Amazon Translate
La Déclaration universelle des droits de l'homme garantit les libertés fondamentales.,Amir,Amazon Translate
Les cuisiniers professionnels sont spécialisés dans diverses cuisines.,Amir,Amazon Translate
Les lieux sont organisés en fonction des coordonnées de latitude et de longitude.,Amir,Amazon Translate
L'électricité se déplace lorsque les électrons circulent librement.,Amir,Amazon Translate
La tessellation reproduit les motifs géométriques de manière fluide.,Amir,Amazon Translate
Comprendre les métaphores améliore la maîtrise de la langue.,Amir,Amazon Translate
Le conséquentialisme évalue les résultats avant de faire des choix.,Amir,Amazon Translate
Les fêtes juives suivent une structure de calendrier lunaire.,Amir,Amazon Translate
Les enquêtes de recensement collectent des statistiques démographiques sur la population.,Amir,Amazon Translate
Les moteurs de recherche trouvent des pages Web à l'aide de mots clés.,Amir,Amazon Translate
Les guides pratiques enseignent de nouvelles compétences de manière méthodique.,Amir,Amazon Translate
La gravure crée des images en découpant des surfaces métalliques.,Amir,Amazon Translate
Manille est la capitale des Philippines.,Amir,Amazon Translate
Les sports de groupe favorisent le travail d'équipe et le fair-play.,Amir,Amazon Translate
Le commerce triangulaire a influencé les économies de colonisation du monde entier.,Amir,Amazon Translate
La densité indique la structure de la matière tassée.,Amir,Amazon Translate
Les commentaires positifs encouragent la répétition des actions.,Amir,Amazon Translate
Le consentement éclairé respecte l'autonomie décisionnelle des participants.,Amir,Amazon Translate
Le christianisme orthodoxe maintient la liturgie traditionnelle.,Amir,Amazon Translate
Les campagnes visent à influencer l'opinion publique.,Amir,Amazon Translate
Les ouvrages de référence fournissent des informations pour une consultation rapide.,Amir,Amazon Translate
Les musées présentent des œuvres d'art et des objets historiques au public.,Amir,Amazon Translate
Istanbul s'étend sur deux continents : l'Europe et l'Asie.,Amir,Amazon Translate
Le cyclisme augmente l'endurance cardiorespiratoire.,Amir,Amazon Translate
Le jour J a eu lieu le 6 juin 1944.,Amir,Amazon Translate
Les conducteurs professionnels ont besoin de licences spécifiques.,Amir,Amazon Translate
Les fractions représentent des parties inférieures à un tout.,Amir,Amazon Translate
L'optimisme favorise la résilience face à l'adversité.,Amir,Amazon Translate
Les biais cognitifs influencent le jugement inconsciemment.,Amir,Amazon Translate
Le taoïsme met l'accent sur l'équilibre avec la nature.,Amir,Amazon Translate
Les pièces jointes aux e-mails transmettent les fichiers par voie électronique.,Amir,Amazon Translate
Les appareils domestiques intelligents automatisent les fonctions domestiques.,Amir,Amazon Translate
Le haïku utilise trois lignes avec des syllabes définies.,Amir,Amazon Translate
Pétra est une ancienne ville de pierre en Jordanie.,Amir,Amazon Translate
La danse aérobique améliore la coordination et l'endurance.,Amir,Amazon Translate
L'art de la Renaissance a relancé les techniques grecques classiques.,Amir,Amazon Translate
La préparation des repas permet d'organiser la nourriture en fonction des horaires chargés.,Amir,Amazon Translate
La trigonométrie explore les relations entre les angles des triangles.,Amir,Amazon Translate
Les intérêts personnels déterminent les choix en matière de loisirs.,Amir,Amazon Translate
Le biais de confirmation fausse l'interprétation objective des preuves.,Amir,Amazon Translate
Les rituels shintoïstes respectent les esprits ancestraux.,Amir,Amazon Translate
Les jurys décident de la culpabilité ou de l'innocence lors des procès.,Amir,Amazon Translate
Les boutiques d'applications distribuent des logiciels sous forme numérique.,Amir,Amazon Translate
Les bibliographies renforcent la crédibilité de la recherche universitaire.,Amir,Amazon Translate
Les motifs en batik utilisent de la cire pour résister à la teinture sur le tissu.,Amir,Amazon Translate
Monaco est la plus petite principauté du monde.,Amir,Amazon Translate
Les exercices de musculation ne nécessitent aucun équipement spécial.,Amir,Amazon Translate
La Révolution française a établi un gouvernement républicain.,Amir,Amazon Translate
Le service client gère les préoccupations et les commentaires des clients.,Amir,Amazon Translate
Les gaz nobles sont des éléments chimiquement non réactifs.,Amir,Amazon Translate
L'adaptation aide les espèces à survivre aux changements environnementaux.,Amir,Amazon Translate
La pression des pairs façonne profondément les comportements des adolescents.,Amir,Amazon Translate
L'établissement d'objectifs permet de réaliser des progrès mesurables au fil du temps.,Amir,Amazon Translate
Les relativistes nient l'existence de vérités morales universelles.,Amir,Amazon Translate
Les travaux publics profitent à la société grâce à des projets d'infrastructure.,Amir,Amazon Translate
Les écrans tactiles permettent à l'utilisateur de saisir du bout des doigts.,Amir,Amazon Translate
Les bibliothécaires organisent et tiennent à jour les ressources d'information.,Amir,Amazon Translate
L'architecture romane présente des arcs en plein cintre et des murs épais.,Amir,Amazon Translate
Le fleuve Amazone traverse le Brésil et le Pérou.,Amir,Amazon Translate
La fréquence du pouls mesure les battements cardiaques par minute.,Amir,Amazon Translate
Les traités règlent les différends entre les nations.,Amir,Amazon Translate
Le commerce électronique permet la vente directe en ligne.,Amir,Amazon Translate
Les décimales représentent numériquement des unités partielles.,Amir,Amazon Translate
L'osmose diffuse naturellement l'eau à travers les membranes.,Amir,Amazon Translate
L'assertivité exprime les opinions avec respect.,Amir,Amazon Translate
La logique déductive tire ses spécificités d'énoncés généraux.,Amir,Amazon Translate
La croyance panthéiste assimile la divinité à l'univers.,Amir,Amazon Translate
Les places de marché facilitent les échanges de biens au niveau local ou mondial.,Amir,Amazon Translate
Les pratiques durables visent à préserver les ressources naturelles.,Amir,Amazon Translate
Les guides de l'utilisateur fournissent des instructions détaillées sur le produit.,Amir,Amazon Translate
Les collages numériques combinent des images à l'aide d'outils d'édition.,Amir,Amazon Translate
Les rameurs renforcent leur force en pilotant des bateaux à pagaie de manière compétitive.,Amir,Amazon Translate
L'Organisation mondiale de la santé établit des normes sanitaires mondiales.,Amir,Amazon Translate
Les agences de voyages organisent des voyages et des excursions touristiques.,Amir,Amazon Translate
La flottabilité permet de maintenir les objets à flot dans les fluides.,Amir,Amazon Translate
Les modèles positifs inspirent des changements de comportement constructifs.,Amir,Amazon Translate
Les données empiriques valident les hypothèses scientifiques.,Amir,Amazon Translate
Les sacrements chrétiens marquent des étapes importantes de la vie.,Amir,Amazon Translate
Les gouvernements fédéraux répartissent le pouvoir entre les niveaux.,Amir,Amazon Translate
Le stockage dans le cloud sauvegarde les fichiers importants à distance.,Amir,Amazon Translate
Des bibliographies annotées décrivent brièvement chaque source.,Amir,Amazon Translate
La sculpture sur bois crée des motifs décoratifs sur des surfaces en bois.,Amir,Amazon Translate
La vallée de la Loire abrite de nombreux châteaux en France.,Amir,Amazon Translate
L'expansion coloniale a façonné les géographies du monde entier.,Amir,Amazon Translate
Les diagrammes circulaires permettent de visualiser les proportions dans les données statistiques.,Amir,Amazon Translate
Newton a découvert la gravité après avoir observé des pommes tomber.,Amir,Amazon Translate
Les roches sédimentaires se forment à partir de couches minérales comprimées.,Amir,Amazon Translate
La collaboration accélère la résolution des problèmes au sein des équipes.,Amir,Amazon Translate
Le judaïsme célèbre la Pâque au printemps chaque année.,Amir,Amazon Translate
Les parcs nationaux protègent la faune et les paysages uniques.,Amir,Amazon Translate
L'agrégation de liens regroupe les connexions réseau de manière efficace.,Amir,Amazon Translate
La musique rap utilise des paroles rythmées au lieu de rythmes.,Amir,Amazon Translate
Ottawa est la capitale du Canada.,Amir,Amazon Translate
Le mur de Berlin symbolisait la division de l'Europe pendant la guerre froide.,Amir,Amazon Translate
Les travailleurs indépendants fournissent des services sans contrat de travail à long terme.,Amir,Amazon Translate
Les pourcentages comparent les nombres à 100 comme point de référence.,Amir,Amazon Translate
Les ondes sonores ont besoin d'un support de transmission.,Amir,Amazon Translate
Marie Curie a fait des recherches approfondies sur la radioactivité.,Amir,Amazon Translate
L'autodiscipline favorise la réalisation d'objectifs à long terme.,Amir,Amazon Translate
"Les divinités hindoues incluent Vishnu, Shiva et Brahma.",Amir,Amazon Translate
Les juges interprètent les lois au sein des systèmes judiciaires.,Amir,Amazon Translate
Les portefeuilles numériques permettent des transactions sans numéraire à l'aide de smartphones.,Amir,Amazon Translate
Les écrans tactiles détectent électroniquement les mouvements des doigts ou du stylet.,Amir,Amazon Translate
L'aquarelle utilise des pigments mélangés à de l'eau.,Amir,Amazon Translate
La forme aérobique améliore l'efficacité cardiaque et pulmonaire.,Amir,Amazon Translate
Les cathédrales gothiques présentent des arcs brisés et des vitraux.,Amir,Amazon Translate
L'heure des repas régule l'énergie tout au long de la journée.,Amir,Amazon Translate
La photosynthèse libère de l'oxygène dans l'atmosphère terrestre.,Amir,Amazon Translate
Les réseaux de soutien social améliorent le bien-être émotionnel.,Amir,Amazon Translate
"La métacognition, c'est réfléchir à ses propres pensées.",Amir,Amazon Translate
Les panthéistes croient que la divinité existe dans tout ce qui est naturel.,Amir,Amazon Translate
Les élections municipales contrôlent la direction du gouvernement local.,Amir,Amazon Translate
La télévision diffuse des signaux vidéo sur des écrans numériques.,Amir,Amazon Translate
Les messages cryptés améliorent la confidentialité en ligne et la sécurité des données.,Amir,Amazon Translate
Les tapisseries racontent des histoires à travers des images de tissus tissés.,Amir,Amazon Translate
Singapour est à la fois une ville et un pays.,Amir,Amazon Translate
La thérapie aquatique réhabilite les blessures grâce à la résistance à l'eau.,Amir,Amazon Translate
La Révolution française a définitivement aboli la monarchie.,Amir,Amazon Translate
Les commentaires des clients façonnent les décisions relatives au développement des produits.,Amir,Amazon Translate
Le partage divise les biens entre plusieurs bénéficiaires.,Amir,Amazon Translate
La matière passe de l'état liquide à l'état gazeux par ébullition.,Amir,Amazon Translate
La transpiration déplace l'humidité des feuilles vers l'air.,Amir,Amazon Translate
Des amitiés saines réduisent le niveau de stress global.,Amir,Amazon Translate
Les analogies illustrent des idées inconnues à l'aide de concepts familiers.,Amir,Amazon Translate
Les codes éthiques protègent les droits et la dignité au travail.,Amir,Amazon Translate
Les agences bancaires gèrent les comptes financiers localement.,Amir,Amazon Translate
Les concepteurs utilisent un logiciel de modélisation 3D pour les prototypes.,Amir,Amazon Translate
Les peintures murales de Ndebele sont des symboles culturels en Afrique du Sud.,Amir,Amazon Translate
La corde à sauter augmente efficacement la vitesse du pied.,Amir,Amazon Translate
Le jour de l'indépendance du Vietnam célèbre la libération nationale.,Amir,Amazon Translate
Les grandes surfaces vendent d'importants volumes de biens de consommation.,Amir,Amazon Translate
Les graphiques circulaires indiquent visuellement les pourcentages relatifs.,Amir,Amazon Translate
Le zéro absolu est la température la plus basse possible mesurée.,Amir,Amazon Translate
L'analyse des résultats des expériences permet de tirer des conclusions scientifiques.,Amir,Amazon Translate
Les bénévoles du service communautaire mettent leurs compétences au service de tous.,Amir,Amazon Translate
Les voitures utilisent désormais des systèmes de gestion du moteur contrôlés par ordinateur.,Amir,Amazon Translate
Le mont McKinley (Denali) est le point culminant de l'Amérique du Nord.,Amir,Amazon Translate
La Journée de la Victoire en Europe marque la fin de la Seconde Guerre mondiale en Europe.,Amir,Amazon Translate
Les consultants donnent des conseils sur des questions professionnelles spécialisées.,Amir,Amazon Translate
Les décimales expriment simplement des valeurs en dixièmes ou en centièmes.,Amir,Amazon Translate
Les chiens de thérapie visitent les hôpitaux pour réconforter les patients.,Amir,Amazon Translate
Les fuseaux horaires alignent les paramètres de l'horloge sur l'ensemble du globe.,Amir,Amazon Translate
Les affirmations positives renforcent les croyances relatives à l'estime de soi.,Amir,Amazon Translate
Les axiomes constituent le point de départ fondamental du raisonnement.,Amir,Amazon Translate
Les philosophes matérialistes limitent la réalité à la seule matière physique.,Amir,Amazon Translate
Les prières demandent aux divinités de les guider ou de les aider.,Amir,Amazon Translate
Les jours fériés varient d'une juridiction à l'autre chaque année.,Amir,Amazon Translate
Les livres électroniques élargissent l'accès numérique aux bibliothèques dans le monde entier.,Amir,Amazon Translate
L'illustration d'un tableau à gratter permet de graver des lignes blanches sur des surfaces noires.,Amir,Amazon Translate
Le parc national de Yosemite se trouve dans la Sierra Nevada en Californie.,Amir,Amazon Translate
"Les arts martiaux favorisent la concentration, la discipline et le respect.",Amir,Amazon Translate
Les conventions constitutionnelles rédigent de nouveaux documents directeurs.,Amir,Amazon Translate
Les machines hydrauliques fonctionnent via des fluides sous pression.,Amir,Amazon Translate
La soustraction soustrait les plus petits nombres des plus grands.,Amir,Amazon Translate
Ohlone a toujours vécu le long de la côte centrale de la Californie.,Amir,Amazon Translate
La représentation proportionnelle répartit les sièges politiques de manière égale.,Amir,Amazon Translate
Les tiges de graphite conduisent efficacement l'électricité dans les batteries.,Amir,Amazon Translate
Les tremblements de terre libèrent de l'énergie sismique provoquant des mouvements du sol.,Amir,Amazon Translate
Les mentors favorisent la croissance des mentorés grâce à des expériences partagées.,Amir,Amazon Translate
L'éthique fondée sur des règles met l'accent sur le respect strict des principes.,Amir,Amazon Translate
Des pionniers mormons se sont installés dans la vallée du lac Salé en Utah.,Amir,Amazon Translate
Les chambres adoptent des projets de loi pour promulguer des lois.,Amir,Amazon Translate
Les voitures intelligentes intègrent des capteurs et des commandes de sécurité automatisés.,Amir,Amazon Translate
Un annuaire téléphonique répertorie les coordonnées résidentielles et professionnelles.,Amir,Amazon Translate
"Zurich, en Suisse, se trouve sur la rive nord du lac de Zurich.",Amir,Amazon Translate
La garde d'enfants implique des responsabilités de garde d'enfants à court terme.,Amir,Amazon Translate
La surface de la Terre est principalement constituée d'eau.,Amir,Amazon Translate
Isaac Newton a développé trois lois du mouvement.,Amir,Amazon Translate
L'amitié apporte une sécurité émotionnelle au fil du temps.,Amir,Amazon Translate
La délibération examine les options avant de faire des choix.,Amir,Amazon Translate
Les croyances sikhs mettent l'accent sur l'égalité devant Dieu.,Amir,Amazon Translate
Le Parlement autorise de nouvelles taxes ou projets de loi de dépenses.,Amir,Amazon Translate
Les services de streaming diffusent du contenu vidéo via Internet.,Amir,Amazon Translate
Les claviers sans fil communiquent avec les ordinateurs par des signaux radio.,Amir,Amazon Translate
Les graffitis peuvent exprimer des messages de protestation politique.,Amir,Amazon Translate
Mexico se trouve à une altitude élevée au-dessus du niveau de la mer.,Amir,Amazon Translate
La musculation permet de brûler des calories plus rapidement que la marche.,Amir,Amazon Translate
La civilisation aztèque a prospéré dans le centre du Mexique.,Amir,Amazon Translate
Les recettes de soupe combinent des ingrédients mijotés dans un liquide.,Amir,Amazon Translate
Le magnétisme déplace les aiguilles des compas vers les pôles magnétiques.,Amir,Amazon Translate
Informations nutritionnelles sur l'étiquette du contenu de l'emballage des aliments.,Amir,Amazon Translate
L'inférence déductive applique des règles à un cas.,Amir,Amazon Translate
Les koans zen remettent en question les habitudes de pensée.,Amir,Amazon Translate
Les commissions examinent les propositions législatives en vue d'éventuelles modifications.,Amir,Amazon Translate
Les applications mobiles permettent aux utilisateurs d'effectuer des opérations bancaires depuis leur domicile.,Amir,Amazon Translate
Les manuels peuvent être mis à jour par téléchargement électronique.,Amir,Amazon Translate
Les vitraux colorent la lumière du soleil qui entre dans les cathédrales.,Amir,Amazon Translate
La Patagonie couvre les régions du sud de l'Argentine et du Chili.,Amir,Amazon Translate
L'aviron développe la force musculaire du haut du corps.,Amir,Amazon Translate
Le pont aérien de Berlin a approvisionné Berlin-Ouest pendant le blocus.,Amir,Amazon Translate
Les aires de restauration regroupent plusieurs restaurants.,Amir,Amazon Translate
Les fractions comparent des nombres qui ne sont pas divisés de manière égale.,Amir,Amazon Translate
La lave se refroidit et forme des couches de roches ignées.,Amir,Amazon Translate
Le jugement évalue les alternatives pour obtenir les meilleurs résultats.,Amir,Amazon Translate
Les statistiques utilisent des échantillons pour déduire des données sur les populations.,Amir,Amazon Translate
L'éthique de la vertu met en évidence le fait d'agir avec de bonnes intentions.,Amir,Amazon Translate
Les consulats offrent une assistance aux ressortissants à l'étranger.,Amir,Amazon Translate
Les icônes des applications symbolisent souvent les principales fonctions de l'application.,Amir,Amazon Translate
Les zones d'observation publiques permettent d'observer la faune en toute sécurité.,Amir,Amazon Translate
Les skis nautiques glissent rapidement sur la surface du lac.,Amir,Amazon Translate
Le patinage active les muscles du tronc et des jambes de la même manière.,Amir,Amazon Translate
Les traités reconnaissent l'indépendance nationale après la fin de la guerre.,Amir,Amazon Translate
Les quincailleries vendent des outils et des matériaux de construction.,Amir,Amazon Translate
Les décimales permettent une comparaison précise des mesures.,Amir,Amazon Translate
La rosée se forme lorsque l'air se refroidit en dessous du point de saturation.,Amir,Amazon Translate
Les arguments convaincants reposent sur une logique solide.,Amir,Amazon Translate
Les doctrines résument les enseignements religieux officiels.,Amir,Amazon Translate
Les fiduciaires gèrent les biens pour le compte des bénéficiaires.,Amir,Amazon Translate
Les caméras de sécurité empêchent le vol dans les espaces publics.,Amir,Amazon Translate
L'apprentissage automatique automatise l'analyse de grands ensembles de données.,Amir,Amazon Translate
Les chapitres organisent le contenu du livre en sections logiques.,Amir,Amazon Translate
La peinture sur sable est utilisée lors de cérémonies culturelles.,Amir,Amazon Translate
Le Ben Nevis est la plus haute montagne d'Écosse.,Amir,Amazon Translate
"Le parkour combine la course, le saut et l'escalade d'obstacles en douceur.",Amir,Amazon Translate
La presse à imprimer a révolutionné la communication de masse pour toujours.,Amir,Amazon Translate
Les catalogues de vente par correspondance ont précédé les opportunités d'achat en ligne.,Amir,Amazon Translate
La symétrie permet de créer des compositions artistiques visuellement équilibrées.,Amir,Amazon Translate
La tectonique des plaques explique les tremblements de terre dans la ceinture de feu du Pacifique.,Amir,Amazon Translate
L'énergie solaire alimente efficacement les panneaux de toit.,Amir,Amazon Translate
Les lettres de gratitude expriment l'appréciation de manière significative.,Amir,Amazon Translate
L'induction développe des théories après avoir observé des tendances communes.,Amir,Amazon Translate
La vie monastique met l'accent sur la simplicité et le service communautaire.,Amir,Amazon Translate
Les donateurs de la campagne financent les activités électorales sur une base volontaire.,Amir,Amazon Translate
La programmation définit clairement les tâches informatiques étape par étape.,Amir,Amazon Translate
L'ordre alphabétique permet de ranger facilement les livres de bibliothèque.,Amir,Amazon Translate
Le scrapbooking permet de conserver les souvenirs dans des albums décorés.,Amir,Amazon Translate
Les banques prêtent de l'argent en fonction des dépôts reçus.,Amir,Amazon Translate
Le concerto met en scène un instrument solo sur fond d'orchestre.,Amir,Amazon Translate
Les îles Malouines se trouvent à l'est de la côte sud-américaine.,Amir,Amazon Translate
L'escalade sur un mur nécessite des mouvements et une prise en main coordonnés.,Amir,Amazon Translate
La Proclamation d'émancipation a mis fin à l'esclavage dans les États rebelles américains.,Amir,Amazon Translate
Les calendriers de remboursement de la dette exigent des paiements en temps opportun.,Amir,Amazon Translate
La valeur de position donne aux chiffres des significations de magnitude différentes.,Amir,Amazon Translate
Les forces de flottabilité expliquent pourquoi les objets flottent dans les liquides.,Amir,Amazon Translate
La réflexion reflète les formes sous forme de symétrie visuelle.,Amir,Amazon Translate
La pensée utilitaire mesure le bonheur total dans les décisions.,Amir,Amazon Translate
L'ordination officialise l'autorité du clergé au sein des confessions.,Amir,Amazon Translate
La réforme pénitentiaire préconise d'intensifier les efforts de réhabilitation.,Amir,Amazon Translate
Les clés à douille font tourner fermement les boulons et les écrous.,Amir,Amazon Translate
Les réseaux sociaux permettent une diffusion rapide des informations dans le monde entier.,Amir,Amazon Translate
Un livre de style fournit des directives pour la cohérence de l'écriture.,Amir,Amazon Translate
Le réalisme dans l'art décrit la vie quotidienne avec précision.,Amir,Amazon Translate
"Le Caire est la capitale de l'Égypte, près du delta du Nil.",Amir,Amazon Translate
La peste noire a tué des millions de personnes à l'époque médiévale.,Amir,Amazon Translate
Les caissiers traitent les transactions dans les points de vente.,Amir,Amazon Translate
Le zéro est un espace réservé dans notre système de numérotation.,Amir,Amazon Translate
Les électrons gravitent autour des noyaux atomiques dans des coquilles.,Amir,Amazon Translate
Marie Curie a remporté deux prix Nobel.,Amir,Amazon Translate
La critique constructive améliore les performances ou les compétences.,Amir,Amazon Translate
La mémoire à court terme s'estompe rapidement en quelques minutes.,Amir,Amazon Translate
Les enseignements confucéens mettent l'accent sur le respect et les devoirs filiaux.,Amir,Amazon Translate
Les municipalités supervisent la planification et les services locaux.,Amir,Amazon Translate
Les applications de paiement mobiles transfèrent des fonds par voie électronique.,Amir,Amazon Translate
Les haut-parleurs sans fil utilisent le Bluetooth pour recevoir le son.,Amir,Amazon Translate
La glaçure céramique crée une finition brillante et imperméable.,Amir,Amazon Translate
Les Vénitiens voyagent en gondole sur les canaux de la ville.,Amir,Amazon Translate
L'entraînement croisé alterne les entraînements pour éviter les blessures.,Amir,Amazon Translate
L'architecture baroque présente des détails ornés.,Amir,Amazon Translate
Les portions de repas influent sur l'apport calorique et le métabolisme.,Amir,Amazon Translate
La réfraction fait passer la lumière à travers différents matériaux.,Amir,Amazon Translate
La volonté résiste constamment à la tentation.,Amir,Amazon Translate
L'analogie permet d'expliquer simplement de nouveaux concepts.,Amir,Amazon Translate
Les écrivains transcendantalistes ont préféré la nature à la société industrielle.,Amir,Amazon Translate
Les paroissiens assistent ensemble aux cultes réguliers.,Amir,Amazon Translate
Les débats présentent des points de vue divergents sur des questions spécifiques.,Amir,Amazon Translate
Les didacticiels facilitent l'apprentissage autoguidé en ligne.,Amir,Amazon Translate
Les livres de modèles illustrent l'artisanat étape par étape.,Amir,Amazon Translate
Des fresques décorent les chapelles avec des peintures murales colorées.,Amir,Amazon Translate
Les communautés Masaï s'étendent au Kenya et en Tanzanie.,Amir,Amazon Translate
Les arts martiaux renforcent l'agilité et la discipline.,Amir,Amazon Translate
Jamestown a été la première colonie permanente de l'Angleterre en Amérique.,Amir,Amazon Translate
Les imprimantes de reçus produisent instantanément des bordereaux de vérification des paiements.,Amir,Amazon Translate
Les phases de la lune varient au cours de chaque mois.,Amir,Amazon Translate
L'inclusion garantit l'égalité de traitement indépendamment des différences.,Amir,Amazon Translate
Les probabilités permettent de calculer mathématiquement les risques attendus.,Amir,Amazon Translate
Les codes moraux fournissent des normes collectives de comportement.,Amir,Amazon Translate
Les traditions mystiques explorent directement l'union spirituelle.,Amir,Amazon Translate
La Déclaration des droits protège les libertés fondamentales des États-Unis.,Amir,Amazon Translate
Les télécommandes universelles font fonctionner plusieurs appareils électroniques.,Amir,Amazon Translate
La photographie tintype utilisait historiquement des plaques métalliques.,Amir,Amazon Translate
Le détroit du Bosphore divise Istanbul en Europe et en Asie.,Amir,Amazon Translate
"Le kayak renforce les muscles du dos, des bras et du tronc.",Amir,Amazon Translate
La Convention de Genève définit les principes humanitaires en temps de guerre.,Amir,Amazon Translate
Les artisans fabriquent des objets à la main en utilisant des techniques spécialisées.,Amir,Amazon Translate
Des feuilles de calcul partageables facilitent la gestion de projet en équipe.,Amir,Amazon Translate
Les exposants négatifs représentent les inverses des nombres.,Amir,Amazon Translate
Les zones de subduction se situent là où les plaques tectoniques se rencontrent.,Amir,Amazon Translate
Les graphiques retracent visuellement les relations entre les variables.,Amir,Amazon Translate
La culture permet de produire efficacement de la nourriture à partir du sol.,Amir,Amazon Translate
Les listes de vertus encouragent le développement personnel éthique au quotidien.,Amir,Amazon Translate
Les croyances animistes relient les esprits aux plantes et aux animaux.,Amir,Amazon Translate
Des lois uniformes normalisent les réglementations entre les États.,Amir,Amazon Translate
"Le chronométrage permet de suivre les heures, les jours, les mois et les années avec précision.",Amir,Amazon Translate
Le chiffrement enregistre les informations en secret grâce à des algorithmes.,Amir,Amazon Translate
Les Poetry Slams proposent des interprétations de poèmes originaux.,Amir,Amazon Translate
Le Sydney Harbour Bridge relie les quartiers de la ville au fil de l'eau.,Amir,Amazon Translate
El Niño modifie les conditions météorologiques mondiales de façon cyclique.,Amir,Amazon Translate
"Les matchs de boxe mettent à l'épreuve la force, la stratégie et l'endurance.",Amir,Amazon Translate
Les amendements mettent à jour les textes juridiques de manière réfléchie.,Amir,Amazon Translate
La musique impressionniste capture des humeurs éphémères dans le son.,Amir,Amazon Translate
Les campagnes de santé publique permettent de lutter contre les épidémies au niveau local.,Amir,Amazon Translate
Les CV résument de manière concise les points forts de votre carrière.,Amir,Amazon Translate
Les microscopes grossissent de petits échantillons à des fins d'observation.,Amir,Amazon Translate
Les programmes de fidélité récompensent les achats répétés des clients.,Amir,Amazon Translate
La tectonique étudie les mouvements de la croûte terrestre.,Amir,Amazon Translate
La conscription recrute des citoyens pour le service militaire.,Amir,Amazon Translate
Les gestionnaires d'actifs investissent l'argent de leurs clients de manière stratégique.,Amir,Amazon Translate
L'économie positive analyse les faits sans jugement.,Amir,Amazon Translate
Les programmes informatiques déterministes ont toujours des résultats prévisibles.,Amir,Amazon Translate
La langue nahualt est originaire des peuples aztèques.,Amir,Amazon Translate
Rome est connue pour son architecture ancienne.,Amir,Amazon Translate
Le fleuve Amazone traverse l'Amérique du Sud.,Amir,Amazon Translate
Une alimentation équilibrée favorise la santé et l'énergie en général.,Amir,Amazon Translate
La Grèce antique a influencé la philosophie occidentale.,Amir,Amazon Translate
L'eau recouvre la majeure partie de la surface de la Terre.,Amir,Amazon Translate
L'oxygène représente 21 % de l'atmosphère de la Terre.,Amir,Amazon Translate
Les mathématiques utilisent des chiffres et des symboles pour résoudre des problèmes.,Amir,Amazon Translate
La soustraction supprime un nombre d'une autre quantité.,Amir,Amazon Translate
Le football est joué par deux équipes à l'aide d'un ballon.,Amir,Amazon Translate
Le courrier électronique permet d'envoyer des messages électroniques entre ordinateurs.,Amir,Amazon Translate
La couleur des yeux dépend en partie de la génétique.,Amir,Amazon Translate
La pluie tombe lorsque la vapeur d'eau se condense en gouttes.,Amir,Amazon Translate
Les tempêtes hivernales produisent de la neige ou de la glace.,Amir,Amazon Translate
Le printemps succède à l'hiver lorsque l'axe de la Terre s'incline.,Amir,Amazon Translate
Pythagore a développé des théories sur les triangles rectangles.,Amir,Amazon Translate
Le carbone est un élément clé pour les êtres vivants.,Amir,Amazon Translate
Saint-Pétersbourg s'appelait autrefois Leningrad.,Amir,Amazon Translate
Les moines vivent selon des vœux religieux dans certaines confessions.,Amir,Amazon Translate
Les médecins diagnostiquent les maladies et les blessures.,Amir,Amazon Translate
Les pilotes contrôlent les aéronefs pendant les vols.,Amir,Amazon Translate
La densité de population mesure le nombre de personnes par unité de surface.,Amir,Amazon Translate
Les bruits forts peuvent endommager l'audition au fil du temps.,Amir,Amazon Translate
Les ouragans impliquent des vents violents et de fortes pluies.,Amir,Amazon Translate
Le français est largement parlé en Afrique de l'Ouest.,Amir,Amazon Translate
Les statues rendent hommage à des personnages historiques importants.,Amir,Amazon Translate
Les rorquals bleus sont les plus gros animaux vivants aujourd'hui.,Amir,Amazon Translate
Les organismes vivants s'adaptent aux changements environnementaux.,Amir,Amazon Translate
Les plantes stockent l'énergie dans les racines et les graines.,Amir,Amazon Translate
Le carburant alimente les voitures et les machines.,Amir,Amazon Translate
L'ADN détermine les traits physiques hérités des parents.,Amir,Amazon Translate
Les écoles publiques proposent un enseignement gratuit.,Amir,Amazon Translate
Les échecs exigent une planification et une prévoyance minutieuses.,Amir,Amazon Translate
Les tremblements de terre libèrent soudainement l'énergie emmagasinée.,Amir,Amazon Translate
Les ascenseurs permettent de déplacer les personnes verticalement entre les étages des bâtiments.,Amir,Amazon Translate
Les agriculteurs cultivent des cultures pour la production alimentaire.,Amir,Amazon Translate
Les guitares produisent du son en faisant vibrer les cordes.,Amir,Amazon Translate
Le Parlement britannique adopte des lois au Royaume-Uni.,Amir,Amazon Translate
Les infirmières assistent les médecins dans la prise en charge des patients.,Amir,Amazon Translate
Les fibres de coton sont filées en fil.,Amir,Amazon Translate
"Les mathématiques impliquent l'arithmétique, la géométrie et l'algèbre.",Amir,Amazon Translate
Le gâteau est cuit pour les fêtes.,Amir,Amazon Translate
La natation renforce les muscles et la coordination.,Amir,Amazon Translate
La lecture améliore le vocabulaire et la compréhension.,Amir,Amazon Translate
Les satellites orbitent au-dessus de l'atmosphère terrestre.,Amir,Amazon Translate
Les feux de piste guident les avions qui atterrissent la nuit.,Amir,Amazon Translate
La musique classique suit des formes et des harmonies structurées.,Amir,Amazon Translate
Les fêtes des récoltes célèbrent les récoltes réussies.,Amir,Amazon Translate
Les baromètres mesurent la pression atmosphérique.,Amir,Amazon Translate
Les drapeaux symbolisent les pays et les organisations.,Amir,Amazon Translate
Les symphonies mettent en scène de grands groupes de musiciens jouant ensemble.,Amir,Amazon Translate
Manger des fruits fournit des vitamines et des fibres.,Amir,Amazon Translate
La programmation demande aux ordinateurs d'effectuer des tâches spécifiques.,Amir,Amazon Translate
La démocratie donne aux citoyens le droit de vote.,Amir,Amazon Translate
L'eau potable est essentielle à la santé.,Amir,Amazon Translate
La lecture améliore les capacités d'alphabétisation.,Amir,Amazon Translate
Les tremblements de terre sont provoqués par des mouvements tectoniques.,Amir,Amazon Translate
Le dioxyde de carbone est un gaz à effet de serre.,Amir,Amazon Translate
Les nuages contiennent de minuscules gouttes d'eau.,Amir,Amazon Translate
Les avions transportent rapidement des passagers entre les villes.,Amir,Amazon Translate
Pékin est la capitale de la Chine.,Amir,Amazon Translate
Les orchestres interprètent de la musique symphonique avec de nombreux musiciens.,Amir,Amazon Translate
Les frites sont faites à partir de pommes de terre.,Amir,Amazon Translate
Internet sans fil utilise des ondes radio pour la connexion.,Amir,Amazon Translate
La batterie emmagasine l'énergie pour les appareils électroniques.,Amir,Amazon Translate
Les moustiques sont porteurs de parasites du paludisme.,Amir,Amazon Translate
Les saxophones sont courants dans les groupes de jazz.,Amir,Amazon Translate
L'algèbre résout des équations dont les lettres représentent des nombres.,Amir,Amazon Translate
Les océans recouvrent environ 71 % de la surface de la Terre.,Amir,Amazon Translate
Vénus est la deuxième planète après le Soleil.,Amir,Amazon Translate
Le football se joue sur un terrain en gazon avec des buts.,Amir,Amazon Translate
Mail distribue les messages et les colis physiquement.,Amir,Amazon Translate
Le basket-ball utilise un ballon et deux cerceaux.,Amir,Amazon Translate
Les calendriers enregistrent les dates et les mois.,Amir,Amazon Translate
"Les ingénieurs conçoivent des bâtiments, des ponts et des véhicules.",Amir,Amazon Translate
La cuisine transforme les matières premières en repas.,Amir,Amazon Translate
"La physique étudie la matière, l'énergie et les forces.",Amir,Amazon Translate
"L'astronomie explore les étoiles, les planètes et les galaxies.",Amir,Amazon Translate
Les voitures électriques fonctionnent avec des batteries rechargeables.,Amir,Amazon Translate
Les livres racontent des histoires ou fournissent des informations.,Amir,Amazon Translate
"La gymnastique combine force, souplesse et coordination.",Amir,Amazon Translate
Les légumes-racines poussent sous le sol.,Amir,Amazon Translate
Le hip-hop fusionne la parole rythmée et la musique.,Amir,Amazon Translate
L'observation des oiseaux consiste à observer des oiseaux sauvages dans la nature.,Amir,Amazon Translate
Les antibiotiques tuent les bactéries responsables des infections.,Amir,Amazon Translate
Les vers luisants produisent de la lumière par bioluminescence.,Amir,Amazon Translate
Les aigles construisent des nids en hauteur dans les arbres ou les falaises.,Amir,Amazon Translate
Les tomates sont classées botaniquement dans la catégorie des baies.,Amir,Amazon Translate
Londres possède un métro appelé « The Tube ».,Amir,Amazon Translate
Les deltas fluviaux déposent des sédiments là où les rivières rencontrent les mers.,Amir,Amazon Translate
Les planètes tournent autour du soleil sur des orbites.,Amir,Amazon Translate
Les bibliothèques publiques prêtent des livres gratuitement.,Amir,Amazon Translate
La Rome antique a construit des aqueducs pour l'approvisionnement en eau douce.,Amir,Amazon Translate
"Les sinus sont des cavités situées dans le crâne, près du nez.",Amir,Amazon Translate
Les Romains ont construit des routes à travers leur empire.,Amir,Amazon Translate
Les avocats représentent les clients en matière juridique.,Amir,Amazon Translate
Les baleines migrent sur de grandes distances chaque année.,Amir,Amazon Translate
La randonnée permet de brûler des calories et est bénéfique pour la santé mentale.,Amir,Amazon Translate
La téléportation n'existe actuellement que dans la science-fiction.,Amir,Amazon Translate
Le football est appelé soccer en dehors de l'Amérique du Nord.,Amir,Amazon Translate
Le papier mâché permet de créer des sculptures et des modèles légers.,Amir,Amazon Translate
Le Colisée de Rome a accueilli des combats de gladiateurs.,Amir,Amazon Translate
"Les géologues étudient les roches, les minéraux et les séismes.",Amir,Amazon Translate
Les marionnettes apportent des mouvements réalistes aux poupées et aux personnages.,Amir,Amazon Translate
Les compositeurs créent de nouvelles œuvres instrumentales et vocales.,Amir,Amazon Translate
Les monocycles ont besoin d'équilibre pour rouler sur des roues simples.,Amir,Amazon Translate
Les phoques vivent le long des côtes et se nourrissent de poissons.,Amir,Amazon Translate
Les grands maîtres d'échecs gagnent des tournois internationaux en maîtrisant leur stratégie.,Amir,Amazon Translate
Les agriculteurs alternent les cultures pour préserver la santé des sols.,Amir,Amazon Translate
La poterie est façonnée puis cuite dans des fours.,Amir,Amazon Translate
Les dictionnaires définissent les mots anglais par ordre alphabétique.,Amir,Amazon Translate
Disneyland a ouvert ses portes en Californie en 1955.,Amir,Amazon Translate
Les violoncelles jouent des aigus graves dans les orchestres.,Amir,Amazon Translate
Les carnivores dépendent principalement de la chair animale.,Amir,Amazon Translate
L'eau bout plus vite à basse pression atmosphérique.,Amir,Amazon Translate
Les courants-jets s'écoulent au-dessus de la surface de la Terre.,Amir,Amazon Translate
La digestion décompose les aliments en nutriments.,Amir,Amazon Translate
Les zoos hébergent en toute sécurité des animaux exotiques et en voie de disparition.,Amir,Amazon Translate
Le théâtre présente l'émotion de l'histoire à travers le dialogue et l'action.,Amir,Amazon Translate
Les programmes scolaires précisent ce que les élèves doivent apprendre à l'école.,Amir,Amazon Translate
Le Pi Day est célébré chaque 14 mars.,Amir,Amazon Translate
Shakespeare a écrit des pièces de théâtre et des sonnets dans la littérature anglaise.,Amir,Amazon Translate
Les diamants sont fabriqués à partir de carbone hautement comprimé.,Amir,Amazon Translate
L'altitude du mont Everest dépasse 8 800 mètres au-dessus du niveau de la mer.,Amir,Amazon Translate
Les bananes fournissent des fibres et du potassium pour la nutrition.,Amir,Amazon Translate
"Les cartes affichent visuellement les régions, les frontières et les caractéristiques.",Amir,Amazon Translate
Les médecins traitent les maladies pour améliorer la santé des patients.,Amir,Amazon Translate
Les triangles ont trois angles dont la somme est égale à 180 degrés.,Amir,Amazon Translate
Le jazz met l'accent sur l'improvisation plutôt que sur les notes strictes.,Amir,Amazon Translate
Les musées préservent l'histoire et la culture pour les générations futures.,Amir,Amazon Translate
"Les postures de yoga augmentent la force, la flexibilité et l'équilibre.",Amir,Amazon Translate
Les atomes se combinent pour créer des composés chimiques distincts.,Amir,Amazon Translate
Le Wi-Fi permet des connexions sans fil pour les appareils.,Amir,Amazon Translate
Il pleut lorsque les nuages dégagent de la vapeur d'eau condensée.,Amir,Amazon Translate
La monnaie sert de moyen d'échange sur les marchés.,Amir,Amazon Translate
Le bambou peut pousser d'un mètre par jour dans des conditions idéales.,Amir,Amazon Translate
Les conducteurs doivent respecter les règles de circulation pour des raisons de sécurité.,Amir,Amazon Translate
Les abeilles fabriquent du miel à partir de sources de sucre végétal.,Amir,Amazon Translate
Le son se déplace le plus rapidement dans les matériaux solides.,Amir,Amazon Translate
La gravité permet aux corps planétaires de suivre des trajectoires elliptiques.,Amir,Amazon Translate
Les dictionnaires expliquent le sens et corrigent l'orthographe des mots.,Amir,Amazon Translate
La peinture utilise des pigments appliqués à l'aide de pinceaux ou de couteaux.,Amir,Amazon Translate
"Les couleurs neutres incluent le blanc, le noir, le gris et le beige.",Amir,Amazon Translate
Les orchestres interprètent des partitions classiques.,Amir,Amazon Translate
Les avions voyagent rapidement entre les destinations à l'aide de moteurs à réaction.,Amir,Amazon Translate
Les reptiles régulent leur température en se prélassant au soleil.,Amir,Amazon Translate
Les téléphones permettent la communication vocale sur de longues distances.,Amir,Amazon Translate
Les vitamines complètent les carences alimentaires pour une meilleure santé.,Amir,Amazon Translate
"Les livres partagent des connaissances, des idées ou des histoires avec les lecteurs.",Amir,Amazon Translate
Le temps nuageux diffuse largement la lumière naturelle du soleil.,Amir,Amazon Translate
Le jazz est originaire des communautés afro-américaines.,Amir,Amazon Translate
Les dentistes prennent soin des dents et des gencives en particulier.,Amir,Amazon Translate
Les panneaux solaires convertissent l'énergie des photons en électricité.,Amir,Amazon Translate
La démocratie permet aux citoyens de voter pour leurs dirigeants.,Amir,Amazon Translate
Le fromage se forme en faisant fermenter les enzymes du lait animal.,Amir,Amazon Translate
Les agriculteurs cultivent des plantes destinées à la consommation ou au bétail.,Amir,Amazon Translate
Les fractions décrivent des nombres inférieurs à des valeurs entières.,Amir,Amazon Translate
L'opéra fusionne performance vocale et narration dramatique.,Amir,Amazon Translate
Les nénuphars flottent sur les étangs à l'aide de larges feuilles.,Amir,Amazon Translate
Les Jeux olympiques ont lieu tous les quatre ans dans le monde entier.,Amir,Amazon Translate
La température mesure l'énergie thermique des substances.,Amir,Amazon Translate
Les citrons ajoutent de l'acidité et de la saveur aux aliments.,Amir,Amazon Translate
L'Antarctique ne compte aucun résident permanent à l'exception des scientifiques.,Amir,Amazon Translate
"Les journaux enregistrent les expériences, les pensées et les sentiments personnels.",Amir,Amazon Translate
La pêche fournit des ressources alimentaires riches en protéines.,Amir,Amazon Translate
Le verre est fabriqué en faisant fondre du sable et du carbonate de sodium.,Amir,Amazon Translate
Les archets de violon utilisent du crin de cheval pour produire le son.,Amir,Amazon Translate
Les girafes se nourrissent d'acacias à l'aide de grands cous.,Amir,Amazon Translate
Le fer résiste mieux à la corrosion lorsqu'il est recouvert de peinture.,Amir,Amazon Translate
"Les étoiles fusionnent des atomes d'hydrogène pour former des noyaux d'hélium, libérant ainsi de l'énergie.",Amir,Amazon Translate
La grammaire décrit la façon dont les langues structurent les phrases de manière logique.,Amir,Amazon Translate
La foudre se produit lorsque des charges opposées s'égalisent dans l'atmosphère.,Amir,Amazon Translate
Les appareils photo numériques enregistrent les photos sous forme d'images électroniques.,Amir,Amazon Translate
"L'ingénierie développe des machines, des routes, des appareils ou des structures.",Amir,Amazon Translate
Les tulipes sont des fleurs à bulbe originaires des régions d'Asie centrale.,Amir,Amazon Translate
Les carottes contiennent du bêta-carotène que l'organisme transforme en vitamine A.,Amir,Amazon Translate
Les pommes poussent sur des arbres à feuilles caduques qui perdent leurs feuilles chaque année.,Amir,Amazon Translate
La science consiste à poser des questions et à mener des expériences de manière méthodique.,Amir,Amazon Translate
Les bibliothèques publiques prêtent gratuitement des livres et des articles multimédias.,Amir,Amazon Translate
Les couchers de soleil modifient la couleur du ciel en diffusant les rayons du soleil.,Amir,Amazon Translate
Les feux de joie brûlent de plus grandes quantités de bois à l'extérieur.,Amir,Amazon Translate
Les médicaments aident à atténuer les symptômes d'une maladie ou d'une infection.,Amir,Amazon Translate
Les zèbres se fondent dans les prairies grâce à leur camouflage rayé.,Amir,Amazon Translate
L'hiver apporte des tempêtes de neige dans les zones climatiques froides.,Amir,Amazon Translate
Les enseignants soutiennent les objectifs d'apprentissage dans les établissements d'enseignement.,Amir,Amazon Translate
Les archéologues étudient les artefacts des sociétés passées.,Amir,Amazon Translate
Les joueurs de football marquent des buts en frappant un ballon.,Amir,Amazon Translate
Les ouragans causent de graves dommages causés par le vent et provoquent des inondations.,Amir,Amazon Translate
Le papier provient de fibres d'arbres transformées.,Amir,Amazon Translate
Le chocolat commence sous forme de fèves de cacao cultivées dans les climats tropicaux.,Amir,Amazon Translate
Les livres de cuisine donnent des instructions sur les recettes et les techniques de cuisson.,Amir,Amazon Translate
Les athlètes s'entraînent pour améliorer leurs performances physiques.,Amir,Amazon Translate
Rome abritait des empereurs comme Jules César.,Amir,Amazon Translate
Les guitares électriques nécessitent des amplificateurs pour augmenter le volume.,Amir,Amazon Translate
Les îles se forment lorsque les volcans émergent au-dessus de la ligne de flottaison.,Amir,Amazon Translate
Les graines germent lorsqu'elles sont humidifiées et réchauffées par l'environnement.,Amir,Amazon Translate
La psychologie étudie scientifiquement les processus mentaux et le comportement.,Amir,Amazon Translate
Le climat influence les types de végétation présents dans les zones géographiques.,Amir,Amazon Translate
Les icebergs se détachent des grands glaciers flottant dans l'océan.,Amir,Amazon Translate
"Shakespeare a écrit des pièces de théâtre, dont Hamlet et Macbeth.",Amir,Amazon Translate
"Une alimentation équilibrée comprend des protéines, des légumes et des céréales.",Amir,Amazon Translate
L'atmosphère de la Terre est principalement composée d'azote et d'oxygène.,Amir,Amazon Translate
Les vergers de pommiers produisent des fruits chaque automne.,Amir,Amazon Translate
Le sel permet de conserver la viande avant la réfrigération.,Amir,Amazon Translate
Les polygones sont des formes fermées dont les côtés sont droits uniquement.,Amir,Amazon Translate
La radio transmet les ondes sonores à distance sans fil.,Amir,Amazon Translate
Les grues utilisent de longues pattes pour patauger dans l'eau.,Amir,Amazon Translate
Les pièces servent de monnaie pour les petites transactions.,Amir,Amazon Translate
Les feuilles changent de couleur à l'automne à cause de la température.,Amir,Amazon Translate
Les professionnels de santé diagnostiquent et traitent les maladies.,Amir,Amazon Translate
Les échecs utilisent des mouvements stratégiques sur un plateau de jeu à damier.,Amir,Amazon Translate
Les médecins prescrivent des médicaments et des thérapies aux patients.,Amir,Amazon Translate
Les moustiques sont des porteurs courants de diverses maladies.,Amir,Amazon Translate
La logique constitue la base de l'argumentation rationnelle.,Amir,Amazon Translate
"Les mathématiques analysent les modèles, les quantités et les structures.",Amir,Amazon Translate
Les acteurs jouent des rôles dans des productions théâtrales.,Amir,Amazon Translate
Les enseignants éduquent les élèves dans les salles de classe du monde entier.,Amir,Amazon Translate
Frida Kahlo a peint des autoportraits expressifs.,Amir,Amazon Translate
"La tour Eiffel se trouve à Paris, en France.",Amir,Amazon Translate
"Au basketball, des équipes de cinq joueurs s'affrontent pour marquer des points.",Amir,Amazon Translate
Les bulldozers déplacent la terre pendant les projets de construction.,Amir,Amazon Translate
Les guillemets indiquent un discours ou des citations dans le texte.,Amir,Amazon Translate
Les ordinateurs traitent les informations électroniquement à grande vitesse.,Amir,Amazon Translate
Des éclairs se produisent en cas d'orage.,Amir,Amazon Translate
Les pyramides illustrent d'anciennes réalisations architecturales.,Amir,Amazon Translate
Les vitamines aident à maintenir les fonctions corporelles et le métabolisme.,Amir,Amazon Translate
La musique classique utilise des compositions structurées avec des instruments orchestrés.,Amir,Amazon Translate
Les plans guident les ingénieurs dans la conception des bâtiments.,Amir,Amazon Translate
Mars est visible à l'œil nu pendant l'opposition.,Amir,Amazon Translate
Les prévisions météorologiques prédisent les conditions atmosphériques futures au niveau local.,Amir,Amazon Translate
Le riz est la céréale de base des régimes alimentaires asiatiques.,Amir,Amazon Translate
La marionnette donne vie à des histoires à l'aide de personnages contrôlés à la main.,Amir,Amazon Translate
Le cancer décrit un groupe de maladies présentant une croissance cellulaire anormale.,Amir,Amazon Translate
Le moteur de recherche Google indexe des millions de pages Web chaque jour.,Amir,Amazon Translate
Le fromage provient de lait caillé conservé correctement.,Amir,Amazon Translate
Les crocodiles habitent les berges des rivières et les zones humides chaudes.,Amir,Amazon Translate
L'Antarctique connaît six mois de lumière naturelle continue par an.,Amir,Amazon Translate
"Les ingénieurs conçoivent des machines, des bâtiments et des infrastructures.",Amir,Amazon Translate
Les violonistes jouent des mélodies en inclinant les cordes avec précision.,Amir,Amazon Translate
Les îles sont entièrement entourées de plans d'eau.,Amir,Amazon Translate
Le jogging améliore la résilience face à la sédentarité.,Amir,Amazon Translate
La glace se forme naturellement lorsque les températures descendent en dessous de zéro.,Amir,Amazon Translate
Le football utilise un ballon sphérique et des poteaux de but par équipe.,Amir,Amazon Translate
Les sculpteurs créent des œuvres tridimensionnelles à partir de blocs de pierre ou de métal.,Amir,Amazon Translate
Une alimentation saine favorise le bon fonctionnement du système immunitaire.,Amir,Amazon Translate
L'électricité alimente les appareils électroniques partout dans le monde.,Amir,Amazon Translate
Les médecins traitent les blessures et les maladies au quotidien.,Amir,Amazon Translate
Les étagères de la bibliothèque classent les livres par sujet ou par auteur.,Amir,Amazon Translate
L'histoire étudie les personnages et les événements du passé.,Amir,Amazon Translate
Les tremblements de terre résultent de mouvements le long de failles souterraines.,Amir,Amazon Translate
"Le yoga intègre des techniques de posture, de respiration et de concentration.",Amir,Amazon Translate
Les danseurs de ballet exécutent des mouvements chorégraphiés avec grâce.,Amir,Amazon Translate
Les géographes étudient les distributions spatiales et les emplacements.,Amir,Amazon Translate
Les agriculteurs cultivent des céréales et des légumes pour la consommation.,Amir,Amazon Translate
Les abeilles produisent du miel dans les ruches.,Amir,Amazon Translate
Les Grecs de l'Antiquité ont construit des temples en l'honneur de leurs dieux.,Amir,Amazon Translate
Les bus publics permettent de se déplacer en commun dans les villes.,Amir,Amazon Translate
Les phoques vivent à la fois sur terre et en mer froide.,Amir,Amazon Translate
Le mur de Berlin a divisé Berlin-Est et Berlin-Ouest après la Seconde Guerre mondiale.,Amir,Amazon Translate
Les grands requins blancs possèdent plusieurs rangées de dents.,Amir,Amazon Translate
Les glands deviennent des chênes s'ils ne sont pas dérangés.,Amir,Amazon Translate
Les arachides poussent sous terre en gousses.,Amir,Amazon Translate
Le kiwi a une peau brune duveteuse et une chair verte.,Amir,Amazon Translate
"Les atomes forment tous les types de matières solides, liquides et gazeuses.",Amir,Amazon Translate
Les virus provoquent la grippe et le rhume.,Amir,Amazon Translate
"La mémoire humaine stocke des faits, des compétences et des expériences.",Amir,Amazon Translate
"Les supermarchés vendent des produits d'épicerie, des articles pour la maison et des articles personnels.",Amir,Amazon Translate
Les avions transportent rapidement des passagers à travers les continents.,Amir,Amazon Translate
Alexandre le Grand a conquis une grande partie du monde antique.,Amir,Amazon Translate
Le Bluetooth connecte sans fil les appareils numériques.,Amir,Amazon Translate
Les artistes expriment leurs idées visuellement à travers différents médias.,Amir,Amazon Translate
Le lavage des fruits et légumes élimine la saleté et les bactéries.,Amir,Amazon Translate
Le calcul détermine les zones situées sous les courbes et les taux de variation.,Amir,Amazon Translate
Les cartes représentent visuellement les zones géographiques à l'aide de symboles et de lignes.,Amir,Amazon Translate
Une alimentation équilibrée favorise une fonction immunitaire forte.,Amir,Amazon Translate
"Les musées présentent des expositions d'art, d'histoire et de science.",Amir,Amazon Translate
La gravité retient les objets à la surface de la Terre.,Amir,Amazon Translate
La photographie capture des images à l'aide d'appareils photo et de films ou de capteurs.,Amir,Amazon Translate
Les lapins détectent les prédateurs grâce à leurs grandes oreilles sensibles.,Amir,Amazon Translate
Les ordinateurs traitent les données à l'aide de systèmes numériques binaires.,Amir,Amazon Translate
Les pièces servent de monnaie pour les transactions commerciales.,Amir,Amazon Translate
Les violonistes jouent des notes aiguës dans des orchestres et des ensembles.,Amir,Amazon Translate
Les avions transportent des passagers entre des villes lointaines du monde.,Amir,Amazon Translate
Les médecins diagnostiquent les maladies et recommandent des traitements.,Amir,Amazon Translate
Les grues pataugent en eau peu profonde à la recherche de poissons et d'insectes.,Amir,Amazon Translate
Les statues commémorent des personnages ou des événements notables dans les espaces publics.,Amir,Amazon Translate
"Les élèves apprennent des matières académiques telles que les mathématiques, les sciences et les langues.",Amir,Amazon Translate
Les systèmes de positionnement mondial (GPS) aident à naviguer à l'extérieur.,Amir,Amazon Translate
Les températures estivales sont généralement supérieures à celles des mois d'hiver.,Amir,Amazon Translate
Les lacs contiennent des étendues d'eau douce ou d'eau salée stagnantes.,Amir,Amazon Translate
Les nuages sont constitués de gouttelettes de vapeur d'eau condensée froide.,Amir,Amazon Translate
Les équipes de football s'affrontent pour marquer des buts avec un ballon.,Amir,Amazon Translate
La science repose sur l'observation et les preuves expérimentales.,Amir,Amazon Translate
Les lunettes corrigent les problèmes de vision tels que la myopie.,Amir,Amazon Translate
"L'arithmétique comprend l'addition, la soustraction, la multiplication et la division.",Amir,Amazon Translate
Les horloges mesurent les intervalles de temps avec précision.,Amir,Amazon Translate
La pénicilline a été découverte comme antibiotique par Alexander Fleming.,Amir,Amazon Translate
La NASA explore l'espace extra-atmosphérique à l'aide de télescopes et d'engins spatiaux.,Amir,Amazon Translate
Les carnivores se nourrissent principalement en mangeant d'autres animaux.,Amir,Amazon Translate
"Le cerveau traite les pensées, les émotions et contrôle les fonctions corporelles.",Amir,Amazon Translate
Les voitures transportent rapidement des personnes et des marchandises sur les routes.,Amir,Amazon Translate
Vénus est la planète la plus chaude de notre système solaire.,Amir,Amazon Translate
L'Asie est le plus grand des continents de la Terre.,Amir,Amazon Translate
Frida Kahlo a peint des autoportraits influencés par la culture mexicaine.,Amir,Amazon Translate
"Les cartes simplifient le relief, les distances et les frontières politiques.",Amir,Amazon Translate
Un sommeil sain favorise la fonction immunitaire et la régulation de l'humeur.,Amir,Amazon Translate
Les médecins traitent les maladies à l'aide de diagnostics et de médicaments.,Amir,Amazon Translate
Le yoga combine étirements et respiration pour des bienfaits pour la santé.,Amir,Amazon Translate
Les plantes perdent leurs feuilles en automne dans les climats tempérés.,Amir,Amazon Translate
Les pingouins sont des oiseaux qui nagent mais ne volent pas.,Amir,Amazon Translate
Les océans recouvrent plus des deux tiers de la surface de la Terre.,Amir,Amazon Translate
Le plastique persiste dans la nature pendant des centaines d'années.,Amir,Amazon Translate
Les bibliothèques publiques prêtent des livres gratuitement aux titulaires de cartes.,Amir,Amazon Translate
Les baleines expulsent des jets d'air lorsqu'elles remontent à la surface pour respirer.,Amir,Amazon Translate
Les lapins utilisent de grandes oreilles pour détecter les sons ambiants.,Amir,Amazon Translate
Les déclarations d'opinion reflètent des croyances et non des faits universels.,Amir,Amazon Translate
Les ingénieurs conçoivent des solutions technologiques pour relever des défis pratiques.,Amir,Amazon Translate
Les artistes expriment leurs sentiments visuellement à travers des œuvres créatives.,Amir,Amazon Translate
La logique permet de tirer des conclusions valables sur la base de prémisses formelles.,Amir,Amazon Translate
Les récits structurent les histoires sous forme de séquences d'événements.,Amir,Amazon Translate
Les dictionnaires répertorient par ordre alphabétique les définitions et les prononciations des mots.,Amir,Amazon Translate
Les géologues étudient la composition et l'histoire des roches.,Amir,Amazon Translate
Les satellites gravitent autour des planètes pour transmettre des signaux à l'échelle mondiale.,Amir,Amazon Translate
Les sauterelles sautent beaucoup par rapport à leur taille.,Amir,Amazon Translate
Les marchés sont des lieux d'interaction entre acheteurs et vendeurs.,Amir,Amazon Translate
Les volcans émettent de la lave chaude lors des éruptions.,Amir,Amazon Translate
L'Afrique est le deuxième plus grand continent.,Amir,Amazon Translate
Le cœur fait circuler le sang pour fournir de l'oxygène aux tissus.,Amir,Amazon Translate
"La danse classique exige de la force, de la souplesse et un équilibre précis.",Amir,Amazon Translate
Le fleuve Yangtsé traverse l'est de la Chine.,Amir,Amazon Translate
La croissance musculaire est le résultat d'exercices de résistance réguliers.,Amir,Amazon Translate
Les vaccins contribuent à réduire la transmission des infections virales.,Amir,Amazon Translate
La crème solaire aide à prévenir les coups de soleil lors des belles journées d'été.,Amir,Amazon Translate
Les ours polaires nagent bien et chassent la banquise.,Amir,Amazon Translate
"Les Kurdes habitent des régions situées en Turquie, en Syrie, en Irak et en Iran.",Amir,Amazon Translate
Les pommes de terre poussent sous forme de tubercules sous le niveau du sol.,Amir,Amazon Translate
Les bibliothèques publiques prêtent gratuitement des livres aux membres de la communauté.,Amir,Amazon Translate
L'architecture romaine antique a été la première à créer des arches et des dômes.,Amir,Amazon Translate
Les ponts Keystone Arch répartissent le poids efficacement dans les vallées.,Amir,Amazon Translate
Les montagnes sont le résultat de changements tectoniques qui soulèvent les terres vers le haut.,Amir,Amazon Translate
Le football est un sport d'équipe qui n'utilise que les pieds et le ballon.,Amir,Amazon Translate
Le fromage est du lait fermenté affiné à différents âges.,Amir,Amazon Translate
"Les pommes mûrissent en rouge, vert ou jaune selon la variété.",Amir,Amazon Translate
Les glaciers façonnent lentement les montagnes en se déplaçant lentement.,Amir,Amazon Translate
Les chemins de fer transportent des passagers entre les villes sur de longues distances.,Amir,Amazon Translate
Les supermarchés proposent des produits allant de la viande aux produits de nettoyage.,Amir,Amazon Translate
Les éoliennes produisent de l'électricité sans brûler de combustibles fossiles.,Amir,Amazon Translate
Les fraises font partie des premiers fruits récoltés chaque printemps.,Amir,Amazon Translate
Le climat décrit les tendances météorologiques générales sur de plus longues périodes.,Amir,Amazon Translate
Les champignons poussent mieux dans les environnements humides et ombragés.,Amir,Amazon Translate
Les ingénieurs construisent des structures pour résister aux tremblements de terre et aux inondations.,Amir,Amazon Translate
Le sel préserve la chair de poisson contre la pourriture.,Amir,Amazon Translate
"Les nuages diffusent la lumière du soleil, produisant un ciel nocturne pastel.",Amir,Amazon Translate
Les médecins traitent les maladies en utilisant une médecine fondée sur des preuves.,Amir,Amazon Translate
Les dentistes nettoient les dents pour prévenir les caries.,Amir,Amazon Translate
Les mathématiques comprennent des domaines aussi divers que la géométrie et les statistiques.,Amir,Amazon Translate
Le hockey utilise des bâtons pour diriger les petites rondelles rondes.,Amir,Amazon Translate
Les lapins utilisent leurs pattes robustes pour s'échapper.,Amir,Amazon Translate
Les emballages en plastique protègent les denrées périssables de la détérioration.,Amir,Amazon Translate
La monnaie facilite les transactions et les échanges commerciaux.,Amir,Amazon Translate
Les musiciens de jazz interprètent des solos dans des harmonies changeantes.,Amir,Amazon Translate
Les sculpteurs sculptent des personnages en pierre représentant des personnages historiques.,Amir,Amazon Translate
La gravité fait que les marées changent périodiquement le long des côtes.,Amir,Amazon Translate
Des éclairs illuminent brièvement le ciel nocturne.,Amir,Amazon Translate
L'Antarctique reste presque recouvert de glace toute l'année.,Amir,Amazon Translate
La peinture en aérosol crée des peintures murales pop art sur les murs de la ville.,Amir,Amazon Translate
La pénicilline a été découverte accidentellement à la suite d'une contamination par des moisissures.,Amir,Amazon Translate
La logique décompose les arguments en prémisses et en conclusions rationnelles.,Amir,Amazon Translate
Le feuillage printanier émerge après les froides saisons d'hiver.,Amir,Amazon Translate
Les biscuits cuisent plus rapidement dans les fours à convection que dans les fours classiques.,Amir,Amazon Translate
Les livres transmettent des histoires et des informations de manière efficace.,Amir,Amazon Translate
Les photos capturent des moments visuels pour en profiter plus tard.,Amir,Amazon Translate
La technologie progresse rapidement grâce à la collaboration scientifique mondiale.,Amir,Amazon Translate
Les bouteilles en verre peuvent être lavées et réutilisées plusieurs fois.,Amir,Amazon Translate
L'algèbre résout des équations impliquant des variables et des opérations arithmétiques.,Amir,Amazon Translate
"Les tablettes intègrent des écrans, des processeurs, des batteries et des haut-parleurs de manière portable.",Amir,Amazon Translate
Les girafes font paître de grands arbres que les autres herbivores ne peuvent atteindre.,Amir,Amazon Translate
"Les horloges affichent les heures, les minutes et les secondes avec précision.",Amir,Amazon Translate
Monet a peint de célèbres scènes de nénuphars.,Amir,Amazon Translate
Le mont Everest est le point le plus haut de la planète.,Amir,Amazon Translate
L'eau potable favorise la régulation de la température corporelle.,Amir,Amazon Translate
L'Égypte ancienne a construit de grandes pyramides pour les pharaons.,Amir,Amazon Translate
L'art abstrait utilise des formes au lieu du réalisme.,Amir,Amazon Translate
L'Argentine est située au sud du Brésil en Amérique du Sud.,Amir,Amazon Translate
La consommation de légumes favorise la santé du système immunitaire.,Amir,Amazon Translate
La sculpture sculpte ou moule des œuvres d'art en trois dimensions.,Amir,Amazon Translate
Les bananes poussent bien dans les climats tropicaux.,Amir,Amazon Translate
Le pain doit lever avant d'être cuit.,Amir,Amazon Translate
La lumière du soleil fournit de l'énergie à tous les êtres vivants.,Amir,Amazon Translate
Les voitures réduisent le temps de trajet sur de longues distances.,Amir,Amazon Translate
"Les livres enregistrent des histoires, des informations et une histoire.",Amir,Amazon Translate
Les œufs contiennent des protéines et des vitamines A et D.,Amir,Amazon Translate
Le riz nourrit des milliards de personnes dans le monde chaque année.,Amir,Amazon Translate
L'opéra associe le chant à un accompagnement orchestral.,Amir,Amazon Translate
La musique classique utilise des sections de cordes et de cuivres.,Amir,Amazon Translate
Les centrales électriques produisent de l'électricité pour les communautés.,Amir,Amazon Translate
Les pièces servent de monnaie d'échange.,Amir,Amazon Translate
Napoléon a dirigé la France en tant qu'empereur.,Amir,Amazon Translate
Whitney Houston était une chanteuse pop influente.,Amir,Amazon Translate
Les ordinateurs traitent les informations à l'aide de circuits électroniques.,Amir,Amazon Translate
L'algèbre contient des variables représentant des valeurs inconnues.,Amir,Amazon Translate
Les moutons fournissent des fibres pour les vêtements chauds en laine.,Amir,Amazon Translate
Les médecins diagnostiquent les affections en fonction des symptômes et des tests.,Amir,Amazon Translate
"Les cartes mettent en évidence visuellement les rivières, les villes et les frontières.",Amir,Amazon Translate
Les éclairs sont plus fréquents lors des tempêtes estivales.,Amir,Amazon Translate
Les musiciens de jazz improvisent des mélodies de façon imprévisible.,Amir,Amazon Translate
Les emballages en plastique protègent les articles de l'humidité.,Amir,Amazon Translate
Un piano produit du son grâce à des cordes frappées.,Amir,Amazon Translate
Les étoiles émettent de la lumière à cause de la fusion nucléaire.,Amir,Amazon Translate
Les astronautes portent des combinaisons spatiales pour assurer leur protection extra-planétaire.,Amir,Amazon Translate
"Les mathématiques comprennent le calcul, les mesures et l'analyse.",Amir,Amazon Translate
Les opérations se partagent les responsabilités lors d'événements internationaux.,Amir,Amazon Translate
Mona Lisa affiche des expressions faciales mystérieuses.,Amir,Amazon Translate
Rome abrite des ruines d'anciennes civilisations.,Amir,Amazon Translate
La mémoire de l'ordinateur stocke temporairement les données à des fins de traitement.,Amir,Amazon Translate
Les calories mesurent l'énergie disponible dans les aliments consommés.,Amir,Amazon Translate
Le sang transporte les nutriments dans tout le système circulatoire.,Amir,Amazon Translate
Les portions régulent l'apport nutritionnel lors des repas.,Amir,Amazon Translate
Les musées présentent des œuvres ayant une valeur historique et artistique.,Amir,Amazon Translate
Les bananiers produisent à la fois des fruits et des feuilles comestibles.,Amir,Amazon Translate
Un petit-déjeuner nutritif favorise la concentration à l'école.,Amir,Amazon Translate
Les équations mathématiques peuvent avoir une ou plusieurs solutions.,Amir,Amazon Translate
La gravité permet aux humains de rester ancrés à la surface de la Terre.,Amir,Amazon Translate
Le fleuve Amazone possède un vaste bassin versant.,Amir,Amazon Translate
Les formes triangulaires sont courantes dans les cerfs-volants traditionnels.,Amir,Amazon Translate
Le chocolat provient de fèves de cacao transformées.,Amir,Amazon Translate
Les médecins recommandent la vaccination annuelle contre la grippe.,Amir,Amazon Translate
"La culture influence l'art, la langue et les coutumes sociales.",Amir,Amazon Translate
Le football utilise un ballon sphérique et deux filets.,Amir,Amazon Translate
La méditation calme l'anxiété et augmente la pleine conscience.,Amir,Amazon Translate
Tokyo est densément peuplée et technologiquement avancée.,Amir,Amazon Translate
Les livres transmettent le savoir de génération en génération.,Amir,Amazon Translate
Les routines d'entraînement renforcent des groupes musculaires spécifiques.,Amir,Amazon Translate
Les polygones sont des figures fermées à plusieurs côtés.,Amir,Amazon Translate
Le sel préserve la viande en inhibant la croissance des bactéries.,Amir,Amazon Translate
La production de fromage implique la coagulation et la fermentation.,Amir,Amazon Translate
Les diamants sont principalement du carbone disposé de façon tétraédrique.,Amir,Amazon Translate
Les pommes de terre fournissent des glucides dans diverses recettes.,Amir,Amazon Translate
Les aigles attrapent leurs proies à l'aide de puissantes serres.,Amir,Amazon Translate
Les photos capturent des souvenirs visuels pour la postérité.,Amir,Amazon Translate
Les glaciers se déplacent lentement sous leur propre poids.,Amir,Amazon Translate
Les girafes se nourrissent de feuilles de la cime des arbres inaccessibles aux autres.,Amir,Amazon Translate
Les grillons chantent surtout pendant les nuits chaudes.,Amir,Amazon Translate
Les systèmes juridiques appliquent les règles au sein des sociétés.,Amir,Amazon Translate
Les moulins à vent convertissent l'énergie cinétique en travail mécanique.,Amir,Amazon Translate
Les gens utilisent des calendriers pour planifier des événements.,Amir,Amazon Translate
Les lions chassent en groupe en coopération.,Amir,Amazon Translate
La soustraction détermine la différence entre les quantités.,Amir,Amazon Translate
Les fraises doivent être cueillies à maturité.,Amir,Amazon Translate
L'alphabétisation permet de comprendre les instructions écrites.,Amir,Amazon Translate
Les vaccins stimulent la réponse immunitaire en toute sécurité.,Amir,Amazon Translate
Les diagrammes circulaires représentent visuellement des fractions d'un tout.,Amir,Amazon Translate
Les tortues de mer retournent sur les plages pour pondre leurs œufs.,Amir,Amazon Translate
Les journaux informent les lecteurs de l'actualité.,Amir,Amazon Translate
"Les parcours de golf comportent des greens, des fairways et des bunkers de sable.",Amir,Amazon Translate
La lumière est réfléchie par les miroirs à angles égaux.,Amir,Amazon Translate
Les forêts denses abritent une plus grande diversité animale.,Amir,Amazon Translate
Les neurones transmettent des signaux dans tout le système nerveux.,Amir,Amazon Translate
La vision dépend de la lumière entrante à travers les lentilles.,Amir,Amazon Translate
Les voitures hybrides utilisent des moteurs électriques et des moteurs à essence.,Amir,Amazon Translate
Les muscles se contractent pour produire des mouvements corporels.,Amir,Amazon Translate
Les dictionnaires de mots définissent clairement les termes.,Amir,Amazon Translate
"Au basketball, les équipes tirent des cerceaux pour marquer des points.",Amir,Amazon Translate
Les pièces classiques nécessitent souvent un arrangement orchestral.,Amir,Amazon Translate
Internet fournit un accès mondial à l'information.,Amir,Amazon Translate
Les os soutiennent les organes et les tissus mous.,Amir,Amazon Translate
Les fossiles révèlent les structures d'anciens animaux.,Amir,Amazon Translate
Les peintures vont du style réaliste au style abstrait.,Amir,Amazon Translate
"La physique explore la matière, les forces et le mouvement.",Amir,Amazon Translate
Les mathématiciens élaborent des théories sur les nombres et les espaces.,Amir,Amazon Translate
Le chant des oiseaux communique des intentions en matière de territoire ou d'attraction.,Amir,Amazon Translate
L'arithmétique de base prend en charge les calculs quotidiens.,Amir,Amazon Translate
Les disques compacts stockent des données audio numériques.,Amir,Amazon Translate
