statement,committer,elicitation
猫通常作为家庭宠物饲养。,Amir,Amazon Translate
光的传播速度比声音快。,Amir,Amazon Translate
糖溶解在水中。,Amir,Amazon Translate
冬天通常比夏天更冷。,Amir,Amazon Translate
植物需要阳光进行光合作用。,Amir,Amazon Translate
大多数成年人有 32 颗牙齿。,Amir,Amazon Translate
书可以用纸制成。,Amir,Amazon Translate
雨水是由冷凝的水蒸气形成的。,Amir,Amazon Translate
汽车需要燃料才能运行。,Amir,Amazon Translate
国际象棋是在方形棋盘上进行的。,Amir,Amazon Translate
当面包露出来时会变旧。,Amir,Amazon Translate
月球绕地球旋转。,Amir,Amazon Translate
暴露在潮湿环境下铁会生锈。,Amir,Amazon Translate
蜘蛛有八条腿。,Amir,Amazon Translate
大象是最大的陆地动物。,Amir,Amazon Translate
三角形有三条边。,Amir,Amazon Translate
牛奶通常用于制作奶酪。,Amir,Amazon Translate
硬币通常由金属制成。,Amir,Amazon Translate
冰箱可以保冷食物。,Amir,Amazon Translate
重力将物体拉向地球。,Amir,Amazon Translate
袜子穿在脚上。,Amir,Amazon Translate
蜜蜂从花中采集花蜜。,Amir,Amazon Translate
鱼用鳃在水下呼吸。,Amir,Amazon Translate
火会产生热量和光线。,Amir,Amazon Translate
云层是可见的水滴堆积。,Amir,Amazon Translate
钻石被视为珍贵的宝石。,Amir,Amazon Translate
火山可以用熔岩喷发。,Amir,Amazon Translate
大米是许多国家的主食。,Amir,Amazon Translate
亚马逊是一片大型雨林。,Amir,Amazon Translate
鸟儿筑巢产卵。,Amir,Amazon Translate
一周有七天。,Amir,Amazon Translate
电话会远距离传输语音。,Amir,Amazon Translate
某些设施可以回收塑料。,Amir,Amazon Translate
苹果生长在树上。,Amir,Amazon Translate
袋鼠原产于澳大利亚。,Amir,Amazon Translate
风车可以发电。,Amir,Amazon Translate
人们在民主选举中投票。,Amir,Amazon Translate
图书馆向公众借书。,Amir,Amazon Translate
火车在轨道上行驶。,Amir,Amazon Translate
大多数铅笔都含有石墨。,Amir,Amazon Translate
相机拍摄照片。,Amir,Amazon Translate
足球是用椭圆球踢的。,Amir,Amazon Translate
冰淇淋暴露在高温下会融化。,Amir,Amazon Translate
电视显示动态影像。,Amir,Amazon Translate
飞机使用机翼飞行。,Amir,Amazon Translate
土豆生长在地下。,Amir,Amazon Translate
糖对大多数人来说味道很甜。,Amir,Amazon Translate
鞋子可以保护您的双脚。,Amir,Amazon Translate
海豚是哺乳动物，不是鱼。,Amir,Amazon Translate
钥匙用于解锁门。,Amir,Amazon Translate
巴黎是法国的首都。,Amir,Amazon Translate
卫星在太空中绕行星运行。,Amir,Amazon Translate
松树一年四季都保持绿色。,Amir,Amazon Translate
水母生活在海洋中。,Amir,Amazon Translate
撒哈拉沙漠是一片广阔的沙漠。,Amir,Amazon Translate
停电会阻止电力流动。,Amir,Amazon Translate
向日葵转向阳光。,Amir,Amazon Translate
自由女神像坐落在纽约港。,Amir,Amazon Translate
光线穿过水滴时会形成彩虹。,Amir,Amazon Translate
大多数青蛙可以跳很远的距离。,Amir,Amazon Translate
狼成群结队地狩猎。,Amir,Amazon Translate
海龟有坚硬的外壳。,Amir,Amazon Translate
地震是由构造板块移动引起的。,Amir,Amazon Translate
蝴蝶经历变形。,Amir,Amazon Translate
时钟测量时间。,Amir,Amazon Translate
金有黄色金属光泽。,Amir,Amazon Translate
指南针显示基本方向。,Amir,Amazon Translate
猫头鹰是夜间活动的鸟。,Amir,Amazon Translate
船漂浮在水上。,Amir,Amazon Translate
披萨是一种受欢迎的食物。,Amir,Amazon Translate
长颈鹿的脖子很长。,Amir,Amazon Translate
蜡烛燃烧时会发光。,Amir,Amazon Translate
竹子生长得很快。,Amir,Amazon Translate
足球是用圆球踢的。,Amir,Amazon Translate
蘑菇是真菌，不是植物。,Amir,Amazon Translate
激光器发射聚焦光束。,Amir,Amazon Translate
长城位于中国。,Amir,Amazon Translate
蚊子叮咬以血为食。,Amir,Amazon Translate
鸡蛋是常见的早餐食品。,Amir,Amazon Translate
马有蹄子。,Amir,Amazon Translate
肥皂可去除皮肤上的污垢。,Amir,Amazon Translate
许多昆虫经历了完全的变形。,Amir,Amazon Translate
北极是北极熊的家园。,Amir,Amazon Translate
地图显示地点的位置。,Amir,Amazon Translate
雨衣让你保持干爽。,Amir,Amazon Translate
闪电可以击中高大的物体。,Amir,Amazon Translate
水在零摄氏度时结冰。,Amir,Amazon Translate
狗是常见的家畜。,Amir,Amazon Translate
秋天树叶会变色。,Amir,Amazon Translate
纸是由木浆制成的。,Amir,Amazon Translate
大多数鸟会产卵。,Amir,Amazon Translate
西红柿含有维生素 C。,Amir,Amazon Translate
计算机处理数字信息。,Amir,Amazon Translate
奶牛为乳制品生产牛奶。,Amir,Amazon Translate
火车载有乘客或货物。,Amir,Amazon Translate
自行车由踏板提供动力。,Amir,Amazon Translate
蜂蜜是由蜜蜂制造的。,Amir,Amazon Translate
海洋覆盖了地球的大部分表面。,Amir,Amazon Translate
山脉会影响当地的天气。,Amir,Amazon Translate
大多数手表都会显示时间。,Amir,Amazon Translate
大脑控制身体机能。,Amir,Amazon Translate
菠萝的外皮很刺眼。,Amir,Amazon Translate
大多数植物都有绿叶。,Amir,Amazon Translate
长颈鹿是最高的动物。,Amir,Amazon Translate
塑料由石油制成。,Amir,Amazon Translate
咖啡含有咖啡因。,Amir,Amazon Translate
音乐可以由乐器制作。,Amir,Amazon Translate
狮子过着骄傲的生活。,Amir,Amazon Translate
钻石是在高压下形成的。,Amir,Amazon Translate
伦敦在英国。,Amir,Amazon Translate
爬行动物是冷血动物。,Amir,Amazon Translate
大多数人每天吃三顿饭。,Amir,Amazon Translate
羽毛覆盖了大多数鸟。,Amir,Amazon Translate
胡萝卜的β-胡萝卜素含量很高。,Amir,Amazon Translate
花生生长在地下。,Amir,Amazon Translate
鞋带可将鞋子固定在脚上。,Amir,Amazon Translate
火星被称为红色星球。,Amir,Amazon Translate
篮球可以在室内或室外进行。,Amir,Amazon Translate
鲸鱼通过气孔呼吸空气。,Amir,Amazon Translate
地图有助于导航。,Amir,Amazon Translate
钢是铁和碳的合金。,Amir,Amazon Translate
有些真菌会分解死去的植物。,Amir,Amazon Translate
键盘用于打字。,Amir,Amazon Translate
老虎有条纹的毛皮。,Amir,Amazon Translate
大多数飞机都有两个机翼。,Amir,Amazon Translate
有些沙漠有沙丘。,Amir,Amazon Translate
汽车发动机使用燃烧来运行。,Amir,Amazon Translate
彩虹有多种可见的颜色。,Amir,Amazon Translate
企鹅生活在寒冷的气候中。,Amir,Amazon Translate
氢是最轻的元素。,Amir,Amazon Translate
大多数哺乳动物都有毛发或毛皮。,Amir,Amazon Translate
图书馆存储信息资源。,Amir,Amazon Translate
橙子是多汁的柑橘类水果。,Amir,Amazon Translate
恒星以光和热的形式发射能量。,Amir,Amazon Translate
猴子是灵长类动物。,Amir,Amazon Translate
企鹅不能飞。,Amir,Amazon Translate
一条河流流向海拔较低的地方。,Amir,Amazon Translate
鲨鱼有锋利的牙齿。,Amir,Amazon Translate
甘蔗生长在热带地区。,Amir,Amazon Translate
你可以在冷空气中看到自己的呼吸。,Amir,Amazon Translate
在海滩上可以找到贝壳。,Amir,Amazon Translate
互联网连接世界各地的计算机。,Amir,Amazon Translate
许多笔记本电脑都有触摸板。,Amir,Amazon Translate
鹦鹉可以模仿人类的言语。,Amir,Amazon Translate
猎豹是最快的陆地动物。,Amir,Amazon Translate
龙卷风是在强风暴中形成的。,Amir,Amazon Translate
孔雀的尾巴上有五颜六色的羽毛。,Amir,Amazon Translate
雨水可以填满河流和湖泊。,Amir,Amazon Translate
牙膏可以清洁牙齿。,Amir,Amazon Translate
葡萄可以制成葡萄酒。,Amir,Amazon Translate
玫瑰是开花植物。,Amir,Amazon Translate
土狼是野犬。,Amir,Amazon Translate
海豚通过点击和吹口哨进行交流。,Amir,Amazon Translate
蜘蛛网捕捉昆虫。,Amir,Amazon Translate
有些公共汽车由电力提供动力。,Amir,Amazon Translate
考拉吃桉树叶。,Amir,Amazon Translate
骑马是一项户外活动。,Amir,Amazon Translate
办公桌为工作提供了一个表面。,Amir,Amazon Translate
航班从机场起飞。,Amir,Amazon Translate
蟋蟀在晚上会发出鸣叫声。,Amir,Amazon Translate
鲸鱼可以长距离交流。,Amir,Amazon Translate
三角形是基本的几何形状。,Amir,Amazon Translate
洗发水可以清洁你的头发。,Amir,Amazon Translate
企鹅走路时会蹒跚。,Amir,Amazon Translate
意大利面是一种面食。,Amir,Amazon Translate
相机可以录制视频和静止图像。,Amir,Amazon Translate
老鼠是小型啮齿动物。,Amir,Amazon Translate
大多数城市公交车都遵循时刻表。,Amir,Amazon Translate
胰腺产生胰岛素。,Amir,Amazon Translate
郁金香是春天的花朵。,Amir,Amazon Translate
雨林植物生长迅速。,Amir,Amazon Translate
蚊子会被积水吸引。,Amir,Amazon Translate
棋子以特定的方式移动。,Amir,Amazon Translate
珊瑚礁栖息着多种海洋生物。,Amir,Amazon Translate
熊在冬天冬眠。,Amir,Amazon Translate
地图可以是数字地图或纸质地图。,Amir,Amazon Translate
笔记本电脑可以依靠电池运行。,Amir,Amazon Translate
木头漂浮在水上。,Amir,Amazon Translate
树叶捕获阳光以获取能量。,Amir,Amazon Translate
风筝在风中飞翔。,Amir,Amazon Translate
老虎捕猎大型猎物。,Amir,Amazon Translate
光可以让人类看到他们的环境。,Amir,Amazon Translate
大多数哺乳动物生下活的幼虫。,Amir,Amazon Translate
盐可以增强许多食物的味道。,Amir,Amazon Translate
银河系是一个包含地球的星系。,Amir,Amazon Translate
猫用胡须来感知周围的环境。,Amir,Amazon Translate
地球每 24 小时旋转一次。,Amir,Amazon Translate
硬币可以用来支付小额购买。,Amir,Amazon Translate
黄油在室温下融化。,Amir,Amazon Translate
邮件由邮政服务交付。,Amir,Amazon Translate
可以训练狗服从命令。,Amir,Amazon Translate
兔子主要吃植物和蔬菜。,Amir,Amazon Translate
太阳为地球的生态系统提供能量。,Amir,Amazon Translate
许多湖泊是由冰川形成的。,Amir,Amazon Translate
糖会导致蛀牙。,Amir,Amazon Translate
风将空气从高压移到低压。,Amir,Amazon Translate
茶是将叶子浸泡在热水中制成的。,Amir,Amazon Translate
狼与家犬有关。,Amir,Amazon Translate
晒伤是由紫外线引起的。,Amir,Amazon Translate
章鱼有八只手臂。,Amir,Amazon Translate
马拉松长度为42公里。,Amir,Amazon Translate
有些鸟可以模仿人类的声音。,Amir,Amazon Translate
秋天树叶从树上掉下来。,Amir,Amazon Translate
煤炭是一种化石燃料。,Amir,Amazon Translate
狐狸的尾巴很浓密。,Amir,Amazon Translate
自行车有助于减少空气污染。,Amir,Amazon Translate
斑马有黑白条纹。,Amir,Amazon Translate
地震测量断层沿线的移动。,Amir,Amazon Translate
大多数船只是通过取代水来漂浮的。,Amir,Amazon Translate
巧克力含有可可。,Amir,Amazon Translate
云预示着天气的变化。,Amir,Amazon Translate
有些蜘蛛使用毒液来制服猎物。,Amir,Amazon Translate
奶牛会咀嚼幼虫来消化食物。,Amir,Amazon Translate
玫瑰有刺的茎。,Amir,Amazon Translate
许多猫头鹰在夜间狩猎。,Amir,Amazon Translate
土豆可以通过多种方式制备。,Amir,Amazon Translate
树叶吸收二氧化碳。,Amir,Amazon Translate
狼成群结队地旅行。,Amir,Amazon Translate
蚊子可以传播疟疾等疾病。,Amir,Amazon Translate
海豹是海洋哺乳动物。,Amir,Amazon Translate
飞机从跑道起飞。,Amir,Amazon Translate
蜡笔由彩色蜡制成。,Amir,Amazon Translate
夜晚可以看到星星。,Amir,Amazon Translate
西兰花是一种有营养的蔬菜。,Amir,Amazon Translate
水结冰时会形成冰。,Amir,Amazon Translate
长颈鹿的脖子很长，可以喂食。,Amir,Amazon Translate
钟楼向公众显示时间。,Amir,Amazon Translate
放大镜使物体显得更大。,Amir,Amazon Translate
地图使用符号作为地标。,Amir,Amazon Translate
鹦鹉以其明亮的羽毛而闻名。,Amir,Amazon Translate
Jackrabbits 的耳朵很长。,Amir,Amazon Translate
贝壳是由海洋动物制造的。,Amir,Amazon Translate
太阳距离地球约9300万英里。,Amir,Amazon Translate
火需要氧气才能燃烧。,Amir,Amazon Translate
毛毛虫变成蝴蝶。,Amir,Amazon Translate
橙子在吃之前先去皮。,Amir,Amazon Translate
冥王星被归类为矮行星。,Amir,Amazon Translate
闪烁可保持眼睛湿润。,Amir,Amazon Translate
黄瓜主要是水。,Amir,Amazon Translate
许多鱼在水中产卵。,Amir,Amazon Translate
指南针使用磁力来寻找北方。,Amir,Amazon Translate
闪电可能导致野火。,Amir,Amazon Translate
肥皂泡是球形的。,Amir,Amazon Translate
许多蘑菇生长在潮湿的森林里。,Amir,Amazon Translate
飞机在云层上空飞行。,Amir,Amazon Translate
寄居蟹会找到空壳来居住。,Amir,Amazon Translate
手表显示当前时间。,Amir,Amazon Translate
鲸之歌在水下长途传播。,Amir,Amazon Translate
猫可以缩回爪子。,Amir,Amazon Translate
小提琴是用弓弹的。,Amir,Amazon Translate
兰花是热带花卉。,Amir,Amazon Translate
天气炎热时，雨水会使空气降温。,Amir,Amazon Translate
老鹰的视力非常好。,Amir,Amazon Translate
蜜蜂是重要的授粉者。,Amir,Amazon Translate
松树的叶子像针一样。,Amir,Amazon Translate
大多数公寓楼有多个楼层。,Amir,Amazon Translate
起重机在建筑工地起重物。,Amir,Amazon Translate
骆驼在驼峰中储存脂肪。,Amir,Amazon Translate
地图可以帮助人们找到方向。,Amir,Amazon Translate
兔子的耳朵很长。,Amir,Amazon Translate
睡眠可以恢复人类和动物的能量。,Amir,Amazon Translate
鸽子生活在世界各地的城市中。,Amir,Amazon Translate
刀是用来切食物的。,Amir,Amazon Translate
乌鸦是非常聪明的鸟。,Amir,Amazon Translate
幼苗由播种的种子生长。,Amir,Amazon Translate
铝是一种用于罐头的轻质金属。,Amir,Amazon Translate
山顶的气压较低。,Amir,Amazon Translate
河流会侵蚀岩石和土壤。,Amir,Amazon Translate
蚂蚁生活在有组织的殖民地。,Amir,Amazon Translate
孩子通常在十二岁之前会掉乳牙。,Amir,Amazon Translate
鸟儿有空心骨头可以帮助它们飞行。,Amir,Amazon Translate
黄金用于制作珠宝。,Amir,Amazon Translate
柠檬因柠檬酸而变酸。,Amir,Amazon Translate
红细胞携带氧气。,Amir,Amazon Translate
有些蝙蝠使用回声定位来导航。,Amir,Amazon Translate
绿色是次要颜色。,Amir,Amazon Translate
水是氢气和氧气的化合物。,Amir,Amazon Translate
有些猫头鹰可以将头部旋转 270 度。,Amir,Amazon Translate
三角形总是有三个角度。,Amir,Amazon Translate
蛇会定期脱皮。,Amir,Amazon Translate
奶酪由发酵牛奶制成。,Amir,Amazon Translate
地图使用图例来解释符号。,Amir,Amazon Translate
大多数人有二十颗乳牙。,Amir,Amazon Translate
风使云层穿过天空。,Amir,Amazon Translate
手表由电池或弹簧供电。,Amir,Amazon Translate
有些鱼会变色作为伪装。,Amir,Amazon Translate
面包使用酵母或发酵粉制成。,Amir,Amazon Translate
章鱼受到威胁时会喷出墨水。,Amir,Amazon Translate
有些动物在冬天会冬眠。,Amir,Amazon Translate
猎豹可以在短时间内达到高速度。,Amir,Amazon Translate
日出发生在东部。,Amir,Amazon Translate
海马用可怕的尾巴锚定自己。,Amir,Amazon Translate
巧克力对许多动物有毒。,Amir,Amazon Translate
蜜蜂将蜂蜜储存在蜂箱中。,Amir,Amazon Translate
铜是一种很好的电导体。,Amir,Amazon Translate
骆驼的睫毛很长，可以防沙。,Amir,Amazon Translate
大西洋与几大洲接壤。,Amir,Amazon Translate
龙卷风的外观呈漏斗状。,Amir,Amazon Translate
玫瑰需要阳光和水才能生长。,Amir,Amazon Translate
邮局负责邮件分发。,Amir,Amazon Translate
大多数现代手机都是智能手机。,Amir,Amazon Translate
月球的重力导致地球出现潮汐。,Amir,Amazon Translate
南极洲主要被冰覆盖。,Amir,Amazon Translate
蚯蚓有助于改善土壤结构。,Amir,Amazon Translate
大多数蜘蛛对人类无害。,Amir,Amazon Translate
风扇在房间内循环空气。,Amir,Amazon Translate
奇异鸟是来自新西兰的不会飞的鸟。,Amir,Amazon Translate
大多数面料都是用线编织而成的。,Amir,Amazon Translate
闪电是由云层中的放电引起的。,Amir,Amazon Translate
企鹅在水下捕鱼。,Amir,Amazon Translate
猎豹以其冲刺速度而闻名。,Amir,Amazon Translate
猫咪在满足时经常发出呼噜声。,Amir,Amazon Translate
考拉会长时间睡觉。,Amir,Amazon Translate
树木提供阴凉和避难所。,Amir,Amazon Translate
熊猫主要吃竹子。,Amir,Amazon Translate
冰箱可以使食物保持冷冻。,Amir,Amazon Translate
冰之所以漂浮是因为它的密度小于水。,Amir,Amazon Translate
地图可帮助旅行者规划行程。,Amir,Amazon Translate
熔岩冷却成坚硬的岩石。,Amir,Amazon Translate
起重机是用于起重的机器。,Amir,Amazon Translate
蜥蜴晒在阳光下热身。,Amir,Amazon Translate
稻田需要积水。,Amir,Amazon Translate
烟雾探测器可以感知火灾中的颗粒。,Amir,Amazon Translate
萤火虫从腹部发光。,Amir,Amazon Translate
海绵生活在海洋中。,Amir,Amazon Translate
三文鱼向上游游游来产卵。,Amir,Amazon Translate
大多数哺乳动物都有温血。,Amir,Amazon Translate
条纹有助于斑马在草地上伪装。,Amir,Amazon Translate
岩石可以是沉积岩、火成岩或变质岩。,Amir,Amazon Translate
企鹅使用脚鳍游泳。,Amir,Amazon Translate
在阴天，云会阻挡阳光。,Amir,Amazon Translate
雪花有六面。,Amir,Amazon Translate
宝宝在走路之前会爬行。,Amir,Amazon Translate
树叶会流失叶绿素并在秋天褪色。,Amir,Amazon Translate
由于溶解的矿物质，海洋变咸。,Amir,Amazon Translate
猫头鹰在夜间默默地狩猎。,Amir,Amazon Translate
种子含有胚胎植物。,Amir,Amazon Translate
地图通常以三角形显示山脉。,Amir,Amazon Translate
鸵鸟是最大的鸟。,Amir,Amazon Translate
宝宝喝牛奶是为了营养。,Amir,Amazon Translate
消防员用水管扑灭大火。,Amir,Amazon Translate
地图以北为方向。,Amir,Amazon Translate
潮汐每天上升和下降两次。,Amir,Amazon Translate
水獭使用岩石来打开贝壳。,Amir,Amazon Translate
雨水补充河流和湖泊。,Amir,Amazon Translate
闪电可能导致停电。,Amir,Amazon Translate
海豹使用脚鳍游泳。,Amir,Amazon Translate
细菌可以快速繁殖。,Amir,Amazon Translate
橡树会产生橡子。,Amir,Amazon Translate
蟋蟀，通过摩擦翅膀发出声音。,Amir,Amazon Translate
壁虎可以粘在墙上。,Amir,Amazon Translate
北极熊是很强的游泳运动员。,Amir,Amazon Translate
行星绕太阳系中的恒星运行。,Amir,Amazon Translate
秃鹰搜寻食物。,Amir,Amazon Translate
小提琴是一种弦乐器。,Amir,Amazon Translate
山羊可以爬上陡峭的地形。,Amir,Amazon Translate
火摸起来很热。,Amir,Amazon Translate
海洋是许多动物的栖息地。,Amir,Amazon Translate
雨后阳光折射时会出现彩虹。,Amir,Amazon Translate
智能手机具有用于拍照的内置摄像头。,Amir,Amazon Translate
大多数汽车使用汽油或柴油作为燃料。,Amir,Amazon Translate
鱼用蛙鞋在水中游泳。,Amir,Amazon Translate
咖啡通常是热的。,Amir,Amazon Translate
蜘蛛会旋转网来捕捉猎物。,Amir,Amazon Translate
蜜蜂生活在殖民地。,Amir,Amazon Translate
气球升起是因为氦气比空气轻。,Amir,Amazon Translate
松树会产生锥体作为种子。,Amir,Amazon Translate
雨水通常会使地面变湿。,Amir,Amazon Translate
青蛙跳来移动。,Amir,Amazon Translate
飞机可以长距离飞行。,Amir,Amazon Translate
蝴蝶有五颜六色的翅膀。,Amir,Amazon Translate
苹果可以是红色、绿色或黄色。,Amir,Amazon Translate
火车在金属轨道上行驶。,Amir,Amazon Translate
长颈鹿吃高大树上的树叶。,Amir,Amazon Translate
鞋子穿在脚上。,Amir,Amazon Translate
河流流向海洋或湖泊。,Amir,Amazon Translate
火山在喷发期间会释放火山灰和熔岩。,Amir,Amazon Translate
袋鼠可以跳很远的距离。,Amir,Amazon Translate
西兰花是绿色的，可以食用。,Amir,Amazon Translate
橙子是维生素 C 的来源。,Amir,Amazon Translate
云是由蒸发的水蒸气形成的。,Amir,Amazon Translate
猫用舌头清洁自己。,Amir,Amazon Translate
草是绿色的，是从地上长出来的。,Amir,Amazon Translate
冬季的特点是气温较低。,Amir,Amazon Translate
狗可以吠叫来交流。,Amir,Amazon Translate
大象的耳朵和树干很大。,Amir,Amazon Translate
热空气上升到较冷的空气上方。,Amir,Amazon Translate
鹿的鹿角每年都会脱落。,Amir,Amazon Translate
鲸鱼是最大的海洋哺乳动物。,Amir,Amazon Translate
煤炭被用作燃料来源。,Amir,Amazon Translate
月球影响海洋潮汐。,Amir,Amazon Translate
起重机是高大的鸟，脖子很长。,Amir,Amazon Translate
猴子用尾巴来保持平衡。,Amir,Amazon Translate
风会移动树枝。,Amir,Amazon Translate
绵羊每年都种羊毛。,Amir,Amazon Translate
燃料为大多数汽车提供动力。,Amir,Amazon Translate
沙漠通常是干燥的环境。,Amir,Amazon Translate
盐可以保存某些食物。,Amir,Amazon Translate
茄子生长在植物上。,Amir,Amazon Translate
粉笔在黑板上写字。,Amir,Amazon Translate
水獭生活在河流和湖泊中。,Amir,Amazon Translate
蚊子会叮咬人类和动物。,Amir,Amazon Translate
笔记本电脑是便携式计算机。,Amir,Amazon Translate
地图显示边界和国家。,Amir,Amazon Translate
防晒霜可保护皮肤免受晒伤。,Amir,Amazon Translate
足球需要团队合作才能有效地踢球。,Amir,Amazon Translate
食肉动物吃肉。,Amir,Amazon Translate
昆虫有三个身体部分。,Amir,Amazon Translate
牛奶是许多文化的主食。,Amir,Amazon Translate
雪花有独特的图案。,Amir,Amazon Translate
蚱蜢，可以长距离跳跃。,Amir,Amazon Translate
重力使物体保持接地。,Amir,Amazon Translate
猪是农场动物。,Amir,Amazon Translate
电台广播音乐和新闻。,Amir,Amazon Translate
鸡会产蛋作为食物。,Amir,Amazon Translate
地图可以按不同的比例绘制。,Amir,Amazon Translate
雨水浇灌植物和树木。,Amir,Amazon Translate
钢比铁强。,Amir,Amazon Translate
水对所有已知生命都至关重要。,Amir,Amazon Translate
青蛙可以大声叫喊。,Amir,Amazon Translate
玉米是在夏末收获的。,Amir,Amazon Translate
海豚是野外的社交动物。,Amir,Amazon Translate
蜗牛有螺旋壳。,Amir,Amazon Translate
蚂蚁携带的负荷比它们的身体还重。,Amir,Amazon Translate
郁金香是用土壤中的球茎生长的。,Amir,Amazon Translate
太阳在白天提供光线。,Amir,Amazon Translate
云层饱和时会形成雨。,Amir,Amazon Translate
猫用尾巴来保持平衡。,Amir,Amazon Translate
开水可以杀死许多细菌。,Amir,Amazon Translate
香蕉成群地生长在树上。,Amir,Amazon Translate
电风扇为房间降温。,Amir,Amazon Translate
狼通过嚎叫进行交流。,Amir,Amazon Translate
玉米是一种常见的谷类作物。,Amir,Amazon Translate
飞机长途运送乘客。,Amir,Amazon Translate
大多数鱼的皮上都有鳞片。,Amir,Amazon Translate
兔子挖洞穴作为避难所。,Amir,Amazon Translate
电视播放各种节目。,Amir,Amazon Translate
狗会吠叫以提醒主人。,Amir,Amazon Translate
企鹅在陆地上蹒跚。,Amir,Amazon Translate
西瓜主要含有水。,Amir,Amazon Translate
猴子经常从树枝上摇摆。,Amir,Amazon Translate
蝴蝶是从毛毛虫中长出来的。,Amir,Amazon Translate
法国位于欧洲。,Amir,Amazon Translate
马匹奔跑得很快。,Amir,Amazon Translate
海豚生活在咸水环境中。,Amir,Amazon Translate
钢笔用于在纸上书写。,Amir,Amazon Translate
月球表面有许多火山口。,Amir,Amazon Translate
牛奶是钙的来源。,Amir,Amazon Translate
闪电可以引发森林大火。,Amir,Amazon Translate
黄瓜可以腌制。,Amir,Amazon Translate
大多数衬衫都有袖子。,Amir,Amazon Translate
老虎是食肉哺乳动物。,Amir,Amazon Translate
面包是在烤箱里烤的。,Amir,Amazon Translate
斑马有条纹的皮革。,Amir,Amazon Translate
苹果在夏末成熟。,Amir,Amazon Translate
肥皂溶解油脂和污垢。,Amir,Amazon Translate
Mt。珠穆朗玛峰是一个受欢迎的攀岩目的地。,Amir,Amazon Translate
书可以讲虚构的故事。,Amir,Amazon Translate
白头鹰原产于北美。,Amir,Amazon Translate
鲨鱼是海洋中的顶级捕食者。,Amir,Amazon Translate
钢琴有黑白按键。,Amir,Amazon Translate
数字时钟以数字方式显示时间。,Amir,Amazon Translate
椅子专为坐着而设计。,Amir,Amazon Translate
公鸡在黎明时鸣叫。,Amir,Amazon Translate
玫瑰有多种颜色。,Amir,Amazon Translate
河马生活在非洲的河流和湖泊中。,Amir,Amazon Translate
日历显示天、周和月。,Amir,Amazon Translate
降落伞有助于减缓从高处下降的速度。,Amir,Amazon Translate
狮子被称为 “丛林之王”。,Amir,Amazon Translate
花生会引起过敏反应。,Amir,Amazon Translate
胡萝卜有益于视力健康。,Amir,Amazon Translate
鹅以 V 形飞行。,Amir,Amazon Translate
松树在冬天会留针。,Amir,Amazon Translate
葡萄成群生长。,Amir,Amazon Translate
冰块在冰柜中形成。,Amir,Amazon Translate
水母用触角刺痛。,Amir,Amazon Translate
马粪用作肥料。,Amir,Amazon Translate
雨季要穿雨衣。,Amir,Amazon Translate
由于构造运动，地震震动了地面。,Amir,Amazon Translate
激光器可以快速扫描条形码。,Amir,Amazon Translate
硬币用于零钱。,Amir,Amazon Translate
草莓成熟时是红色的。,Amir,Amazon Translate
食盐是氯化钠。,Amir,Amazon Translate
犀牛有一两个角。,Amir,Amazon Translate
章鱼的手臂很灵活。,Amir,Amazon Translate
松鼠为冬天收集坚果。,Amir,Amazon Translate
熔岩硬化成火山岩。,Amir,Amazon Translate
西葫芦是一种南瓜。,Amir,Amazon Translate
龙卷风是猛烈的旋转风。,Amir,Amazon Translate
蕨类植物使用孢子繁殖。,Amir,Amazon Translate
地图可以指示海拔变化。,Amir,Amazon Translate
太平洋覆盖了地球的大片区域。,Amir,Amazon Translate
狗能认出熟悉的人。,Amir,Amazon Translate
树根将植物锚定在土壤中。,Amir,Amazon Translate
鸟用嘴代替牙齿。,Amir,Amazon Translate
冰在温度高于零摄氏度时融化。,Amir,Amazon Translate
雨水有助于农作物生长。,Amir,Amazon Translate
巧克力在温暖的条件下融化。,Amir,Amazon Translate
老鼠是夜间活动的小型啮齿动物。,Amir,Amazon Translate
蒸汽从沸水中升起。,Amir,Amazon Translate
月亮在夜间反射阳光。,Amir,Amazon Translate
蝙蝠倒挂睡觉。,Amir,Amazon Translate
酸奶是用细菌培养物制成的。,Amir,Amazon Translate
保留书籍以供阅读。,Amir,Amazon Translate
草莓生长在离地面很近的地方。,Amir,Amazon Translate
冷空气比温暖的空气更密集。,Amir,Amazon Translate
骆驼可以在体内储存水。,Amir,Amazon Translate
黄金不会生锈。,Amir,Amazon Translate
植物在光合作用过程中释放氧气。,Amir,Amazon Translate
狮子生活在非洲大草原。,Amir,Amazon Translate
生菜通常用于沙拉。,Amir,Amazon Translate
竹子是一种草种。,Amir,Amazon Translate
土豆可以捣碎或油炸。,Amir,Amazon Translate
香蕉过熟时会变成棕色。,Amir,Amazon Translate
北极圈有漫长的冬夜。,Amir,Amazon Translate
水母的尸体主要是水。,Amir,Amazon Translate
奇异果里面含有黑色种子。,Amir,Amazon Translate
鳄鱼的下巴很结实。,Amir,Amazon Translate
山顶的温度低于山谷。,Amir,Amazon Translate
塑料在包装中很常见。,Amir,Amazon Translate
犀牛有厚实的保护性皮肤。,Amir,Amazon Translate
篮球是在球场上进行的。,Amir,Amazon Translate
新鲜空气对呼吸很重要。,Amir,Amazon Translate
香兰叶用于亚洲烹饪。,Amir,Amazon Translate
胡萝卜生长在地下。,Amir,Amazon Translate
咖啡豆生长在灌木丛上。,Amir,Amazon Translate
山羊吃树叶和草。,Amir,Amazon Translate
为了增添风味，奶酪经过陈化。,Amir,Amazon Translate
为了安全起见，斑马成群结队地奔跑。,Amir,Amazon Translate
水獭有密集的毛皮作为隔热材料。,Amir,Amazon Translate
花生实际上是豆类。,Amir,Amazon Translate
秋天橡子会从橡树上掉下来。,Amir,Amazon Translate
狼的嚎叫可以长距离传播。,Amir,Amazon Translate
直升机可以垂直起飞。,Amir,Amazon Translate
蚊子会被人体呼吸吸引。,Amir,Amazon Translate
雨水可以用桶收集。,Amir,Amazon Translate
电脑鼠标控制屏幕上的移动。,Amir,Amazon Translate
海星可以重新长出失去的武器。,Amir,Amazon Translate
树懒在树上缓慢移动。,Amir,Amazon Translate
企鹅挤在一起保暖。,Amir,Amazon Translate
大多数橙子是在冬天收获的。,Amir,Amazon Translate
毛毛虫在化脓之前会吃树叶。,Amir,Amazon Translate
灯塔在海上引导船只。,Amir,Amazon Translate
海龟使用贝壳保护自己。,Amir,Amazon Translate
随着时间的推移，河流会开辟河道。,Amir,Amazon Translate
南瓜用来做馅饼。,Amir,Amazon Translate
向日葵会产生可食用的种子。,Amir,Amazon Translate
壁虎用特殊的脚趾垫粘附在表面上。,Amir,Amazon Translate
金星被称为地球的双行星。,Amir,Amazon Translate
回形针由弯曲的钢丝制成。,Amir,Amazon Translate
雪是由冰冻的水蒸气形成的。,Amir,Amazon Translate
山脉通常由构造板块形成。,Amir,Amazon Translate
狮子通过咆哮进行交流。,Amir,Amazon Translate
国际象棋使用两支棋子大军。,Amir,Amazon Translate
将小麦研磨成面粉。,Amir,Amazon Translate
竹笋是可以食用的。,Amir,Amazon Translate
烟雾升起在火焰之上。,Amir,Amazon Translate
雷达使用无线电波检测物体。,Amir,Amazon Translate
冰山漂浮在极地海洋中。,Amir,Amazon Translate
大多数蛇会产卵。,Amir,Amazon Translate
蚂蚁使用费洛蒙进行交流。,Amir,Amazon Translate
闪电可以多次袭击。,Amir,Amazon Translate
蝌蚪，变成青蛙。,Amir,Amazon Translate
心脏不由自主地跳动。,Amir,Amazon Translate
蜥蜴可以掉下尾巴来逃避掠食者。,Amir,Amazon Translate
水果通常含有用于繁殖的种子。,Amir,Amazon Translate
灯泡将电能转换为可见光。,Amir,Amazon Translate
为了稳定起见，汽车有四个轮子。,Amir,Amazon Translate
馅饼通常用糕点皮制成。,Amir,Amazon Translate
自行车需要踩踏板才能向前移动。,Amir,Amazon Translate
纸张用于书写和打印。,Amir,Amazon Translate
咖啡是用烤过的咖啡豆冲泡而成的。,Amir,Amazon Translate
猎豹可以比其他动物跑得更快。,Amir,Amazon Translate
狼生活在被称为群的家庭群体中。,Amir,Amazon Translate
牙刷可以清洁牙齿和牙龈。,Amir,Amazon Translate
牙医建议每天刷牙两次。,Amir,Amazon Translate
饲养绵羊是为了换羊毛。,Amir,Amazon Translate
计算机存储和处理信息。,Amir,Amazon Translate
水对植物的生长至关重要。,Amir,Amazon Translate
许多蘑菇在雨后生长。,Amir,Amazon Translate
蜜蜂为许多开花植物授粉。,Amir,Amazon Translate
猫在感觉舒服时会发出呼噜声。,Amir,Amazon Translate
苹果在馅饼中很受欢迎。,Amir,Amazon Translate
大多数爬行动物会产卵。,Amir,Amazon Translate
蛇通过滑行在没有腿的情况下移动。,Amir,Amazon Translate
鸟类有羽毛作为隔热材料。,Amir,Amazon Translate
雨水将养分带入土壤。,Amir,Amazon Translate
香蕉采摘后成熟。,Amir,Amazon Translate
草是一种常见的地面植被。,Amir,Amazon Translate
日落预示着一天的结束。,Amir,Amazon Translate
冬天大雪覆盖地面。,Amir,Amazon Translate
哺乳动物给幼虫喂牛奶。,Amir,Amazon Translate
国际象棋是一款双人棋盘游戏。,Amir,Amazon Translate
蜘蛛网是由丝绸制成的。,Amir,Amazon Translate
牛奶来自哺乳动物。,Amir,Amazon Translate
花生用来制作黄油。,Amir,Amazon Translate
钢是通过在铁中添加碳来制造的。,Amir,Amazon Translate
彩虹是彩色光的弧线。,Amir,Amazon Translate
为了保暖，北极熊的毛皮很厚。,Amir,Amazon Translate
北极一年中的大部分时间都很冷。,Amir,Amazon Translate
植物吸收二氧化碳进行光合作用。,Amir,Amazon Translate
城市是人口稠密的城市地区。,Amir,Amazon Translate
袋鼠装在袋子里装着幼崽。,Amir,Amazon Translate
红薯富含纤维。,Amir,Amazon Translate
地图可以用等高线显示高程。,Amir,Amazon Translate
汽车需要定期维护。,Amir,Amazon Translate
磁铁有北极和南极。,Amir,Amazon Translate
蝙蝠使用声音在黑暗中航行。,Amir,Amazon Translate
企鹅有防水羽毛。,Amir,Amazon Translate
蜂蜜通常用作甜味剂。,Amir,Amazon Translate
玻璃由沙子和热量制成。,Amir,Amazon Translate
鲸鱼用低频声音进行交流。,Amir,Amazon Translate
回形针将纸张粘在一起。,Amir,Amazon Translate
蛋黄酱由鸡蛋和油制成。,Amir,Amazon Translate
奶酪有许多种类。,Amir,Amazon Translate
粉笔痕迹可以擦掉。,Amir,Amazon Translate
汤通常是趁热食用的。,Amir,Amazon Translate
地图直观地显示信息。,Amir,Amazon Translate
火用于烹饪食物。,Amir,Amazon Translate
黄金被认为是一种贵金属。,Amir,Amazon Translate
雨水可以补充地下水源。,Amir,Amazon Translate
大多数成年人需要八个小时的睡眠。,Amir,Amazon Translate
黄瓜在沙拉中食用。,Amir,Amazon Translate
汤可以用多种食材制成。,Amir,Amazon Translate
海龟在沙滩上产卵。,Amir,Amazon Translate
石英是一种常见的矿物。,Amir,Amazon Translate
键盘按键将数据输入到计算机。,Amir,Amazon Translate
海象生活在寒冷的海洋环境中。,Amir,Amazon Translate
橡子被松鼠吃掉。,Amir,Amazon Translate
订书机将纸张固定在一起。,Amir,Amazon Translate
雨水会增加土壤湿度。,Amir,Amazon Translate
狗被用作服务性动物。,Amir,Amazon Translate
汽车在铺好的道路上行驶。,Amir,Amazon Translate
面包由小麦粉制成。,Amir,Amazon Translate
猫咪通过叫声和呼噜声进行交流。,Amir,Amazon Translate
鸡蛋在饮食中提供蛋白质。,Amir,Amazon Translate
冰在温暖的温度下融化。,Amir,Amazon Translate
公共汽车同时运送多名乘客。,Amir,Amazon Translate
水为活生物体补水。,Amir,Amazon Translate
奶牛在空旷的田野里吃草。,Amir,Amazon Translate
相机可以录制动态图像。,Amir,Amazon Translate
书籍包含书面信息。,Amir,Amazon Translate
老虎有用于伪装的条纹。,Amir,Amazon Translate
蚊子在水中产卵。,Amir,Amazon Translate
玫瑰在春天盛开。,Amir,Amazon Translate
土壤支持植物的根系。,Amir,Amazon Translate
肥皂有助于去除细菌。,Amir,Amazon Translate
电风扇使冷空气流通。,Amir,Amazon Translate
地图代表地理空间。,Amir,Amazon Translate
春天草生长得很快。,Amir,Amazon Translate
猫可以爬树。,Amir,Amazon Translate
雨靴在潮湿的条件下穿着。,Amir,Amazon Translate
足球是在球场上进行的。,Amir,Amazon Translate
铅笔由木头和石墨制成。,Amir,Amazon Translate
袜子可以保持双脚温暖。,Amir,Amazon Translate
鸟儿用翅膀飞行。,Amir,Amazon Translate
水流下坡。,Amir,Amazon Translate
日出时太阳看起来更大。,Amir,Amazon Translate
风会影响天气模式。,Amir,Amazon Translate
竹子用于建筑。,Amir,Amazon Translate
鲸鱼是哺乳动物。,Amir,Amazon Translate
如果不冷藏，牛奶会变质。,Amir,Amazon Translate
可以将硬币作为爱好来收集。,Amir,Amazon Translate
枕头提供头部支撑。,Amir,Amazon Translate
蜂蜜储存在蜂窝中。,Amir,Amazon Translate
地图突出显示了政治边界。,Amir,Amazon Translate
鹅长途迁移。,Amir,Amazon Translate
树液从枫树中流出。,Amir,Amazon Translate
汽车由汽油或电力提供燃料。,Amir,Amazon Translate
淋浴可以清洁人体。,Amir,Amazon Translate
龙卷风是快速旋转的气柱。,Amir,Amazon Translate
苹果是在秋天采摘的。,Amir,Amazon Translate
闪电伴随着许多雷暴。,Amir,Amazon Translate
老鹰猎杀小动物。,Amir,Amazon Translate
门提供入口和出口。,Amir,Amazon Translate
海豚有能力跳跃。,Amir,Amazon Translate
塑料袋可以回收利用。,Amir,Amazon Translate
玉米可以新鲜食用，也可以当作爆米花食用。,Amir,Amazon Translate
放大镜可以放大小物体。,Amir,Amazon Translate
意大利面由硬质小麦制成。,Amir,Amazon Translate
南瓜含有可食用的种子。,Amir,Amazon Translate
无线电接收广播信号。,Amir,Amazon Translate
鹦鹉可以学习简单的技巧。,Amir,Amazon Translate
水獭使用工具打开食物。,Amir,Amazon Translate
蜥蜴有鳞片状的皮肤。,Amir,Amazon Translate
太阳是太阳系中心的一颗恒星。,Amir,Amazon Translate
奶牛是为了吃牛奶和肉而饲养的。,Amir,Amazon Translate
秋天树叶变黄。,Amir,Amazon Translate
大多数河流都流向大海。,Amir,Amazon Translate
植物需要水才能生存。,Amir,Amazon Translate
铅笔用于书写或绘图。,Amir,Amazon Translate
牛奶在冰箱里冷藏。,Amir,Amazon Translate
暴风雨期间闪电会袭击。,Amir,Amazon Translate
猫头鹰在黑暗中能很好地看见。,Amir,Amazon Translate
鹦鹉的嘴是弯曲的。,Amir,Amazon Translate
太平洋是地球上最大的海洋。,Amir,Amazon Translate
地图可以显示道路和城市。,Amir,Amazon Translate
狗开心时会摇尾巴。,Amir,Amazon Translate
贝类生活在海洋中。,Amir,Amazon Translate
书籍可以是虚构的，也可以是非虚构的。,Amir,Amazon Translate
钻石是在地球深处形成的。,Amir,Amazon Translate
狮子是猫科的一员。,Amir,Amazon Translate
青蛙生活在水中或水附近。,Amir,Amazon Translate
马蹄需要定期护理。,Amir,Amazon Translate
冬天经常会带来寒冷的气温。,Amir,Amazon Translate
飞机降落在跑道上。,Amir,Amazon Translate
火车在城镇之间行驶。,Amir,Amazon Translate
汽车需要定期补充燃料。,Amir,Amazon Translate
西红柿生长在藤蔓上。,Amir,Amazon Translate
地图可以显示山脉海拔。,Amir,Amazon Translate
蝴蝶从蚕茧中孵化。,Amir,Amazon Translate
硬币有不同的价值。,Amir,Amazon Translate
鲸鱼生活在海洋中。,Amir,Amazon Translate
秋季树叶会掉落。,Amir,Amazon Translate
高尔夫球是用球杆和球打的。,Amir,Amazon Translate
蜜蜂会拜访许多种类的花。,Amir,Amazon Translate
胡萝卜是根茎类蔬菜。,Amir,Amazon Translate
奶酪由动物奶制成。,Amir,Amazon Translate
狗吠的原因有很多。,Amir,Amazon Translate
山脉是由地质力量形成的。,Amir,Amazon Translate
恒星通过核聚变产生能量。,Amir,Amazon Translate
蟋蟀，以其鸣叫声而闻名。,Amir,Amazon Translate
许多产品都使用塑料。,Amir,Amazon Translate
食火鸡是大型的、不会飞的鸟。,Amir,Amazon Translate
水稻生长在被洪水淹没的田里。,Amir,Amazon Translate
杂货店出售水果和蔬菜。,Amir,Amazon Translate
喜鹊收集闪亮的物体。,Amir,Amazon Translate
地图使用符号来显示要素。,Amir,Amazon Translate
海豚是聪明的海洋动物。,Amir,Amazon Translate
飞机的飞行速度比汽车快。,Amir,Amazon Translate
化石存在于沉积岩中。,Amir,Amazon Translate
葡萄成束地生长在葡萄树上。,Amir,Amazon Translate
黄油在温暖的面包上融化。,Amir,Amazon Translate
奇异果是一种水果。,Amir,Amazon Translate
金属可以很好地导电。,Amir,Amazon Translate
太阳能电池板需要阳光才能工作。,Amir,Amazon Translate
长尾小鹦鹉是五颜六色的小鸟。,Amir,Amazon Translate
大多数茶来自山茶花的叶子。,Amir,Amazon Translate
地图对导航很有价值。,Amir,Amazon Translate
水在海平面上沸腾在一百摄氏度。,Amir,Amazon Translate
猫有可伸缩的爪子，可以攀岩和狩猎。,Amir,Amazon Translate
沙漠每年的降雨量不到十英寸。,Amir,Amazon Translate
蜜蜂使用舞蹈模式进行交流。,Amir,Amazon Translate
由于引力，行星绕太阳运行。,Amir,Amazon Translate
电池储存电能以备将来使用。,Amir,Amazon Translate
心脏在人体内循环血液。,Amir,Amazon Translate
鲨鱼必须继续游泳才能呼吸。,Amir,Amazon Translate
青蛙以水生蝌蚪。,Amir,Amazon Translate
盐很容易溶解在水中。,Amir,Amazon Translate
企鹅是适应寒冷气候的不会飞的鸟。,Amir,Amazon Translate
火需要热量、燃料和氧气。,Amir,Amazon Translate
水母通过收缩和放松身体来移动。,Amir,Amazon Translate
蜥蜴在生长过程中会脱皮。,Amir,Amazon Translate
大多数蛇都是食肉动物。,Amir,Amazon Translate
地图显示国家、城市和地理特征。,Amir,Amazon Translate
草由称为谷物的种子生长。,Amir,Amazon Translate
奶牛吃草，产奶。,Amir,Amazon Translate
飞机需要跑道才能起飞和降落。,Amir,Amazon Translate
蚂蚁群落是有分工的。,Amir,Amazon Translate
热带雨林含有很高的生物多样性。,Amir,Amazon Translate
冰屋是用冰块建造的避难所。,Amir,Amazon Translate
棕榈树生长在热带气候。,Amir,Amazon Translate
苔藓在潮湿、阴凉的环境中茁壮成长。,Amir,Amazon Translate
章鱼有三颗心脏和蓝血。,Amir,Amazon Translate
阳光是地球能量的主要来源。,Amir,Amazon Translate
由于气穴，蔓越莓漂浮在水中。,Amir,Amazon Translate
冰川在陆地上缓慢移动。,Amir,Amazon Translate
橡皮擦去纸上的铅笔痕迹。,Amir,Amazon Translate
糖会迅速溶解在热液体中。,Amir,Amazon Translate
袋鼠用强壮的后腿跳跃。,Amir,Amazon Translate
雨水滋养农作物和植物。,Amir,Amazon Translate
书籍是信息和故事的来源。,Amir,Amazon Translate
当岩浆到达地球表面时，火山就会爆发。,Amir,Amazon Translate
梯子可以帮助人们到达高处的物体。,Amir,Amazon Translate
多云的天气会减少地面上的阳光。,Amir,Amazon Translate
河流从高处流向地下。,Amir,Amazon Translate
火鸡可以短距离飞行。,Amir,Amazon Translate
洋葱是生长在地下的球茎。,Amir,Amazon Translate
沙堡建在沙滩上，沙滩上有湿沙。,Amir,Amazon Translate
蜗牛用肌肉发达的脚移动。,Amir,Amazon Translate
闪电是暴风雨期间的放电。,Amir,Amazon Translate
蚱蜢，摩擦腿部会发出声音。,Amir,Amazon Translate
肥皂泡变干时会弹出。,Amir,Amazon Translate
防雨夹克可在潮湿天气中保护衣物。,Amir,Amazon Translate
猫咪通过舔毛发来梳理自己。,Amir,Amazon Translate
由于重力，河流向下坡。,Amir,Amazon Translate
树叶吸收阳光促进植物生长。,Amir,Amazon Translate
企鹅主要生活在南极附近。,Amir,Amazon Translate
地图提供地理信息。,Amir,Amazon Translate
风力涡轮机利用风能发电。,Amir,Amazon Translate
巧克力在你的嘴里融化。,Amir,Amazon Translate
许多哺乳动物都有毛皮来保暖。,Amir,Amazon Translate
羽毛帮助鸟儿飞翔。,Amir,Amazon Translate
车轮帮助车辆高效行驶。,Amir,Amazon Translate
冰川是巨大的缓慢移动的冰体。,Amir,Amazon Translate
烟花表演明亮的灯光和色彩。,Amir,Amazon Translate
狗以对人类的忠诚而闻名。,Amir,Amazon Translate
热带雨林植被茂密，湿度高。,Amir,Amazon Translate
蝙蝠是能够真正飞行的哺乳动物。,Amir,Amazon Translate
老虎有独特的橙色和黑色条纹。,Amir,Amazon Translate
硬币在交易中用作货币。,Amir,Amazon Translate
鲨鱼生活在世界各地的海洋中。,Amir,Amazon Translate
逆戟鲸是海豚家族中最大的成员。,Amir,Amazon Translate
钉子被锤成木头进行施工。,Amir,Amazon Translate
手表记录时间。,Amir,Amazon Translate
蟋蟀 “鸣叫” 是为了吸引队友。,Amir,Amazon Translate
蘑菇生长在潮湿、黑暗的地方。,Amir,Amazon Translate
为了安全起见，海龟会将头缩回壳中。,Amir,Amazon Translate
当太阳落在地平线以下时，就会发生日落。,Amir,Amazon Translate
雨水从大气中的云层中落下。,Amir,Amazon Translate
螃蟹有坚硬的外骨骼来保护。,Amir,Amazon Translate
汽车依靠汽油、电力或柴油运行。,Amir,Amazon Translate
山脉吸引游客远足和滑雪。,Amir,Amazon Translate
地图有助于定位世界各地的地点。,Amir,Amazon Translate
面包是切成三明治的。,Amir,Amazon Translate
玉米生长在田里高大的茎上。,Amir,Amazon Translate
豆类是很好的蛋白质来源。,Amir,Amazon Translate
为了安全起见，钥匙可以打开锁。,Amir,Amazon Translate
塑料瓶通常是可回收的。,Amir,Amazon Translate
狗是驯养的哺乳动物。,Amir,Amazon Translate
草通常存在于草坪上。,Amir,Amazon Translate
太阳是一颗恒星。,Amir,Amazon Translate
叶片通过光合作用获得植物能量。,Amir,Amazon Translate
羊毛来自绵羊。,Amir,Amazon Translate
轮胎为汽车提供牵引力。,Amir,Amazon Translate
树木长出年轮。,Amir,Amazon Translate
土壤支持大多数陆生植物。,Amir,Amazon Translate
摩托车有两个轮子。,Amir,Amazon Translate
企鹅是鸟。,Amir,Amazon Translate
油漆在干燥的空气中干得更快。,Amir,Amazon Translate
沙子是由微小的岩石组成的。,Amir,Amazon Translate
起重机的腿很长。,Amir,Amazon Translate
土豆是主食。,Amir,Amazon Translate
早晨，向日葵朝东。,Amir,Amazon Translate
地图显示基本方向。,Amir,Amazon Translate
苔藓生长在阴凉的地方。,Amir,Amazon Translate
蘑菇用孢子繁殖。,Amir,Amazon Translate
茄子是紫色的蔬菜。,Amir,Amazon Translate
洋葱会让眼睛流泪。,Amir,Amazon Translate
办公桌用于写作。,Amir,Amazon Translate
鲨鱼有软骨骨骼。,Amir,Amazon Translate
鸽子是常见的城市鸟类。,Amir,Amazon Translate
胡萝卜是橙色的，很甜。,Amir,Amazon Translate
冰柱是由滴水形成的。,Amir,Amazon Translate
油是从种子中提取的。,Amir,Amazon Translate
火车在轨道上行驶。,Amir,Amazon Translate
杏子可以晒干作为零食。,Amir,Amazon Translate
雨衣是防水的。,Amir,Amazon Translate
辣椒可能很辣。,Amir,Amazon Translate
扬声器发出声波。,Amir,Amazon Translate
椰子有坚硬的外壳。,Amir,Amazon Translate
胶带将两个表面粘在一起。,Amir,Amazon Translate
锁安全门和大门。,Amir,Amazon Translate
螃蟹侧身移动。,Amir,Amazon Translate
郁金香需要寒冷的天气才能开花。,Amir,Amazon Translate
仙人掌将水储存在茎中。,Amir,Amazon Translate
草是一种常见的植物。,Amir,Amazon Translate
氦气球漂浮。,Amir,Amazon Translate
海豹吃鱼。,Amir,Amazon Translate
奇异果的皮肤很模糊。,Amir,Amazon Translate
山脉的海拔很高。,Amir,Amazon Translate
地图使用比例尺。,Amir,Amazon Translate
老鹰有锋利的爪子。,Amir,Amazon Translate
风会移动天气系统。,Amir,Amazon Translate
西红柿含有种子。,Amir,Amazon Translate
书有印刷页面。,Amir,Amazon Translate
大多数蛇吃啮齿动物。,Amir,Amazon Translate
钉子由钢制成。,Amir,Amazon Translate
彩虹显示七种颜色。,Amir,Amazon Translate
隧道进入地下。,Amir,Amazon Translate
日落发生在西部。,Amir,Amazon Translate
地图上有罗盘玫瑰。,Amir,Amazon Translate
沙漠几乎没有降雨。,Amir,Amazon Translate
起重机可以长距离飞行。,Amir,Amazon Translate
芒果是热带水果。,Amir,Amazon Translate
水獭使用石头作为工具。,Amir,Amazon Translate
虫子可以侵扰农作物。,Amir,Amazon Translate
海滩上有沙子或鹅卵石。,Amir,Amazon Translate
雨水聚集在水滴中。,Amir,Amazon Translate
猫捕食小动物以获取食物。,Amir,Amazon Translate
工具可以帮助人们完成手动任务。,Amir,Amazon Translate
狗通常被当作宠物饲养。,Amir,Amazon Translate
草生长在世界各地的许多环境中。,Amir,Amazon Translate
树叶在日光下进行光合作用。,Amir,Amazon Translate
香蕉生长在大型草本植物上。,Amir,Amazon Translate
胡萝卜是富含维生素 A 的根茎类蔬菜。,Amir,Amazon Translate
风车将风转化为旋转能量。,Amir,Amazon Translate
蟋蟀，摩擦翅膀会发出鸣叫声。,Amir,Amazon Translate
蝙蝠是唯一会飞的哺乳动物。,Amir,Amazon Translate
辣椒有不同的颜色和强度。,Amir,Amazon Translate
消防车运送消防员和设备。,Amir,Amazon Translate
树木从大气中吸收二氧化碳。,Amir,Amazon Translate
狗的嗅觉得到增强。,Amir,Amazon Translate
地图通常包含比例尺和钥匙。,Amir,Amazon Translate
龙卷风的旋转风速非常快。,Amir,Amazon Translate
地图使用线条和符号表示道路。,Amir,Amazon Translate
电力为灯光和电子设备提供动力。,Amir,Amazon Translate
水獭利用浮力漂浮在水上。,Amir,Amazon Translate
苹果可以生吃或煮熟食用。,Amir,Amazon Translate
灯柱在夜间提供街道照明。,Amir,Amazon Translate
飞机需要机场才能安全降落。,Amir,Amazon Translate
猎鹰是以快速潜水闻名的鸟类。,Amir,Amazon Translate
草莓是从小型开花植物中生长出来的。,Amir,Amazon Translate
无花果生长在落叶树上。,Amir,Amazon Translate
耳机将声音直接传送到耳朵。,Amir,Amazon Translate
洋葱用于许多煮熟的食物。,Amir,Amazon Translate
企鹅是不会飞的水生鸟类。,Amir,Amazon Translate
硬币是小巧的金属货币。,Amir,Amazon Translate
飞机可以快速飞越很远的距离。,Amir,Amazon Translate
雪貂是驯养的、顽皮的动物。,Amir,Amazon Translate
蘑菇是在阴凉处生长的真菌。,Amir,Amazon Translate
鸟巢里有鸟蛋和幼体。,Amir,Amazon Translate
植物通过根部吸收水分。,Amir,Amazon Translate
黄金已被用作货币。,Amir,Amazon Translate
海豹是适应寒冷的哺乳动物。,Amir,Amazon Translate
地图表示相对和绝对距离。,Amir,Amazon Translate
河流将水输送到海里。,Amir,Amazon Translate
盐用于调味食物。,Amir,Amazon Translate
猎鹰是快速飞行的掠食性鸟类。,Amir,Amazon Translate
郁金香有多种颜色。,Amir,Amazon Translate
面包通常在用餐时供应。,Amir,Amazon Translate
老鹰的狩猎视野非常好。,Amir,Amazon Translate
树木为野生动物提供了重要的栖息地。,Amir,Amazon Translate
岩石可以按矿物成分进行分类。,Amir,Amazon Translate
鸭子有蛙脚可以游泳。,Amir,Amazon Translate
山羊提供牛奶、肉类和纤维。,Amir,Amazon Translate
玻璃通常用于窗玻璃。,Amir,Amazon Translate
书籍以电子和印刷形式出现。,Amir,Amazon Translate
枫糖浆由汁液制成。,Amir,Amazon Translate
按重量计，水母的含水量为 95%。,Amir,Amazon Translate
铁是一种常见的建筑金属。,Amir,Amazon Translate
风推动帆船穿过水面。,Amir,Amazon Translate
山脉吸引徒步旅行者和滑雪者。,Amir,Amazon Translate
猫追小啮齿动物。,Amir,Amazon Translate
地图显示自然地理。,Amir,Amazon Translate
香蕉成熟时是黄色的。,Amir,Amazon Translate
土豆是块茎类蔬菜。,Amir,Amazon Translate
硬币是扁平的圆形货币。,Amir,Amazon Translate
山脉高于海平面。,Amir,Amazon Translate
蝉会发出响亮的嗡嗡声。,Amir,Amazon Translate
暴风雨中雷声跟随闪电。,Amir,Amazon Translate
蚂蚁在地下形成殖民地。,Amir,Amazon Translate
喜鹊是聪明的鸟。,Amir,Amazon Translate
海豚使用回声定位来导航。,Amir,Amazon Translate
海豹在陆地和海上度过时光。,Amir,Amazon Translate
水獭使用工具打开贝壳。,Amir,Amazon Translate
消防员穿着防护服。,Amir,Amazon Translate
地图代表各大洲和国家。,Amir,Amazon Translate
奶牛提供牛奶和皮革。,Amir,Amazon Translate
地图显示了测量距离的比例。,Amir,Amazon Translate
知更鸟是常见的鸣鸟。,Amir,Amazon Translate
阵雨过后会出现彩虹。,Amir,Amazon Translate
乌鸦解开简单的谜题。,Amir,Amazon Translate
烘烤时会形成面包皮。,Amir,Amazon Translate
巢穴是由许多鸟建造的。,Amir,Amazon Translate
香蕉成束生长。,Amir,Amazon Translate
西红柿用于沙拉。,Amir,Amazon Translate
粉笔标记表面。,Amir,Amazon Translate
水在高温下蒸发。,Amir,Amazon Translate
青蛙在水中产卵。,Amir,Amazon Translate
地图显示城市名称。,Amir,Amazon Translate
雨水滋养植物生命。,Amir,Amazon Translate
蝴蝶以花蜜为食。,Amir,Amazon Translate
地图显示河流符号。,Amir,Amazon Translate
二加二等于四。,Amir,Amazon Translate
起重机是大型涉水鸟。,Amir,Amazon Translate
铁是一种磁性元素。,Amir,Amazon Translate
土豆是根茎类蔬菜。,Amir,Amazon Translate
乌鸦是非常聪明的鸟。,Amir,Amazon Translate
面包可以烤。,Amir,Amazon Translate
山区气温较低。,Amir,Amazon Translate
马穿马蹄铁。,Amir,Amazon Translate
小麦是主食。,Amir,Amazon Translate
火需要三个元素才能燃烧。,Amir,Amazon Translate
天鹅在水面上滑行。,Amir,Amazon Translate
雨水收集在水坑里。,Amir,Amazon Translate
地图可能显示人口数据。,Amir,Amazon Translate
辣椒可以是温和的也可以是热的。,Amir,Amazon Translate
地图显示道路和地形特征。,Amir,Amazon Translate
山脉是地球上的高地。,Amir,Amazon Translate
地图提供有关距离的信息。,Amir,Amazon Translate
温暖的空气冷却时会形成云层。,Amir,Amazon Translate
蝴蝶从 chrysalides 中冒出来。,Amir,Amazon Translate
地图显示城市的相对位置。,Amir,Amazon Translate
番茄成熟时是红色的。,Amir,Amazon Translate
地图显示了海洋和海洋的位置。,Amir,Amazon Translate
起重机是候鸟。,Amir,Amazon Translate
地图上有指北针。,Amir,Amazon Translate
地图对地理研究至关重要。,Amir,Amazon Translate
地图显示自然景观。,Amir,Amazon Translate
长颈鹿有图案的外套。,Amir,Amazon Translate
蛋卷是一种受欢迎的食物。,Amir,Amazon Translate
粉笔在黑板上留下灰尘。,Amir,Amazon Translate
地图显示英里或千米。,Amir,Amazon Translate
地图通常标记河流和湖泊。,Amir,Amazon Translate
树叶利用阳光做食物。,Amir,Amazon Translate
地图可以准确显示位置和方向。,Amir,Amazon Translate
面包是用面粉和酵母烘焙而成的。,Amir,Amazon Translate
青蛙在成熟时会发生变形。,Amir,Amazon Translate
光合作用发生在植物的叶子中。,Amir,Amazon Translate
鹅卵石是圆形的小石头。,Amir,Amazon Translate
兔子吃绿叶蔬菜作为食物。,Amir,Amazon Translate
起重机使用鸟嘴捕鱼。,Amir,Amazon Translate
地图可以显示山脉和河流。,Amir,Amazon Translate
面包皮比面包屑更坚固。,Amir,Amazon Translate
地图使用字母来标记城市。,Amir,Amazon Translate
水母的身体呈凝胶状的伞状。,Amir,Amazon Translate
蚊子是常见的害虫。,Amir,Amazon Translate
巧克力融化成火锅。,Amir,Amazon Translate
山脉的天气比丘陵慢。,Amir,Amazon Translate
地图标注州或国家边界。,Amir,Amazon Translate
书籍提供信息和娱乐。,Amir,Amazon Translate
地图可以帮助徒步旅行者避免迷路。,Amir,Amazon Translate
地图有助于规划公路旅行。,Amir,Amazon Translate
消防车运送应急人员。,Amir,Amazon Translate
地图需要比例才能获得精确的距离。,Amir,Amazon Translate
地图显示机场和海港。,Amir,Amazon Translate
土壤为植物提供营养。,Amir,Amazon Translate
郁金香球茎是在秋天种植的。,Amir,Amazon Translate
地图对探险家很重要。,Amir,Amazon Translate
火烈鸟有粉红色的羽毛。,Amir,Amazon Translate
从技术上讲，花生不是真正的坚果。,Amir,Amazon Translate
山脉为野生动物提供了栖息地。,Amir,Amazon Translate
严格来说，西红柿是水果。,Amir,Amazon Translate
足球场上长满了草地。,Amir,Amazon Translate
面包棒可用作开胃菜。,Amir,Amazon Translate
地图用于地理课程。,Amir,Amazon Translate
老鹰在气流上滑行。,Amir,Amazon Translate
盐用于保存肉类。,Amir,Amazon Translate
地图显示了水体。,Amir,Amazon Translate
钻石是最坚硬的天然物质。,Amir,Amazon Translate
COVID-19 是由冠状病毒引起的。,Amir,Amazon Translate
牛奶含有钙和维生素 D。,Amir,Amazon Translate
鹅通常以 V 形的形式迁移。,Amir,Amazon Translate
海洋含有覆盖大部分地球的咸水。,Amir,Amazon Translate
蜜蜂为植物授粉并生产蜂蜜。,Amir,Amazon Translate
电能以电流的形式通过电线传播。,Amir,Amazon Translate
壁虱可以将莱姆病传播给人类。,Amir,Amazon Translate
家具提供表面和座位。,Amir,Amazon Translate
猫经常睡几个小时。,Amir,Amazon Translate
地图可能显示政治或物理信息。,Amir,Amazon Translate
火车高效地运送货物和人员。,Amir,Amazon Translate
青蛙尖叫着吸引队友。,Amir,Amazon Translate
苍蝇有复眼。,Amir,Amazon Translate
牛奶在出售前经过巴氏消毒。,Amir,Amazon Translate
地图显示罗盘方向以确定方向。,Amir,Amazon Translate
老虎是孤独的领地猫。,Amir,Amazon Translate
树叶有供水的静脉。,Amir,Amazon Translate
地图使用颜色显示海拔。,Amir,Amazon Translate
云会带来雨、雪或冰雹。,Amir,Amazon Translate
狗用鼻子进行追踪。,Amir,Amazon Translate
地图对于空间感知很重要。,Amir,Amazon Translate
河流将淡水输送到湖泊。,Amir,Amazon Translate
地图有助于对地形和区域进行可视化。,Amir,Amazon Translate
雪是冰冻的降水。,Amir,Amazon Translate
地图显示地理边界。,Amir,Amazon Translate
地图通常包含图例。,Amir,Amazon Translate
萤火虫通过生物发光发光。,Amir,Amazon Translate
面包是全球的主食。,Amir,Amazon Translate
电池储存化学能。,Amir,Amazon Translate
消防员用水来扑灭大火。,Amir,Amazon Translate
西兰花是卷心菜家族的一部分。,Amir,Amazon Translate
星星会发出自己的光。,Amir,Amazon Translate
北极熊生活在北极附近。,Amir,Amazon Translate
温度计测量温度。,Amir,Amazon Translate
猫用脚着地。,Amir,Amazon Translate
晶体具有有序的原子结构。,Amir,Amazon Translate
硬币可以是白银或铜。,Amir,Amazon Translate
狗是驯养的群居动物。,Amir,Amazon Translate
地图通常使用颜色作为要素。,Amir,Amazon Translate
青蛙跳跃有助于逃离掠食者。,Amir,Amazon Translate
玫瑰在世界各地的花园里盛开。,Amir,Amazon Translate
叶子含有用于光合作用的叶绿素。,Amir,Amazon Translate
猫在放松时经常发出呼噜声。,Amir,Amazon Translate
花朵以鲜艳的色彩吸引传粉者。,Amir,Amazon Translate
蝴蝶以毛毛虫的形式开始生活。,Amir,Amazon Translate
南瓜是在秋天收获的。,Amir,Amazon Translate
奶牛吃草和饲料。,Amir,Amazon Translate
盐被用作食品防腐剂。,Amir,Amazon Translate
面包通常用面包烘烤。,Amir,Amazon Translate
地图可以显示天气状况。,Amir,Amazon Translate
地图有助于实现空间关系的可视化。,Amir,Amazon Translate
雨通常是由厚厚的云层造成的。,Amir,Amazon Translate
地图可以显示气候和植被。,Amir,Amazon Translate
鸟类会季节性迁移到温暖的地区。,Amir,Amazon Translate
面包通常在吃之前先切成薄片。,Amir,Amazon Translate
山脉可以影响气候和降雨。,Amir,Amazon Translate
鸡蛋提供必需的蛋白质。,Amir,Amazon Translate
粉笔用于教室黑板。,Amir,Amazon Translate
面包含有来自小麦的麸质。,Amir,Amazon Translate
地图有助于规划路线。,Amir,Amazon Translate
螃蟹有坚硬的保护壳。,Amir,Amazon Translate
海洋包含盐水和海洋生物。,Amir,Amazon Translate
牛奶可以加工成酸奶。,Amir,Amazon Translate
地图有时使用等高线作为浮雕。,Amir,Amazon Translate
萤火虫会发出光来吸引队友。,Amir,Amazon Translate
地图有时使用颜色来表示人口密度。,Amir,Amazon Translate
海豚是生活在海洋中的哺乳动物。,Amir,Amazon Translate
地图显示纬度和经度线。,Amir,Amazon Translate
蜡笔用于为图片着色。,Amir,Amazon Translate
鸡蛋可以炒、油炸或煮熟。,Amir,Amazon Translate
地图有助于定位兴趣点。,Amir,Amazon Translate
水体包括湖泊、河流和海洋。,Amir,Amazon Translate
云层里有水滴或冰晶。,Amir,Amazon Translate
地图可以显示投票模式。,Amir,Amazon Translate
萤火虫为通信提供光线。,Amir,Amazon Translate
硬币上通常有领导者的形象。,Amir,Amazon Translate
暮光发生在日落和夜晚之间。,Amir,Amazon Translate
雨天会降低室外能见度。,Amir,Amazon Translate
地图可能包含时区。,Amir,Amazon Translate
鹦鹉生活在热带地区。,Amir,Amazon Translate
放下面包会长出霉菌。,Amir,Amazon Translate
汽车使用内燃机或电动发动机行驶。,Amir,Amazon Translate
蜡笔是彩色绘图工具。,Amir,Amazon Translate
黄金是一种有价值的软金属。,Amir,Amazon Translate
地图可能包含道路和交通数据。,Amir,Amazon Translate
饲养鸡是为了养鸡蛋和吃肉。,Amir,Amazon Translate
马用于运输和运动。,Amir,Amazon Translate
地图可以说明气候区域。,Amir,Amazon Translate
蝴蝶用脚闻味。,Amir,Amazon Translate
地图使用网格引用作为位置。,Amir,Amazon Translate
硬币价值印在每枚硬币上。,Amir,Amazon Translate
地图描绘了身体和人体特征。,Amir,Amazon Translate
由于叶绿素，叶子是绿色的。,Amir,Amazon Translate
雨滴构成云层。,Amir,Amazon Translate
风在移动空气。,Amir,Amazon Translate
贝壳保护海洋中的软体动物。,Amir,Amazon Translate
蝴蝶有四个翅膀。,Amir,Amazon Translate
硬币上通常有面孔。,Amir,Amazon Translate
地图描绘了陆地和水域。,Amir,Amazon Translate
孩子们用积木来建造。,Amir,Amazon Translate
地图有时会显示气候信息。,Amir,Amazon Translate
地图在紧急情况下很有用。,Amir,Amazon Translate
地图可以下载到手机上。,Amir,Amazon Translate
郁金香作为花球茎很受欢迎。,Amir,Amazon Translate
地图显示了世界首都以供参考。,Amir,Amazon Translate
海豹的身体流线型适合游泳。,Amir,Amazon Translate
牛奶为强健骨骼提供钙。,Amir,Amazon Translate
螃蟹有用来防御和喂食的爪子。,Amir,Amazon Translate
地图可能显示自然资源。,Amir,Amazon Translate
土豆是食用最广泛的蔬菜之一。,Amir,Amazon Translate
珠穆朗玛峰位于喜马拉雅山脉。,Amir,Amazon Translate
胡萝卜是通常生吃的橙根。,Amir,Amazon Translate
犬种的大小差异很大。,Amir,Amazon Translate
被蚊子叮咬可能会发痒。,Amir,Amazon Translate
蟋蟀，是夜间活动的昆虫。,Amir,Amazon Translate
鸡蛋通常以各种方式烹饪。,Amir,Amazon Translate
粉笔可以很容易地从黑板上擦掉。,Amir,Amazon Translate
面包新鲜时更容易切片。,Amir,Amazon Translate
地图包含用于指导的地图键。,Amir,Amazon Translate
如果不加以保护，面包就会过时。,Amir,Amazon Translate
地图可以显示自然灾害的影响。,Amir,Amazon Translate
地图使用不同的颜色显示数据。,Amir,Amazon Translate
狼成群结队地生活和狩猎。,Amir,Amazon Translate
面包是最古老的食物之一。,Amir,Amazon Translate
地图为船舶提供必要的导航。,Amir,Amazon Translate
西红柿是从开花植物中生长出来的。,Amir,Amazon Translate
雨水可以用仪表测量。,Amir,Amazon Translate
地图可以说明交通网络。,Amir,Amazon Translate
地图对城市规划至关重要。,Amir,Amazon Translate
郁金香在凉爽的气候中生长得最好。,Amir,Amazon Translate
地图可以揭示历史上的土地变化。,Amir,Amazon Translate
地图对于现代导航仍然很重要。,Amir,Amazon Translate
鸡蛋是由鸟类和爬行动物产生的。,Amir,Amazon Translate
鲸鱼需要浮出水面呼吸空气。,Amir,Amazon Translate
地图显示各种类型的功能。,Amir,Amazon Translate
地图通常使用颜色进行区分。,Amir,Amazon Translate
地图通常使用比例尺进行测量。,Amir,Amazon Translate
枫树会产生糖浆。,Amir,Amazon Translate
地图可以帮助旅行者避免迷路。,Amir,Amazon Translate
地图显示城市和农村地区。,Amir,Amazon Translate
鹅每年成群迁移。,Amir,Amazon Translate
地图标识首都和主要城市。,Amir,Amazon Translate
地图提供了空间的直观呈现。,Amir,Amazon Translate
光合作用为动物和人类产生氧气。,Amir,Amazon Translate
树叶在光合作用过程中吸收阳光并产生碳水化合物。,Amir,Amazon Translate
大多数鲨鱼只生活在咸水中。,Amir,Amazon Translate
奶牛为全世界的人们提供牛奶和牛肉。,Amir,Amazon Translate
珠穆朗玛峰是地球海拔最高的山峰。,Amir,Amazon Translate
彩虹色的观察顺序总是相同的。,Amir,Amazon Translate
土壤对种植大多数陆地植物至关重要。,Amir,Amazon Translate
花生植物在地下生产可食用的种子。,Amir,Amazon Translate
鱼在水下使用鳃吸收溶解氧。,Amir,Amazon Translate
水母的身体呈凝胶状，触角刺痛。,Amir,Amazon Translate
草莓成熟成红甜的水果。,Amir,Amazon Translate
土狼很好地适应城市环境。,Amir,Amazon Translate
塑料袋需要几十年才能完全分解。,Amir,Amazon Translate
金钱可以兑换商品和服务。,Amir,Amazon Translate
地图准确地描绘了道路、城市和物理地标。,Amir,Amazon Translate
熊猫几乎完全以竹笋为食。,Amir,Amazon Translate
苹果酱是通过烹饪和捣碎苹果制成的。,Amir,Amazon Translate
地图引导旅行者前往陌生的目的地。,Amir,Amazon Translate
棉花来自植物的毛茸茸的种子头。,Amir,Amazon Translate
汽车发动机依靠汽油运行。,Amir,Amazon Translate
斑马属于马科，有条纹外套。,Amir,Amazon Translate
学校根据年龄和学科领域组织课程。,Amir,Amazon Translate
洋葱为煮熟的菜肴带来浓郁的味道。,Amir,Amazon Translate
汽油在室温下会迅速蒸发。,Amir,Amazon Translate
飞机使用专为空气动力学设计的机翼起飞。,Amir,Amazon Translate
设置老鼠陷阱是为了控制室内啮齿类动物的存在。,Amir,Amazon Translate
书籍以书面印刷或数字格式传达信息。,Amir,Amazon Translate
葡萄树通过将茎缠绕在支撑物上来攀升。,Amir,Amazon Translate
床单通常由棉质面料制成。,Amir,Amazon Translate
人群会增加密闭空间中的噪音水平。,Amir,Amazon Translate
纸比布或塑料更容易撕裂。,Amir,Amazon Translate
钥匙可解锁装有兼容锁的门。,Amir,Amazon Translate
秃鹰搜寻腐肉而不是猎杀活体猎物。,Amir,Amazon Translate
蜗牛会撤回炮弹内以保护他们免受危险。,Amir,Amazon Translate
甜点是在主餐之后吃的。,Amir,Amazon Translate
恐龙在大约6500万年前灭绝。,Amir,Amazon Translate
雨伞可以保护用户免受强降雨的影响。,Amir,Amazon Translate
番茄植物需要温暖的温度才能茁壮成长。,Amir,Amazon Translate
背包可以舒适地携带书籍和用品。,Amir,Amazon Translate
秋千是户外游乐场的常用固定装置。,Amir,Amazon Translate
蜜蜂直接为植物授粉工作做出了贡献。,Amir,Amazon Translate
手提箱可存放旅行用的衣服和随身物品。,Amir,Amazon Translate
月光是阳光从月球反射出来的。,Amir,Amazon Translate
腰带可调整裤子和裙子的合身度。,Amir,Amazon Translate
手套可保护手指免受寒冷条件的影响。,Amir,Amazon Translate
门铃会向入口外的访客发出信号。,Amir,Amazon Translate
黄金的导电性能异常出色。,Amir,Amazon Translate
锚将船只固定在水中的一个位置。,Amir,Amazon Translate
披萨先切成薄片，然后再分份食用。,Amir,Amazon Translate
剪刀可以有效地切割纸张、织物或绳子。,Amir,Amazon Translate
雪人是冬天用滚雪球建成的。,Amir,Amazon Translate
洒水器将水均匀地分布在草坪或花园上。,Amir,Amazon Translate
国际象棋涉及独特游戏棋子的战略移动。,Amir,Amazon Translate
日历系统地跟踪日期、周和月。,Amir,Amazon Translate
校车在家里和学校之间运送孩子。,Amir,Amazon Translate
蜜蜂用花蜜生产蜂蜜。,Amir,Amazon Translate
狗用尾巴来表示不同的情绪。,Amir,Amazon Translate
蘑菇更喜欢在潮湿的环境中生长。,Amir,Amazon Translate
蜘蛛使用丝网捕捉昆虫。,Amir,Amazon Translate
由于稀有性和外观，黄金非常有价值。,Amir,Amazon Translate
土豆是地下种植的可食用块茎。,Amir,Amazon Translate
书籍以书面形式存储知识和故事。,Amir,Amazon Translate
有角的动物可以保护自己免受掠食者的侵害。,Amir,Amazon Translate
老鹰比人类更清楚地看到远处的物体。,Amir,Amazon Translate
高层建筑在城市中被称为摩天大楼。,Amir,Amazon Translate
桥梁连接被水或障碍物隔开的陆地。,Amir,Amazon Translate
雷暴期间闪电自然发生。,Amir,Amazon Translate
豆类在饮食中提供植物性蛋白质。,Amir,Amazon Translate
骆驼在水资源稀缺的沙漠条件下茁壮成长。,Amir,Amazon Translate
闹钟使用声音或振动信号唤醒人们。,Amir,Amazon Translate
饼干是全世界都很受欢迎的甜味烘焙食品。,Amir,Amazon Translate
钥匙可解锁门用配套的锁固定。,Amir,Amazon Translate
冰箱可以更长时间地保持易腐食物的新鲜度。,Amir,Amazon Translate
腰带可将裤子或裙子固定在腰部周围。,Amir,Amazon Translate
蜡烛通过在蜡中燃烧灯芯来发光。,Amir,Amazon Translate
日历追踪日期和相关的年度活动。,Amir,Amazon Translate
独角兽是未经证实存在的神话生物。,Amir,Amazon Translate
山地自行车可以轻松应对崎岖的越野地形。,Amir,Amazon Translate
地图上经常使用罗盘玫瑰来指示方向。,Amir,Amazon Translate
计算机使用二进制代码以电子方式处理信息。,Amir,Amazon Translate
手套为双手提供保护和保暖。,Amir,Amazon Translate
牙医提倡口腔卫生，保持牙齿健康。,Amir,Amazon Translate
平板电脑用作便携式电子计算设备。,Amir,Amazon Translate
玻璃是透明的，允许可见光通过。,Amir,Amazon Translate
室内植物可改善室内空气质量和湿度水平。,Amir,Amazon Translate
天气预报预测即将到来的降水和温度变化。,Amir,Amazon Translate
背包将重量均匀地分布在肩膀上。,Amir,Amazon Translate
自动喷水灭火系统可自动灌溉草坪和花园。,Amir,Amazon Translate
电梯在高层建筑内抬起和降低乘客。,Amir,Amazon Translate
镜子可以准确地反射外观。,Amir,Amazon Translate
挂钟显示时间一目了然。,Amir,Amazon Translate
踏板车有两个轮子，用于个人运输。,Amir,Amazon Translate
郁金香每年春季开花。,Amir,Amazon Translate
绵羊生产的羊毛被纺成纱线。,Amir,Amazon Translate
塑料瓶需要数年才能自然分解。,Amir,Amazon Translate
水稻种植在被称为稻田的田地里。,Amir,Amazon Translate
兔子的耳朵很长，可以检测威胁。,Amir,Amazon Translate
水母有刺痛的触角用来防御。,Amir,Amazon Translate
玫瑰有刺可以阻止食草动物吃掉它们。,Amir,Amazon Translate
苹果有红色、绿色和黄色的品种。,Amir,Amazon Translate
长颈鹿用长脖子伸到高高的树叶。,Amir,Amazon Translate
尼龙搭扣使用小钩子和圈子粘住。,Amir,Amazon Translate
火车使用发动机动力沿轨道行驶。,Amir,Amazon Translate
与森林相比，沙漠的年降水量很少。,Amir,Amazon Translate
火山在喷发期间会排出熔岩和火山灰。,Amir,Amazon Translate
通过摩擦或化学反应来匹配轻火。,Amir,Amazon Translate
书是装订在一起的页面的集合。,Amir,Amazon Translate
在咀嚼过程中，牙齿有助于分解食物。,Amir,Amazon Translate
草覆盖平原、草坪和各种景观。,Amir,Amazon Translate
碗里装液体或松散的固体食物。,Amir,Amazon Translate
牙线可以清洁刷子无法触及的牙齿之间。,Amir,Amazon Translate
洗涤剂有助于去除服装面料上的污渍。,Amir,Amazon Translate
披萨由添加浇头的烤面团组成。,Amir,Amazon Translate
洗手液可在适当的洗涤程序中杀死细菌。,Amir,Amazon Translate
当表面干净时，镜子可以准确地反射图像。,Amir,Amazon Translate
蚂蚁可以有效地协调殖民地生存任务。,Amir,Amazon Translate
斑马成群地生活在非洲大草原上。,Amir,Amazon Translate
无线电通过电磁波传输音频信号。,Amir,Amazon Translate
手提箱使携带旅行物品更加方便。,Amir,Amazon Translate
起重机使用电缆系统起重负荷。,Amir,Amazon Translate
马匹移动迅速，为人类骑手提供支持。,Amir,Amazon Translate
雨伞有助于抵御雨水或强烈的阳光。,Amir,Amazon Translate
平板电脑结合了触摸屏和计算能力，便于携带。,Amir,Amazon Translate
风扇循环空气以冷却封闭空间。,Amir,Amazon Translate
闹钟会在特定时间叫醒个人。,Amir,Amazon Translate
自行车使用脚踏板运送骑手。,Amir,Amazon Translate
由于叶片的旋转，直升机可以垂直飞行。,Amir,Amazon Translate
枕头缓冲头可提供舒适的睡眠姿势。,Amir,Amazon Translate
窗帘阻挡光线进入房间。,Amir,Amazon Translate
吸尘器吸收地板上的灰尘和碎屑。,Amir,Amazon Translate
门铃会提醒家里的人注意到来的访客。,Amir,Amazon Translate
长椅可在公共或私人场所提供座位。,Amir,Amazon Translate
油漆辊均匀地在墙壁上增添色彩。,Amir,Amazon Translate
购物车简化了在商店购买杂货的过程。,Amir,Amazon Translate
钱包里装有身份证、钱和收据。,Amir,Amazon Translate
笔记本允许用户编写和整理笔记。,Amir,Amazon Translate
面包暴露在空气中后会变旧。,Amir,Amazon Translate
鹦鹉可以模仿许多环境声音。,Amir,Amazon Translate
蚂蚁建造具有特殊角色的殖民地。,Amir,Amazon Translate
斑马显示出独特的黑白条纹。,Amir,Amazon Translate
多云的天气可能表示下雨或暴风雨。,Amir,Amazon Translate
企鹅不会飞，但能熟练地在水下游泳。,Amir,Amazon Translate
科莫多巨龙是最大的活蜥蜴。,Amir,Amazon Translate
真菌分解土壤中的有机物。,Amir,Amazon Translate
烟花会发出响亮的声音和五颜六色的灯光秀。,Amir,Amazon Translate
北极熊栖息在北极海冰区域。,Amir,Amazon Translate
日落在晴朗的天空中显得更加生动。,Amir,Amazon Translate
粉笔很容易在粗糙的表面上书写。,Amir,Amazon Translate
花生像豆类一样生长在地表之下。,Amir,Amazon Translate
咖啡豆是来自咖啡樱桃的烘焙种子。,Amir,Amazon Translate
西兰花富含维生素和膳食纤维。,Amir,Amazon Translate
地图经常使用颜色来表示地形类型。,Amir,Amazon Translate
塑料污染威胁海洋野生动物生态系统。,Amir,Amazon Translate
草原为大型动物群的放牧提供了支持。,Amir,Amazon Translate
海洋生物包括鱼、螃蟹和章鱼等生物。,Amir,Amazon Translate
几个世纪以来，冰川会慢慢重塑景观。,Amir,Amazon Translate
汽车通常使用内燃机运行。,Amir,Amazon Translate
购物车有助于运输杂货。,Amir,Amazon Translate
镜子反射光线以显示图像。,Amir,Amazon Translate
小牛是成年前的幼牛。,Amir,Amazon Translate
钱包可以安全地存储身份证和现金。,Amir,Amazon Translate
报纸每天报道最近的事件和信息。,Amir,Amazon Translate
胶水将各种材料牢固地粘合在一起。,Amir,Amazon Translate
巢穴可以安全地庇护卵子和幼体。,Amir,Amazon Translate
玻璃在受到强烈冲击时会破碎。,Amir,Amazon Translate
香蕉提供钾和天然糖作为能量。,Amir,Amazon Translate
塑料容器可安全方便地储存食物。,Amir,Amazon Translate
橙子含有对免疫力很重要的维生素C。,Amir,Amazon Translate
蜜蜂在被称为蜂巢的有组织的殖民地里制造蜂蜜。,Amir,Amazon Translate
水稻是在潮湿环境中种植的主食。,Amir,Amazon Translate
青蛙在发育腿部之前是蝌蚪。,Amir,Amazon Translate
粉笔经常用于教育写作目的。,Amir,Amazon Translate
沙漠每年的降雨量很少，而且仍然干燥。,Amir,Amazon Translate
地图使用等高线显示高程变化。,Amir,Amazon Translate
海豹在寒冷的海水中优雅地移动。,Amir,Amazon Translate
番茄植物需要温暖和阳光才能使果实成熟。,Amir,Amazon Translate
胶水可将纸片牢固地粘附在表面上。,Amir,Amazon Translate
购物车为大型杂货店的顾客提供帮助。,Amir,Amazon Translate
钥匙的切割精确适合匹配的锁。,Amir,Amazon Translate
飞机在高海拔地区长途飞行。,Amir,Amazon Translate
棉质面料是柔软且吸水性高的材料。,Amir,Amazon Translate
闹钟在预设时间发出声音以唤醒用户。,Amir,Amazon Translate
背包可以舒适地将补给品放在肩上。,Amir,Amazon Translate
核桃生长在树上的坚硬保护壳中。,Amir,Amazon Translate
剪刀可以切割各种纸张和薄的柔性材料。,Amir,Amazon Translate
马经常在空地上快速奔跑。,Amir,Amazon Translate
床可以帮助睡眠和一夜之间舒适地休息。,Amir,Amazon Translate
楼梯垂直连接建筑物内的楼层。,Amir,Amazon Translate
窗户可以让光线进入，同时阻挡天气。,Amir,Amazon Translate
腰带可支撑裤子，腰部有环圈。,Amir,Amazon Translate
橙汁来自压榨成熟的橙子。,Amir,Amazon Translate
窗帘可阻挡阳光，增加室内隐私。,Amir,Amazon Translate
电视传输视频和音频娱乐信号。,Amir,Amazon Translate
孩子在长出成人的牙齿之前会掉掉乳牙。,Amir,Amazon Translate
火车在轨道上行驶，以实现高效的公共交通。,Amir,Amazon Translate
地图有助于轻松地在未知的地方或城市中导航。,Amir,Amazon Translate
鸡蛋含有对肌肉生长至关重要的蛋白质。,Amir,Amazon Translate
硬币是通过平整地冲压金属空白来生产的。,Amir,Amazon Translate
狼成群结队地猎杀小型哺乳动物。,Amir,Amazon Translate
海豹在陆地和水上都能高效移动。,Amir,Amazon Translate
绵羊生产的羊毛广泛用于全球纺织品。,Amir,Amazon Translate
汽车需要内燃机或电动机才能运行。,Amir,Amazon Translate
花生在可生物降解的外壳内自然成熟。,Amir,Amazon Translate
粉笔在深色石板表面上可以明显书写。,Amir,Amazon Translate
由于存在番茄红素色素，番茄成熟时呈红色。,Amir,Amazon Translate
室内植物需要定期浇水，室内需要间接阳光。,Amir,Amazon Translate
稻田被称为稻田，通常被洪水淹没。,Amir,Amazon Translate
老鹰使用宽阔而有力的羽毛翅膀飞得很高。,Amir,Amazon Translate
书籍以印刷或数字页面整理信息。,Amir,Amazon Translate
计算机通过二进制电信号处理数据。,Amir,Amazon Translate
在咀嚼过程中，牙齿会分解固体食物。,Amir,Amazon Translate
温度计使用汞、酒精或电子设备测量温度。,Amir,Amazon Translate
水獭用爪子握住石头打开贝类。,Amir,Amazon Translate
雷暴期间的静电产生闪电。,Amir,Amazon Translate
笔记本提供用于书写笔记和提醒的横排页面。,Amir,Amazon Translate
画笔将液体涂料顺畅地涂抹在表面上。,Amir,Amazon Translate
镜子使用后面的抛光玻璃表面反射图像。,Amir,Amazon Translate
长椅可同时容纳多人。,Amir,Amazon Translate
核桃是富含健康脂肪的硬壳坚果。,Amir,Amazon Translate
吸尘器可有效清除地板上的灰尘颗粒。,Amir,Amazon Translate
灯为夜间阅读提供定向光。,Amir,Amazon Translate
电梯可以方便地在多层建筑物之间升降乘客。,Amir,Amazon Translate
在炎热的夏季，空调可以调节室内温度。,Amir,Amazon Translate
键盘将书面字母准确地输入到计算设备中。,Amir,Amazon Translate
时钟在昼夜周期中保持时间一致。,Amir,Amazon Translate
铲子可以有效地挖土，用于园艺或园林绿化项目。,Amir,Amazon Translate
头盔可减少骑自行车或摩托车活动时头部受伤。,Amir,Amazon Translate
肥皂会分解油脂分子，以便在洗涤过程中去除。,Amir,Amazon Translate
鸡蛋含有蛋白质和其他对生长很重要的营养素。,Amir,Amazon Translate
奶酪是通过凝结牛奶蛋白制成的。,Amir,Amazon Translate
塑料需要几个世纪才能在户外自然分解。,Amir,Amazon Translate
冰箱通过保持低温来保持易腐物品的新鲜。,Amir,Amazon Translate
面包升高是因为酵母释放二氧化碳。,Amir,Amazon Translate
粉笔经常用于在木板上绘图。,Amir,Amazon Translate
蝴蝶在变形后从蝶体中孵化。,Amir,Amazon Translate
雨衣可保护穿着者免受雨水浸泡。,Amir,Amazon Translate
由于分子结构，冰会漂浮在水中。,Amir,Amazon Translate
雷暴期间因电荷失衡而发生闪电。,Amir,Amazon Translate
硬币适用于使用国家货币价值进行小额购买。,Amir,Amazon Translate
钥匙可以打开与精确切割的凹槽相匹配的门。,Amir,Amazon Translate
钱包可以安全地存放现金、硬币和卡片。,Amir,Amazon Translate
床为日常睡眠提供舒适感和支撑。,Amir,Amazon Translate
购物车允许在商店内收集杂货。,Amir,Amazon Translate
平板电脑允许用户以数字方式浏览、阅读和打字。,Amir,Amazon Translate
时钟在白天和黑夜显示准确的时间。,Amir,Amazon Translate
日历可以清晰地组织月份、周、假日和约会。,Amir,Amazon Translate
背包使用肩带可以轻松携带物品。,Amir,Amazon Translate
秋千来回移动，便于休闲娱乐。,Amir,Amazon Translate
闹钟响得很大，可以可靠地叫醒睡眠者。,Amir,Amazon Translate
苹果生长在温带气候的落叶树上。,Amir,Amazon Translate
盐可增强味道并用于保存。,Amir,Amazon Translate
兔子吃绿色植被，耳朵很长。,Amir,Amazon Translate
蚂蚁群落由工人、士兵和皇后组成。,Amir,Amazon Translate
花生在地下保护壳内生长。,Amir,Amazon Translate
书籍将积累的信息整理成书面记录。,Amir,Amazon Translate
番茄果实成熟时会变成红色、黄色或粉红色，视品种而定。,Amir,Amazon Translate
蜜蜂通过摇摆舞进行交流。,Amir,Amazon Translate
肥皂有助于有效清除手上的污垢和油脂。,Amir,Amazon Translate
键盘为计算机或数字设备输入字符。,Amir,Amazon Translate
剪刀可以精确地切割纸张、织物或薄片。,Amir,Amazon Translate
日历页面将时间划分为天、周和月。,Amir,Amazon Translate
画笔在木头、墙壁或画布上均匀涂抹。,Amir,Amazon Translate
电影使用连续的动态图像呈现故事。,Amir,Amazon Translate
干燥后，胶水可以快速永久地粘合材料。,Amir,Amazon Translate
热气球升起是因为热空气的密度小于冷空气的密度。,Amir,Amazon Translate
镜子可以清晰地反射可见光，便于个人美容。,Amir,Amazon Translate
钱包可以让钱、卡片和重要文件井井有条。,Amir,Amazon Translate
牙齿会咀嚼食物，便于胃部消化。,Amir,Amazon Translate
狗狗会吠叫来表达兴奋或警报危险。,Amir,Amazon Translate
香蕉提供肌肉功能所必需的钾。,Amir,Amazon Translate
蚂蚁群落以不同的社会种姓组织起来。,Amir,Amazon Translate
火车沿着遥远目的地之间的轨道行驶。,Amir,Amazon Translate
奶牛供应数百万人消耗的牛奶。,Amir,Amazon Translate
水母利用洋流被动移动。,Amir,Amazon Translate
草莓起初为白色，成熟后变成鲜红色。,Amir,Amazon Translate
苹果在全球凉爽的温带气候中生长得最好。,Amir,Amazon Translate
粉笔非常适合在深色书写板上打标。,Amir,Amazon Translate
袋鼠将小乔伊运送到腹袋里。,Amir,Amazon Translate
鲸鱼经常浮出水面呼吸大气中的氧气。,Amir,Amazon Translate
老鹰使用卓越的视力能力发现猎物。,Amir,Amazon Translate
锤子工具可以安全地将钉子钉入木头。,Amir,Amazon Translate
水獭用石头打开贝类食物。,Amir,Amazon Translate
稻田被洪水淹没，以实现植物的最佳发育。,Amir,Amazon Translate
背包让人们可以舒适地免提携带物品。,Amir,Amazon Translate
自动喷水灭火系统会在预定时间间隔内自动给草坪浇水。,Amir,Amazon Translate
电力照亮房屋、办公室和街道。,Amir,Amazon Translate
奶牛供应肉类和奶制品。,Amir,Amazon Translate
粉笔标记板，易于擦除。,Amir,Amazon Translate
熊猫几乎每天都吃竹子。,Amir,Amazon Translate
水母可以自由漂浮并刺痛防御。,Amir,Amazon Translate
面包升起是因为酵母会产生气泡。,Amir,Amazon Translate
苹果生长在树上，春天会开花。,Amir,Amazon Translate
奶酪由牛奶、山羊奶或绵羊奶发酵而成。,Amir,Amazon Translate
北极熊只生活在北极栖息地。,Amir,Amazon Translate
海豚使用声纳点击进行水下导航。,Amir,Amazon Translate
花生在土壤中成熟，而不是在地上成熟。,Amir,Amazon Translate
椅子为人们在室内提供支撑性座椅舒适度。,Amir,Amazon Translate
书籍包含印在纸页上的事实和故事。,Amir,Amazon Translate
钥匙装有锁，允许通过门进入。,Amir,Amazon Translate
长凳座位允许多人在外面休息。,Amir,Amazon Translate
核桃是被硬壳和外壳覆盖的坚果。,Amir,Amazon Translate
汤通常装在碗里热腾腾地食用。,Amir,Amazon Translate
床支持人类每晚舒适地入睡。,Amir,Amazon Translate
疫苗可以预防各种传染病。,Amir,Amazon Translate
当人们出门在外旅行时，手提箱可以存放衣服。,Amir,Amazon Translate
订书机使用金属订书钉粘附松散的纸张。,Amir,Amazon Translate
水獭使用水下发现的岩石打开贝类。,Amir,Amazon Translate
手电筒使用电池照亮黑暗的地方。,Amir,Amazon Translate
长椅可用作公共户外休息家具。,Amir,Amazon Translate
骑自行车和类似活动时，头盔可以保护头部。,Amir,Amazon Translate
吸尘器使用吸力来清洁灰尘和碎屑。,Amir,Amazon Translate
莎士比亚写了许多著名的戏剧。,Amir,Amazon Translate
蒙娜丽莎挂在卢浮宫博物馆。,Amir,Amazon Translate
莱昂纳多·达芬奇画了《最后的晚餐》。,Amir,Amazon Translate
弗里达·卡洛是一位墨西哥画家。,Amir,Amazon Translate
雅典举办了第一届现代奥运会。,Amir,Amazon Translate
跑步可以增进心血管健康。,Amir,Amazon Translate
说唱音乐起源于美国。,Amir,Amazon Translate
威尼斯以其运河而闻名。,Amir,Amazon Translate
维生素 C 可增强免疫功能。,Amir,Amazon Translate
埃及发现了古代金字塔。,Amir,Amazon Translate
日本由四个主要岛屿组成。,Amir,Amazon Translate
饮用水可防止脱水。,Amir,Amazon Translate
文艺复兴时期始于意大利。,Amir,Amazon Translate
足球在全世界都很受欢迎。,Amir,Amazon Translate
澳大利亚有袋鼠等独特的有袋动物。,Amir,Amazon Translate
咳嗽可排出气道中的刺激物。,Amir,Amazon Translate
印象派改变了艺术家使用光线的方式。,Amir,Amazon Translate
加拿大与美国共享边界。,Amir,Amazon Translate
吸烟会损害肺组织。,Amir,Amazon Translate
亚历山大·格雷厄姆·贝尔发明了电话。,Amir,Amazon Translate
亚马逊雨林横跨九个国家。,Amir,Amazon Translate
Haiku是日本诗歌的一种形式。,Amir,Amazon Translate
尼亚加拉大瀑布位于美加边境。,Amir,Amazon Translate
雕塑涉及塑造石头或金属等材料。,Amir,Amazon Translate
非洲包含五十多个国家。,Amir,Amazon Translate
伦敦的大本钟是著名的钟楼。,Amir,Amazon Translate
锻炼可以增强肌肉和骨骼。,Amir,Amazon Translate
哮喘会影响呼吸能力。,Amir,Amazon Translate
古典音乐经常使用管弦乐团。,Amir,Amazon Translate
罗马是斗兽场的所在地。,Amir,Amazon Translate
漫画书使用图片和文字讲故事。,Amir,Amazon Translate
冰岛以地热活动而闻名。,Amir,Amazon Translate
撒哈拉以南非洲包括不同的文化和语言。,Amir,Amazon Translate
芭蕾舞使用精确、正式的动作。,Amir,Amazon Translate
亚伯拉罕·林肯在美国废除了奴隶制。,Amir,Amazon Translate
篮球需要运球和投篮技巧。,Amir,Amazon Translate
希腊有成千上万的岛屿。,Amir,Amazon Translate
戒烟可以降低患癌的风险。,Amir,Amazon Translate
氟化物有助于保持牙齿健康。,Amir,Amazon Translate
泰姬陵在印度。,Amir,Amazon Translate
贫血是由低红细胞引起的。,Amir,Amazon Translate
书法是装饰性的笔迹风格。,Amir,Amazon Translate
肯尼亚以野生动物之旅而闻名。,Amir,Amazon Translate
电影制作结合了剧本编写、表演和编辑。,Amir,Amazon Translate
巴西举办了最大的狂欢节。,Amir,Amazon Translate
俯卧撑可以增强上半身的力量。,Amir,Amazon Translate
青铜是通过混合铜和锡制成的。,Amir,Amazon Translate
爵士乐起源于新奥尔良。,Amir,Amazon Translate
尼泊尔位于中国和印度之间。,Amir,Amazon Translate
中风会干扰大脑血液流动。,Amir,Amazon Translate
歌剧结合了歌唱和戏剧表演。,Amir,Amazon Translate
南美洲有热带雨林和高山。,Amir,Amazon Translate
马丘比丘是秘鲁的一个古老遗址。,Amir,Amazon Translate
游泳是极好的有氧运动。,Amir,Amazon Translate
感冒是由病毒引起的。,Amir,Amazon Translate
西班牙以弗拉门戈舞而闻名。,Amir,Amazon Translate
居里夫人发现了放射性元素。,Amir,Amazon Translate
徒步旅行消耗卡路里并锻炼腿部肌肉。,Amir,Amazon Translate
化石为史前生活提供了证据。,Amir,Amazon Translate
加勒比海岛屿吸引游客前往海滩。,Amir,Amazon Translate
冥想可以降低压力水平。,Amir,Amazon Translate
封建日本有武士。,Amir,Amazon Translate
印度尼西亚由数千个岛屿组成。,Amir,Amazon Translate
应定期监测血压。,Amir,Amazon Translate
立体派是一种抽象艺术运动。,Amir,Amazon Translate
纽约市包含五个行政区。,Amir,Amazon Translate
举重可以增强肌肉力量。,Amir,Amazon Translate
疟疾通过蚊虫叮咬传播。,Amir,Amazon Translate
波斯地毯是手工编织的艺术品。,Amir,Amazon Translate
阿拉斯加拥有美国最长的海岸线,Amir,Amazon Translate
健康的睡眠可以改善记忆力和情绪。,Amir,Amazon Translate
中世纪的城堡是防御性建筑。,Amir,Amazon Translate
佛教从印度传播到亚洲。,Amir,Amazon Translate
圣彼得大教堂坐落在梵蒂冈城。,Amir,Amazon Translate
台风经常袭击东亚海岸线。,Amir,Amazon Translate
蔬菜提供膳食纤维。,Amir,Amazon Translate
史密森尼学会保存着美国的历史。,Amir,Amazon Translate
挪威沿海地区有峡湾。,Amir,Amazon Translate
探戈舞起源于阿根廷。,Amir,Amazon Translate
柏林墙在1989年倒塌。,Amir,Amazon Translate
折纸是来自日本的传统折纸艺术。,Amir,Amazon Translate
泰国有浮动市场。,Amir,Amazon Translate
第二次世界大战于 1945 年结束。,Amir,Amazon Translate
摄入过多的糖会导致肥胖。,Amir,Amazon Translate
法国以葡萄酒生产而闻名。,Amir,Amazon Translate
照片永久捕捉现实生活中的瞬间。,Amir,Amazon Translate
耶路撒冷对多种宗教具有重要意义。,Amir,Amazon Translate
土耳其是欧洲和亚洲的桥梁。,Amir,Amazon Translate
玛雅文明建造了金字塔神庙。,Amir,Amazon Translate
瑜伽对身心都有好处。,Amir,Amazon Translate
巴洛克音乐极具装饰性。,Amir,Amazon Translate
特斯拉开发了交流电技术。,Amir,Amazon Translate
金砖国家是巴西、俄罗斯、印度、中国、南非。,Amir,Amazon Translate
朝圣者降落在普利茅斯岩。,Amir,Amazon Translate
西伯利亚覆盖俄罗斯北部广阔的领土。,Amir,Amazon Translate
攀岩可以增强抓地力。,Amir,Amazon Translate
埃及艳后统治着古埃及。,Amir,Amazon Translate
偏见影响社会研究结果。,Amir,Amazon Translate
儒家思想影响了中国哲学。,Amir,Amazon Translate
太阳能为一些家庭供电。,Amir,Amazon Translate
印度每年都庆祝排灯节。,Amir,Amazon Translate
寨卡病毒可能导致出生缺陷。,Amir,Amazon Translate
中医使用草药。,Amir,Amazon Translate
米开朗基罗在文艺复兴时期雕刻了大卫。,Amir,Amazon Translate
密西西比河将美国从东向西分开。,Amir,Amazon Translate
嘻哈文化出现在城市社区。,Amir,Amazon Translate
爬楼梯是一种负重运动。,Amir,Amazon Translate
海王星是距离太阳的第八颗行星。,Amir,Amazon Translate
柔道强调投掷和保持。,Amir,Amazon Translate
沃尔特·迪斯尼彻底改变了动画。,Amir,Amazon Translate
新加坡融合了马来人、中国人和印度人的传统。,Amir,Amazon Translate
柏拉图在古希腊教亚里士多德。,Amir,Amazon Translate
以色列集体农场实行集体生活。,Amir,Amazon Translate
森林砍伐威胁生物多样性。,Amir,Amazon Translate
巨石阵可以追溯到史前英国。,Amir,Amazon Translate
智利沿着南美的西海岸延伸。,Amir,Amazon Translate
血液检查检查器官功能。,Amir,Amazon Translate
太鼓是充满活力的日本舞台表演。,Amir,Amazon Translate
阿米什人的文化过着简单的生活。,Amir,Amazon Translate
埃菲尔铁塔象征着巴黎。,Amir,Amazon Translate
披萨起源于意大利。,Amir,Amazon Translate
尼罗河流经埃及。,Amir,Amazon Translate
每日补水可维持肾脏健康。,Amir,Amazon Translate
第一次世界大战始于 1914 年。,Amir,Amazon Translate
绘画是一种创造性表达形式。,Amir,Amazon Translate
东京是日本的首都。,Amir,Amazon Translate
骑自行车可以提高心血管耐力。,Amir,Amazon Translate
凯撒大帝在罗马被暗杀。,Amir,Amazon Translate
农业为许多社会提供食物。,Amir,Amazon Translate
情绪会影响个人决策。,Amir,Amazon Translate
伦理指导道德判断和行为。,Amir,Amazon Translate
天主教有洗礼等圣礼。,Amir,Amazon Translate
民主国家涉及公民对法律或领导人进行投票。,Amir,Amazon Translate
智能手机通过信号从任何地方访问信息。,Amir,Amazon Translate
癌细胞无法控制地在体内生长。,Amir,Amazon Translate
中世纪的欧洲见证了城堡和骑士。,Amir,Amazon Translate
在国家公园里可以找到徒步路线。,Amir,Amazon Translate
加拿大以枫糖浆而闻名。,Amir,Amazon Translate
古埃及人使用象形文字。,Amir,Amazon Translate
芭蕾舞演员穿着尖头鞋跳舞。,Amir,Amazon Translate
澳大利亚被太平洋和印度洋包围。,Amir,Amazon Translate
蛋白质有助于锻炼后的肌肉恢复。,Amir,Amazon Translate
拿破仑·波拿巴在1800年代初统治了法国。,Amir,Amazon Translate
烹饪包括用热混合原料。,Amir,Amazon Translate
素数只有两个因子。,Amir,Amazon Translate
原子结合形成分子。,Amir,Amazon Translate
自尊影响心理健康。,Amir,Amazon Translate
逻辑有助于合理地解决复杂的问题。,Amir,Amazon Translate
伊斯兰教包括被称为 “五大支柱” 的习俗。,Amir,Amazon Translate
经济学研究资源的生产和分配。,Amir,Amazon Translate
3D 打印机根据数字设计创建物理模型。,Amir,Amazon Translate
鸟类迁徙遵循全球季节性模式。,Amir,Amazon Translate
折纸将纸变成装饰人物。,Amir,Amazon Translate
马丘比丘是由印加人建造的。,Amir,Amazon Translate
几个世纪前，中国发明了火药。,Amir,Amazon Translate
购物促进了当地经济。,Amir,Amazon Translate
乘法是重复加法。,Amir,Amazon Translate
西格蒙德·弗洛伊德发展了心理分析。,Amir,Amazon Translate
功利主义旨在实现最大的整体幸福感。,Amir,Amazon Translate
印度教融合了业力和转世的概念。,Amir,Amazon Translate
社会规范塑造群体行为。,Amir,Amazon Translate
人工智能模仿了一些人类的思维过程。,Amir,Amazon Translate
脚踝支持行走和跑步运动。,Amir,Amazon Translate
柏林举办大型国际电影节。,Amir,Amazon Translate
亚马逊丛林占地数百万平方千米。,Amir,Amazon Translate
国旗代表民族身份。,Amir,Amazon Translate
刷牙可以预防蛀牙和牙龈疾病。,Amir,Amazon Translate
阿波罗 11 号将人类降落在月球上。,Amir,Amazon Translate
意大利文艺复兴时期培养了著名的艺术家和思想家。,Amir,Amazon Translate
埃及的金字塔是法老的坟墓。,Amir,Amazon Translate
钓鱼提供食物和娱乐。,Amir,Amazon Translate
数字可以是自然数、整数、整数或有理数。,Amir,Amazon Translate
抗生素治疗的是细菌感染，而不是病毒。,Amir,Amazon Translate
心理健康影响日常生活活动。,Amir,Amazon Translate
二元论将存在分为思想和物质。,Amir,Amazon Translate
刑事司法系统执行法律法规。,Amir,Amazon Translate
卫星在国际上转播电视广播。,Amir,Amazon Translate
疫苗可以预防常见的传染病。,Amir,Amazon Translate
长颈鹿主要生活在非洲热带稀树草原。,Amir,Amazon Translate
交响曲需要管弦乐团演奏完整的作品。,Amir,Amazon Translate
武术可以培养自卫技能。,Amir,Amazon Translate
长城横跨中国北部。,Amir,Amazon Translate
无麸质食物可以帮助患有乳糜泻的人。,Amir,Amazon Translate
法国大革命结束了君主制统治。,Amir,Amazon Translate
舞蹈通过身体动作表达情感。,Amir,Amazon Translate
星系由数十亿颗恒星组成。,Amir,Amazon Translate
肢体语言传达了不言而喻的感受。,Amir,Amazon Translate
理性思维从逻辑上评估证据。,Amir,Amazon Translate
佛教徒通过实践寻求启蒙。,Amir,Amazon Translate
投票赋予公民政治代表权。,Amir,Amazon Translate
云计算将文件存储在外部服务器上。,Amir,Amazon Translate
十字军东征涉及中世纪的宗教战争。,Amir,Amazon Translate
露营包括暂时在户外睡觉。,Amir,Amazon Translate
方程变量代表未知值。,Amir,Amazon Translate
行星轨道沿着绕太阳的椭圆路径行驶。,Amir,Amazon Translate
苏伊士运河连接地中海和红海。,Amir,Amazon Translate
亚马逊河比全球大多数河流都长。,Amir,Amazon Translate
国际象棋是在八乘八的网格上进行的。,Amir,Amazon Translate
呼吸练习可以使身体平静下来。,Amir,Amazon Translate
维京人乘坐木船穿越海洋。,Amir,Amazon Translate
时尚潮流随着文化的转变而演变。,Amir,Amazon Translate
几何学研究形状、角度和表面。,Amir,Amazon Translate
物理学解释了能量如何与物质相互作用。,Amir,Amazon Translate
青春期标志着向成年的过渡。,Amir,Amazon Translate
同理心可以理解他人的观点。,Amir,Amazon Translate
不可知论质疑关于神的知识的确定性。,Amir,Amazon Translate
富士山是日本最高的山峰。,Amir,Amazon Translate
嘻哈起源于纽约布朗克斯。,Amir,Amazon Translate
撒哈拉沙漠覆盖了北非的大部分地区。,Amir,Amazon Translate
罗马帝国在公元476年衰落。,Amir,Amazon Translate
购物中心在一个屋檐下提供多家商店。,Amir,Amazon Translate
Pi 表示圆的周长除以直径。,Amir,Amazon Translate
性格内向的人从孤独中恢复能量。,Amir,Amazon Translate
批判性思维质疑假设和证据。,Amir,Amazon Translate
印度教节日庆祝神灵和季节性活动。,Amir,Amazon Translate
社交阶层按身份对人们进行组织。,Amir,Amazon Translate
电动汽车使用电池代替汽油发动机。,Amir,Amazon Translate
爵士音乐以即兴创作为特色。,Amir,Amazon Translate
尼罗河是非洲最长的河流。,Amir,Amazon Translate
第二次世界大战始于 1939 年。,Amir,Amazon Translate
在家做饭可以省钱。,Amir,Amazon Translate
代数求解未知变量。,Amir,Amazon Translate
个人价值观影响决策。,Amir,Amazon Translate
辩论鼓励分析思考。,Amir,Amazon Translate
摩西五经包含犹太宗教文本。,Amir,Amazon Translate
政府在国内执行法律。,Amir,Amazon Translate
笔记本电脑允许在旅行时进行计算。,Amir,Amazon Translate
牛油果生长在墨西哥原产的树上。,Amir,Amazon Translate
立体主义改变了艺术代表空间的方式。,Amir,Amazon Translate
黄石公园是美国第一个国家公园。,Amir,Amazon Translate
运动时，适当的补水可以防止中暑。,Amir,Amazon Translate
拿破仑在滑铁卢被击败。,Amir,Amazon Translate
园艺可以减轻压力水平。,Amir,Amazon Translate
一个多边形有三个或更多边。,Amir,Amazon Translate
铜可以很好地导电。,Amir,Amazon Translate
自我控制支持实现长期目标。,Amir,Amazon Translate
推理根据一般原则推断出具体情况。,Amir,Amazon Translate
儒家思想强调道德发展。,Amir,Amazon Translate
民意调查显示了民主国家的公众舆论。,Amir,Amazon Translate
Wi-Fi 提供无线互联网接入。,Amir,Amazon Translate
歌剧始于文艺复兴时期的意大利。,Amir,Amazon Translate
莫斯科是俄罗斯最大的城市。,Amir,Amazon Translate
力量训练可以锻炼肌肉组织。,Amir,Amazon Translate
天花疫苗在全球范围内根除了这种疾病。,Amir,Amazon Translate
埃菲尔铁塔于 1889 年完工。,Amir,Amazon Translate
霹雳舞包括杂技动作和旋转。,Amir,Amazon Translate
维多利亚瀑布位于津巴布韦和赞比亚之间。,Amir,Amazon Translate
慢跑可以有效地消耗卡路里。,Amir,Amazon Translate
凯瑟琳大帝扩大了俄罗斯的领土。,Amir,Amazon Translate
野餐将食物与户外休闲相结合。,Amir,Amazon Translate
数学方程必须有满足陈述的答案。,Amir,Amazon Translate
团队合作依赖于合作和沟通技巧。,Amir,Amazon Translate
分析推理将问题分成较小的部分。,Amir,Amazon Translate
因果报应影响印度教信仰体系的重生。,Amir,Amazon Translate
不同社会的家庭结构不同。,Amir,Amazon Translate
自行车装备可以帮助骑手应对不同的地形。,Amir,Amazon Translate
奇异果富含维生素C。,Amir,Amazon Translate
现代流行音乐融合了多种音乐风格。,Amir,Amazon Translate
葡萄牙在欧洲仅与西班牙接壤。,Amir,Amazon Translate
长途散步可促进心脏健康。,Amir,Amazon Translate
内战使各国内部产生分歧。,Amir,Amazon Translate
洗衣店使用水和肥皂清洁衣服。,Amir,Amazon Translate
Precalculus 让学生为微积分概念做好准备。,Amir,Amazon Translate
压力管理可增强整体弹性。,Amir,Amazon Translate
逻辑谜题测试系统的推理能力。,Amir,Amazon Translate
宗教禁食通常会限制某些食物。,Amir,Amazon Translate
全球化连接全球市场。,Amir,Amazon Translate
机器人自动吸尘器清洁地板。,Amir,Amazon Translate
涂鸦被认为是城市街头艺术。,Amir,Amazon Translate
斯堪的纳维亚半岛包括瑞典、挪威和丹麦。,Amir,Amazon Translate
睡眠有助于巩固记忆。,Amir,Amazon Translate
中世纪的骑士遵循骑士精神守则。,Amir,Amazon Translate
捕鲸船探索了北极和南极水域。,Amir,Amazon Translate
绗缝将织物碎片变成毯子和艺术品。,Amir,Amazon Translate
金门大桥横跨旧金山湾。,Amir,Amazon Translate
物理疗法可在受伤后恢复运动。,Amir,Amazon Translate
哈丽雅特·塔布曼带领被奴役者走向自由。,Amir,Amazon Translate
陶器制作涉及塑造和烧制粘土。,Amir,Amazon Translate
对数简化了乘法和除法计算。,Amir,Amazon Translate
性格特征塑造了个人的个性。,Amir,Amazon Translate
怀疑论者对没有足够证据的说法表示怀疑。,Amir,Amazon Translate
伊斯兰教的祈祷面向麦加。,Amir,Amazon Translate
公共交通减少了交通拥堵。,Amir,Amazon Translate
云存储可防止数据进入个人设备。,Amir,Amazon Translate
橄榄主要生长在地中海地区。,Amir,Amazon Translate
文艺复兴时期的艺术家先进的透视技巧。,Amir,Amazon Translate
浮潜允许在水面附近进行水下探索。,Amir,Amazon Translate
有机化学研究碳基分子。,Amir,Amazon Translate
社会角色定义了对行为的期望。,Amir,Amazon Translate
防火墙保护计算机网络免受未经授权的访问。,Amir,Amazon Translate
维生素 D 有助于吸收钙，促进骨骼健康。,Amir,Amazon Translate
封建领主统治着中世纪的欧洲领土。,Amir,Amazon Translate
民间故事代代分享文化智慧。,Amir,Amazon Translate
亚洲拥有世界上最多的人口。,Amir,Amazon Translate
田径项目包括跑步、跳跃和投掷。,Amir,Amazon Translate
列表推导简化了编程代码结构。,Amir,Amazon Translate
超新星标志着大质量恒星的死亡。,Amir,Amazon Translate
情商促进健康的人际关系。,Amir,Amazon Translate
形而上学研究物理世界之外的现实。,Amir,Amazon Translate
转世表明灵魂会以新的身体返回。,Amir,Amazon Translate
莫扎特在古典时代创作了交响曲。,Amir,Amazon Translate
印度尼西亚是世界上最大的岛国。,Amir,Amazon Translate
非洲是所有大陆中国家最多的。,Amir,Amazon Translate
每天散步可以降低血压。,Amir,Amazon Translate
凯撒大帝宣布自己为终身独裁者。,Amir,Amazon Translate
雕塑家使用粘土、石头、木材或金属作为材料。,Amir,Amazon Translate
乞力马扎罗山是非洲最高的。,Amir,Amazon Translate
举重会增加骨密度。,Amir,Amazon Translate
独立日标志着摆脱殖民统治。,Amir,Amazon Translate
银河系是我们的家园星系。,Amir,Amazon Translate
自信支持积极的社交互动。,Amir,Amazon Translate
演绎逻辑从前提得出结论。,Amir,Amazon Translate
冥想练习存在于许多东方宗教中。,Amir,Amazon Translate
婚姻是社会认可的正式伙伴关系。,Amir,Amazon Translate
民间音乐以歌曲的形式保留了传统故事。,Amir,Amazon Translate
苏必利尔湖是北美最大的湖泊。,Amir,Amazon Translate
有氧运动需要持续吸氧。,Amir,Amazon Translate
第一次世界大战以《凡尔赛条约》结束。,Amir,Amazon Translate
烧烤使用直接加热来烹饪食物。,Amir,Amazon Translate
酸的 pH 值低于 7。,Amir,Amazon Translate
个人发展通常意味着学习新技能。,Amir,Amazon Translate
伦理困境有不同的争论。,Amir,Amazon Translate
伊斯兰教要求每天在特定的时间祈祷。,Amir,Amazon Translate
社交网络在线连接全球人们。,Amir,Amazon Translate
电子书允许便携式访问文献。,Amir,Amazon Translate
木瓜在热带气候中生长得最好。,Amir,Amazon Translate
超现实主义强调艺术中的梦幻场景。,Amir,Amazon Translate
巴格达位于底格里斯河附近。,Amir,Amazon Translate
纤维改善消化系统的健康。,Amir,Amazon Translate
《民权法》宣布种族歧视为非法。,Amir,Amazon Translate
锻炼会释放内啡肽，改善情绪。,Amir,Amazon Translate
阿尔伯特·爱因斯坦发展了广义相对论。,Amir,Amazon Translate
城市园艺在城市内种植植物。,Amir,Amazon Translate
素数乘以得出原始数字。,Amir,Amazon Translate
当电荷突然放电时，就会发生闪电。,Amir,Amazon Translate
同理心有助于建立更强大的社区。,Amir,Amazon Translate
类推推可以比较不同情况。,Amir,Amazon Translate
道教认为与自然和谐相处会带来满足感。,Amir,Amazon Translate
公众意见影响政策决策。,Amir,Amazon Translate
无人机从上方拍摄风景。,Amir,Amazon Translate
歌剧歌手经过严格的声乐训练。,Amir,Amazon Translate
安第斯山脉沿着南美西部延伸。,Amir,Amazon Translate
咖啡起源于埃塞俄比亚。,Amir,Amazon Translate
适量饮用咖啡可以提高警觉性。,Amir,Amazon Translate
亨利八世国王建立了英格兰教会。,Amir,Amazon Translate
足球比赛将时间分为两个半场。,Amir,Amazon Translate
数独谜题挑战逻辑思维能力。,Amir,Amazon Translate
化学分支包括有机和无机类型。,Amir,Amazon Translate
原子在晶体中以重复的模式排列。,Amir,Amazon Translate
感恩可以增强情感幸福感。,Amir,Amazon Translate
逻辑语句必须是对还是错。,Amir,Amazon Translate
神论相信上帝但不相信有组织的宗教。,Amir,Amazon Translate
离婚会改变家庭法律关系。,Amir,Amazon Translate
搜索引擎有助于快速找到数字信息。,Amir,Amazon Translate
樱桃生长在开花的树种上。,Amir,Amazon Translate
奏鸣曲是独奏乐器的音乐作品。,Amir,Amazon Translate
桑拿可促进出汗以放松身心。,Amir,Amazon Translate
文明在美索不达米亚创造了楔形文字。,Amir,Amazon Translate
划船可激活主要肌肉群。,Amir,Amazon Translate
群岛描述了岛屿链。,Amir,Amazon Translate
天然气可以有效地为房屋供暖。,Amir,Amazon Translate
智慧由经验、知识和良好的判断力组成。,Amir,Amazon Translate
偏差云研究客观性。,Amir,Amazon Translate
希腊东正教遵循拜占庭的传统。,Amir,Amazon Translate
人口普查定期计算人口数据。,Amir,Amazon Translate
智能手表跟踪健身和日历活动。,Amir,Amazon Translate
几个世纪以来，河流逐渐侵蚀山谷。,Amir,Amazon Translate
街头艺术包括公共场所的壁画和装置。,Amir,Amazon Translate
加州的优胜美地山谷吸引了户外运动爱好者。,Amir,Amazon Translate
蛋白粉补充运动员的饮食。,Amir,Amazon Translate
圣女贞德率领法国军队对抗英军。,Amir,Amazon Translate
甜点通常以糖、巧克力或水果口味为特色。,Amir,Amazon Translate
指数显示数字的重复乘法。,Amir,Amazon Translate
海洋潮汐的变化主要是由于月球的引力。,Amir,Amazon Translate
实验中的变量会系统地影响结果。,Amir,Amazon Translate
创造性表达鼓励个性。,Amir,Amazon Translate
荒诞主义凸显了哲学视角中的无意义。,Amir,Amazon Translate
神道教在日本向被称为 kami 的烈酒致敬。,Amir,Amazon Translate
公民自由保护个人自由权。,Amir,Amazon Translate
密码学通过复杂的算法保护数字通信。,Amir,Amazon Translate
云计算通过互联网连接共享处理资源。,Amir,Amazon Translate
橙子在地中海和亚热带气候中蓬勃发展。,Amir,Amazon Translate
马赛克艺术品将小瓷砖或石头拼凑在一起。,Amir,Amazon Translate
南极洲是最干燥、最冷的大陆。,Amir,Amazon Translate
山地自行车需要熟练的平衡和协调能力。,Amir,Amazon Translate
古生物学研究化石以了解古代生物。,Amir,Amazon Translate
各政党围绕共同的信仰组织成员。,Amir,Amazon Translate
防火墙软件可阻止不需要的流量进入计算机系统。,Amir,Amazon Translate
维生素 B12 有助于神经功能和红细胞形成。,Amir,Amazon Translate
罗马沦陷后，查理曼大帝统治了西欧。,Amir,Amazon Translate
史诗使用英雄动作和宏伟主题。,Amir,Amazon Translate
亚洲比其他大陆覆盖更多的土地。,Amir,Amazon Translate
五项全能结合了五项体育赛事。,Amir,Amazon Translate
布尔逻辑将值限制为真或假状态。,Amir,Amazon Translate
星系围绕其巨大中心缓慢旋转。,Amir,Amazon Translate
道德决定了什么是对与错。,Amir,Amazon Translate
泛神论在宇宙的各个方面都看到了神性。,Amir,Amazon Translate
毕加索创立了立体派艺术运动。,Amir,Amazon Translate
格陵兰岛是地球上最大的岛屿。,Amir,Amazon Translate
美国跨越多个时区。,Amir,Amazon Translate
第二次世界大战以日本的投降而告终。,Amir,Amazon Translate
血液流经血管网络。,Amir,Amazon Translate
身份决定了人们如何看待自己。,Amir,Amazon Translate
三段论使用逻辑进行演绎推理。,Amir,Amazon Translate
无神论是对神灵存在的怀疑。,Amir,Amazon Translate
世俗社会将宗教与政府事务分开。,Amir,Amazon Translate
蓝牙可在短距离内无线连接设备。,Amir,Amazon Translate
哈莱姆文艺复兴促进了美国黑人艺术。,Amir,Amazon Translate
马德里是西班牙的首都和最大的城市。,Amir,Amazon Translate
游泳圈可以锻炼有氧健身。,Amir,Amazon Translate
条约正式规定了国家间的和平。,Amir,Amazon Translate
油炸可以用热油煮食物。,Amir,Amazon Translate
计算器可以加快算术任务的速度。,Amir,Amazon Translate
所有物质都由原子组成。,Amir,Amazon Translate
常规睡眠可以改善情绪健康。,Amir,Amazon Translate
归纳逻辑从证据中得出概括。,Amir,Amazon Translate
道家追求的是毫不费力的行动，或者说是武威。,Amir,Amazon Translate
慈善组织为有需要的社区提供援助。,Amir,Amazon Translate
自动化工厂可以有效地提高产品产量。,Amir,Amazon Translate
奇异果在温带气候中生长得最好。,Amir,Amazon Translate
流行乐队经常使用吉他、贝斯和鼓。,Amir,Amazon Translate
马特宏峰横跨瑞士和意大利。,Amir,Amazon Translate
缓慢进食可能会减少卡路里的摄入。,Amir,Amazon Translate
中国朝代以统治家族为标志着历史时期。,Amir,Amazon Translate
轮滑结合了平衡和协调能力。,Amir,Amazon Translate
量角器测量几何问题的角度大小。,Amir,Amazon Translate
导体很容易传输电流。,Amir,Amazon Translate
正念有助于将注意力集中在当下。,Amir,Amazon Translate
类比比较了无关主题之间的相似之处。,Amir,Amazon Translate
人文主义重视理性、科学和人类尊严。,Amir,Amazon Translate
圣经定义了宗教教义。,Amir,Amazon Translate
司法机构解释法院系统内的法律。,Amir,Amazon Translate
混合动力汽车结合了汽油和电力。,Amir,Amazon Translate
芒果是原产于亚洲的核果。,Amir,Amazon Translate
数字拼贴以电子方式混合了多种视觉元素。,Amir,Amazon Translate
风笛使用封闭的簧片制作音乐。,Amir,Amazon Translate
阿马尔菲海岸以风景秀丽而闻名。,Amir,Amazon Translate
定期慢跑可以减轻患心脏病的风险。,Amir,Amazon Translate
克里米亚战争重塑了欧洲联盟。,Amir,Amazon Translate
编织使用纱线和针头来制作面料。,Amir,Amazon Translate
序列求和将连续数字相加。,Amir,Amazon Translate
静电有时会导致头发挺立。,Amir,Amazon Translate
维生素 E 起到抗氧化剂的作用。,Amir,Amazon Translate
种族影响着日常习俗和传统。,Amir,Amazon Translate
路德教会遵循新教改革期间确立的教义。,Amir,Amazon Translate
共识涉及小组成员之间的普遍共识。,Amir,Amazon Translate
无线耳机无需连接音频设备的电线。,Amir,Amazon Translate
胡萝卜将养分作为根储存在地下。,Amir,Amazon Translate
威尼斯面具采用精美的装饰。,Amir,Amazon Translate
冰岛人喜欢地热温水游泳池。,Amir,Amazon Translate
菠菜含有铁和维生素 A 和 C。,Amir,Amazon Translate
斯巴达以希腊的军国主义文化而闻名。,Amir,Amazon Translate
下象棋可以增强战略思维能力。,Amir,Amazon Translate
重力以 9.8 m/s² 的速度将坠落的物体拉向地球。,Amir,Amazon Translate
非二元论消除了主体和客体体验之间的区别。,Amir,Amazon Translate
禅宗佛教练习正念冥想。,Amir,Amazon Translate
全民公决允许对特定问题进行直接投票。,Amir,Amazon Translate
交通信号调节十字路口。,Amir,Amazon Translate
老虎主要生活在亚洲的森林和草原上。,Amir,Amazon Translate
歌剧包括独唱演员演唱的咏叹调。,Amir,Amazon Translate
捷克人正式讲捷克语。,Amir,Amazon Translate
埃及人开发了最早的书写形式之一。,Amir,Amazon Translate
贵宾犬属于伴侣犬种。,Amir,Amazon Translate
巴巴罗萨是纳粹德国对苏联的运动。,Amir,Amazon Translate
旅行时，行李可以保护随身物品。,Amir,Amazon Translate
面积用于衡量数学中的表面大小。,Amir,Amazon Translate
原子质量大致等于质子和中子的总和。,Amir,Amazon Translate
同伴影响会对青少年的选择产生重大影响。,Amir,Amazon Translate
批判理性主义强调测试改进想法。,Amir,Amazon Translate
十字象征主义出现在许多宗教中。,Amir,Amazon Translate
议会辩论并通过新的法律法规。,Amir,Amazon Translate
网格帮助地理学家准确地定位地点。,Amir,Amazon Translate
土壤中栖息着对植物生长至关重要的生物。,Amir,Amazon Translate
葡萄柚属于柑橘家族。,Amir,Amazon Translate
玉石在雕刻和珠宝方面很有价值。,Amir,Amazon Translate
铃响用于发出事件信号。,Amir,Amazon Translate
印加帝国延伸到南美西部。,Amir,Amazon Translate
历史上，种族隔离按种族划分了美国的设施。,Amir,Amazon Translate
空调为温暖地区的建筑物降温。,Amir,Amazon Translate
推送通知警报可立即到达移动设备用户手中。,Amir,Amazon Translate
伦勃朗画了许多自画像。,Amir,Amazon Translate
苏门答腊是印度尼西亚最大的岛屿之一。,Amir,Amazon Translate
冰岛位于大西洋中脊上。,Amir,Amazon Translate
运动前伸展运动可防止肌肉损伤。,Amir,Amazon Translate
法国大革命始于 1789 年。,Amir,Amazon Translate
烹饪艺术包括烘烤、烧烤、烘焙和炒菜。,Amir,Amazon Translate
六边形有六个边。,Amir,Amazon Translate
声音需要介质才能传播。,Amir,Amazon Translate
自我反省可以提高个人理解。,Amir,Amazon Translate
归纳推理使用观察来形成理论。,Amir,Amazon Translate
神道神社在日本很常见。,Amir,Amazon Translate
《宪法》概述了政府结构和权利。,Amir,Amazon Translate
光纤电缆传输光信号。,Amir,Amazon Translate
石榴原产于伊朗和印度北部。,Amir,Amazon Translate
古典芭蕾起源于文艺复兴时期的意大利。,Amir,Amazon Translate
蒙特利尔是魁北克省的一个城市。,Amir,Amazon Translate
快走比慢走消耗更多的卡路里。,Amir,Amazon Translate
停战日纪念第一次世界大战的结束。,Amir,Amazon Translate
汤可以是肉汤或奶油状的。,Amir,Amazon Translate
代数表达式使用字母来表示数字。,Amir,Amazon Translate
物质以固体、液体或气体的形式存在。,Amir,Amazon Translate
多巴胺调节情绪和动机。,Amir,Amazon Translate
逻辑参数的形式有效或无效。,Amir,Amazon Translate
泛神论认为自然是神圣的。,Amir,Amazon Translate
神职人员经常主持宗教仪式。,Amir,Amazon Translate
无人机摄像机拍摄空中视角。,Amir,Amazon Translate
羽衣甘蓝在凉爽的气候中生长良好。,Amir,Amazon Translate
大键琴在巴洛克音乐中很受欢迎。,Amir,Amazon Translate
贝加尔湖是世界上最深的。,Amir,Amazon Translate
跳绳可以改善心率和协调能力。,Amir,Amazon Translate
阿波罗任务探索了月球表面。,Amir,Amazon Translate
艺术家使用混合媒体来实现创意效果。,Amir,Amazon Translate
位图是由像素制成的数字图像。,Amir,Amazon Translate
水稻梯田控制农业用水。,Amir,Amazon Translate
当卡路里摄入量下降过低时，就会出现饥饿。,Amir,Amazon Translate
酶加速细胞中的化学反应。,Amir,Amazon Translate
圆形物体在平坦的表面上平滑滚动。,Amir,Amazon Translate
茶馆为饮酒者提供与亚洲朋友社交的场所。,Amir,Amazon Translate
宇宙学探索宇宙的起源和结构。,Amir,Amazon Translate
美德指导跨文化的道德行为。,Amir,Amazon Translate
信仰传统影响道德选择。,Amir,Amazon Translate
投票确保公众参与治理。,Amir,Amazon Translate
基于云的备份可保护异地数字数据。,Amir,Amazon Translate
爵士乐队以管乐、铜管和节奏部分为特色。,Amir,Amazon Translate
西奈半岛连接非洲和亚洲。,Amir,Amazon Translate
羽毛球需要快速的反应和敏捷性。,Amir,Amazon Translate
原子包含质子、中子和电子。,Amir,Amazon Translate
感觉神经元将刺激传递到大脑。,Amir,Amazon Translate
自白诗歌揭示了私人的情感经历。,Amir,Amazon Translate
乍得湖每年的大小差异很大。,Amir,Amazon Translate
向后跑会挑战不同的肌肉。,Amir,Amazon Translate
桑拿疗法可促进毒素排出。,Amir,Amazon Translate
侵蚀通过清除土壤和岩石来塑造景观。,Amir,Amazon Translate
修女们将生命奉献给精神服务。,Amir,Amazon Translate
照明设计为剧院和活动营造氛围。,Amir,Amazon Translate
填字游戏可增强英语词汇能力。,Amir,Amazon Translate
细支气管向肺中的肺泡提供空气。,Amir,Amazon Translate
纳米技术在原子尺度上操纵物质。,Amir,Amazon Translate
后缀修改基本词的含义。,Amir,Amazon Translate
人类进化可以追溯到数百万年前。,Amir,Amazon Translate
有轨电车曾经在城市交通网络中占据主导地位。,Amir,Amazon Translate
概率用数学方法估计事件可能性。,Amir,Amazon Translate
标准差衡量数据的可变性。,Amir,Amazon Translate
弗洛伊德发展了身份、自我和超我的概念。,Amir,Amazon Translate
颠覆圣像的人在历史上抵制宗教形象。,Amir,Amazon Translate
州政府制定地方政策。,Amir,Amazon Translate
苏丹统治了奥斯曼帝国。,Amir,Amazon Translate
各国签署和平解决争端的条约。,Amir,Amazon Translate
行和列组织电子表格信息。,Amir,Amazon Translate
激流将游泳运动员拉离岸边。,Amir,Amazon Translate
蝴蝶为开花植物授粉。,Amir,Amazon Translate
精算师使用数学模型评估财务风险。,Amir,Amazon Translate
热力学描述了热和工作关系。,Amir,Amazon Translate
抒情诗简洁地表达了强烈的情感。,Amir,Amazon Translate
多神论崇拜多个神灵。,Amir,Amazon Translate
一夫多妻制允许与多个伴侣结婚。,Amir,Amazon Translate
汽车彻底改变了二十世纪的交通。,Amir,Amazon Translate
LED 灯泡比白炽灯消耗更少的电力。,Amir,Amazon Translate
深海海沟标志着构造板块之间的边界。,Amir,Amazon Translate
众筹通过小额个人捐款支持项目。,Amir,Amazon Translate
食肉动物主要吃动物组织。,Amir,Amazon Translate
尽管真相值得怀疑，但都市传说仍广泛传播。,Amir,Amazon Translate
批判现实主义结合了客观事实和主观视角。,Amir,Amazon Translate
壁画技巧包括在湿石膏上绘画。,Amir,Amazon Translate
教堂合唱团和谐地唱赞美诗。,Amir,Amazon Translate
吸收光谱有助于识别元素成分。,Amir,Amazon Translate
美洲虎栖息在中美洲和南美洲的热带雨林中。,Amir,Amazon Translate
北京在2008年主办了夏季奥运会。,Amir,Amazon Translate
数据加密代码限制未经授权的访问。,Amir,Amazon Translate
风寒使冷空气感觉更冷。,Amir,Amazon Translate
狮身人面像靠近埃及的金字塔。,Amir,Amazon Translate
马达加斯加是非洲沿海的一个岛国。,Amir,Amazon Translate
跳千斤顶可以快速提高心率。,Amir,Amazon Translate
《大宪章》限制了英国的王室权力。,Amir,Amazon Translate
涂鸦是在公共表面上绘制的艺术品。,Amir,Amazon Translate
五角大楼有五个直边。,Amir,Amazon Translate
尊重在个人中建立了积极的自我概念。,Amir,Amazon Translate
经验证据证实了逻辑结论。,Amir,Amazon Translate
仪式为信徒重现了关键事件。,Amir,Amazon Translate
公民权利的存在是为了保护个人自由。,Amir,Amazon Translate
蓝牙技术取代了物理电缆。,Amir,Amazon Translate
开心果是一种绿色坚果。,Amir,Amazon Translate
高级时装代表高端定制时尚。,Amir,Amazon Translate
卡萨布兰卡是摩洛哥人口最大的城市。,Amir,Amazon Translate
定期骑自行车可以增强腿部肌肉。,Amir,Amazon Translate
亚历山大大帝传播了希腊文化。,Amir,Amazon Translate
慢煮会产生更深的味道。,Amir,Amazon Translate
方程在两个表达式之间使用等号。,Amir,Amazon Translate
当原子共享或转移电子时，分子就会形成。,Amir,Amazon Translate
持续的日常活动可以减轻压力和焦虑。,Amir,Amazon Translate
演绎逻辑将一般规则应用于特定案例。,Amir,Amazon Translate
人文主义将人类福利和尊严放在首位。,Amir,Amazon Translate
布道传递宗教信息和课程。,Amir,Amazon Translate
健身追踪器监控身体活动水平。,Amir,Amazon Translate
芒果在温暖潮湿的气候中茁壮成长。,Amir,Amazon Translate
巴洛克绘画展现了光影的戏剧性对比。,Amir,Amazon Translate
托斯卡纳位于意大利中部连绵起伏的丘陵地带。,Amir,Amazon Translate
吃太多零食会导致体重增加。,Amir,Amazon Translate
罗马帝国在鼎盛时期横跨三大洲。,Amir,Amazon Translate
租房允许临时生活安排。,Amir,Amazon Translate
铁钉在潮湿的条件下会生锈。,Amir,Amazon Translate
定期进行正念练习可减少冲动行为。,Amir,Amazon Translate
类比使用相关的例子来阐明抽象的想法。,Amir,Amazon Translate
实用主义根据实际结果来判断行动。,Amir,Amazon Translate
神圣的经文塑造了信仰传统。,Amir,Amazon Translate
立法机构起草和修订法律法规。,Amir,Amazon Translate
手机使用蜂窝网络进行通信。,Amir,Amazon Translate
萝卜作为根茎类蔬菜在地下生长。,Amir,Amazon Translate
彩色玻璃装饰着许多古老的教堂。,Amir,Amazon Translate
新加坡以严格的清洁规定而闻名。,Amir,Amazon Translate
钾维持细胞中的液体平衡。,Amir,Amazon Translate
性别角色是由文化和历史塑造的。,Amir,Amazon Translate
大主教监督大型基督教领土。,Amir,Amazon Translate
社会契约解释了法律是如何产生于公共协议的。,Amir,Amazon Translate
在线论坛允许在全球范围内进行小组讨论。,Amir,Amazon Translate
拜占庭马赛克以金色背景描绘了圣经场景。,Amir,Amazon Translate
乞力马扎罗山位于东非平原上空。,Amir,Amazon Translate
曲棍球使用棍棒和硬球。,Amir,Amazon Translate
碳原子很容易结合成长有机分子。,Amir,Amazon Translate
神经信号可以快速发送感官信息。,Amir,Amazon Translate
米用公制测量长度。,Amir,Amazon Translate
史诗小说讲述了英雄的世代和旅行。,Amir,Amazon Translate
万物有灵论认为灵魂栖息在自然物体中。,Amir,Amazon Translate
伊斯兰教法影响着一些伊斯兰国家的法律。,Amir,Amazon Translate
外交在国际上谈判和平协议。,Amir,Amazon Translate
全民公决要求在问题上实行直接民主。,Amir,Amazon Translate
纬度测量赤道以北或以南的距离。,Amir,Amazon Translate
由于地球的科里奥利效应，飓风旋转。,Amir,Amazon Translate
大黄蜂在寻找花蜜的同时帮助花朵施肥。,Amir,Amazon Translate
分析师每天解释股市趋势。,Amir,Amazon Translate
运动传感器可检测室内和室外的运动。,Amir,Amazon Translate
桥梁支撑河流或山谷上的道路。,Amir,Amazon Translate
哮喘在某些触发时会限制呼吸。,Amir,Amazon Translate
字形通过基于图像的符号传达语言。,Amir,Amazon Translate
北极探险家面临极端寒冷和孤立。,Amir,Amazon Translate
摄影对于电影中的故事讲述至关重要。,Amir,Amazon Translate
四足动物自然地用四条腿行走。,Amir,Amazon Translate
指纹提供独特的个人识别方法。,Amir,Amazon Translate
班克斯是一位著名的匿名街头艺术家。,Amir,Amazon Translate
西藏坐落在世界上最高的高原上。,Amir,Amazon Translate
巴西与除智利和厄瓜多尔以外的所有南美国家接壤。,Amir,Amazon Translate
仰卧起坐锻炼腹部肌肉和核心力量。,Amir,Amazon Translate
登月发生在 1969 年。,Amir,Amazon Translate
街头摄影捕捉公共场所的真实时刻。,Amir,Amazon Translate
液体呈容器的形状。,Amir,Amazon Translate
个人成就可以提高自我价值和动力。,Amir,Amazon Translate
直觉是决策中逻辑分析的补充。,Amir,Amazon Translate
锡克教始于十五世纪的旁遮普邦。,Amir,Amazon Translate
公共图书馆提供免费书籍供社区使用。,Amir,Amazon Translate
芝麻用于烘焙和烹饪。,Amir,Amazon Translate
宝莱坞电影结合了音乐、戏剧和舞蹈。,Amir,Amazon Translate
曼谷是泰国的首都和最大的城市。,Amir,Amazon Translate
强力行走可增加耐力，同时最大限度地减少关节冲击。,Amir,Amazon Translate
《独立宣言》于 1776 年签署。,Amir,Amazon Translate
自制啤酒通过受控发酵酿造啤酒。,Amir,Amazon Translate
小数使用位值表示法表示分数值。,Amir,Amazon Translate
气体膨胀以填满任何可用空间。,Amir,Amazon Translate
日常活动可以帮助孩子感到安全和有保障。,Amir,Amazon Translate
循环推理在没有有效证据的情况下重复索赔。,Amir,Amazon Translate
先验主义强调直觉和自然灵性。,Amir,Amazon Translate
部长们领导基督教会和仪式。,Amir,Amazon Translate
可穿戴技术可跟踪步数、心率或睡眠周期。,Amir,Amazon Translate
番石榴生长在热带常绿树上。,Amir,Amazon Translate
表现主义通过大胆的色彩和形式传达情感。,Amir,Amazon Translate
里约热内卢有著名的海滩和狂欢节游行。,Amir,Amazon Translate
上午中旬吃零食会中断食欲的调节。,Amir,Amazon Translate
在与欧洲接触之前，阿兹台克帝国统治了墨西哥中部。,Amir,Amazon Translate
室友共同分担费用和家务。,Amir,Amazon Translate
闰年为二月增加了一天。,Amir,Amazon Translate
铝比铁更耐腐蚀。,Amir,Amazon Translate
预算限制了不必要的长期支出。,Amir,Amazon Translate
象征主义赋予物体在故事或艺术中更广泛的含义。,Amir,Amazon Translate
现象学系统地研究有意识的体验。,Amir,Amazon Translate
寓言教导宗教经文中的道德。,Amir,Amazon Translate
行政部门在政府一级执行法律。,Amir,Amazon Translate
光纤极大地提高了互联网速度。,Amir,Amazon Translate
涂鸦在城市表面表达社交信息。,Amir,Amazon Translate
牧师就信仰问题为教区居民提供咨询。,Amir,Amazon Translate
民事诉讼解决了非刑事法律分歧。,Amir,Amazon Translate
数字平台允许轻松进行全球对话。,Amir,Amazon Translate
授粉者通过转移花粉来帮助植物繁殖。,Amir,Amazon Translate
装饰艺术建筑采用几何流线型设计。,Amir,Amazon Translate
落基山脉是北美最长的连续山脉。,Amir,Amazon Translate
棒球包括用球棒将球击向基地。,Amir,Amazon Translate
运动神经元控制全身肌肉运动。,Amir,Amazon Translate
电视剧侧重于情感发展或冲突。,Amir,Amazon Translate
斯多葛主义教导美德是人生最大的好处。,Amir,Amazon Translate
传道士在礼拜仪式中讲道。,Amir,Amazon Translate
法官根据既定法律解释规则。,Amir,Amazon Translate
智能手机在移动操作系统上运行。,Amir,Amazon Translate
萝卜从种子到收获都迅速成熟。,Amir,Amazon Translate
壁画用大型彩绘图像装饰建筑物。,Amir,Amazon Translate
首尔是韩国的首都。,Amir,Amazon Translate
磷支持健康的骨骼和牙齿形成。,Amir,Amazon Translate
社交角色定义了群体中的预期行为。,Amir,Amazon Translate
僧侣们将生命奉献给祈祷和学习。,Amir,Amazon Translate
请愿书收集政策变更请求的签名。,Amir,Amazon Translate
短信以数字方式传输简短的通信。,Amir,Amazon Translate
特有物种仅生活在特定的地理区域。,Amir,Amazon Translate
狗拉雪橇在白雪皑皑的地形上运送补给品。,Amir,Amazon Translate
罗马马赛克用小瓷砖装饰地板和墙壁。,Amir,Amazon Translate
珠穆朗玛峰大本营吸引了世界各地的徒步旅行者。,Amir,Amazon Translate
厨师专业地制作烹饪食谱。,Amir,Amazon Translate
长除法将数字分成整部分。,Amir,Amazon Translate
遗传学解释了生物的遗传特征。,Amir,Amazon Translate
短篇小说用几页讲述了完整的故事。,Amir,Amazon Translate
图腾柱代表着原住民的血统。,Amir,Amazon Translate
动画师逐帧使角色生动起来。,Amir,Amazon Translate
甲壳类动物包括螃蟹、龙虾和虾。,Amir,Amazon Translate
北斋创作了著名的版画《神奈川巨浪》。,Amir,Amazon Translate
塔斯马尼亚是澳大利亚的一个岛国。,Amir,Amazon Translate
瑞士是内陆国，与五个国家接壤。,Amir,Amazon Translate
俯卧撑使用体重进行阻力训练。,Amir,Amazon Translate
阿波罗 13 号是一次近乎灾难的登月任务。,Amir,Amazon Translate
书法需要仔细控制钢笔或画笔的笔触。,Amir,Amazon Translate
一个圆有无限的对称线。,Amir,Amazon Translate
物质在物理或化学反应中是守恒的。,Amir,Amazon Translate
每天的肯定可以支持自尊心的成长。,Amir,Amazon Translate
研究方法通过观察来检验假设。,Amir,Amazon Translate
禅宗花园以美观的方式布置岩石、沙子和植物。,Amir,Amazon Translate
公民职责包括投票和陪审服务。,Amir,Amazon Translate
无线网络无需电线即可实现设备连接。,Amir,Amazon Translate
晒干的番茄用作烹饪原料。,Amir,Amazon Translate
萨尔萨音乐融合了非洲裔古巴人的节奏和爵士乐元素。,Amir,Amazon Translate
温哥华位于太平洋和海岸山脉之间。,Amir,Amazon Translate
划船使用协调的手臂和背部力量。,Amir,Amazon Translate
南特法令允许法国的宗教自由。,Amir,Amazon Translate
蒸煮蔬菜同时保留更多营养。,Amir,Amazon Translate
十六进制系统使用十六位可能的数字。,Amir,Amazon Translate
等离子体比气体更能传导电力。,Amir,Amazon Translate
昼夜节律会影响不同时期的警觉性。,Amir,Amazon Translate
模拟信号会随着时间的推移而持续变化。,Amir,Amazon Translate
结构主义分析文化系统内部的模式。,Amir,Amazon Translate
牧师在世界上许多宗教中举行仪式。,Amir,Amazon Translate
拼车服务依赖移动应用程序。,Amir,Amazon Translate
榴莲水果闻起来很浓但是味道很甜。,Amir,Amazon Translate
新艺术风格以流畅的曲线和自然的形状为特色。,Amir,Amazon Translate
维也纳爱乐乐团是著名的古典乐团。,Amir,Amazon Translate
站立吃饭有时会减小份量。,Amir,Amazon Translate
印加人在南美建立了广泛的道路网络。,Amir,Amazon Translate
宿舍为大学提供共享住房。,Amir,Amazon Translate
习惯堆叠在现有习惯的基础上建立新的习惯。,Amir,Amazon Translate
视觉隐喻在艺术中象征性地展现思想。,Amir,Amazon Translate
结果主义根据行动的结果来判断道德。,Amir,Amazon Translate
礼拜仪式是公共礼拜的固定形式。,Amir,Amazon Translate
民法典涵盖非刑法事项。,Amir,Amazon Translate
加密会破坏数字数据以保护隐私。,Amir,Amazon Translate
Radicchio 为混合沙拉增添了苦味。,Amir,Amazon Translate
标记涂鸦会将艺术家的标识符留在公共墙上。,Amir,Amazon Translate
修女可以在学校上课或照顾病人。,Amir,Amazon Translate
专利法暂时保护发明人的原创作品。,Amir,Amazon Translate
众筹帮助小型企业筹集金融资本。,Amir,Amazon Translate
食物网描述了能量如何在生态系统中流动。,Amir,Amazon Translate
巴洛克式教堂在祭坛上使用镀金雕塑。,Amir,Amazon Translate
阿巴拉契亚人从阿拉巴马州延伸到加拿大。,Amir,Amazon Translate
羽毛球拍有长手柄和带绳头。,Amir,Amazon Translate
甲烷燃烧时会释放热量。,Amir,Amazon Translate
光的传播速度比任何其他已知现象都要快。,Amir,Amazon Translate
椅子可在工作或休息时支撑体重。,Amir,Amazon Translate
史诗讲述了英雄的冒险或任务。,Amir,Amazon Translate
盟约在犹太传统中确立了具有约束力的承诺。,Amir,Amazon Translate
宪法法院决定法律是否符合一个国家的宪法。,Amir,Amazon Translate
云层播种旨在人为触发降雨。,Amir,Amazon Translate
宽带提供高速互联网连接。,Amir,Amazon Translate
耐力赛挑战参与者的远距离耐力。,Amir,Amazon Translate
舞蹈团为同步表演进行了广泛训练。,Amir,Amazon Translate
十字花科蔬菜含有促进健康的化合物。,Amir,Amazon Translate
情节记忆存储特定的个人经历。,Amir,Amazon Translate
偶像画家创作名为图标的精神图像。,Amir,Amazon Translate
教会法管辖罗马天主教会内部的程序。,Amir,Amazon Translate
尖塔在视觉上标记伊斯兰清真寺。,Amir,Amazon Translate
急诊室治疗危及生命的医疗情况。,Amir,Amazon Translate
琥珀来自硬化的树脂。,Amir,Amazon Translate
食草动物只消耗植物材料。,Amir,Amazon Translate
学徒制将学习与实际工作经验相结合。,Amir,Amazon Translate
媒体素养可以分析新闻的可信度。,Amir,Amazon Translate
生物圈涵盖了所有在全球范围内相互作用的生物。,Amir,Amazon Translate
在科学实验期间，试管可容纳液体。,Amir,Amazon Translate
词汇表定义了书籍中的专业术语。,Amir,Amazon Translate
折纸鹤象征着希望和康复。,Amir,Amazon Translate
左脑功能强调逻辑和细节导向。,Amir,Amazon Translate
班克斯的壁画经常涉及政治主题。,Amir,Amazon Translate
西西里岛是最大的地中海岛屿。,Amir,Amazon Translate
格林威治将本初子午线标记为零经度。,Amir,Amazon Translate
弓步可以增强腿部和臀部。,Amir,Amazon Translate
莱特兄弟驾驶了第一架飞机。,Amir,Amazon Translate
定格动画使用静止图像来创建动作。,Amir,Amazon Translate
四边形有四个边。,Amir,Amazon Translate
溶液是物质的均匀混合物。,Amir,Amazon Translate
时间管理可以提高学生的自我效能感。,Amir,Amazon Translate
启发式方法加快了复杂的决策过程。,Amir,Amazon Translate
朝圣将信徒吸引到神圣的地方。,Amir,Amazon Translate
非营利组织在运作时不将利润作为股息分配。,Amir,Amazon Translate
智能恒温器会自动调整供暖时间表。,Amir,Amazon Translate
波尔卡起源于中欧。,Amir,Amazon Translate
柏林坐落在施普雷河沿岸。,Amir,Amazon Translate
女性在1920年获得了美国的投票权。,Amir,Amazon Translate
咖啡师专业地准备咖啡饮品。,Amir,Amazon Translate
百分比表示一百中的值。,Amir,Amazon Translate
蒸馏按沸点分离液体。,Amir,Amazon Translate
营养标签为健康食品的选择提供信息。,Amir,Amazon Translate
有效性是指测试对某物的衡量程度。,Amir,Amazon Translate
逻辑悖论揭示了意想不到的矛盾。,Amir,Amazon Translate
东正教在礼拜活动中使用偶像。,Amir,Amazon Translate
行政命令指导政府机构的行动。,Amir,Amazon Translate
蓝牙耳机支持免提通话。,Amir,Amazon Translate
姜黄为菜肴增添了黄色和泥土味。,Amir,Amazon Translate
漫画用插图讲述连续故事。,Amir,Amazon Translate
阿罕布拉宫反映了西班牙的伊斯兰建筑。,Amir,Amazon Translate
烤鸡肉为饮食提供瘦肉蛋白。,Amir,Amazon Translate
奥斯曼帝国横跨三大洲的部分地区。,Amir,Amazon Translate
租户在租用公寓时签署租约。,Amir,Amazon Translate
周长计算多边形边缘周围的总距离。,Amir,Amazon Translate
石英钟利用晶体振动来保持准确的时间。,Amir,Amazon Translate
冲动控制可防止儿童的危险行为。,Amir,Amazon Translate
存在主义哲学涉及人类的自由和目的。,Amir,Amazon Translate
寓言用动物来教道德课。,Amir,Amazon Translate
市长担任城市领导人。,Amir,Amazon Translate
亚马逊 Kindle 在全球范围内推广了数字电子阅读。,Amir,Amazon Translate
欧洲防风草类似于胡萝卜，但更苍白更甜。,Amir,Amazon Translate
明暗对比在艺术中对比鲜明和阴影。,Amir,Amazon Translate
尼斯湖位于苏格兰北部。,Amir,Amazon Translate
Pickleball 结合了网球、羽毛球和乒乓球规则。,Amir,Amazon Translate
镍可以抵抗腐蚀并易于形成合金。,Amir,Amazon Translate
光线弯曲穿过不同的透明材料。,Amir,Amazon Translate
电影改编将书籍转化为视觉叙事。,Amir,Amazon Translate
儒家教义强调家庭忠诚度。,Amir,Amazon Translate
警方在当地执行刑法。,Amir,Amazon Translate
移动应用程序在智能手机上提供专门的实用程序。,Amir,Amazon Translate
萝卜很快就会成熟，可以制成新鲜的沙拉。,Amir,Amazon Translate
折纸纸鹤代表着日本文化中的希望。,Amir,Amazon Translate
踢踏舞具有同步的脚声。,Amir,Amazon Translate
金桔是整粒食用的小柑橘类水果。,Amir,Amazon Translate
自我实现代表着最高的心理满足感。,Amir,Amazon Translate
榜样对青年发展产生积极影响。,Amir,Amazon Translate
牧师在医院提供精神支持。,Amir,Amazon Translate
教会法院对宗教法律问题作出裁决。,Amir,Amazon Translate
健身房提供阻力和有氧训练设施。,Amir,Amazon Translate
作品集收集艺术品以供审阅或演示。,Amir,Amazon Translate
图论研究相连节点之间的关系。,Amir,Amazon Translate
人力资源管理公司内部的雇佣关系。,Amir,Amazon Translate
敬拜包括全心全意的祈祷、歌曲和仪式。,Amir,Amazon Translate
大教堂设有拱形天花板和彩色玻璃窗。,Amir,Amazon Translate
印象派画家使用了快速的笔触和户外场景。,Amir,Amazon Translate
清真食品符合伊斯兰饮食标准。,Amir,Amazon Translate
老年护理支持老年人的日常生活需求。,Amir,Amazon Translate
植物园展示了各种各样的植物物种。,Amir,Amazon Translate
火星任务寻找生命的证据。,Amir,Amazon Translate
石蕊纸测试物质的酸度或碱度。,Amir,Amazon Translate
个人卫生可以防止疾病和感染。,Amir,Amazon Translate
咨询有助于解决个人和情感问题。,Amir,Amazon Translate
图画小说结合了图片和书面叙事。,Amir,Amazon Translate
Pi 是一个非理性的数学常数。,Amir,Amazon Translate
农学提高了土壤肥力和作物产量。,Amir,Amazon Translate
会幕在天主教教堂里储存奉献的面包。,Amir,Amazon Translate
考古学通过物质遗迹研究过去的文化。,Amir,Amazon Translate
神道鸟居大门标志着神社入口。,Amir,Amazon Translate
碳酸化会在软饮料中产生气泡。,Amir,Amazon Translate
比喻与使用 “赞” 或 “as” 的东西进行比较。,Amir,Amazon Translate
磁铁矿是一种天然存在的磁性矿物。,Amir,Amazon Translate
一般参考书概述了许多主题。,Amir,Amazon Translate
字典定义了单词及其用法。,Amir,Amazon Translate
百科全书汇编了跨学科的知识。,Amir,Amazon Translate
地图集显示地图集以供参考。,Amir,Amazon Translate
参考图书馆整理资料供公众使用。,Amir,Amazon Translate
统计数据汇总了大量的数字信息。,Amir,Amazon Translate
参考书目列出了学术著作中引用的来源。,Amir,Amazon Translate
索引有助于在书中找到特定的主题。,Amir,Amazon Translate
词汇表阐明了文本中使用的术语。,Amir,Amazon Translate
年鉴提供年度数据和事实。,Amir,Amazon Translate
引文格式确保学术写作的清晰度。,Amir,Amazon Translate
年表按顺序概述事件。,Amir,Amazon Translate
目录按相关类别整理商品或产品。,Amir,Amazon Translate
指南提供有关地点或活动的实用建议。,Amir,Amazon Translate
同义词库提供替代词汇选择。,Amir,Amazon Translate
摘要总结了研究论文的内容。,Amir,Amazon Translate
手册说明了如何操作各种设备。,Amir,Amazon Translate
汇编将多个知识体系合并为一个来源。,Amir,Amazon Translate
时间表按时间顺序排列任务或事件。,Amir,Amazon Translate
官方文件记录了重要的交易或协议。,Amir,Amazon Translate
艺术博物馆收集、保存和展出艺术品。,Amir,Amazon Translate
芭蕾舞使用动作和音乐来讲故事。,Amir,Amazon Translate
诗歌通过精心选择的语言表达感情。,Amir,Amazon Translate
小说为读者创造了想象中的世界。,Amir,Amazon Translate
民歌反映了文化认同和遗产。,Amir,Amazon Translate
雕塑将材料转化为三维形式。,Amir,Amazon Translate
建筑通过设计的结构塑造人类环境。,Amir,Amazon Translate
漫画混合了视觉效果和对话以获得叙事效果。,Amir,Amazon Translate
交响曲是复杂的管弦乐作品。,Amir,Amazon Translate
电影使用动态图像来讲故事。,Amir,Amazon Translate
壁画用艺术场景装饰大墙。,Amir,Amazon Translate
戏剧通过口头对话和行动描绘冲突。,Amir,Amazon Translate
时装设计影响着全球的服装潮流。,Amir,Amazon Translate
摄影用相机捕捉精彩瞬间。,Amir,Amazon Translate
陶瓷将粘土变成功能性或装饰性物体。,Amir,Amazon Translate
表演艺术需要在观众面前进行现场表演。,Amir,Amazon Translate
书本装订可制作经久耐用、易于理解的书面陈述。,Amir,Amazon Translate
不同族裔群体的文化传统各不相同。,Amir,Amazon Translate
节日是重要的社交或宗教场合。,Amir,Amazon Translate
精湛工艺强调手工巧妙创作。,Amir,Amazon Translate
绘画技巧可能涉及水彩画或油画。,Amir,Amazon Translate
文学通过小说或诗歌来分析社会。,Amir,Amazon Translate
舞蹈无需使用口语即可传达意义。,Amir,Amazon Translate
神话代表了对自然事件的传统解释。,Amir,Amazon Translate
数字艺术利用技术进行创造性表达。,Amir,Amazon Translate
博物馆通过文物陈列来解释历史。,Amir,Amazon Translate
世界各国的首都是各国的行政中心。,Amir,Amazon Translate
岛屿是被水包围的陆地。,Amir,Amazon Translate
热带雨林包含茂密的植被和多样的野生动物。,Amir,Amazon Translate
高原地势平坦，海拔较高。,Amir,Amazon Translate
森林为许多物种提供了栖息地。,Amir,Amazon Translate
峡谷是由长期的侵蚀过程造成的。,Amir,Amazon Translate
边界在地理上将国家或地区分开。,Amir,Amazon Translate
湖泊向内陆储存淡水。,Amir,Amazon Translate
山谷位于丘陵或山脉之间。,Amir,Amazon Translate
半岛延伸到更大的水域。,Amir,Amazon Translate
三角洲是河流与更大水域交汇的地方。,Amir,Amazon Translate
城市中心集中了人口和基础设施。,Amir,Amazon Translate
河口平衡盐水和淡水生态系统。,Amir,Amazon Translate
洞穴在地下自然发育。,Amir,Amazon Translate
湿地支持适应饱和土壤的植物。,Amir,Amazon Translate
运动可以保持心血管健康。,Amir,Amazon Translate
补水可防止脱水和热量消耗。,Amir,Amazon Translate
睡眠恢复支持健康的免疫功能。,Amir,Amazon Translate
维生素有助于基本的代谢过程。,Amir,Amazon Translate
洗手可以减少传染病的传播。,Amir,Amazon Translate
均衡饮食包括每天的水果和蔬菜。,Amir,Amazon Translate
例行检查有助于及早发现健康问题。,Amir,Amazon Translate
体育锻炼有助于控制体重增加。,Amir,Amazon Translate
牙医可以预防蛀牙和牙龈疾病。,Amir,Amazon Translate
步行有益于身心健康。,Amir,Amazon Translate
正确的姿势可以避免关节疼痛和受伤。,Amir,Amazon Translate
精神放松可减少压力荷尔蒙。,Amir,Amazon Translate
疫苗可以抵御某些病毒性疾病。,Amir,Amazon Translate
健康的饮食习惯可降低患慢性病的可能性。,Amir,Amazon Translate
吃早餐可以提高早晨的能量水平。,Amir,Amazon Translate
当免疫系统对无害物质做出反应时，就会发生过敏。,Amir,Amazon Translate
第一次世界大战于 1918 年结束。,Amir,Amazon Translate
伦敦大火发生在1666年。,Amir,Amazon Translate
古希腊对西方文明做出了广泛贡献。,Amir,Amazon Translate
罗马在成为帝国之前成为共和国。,Amir,Amazon Translate
《大宪章》于 1215 年签署。,Amir,Amazon Translate
克里斯托弗·哥伦布于 1492 年抵达美国。,Amir,Amazon Translate
圣雄甘地领导了印度的独立运动。,Amir,Amazon Translate
封建主义在中世纪的欧洲盛行。,Amir,Amazon Translate
1865 年，美国废除了奴隶制。,Amir,Amazon Translate
太空探索始于20世纪中叶。,Amir,Amazon Translate
纳尔逊·曼德拉在南非反对种族隔离。,Amir,Amazon Translate
印刷机的发明彻底改变了通信。,Amir,Amazon Translate
工业革命促进了机械化和城市发展。,Amir,Amazon Translate
在整个二十世纪，妇女在全球范围内获得了选举权。,Amir,Amazon Translate
1990年后，互联网发展迅速加速。,Amir,Amazon Translate
文艺复兴时期重新发现了欧洲的古典知识和艺术。,Amir,Amazon Translate
英语在世界范围内被广泛使用。,Amir,Amazon Translate
旅客使用护照进行国际旅行。,Amir,Amazon Translate
零售涉及直接向消费者销售商品。,Amir,Amazon Translate
谈判解决了各方之间的分歧。,Amir,Amazon Translate
园艺种植植物是为了美容或食物。,Amir,Amazon Translate
烹饪可以准备食材供食用。,Amir,Amazon Translate
投票允许公民民主地选择领导人。,Amir,Amazon Translate
工作包括带薪就业或自营职业。,Amir,Amazon Translate
购物可以用钱换取所需的产品。,Amir,Amazon Translate
教学向学习者传授知识和技能。,Amir,Amazon Translate
在公共道路上驾驶车辆。,Amir,Amazon Translate
游泳通过协调运动在水中高效移动。,Amir,Amazon Translate
徒步旅行徒步探索自然环境。,Amir,Amazon Translate
跑步比赛衡量速度和耐力。,Amir,Amazon Translate
木工用木材资源制作有用的物品。,Amir,Amazon Translate
表演在戏剧表演中扮演角色。,Amir,Amazon Translate
研究评论材料以保留或学习新想法。,Amir,Amazon Translate
施工部门根据蓝图组装建筑物。,Amir,Amazon Translate
数学研究数字、模式和关系。,Amir,Amazon Translate
加法组合数值以生成总和。,Amir,Amazon Translate
分组之间均匀地分配数量。,Amir,Amazon Translate
减法可以找到两个数字之间的差异。,Amir,Amazon Translate
分数表示整体的一部分。,Amir,Amazon Translate
小数表示小于一个单位的部分。,Amir,Amazon Translate
概率估计可能结果的可能性。,Amir,Amazon Translate
微积分以定量方式解决变化和积累问题。,Amir,Amazon Translate
逻辑研究有效推理的原理。,Amir,Amazon Translate
图表可视化数据集以供分析。,Amir,Amazon Translate
素数只能被一整除。,Amir,Amazon Translate
面积测量给定边界内的空间。,Amir,Amazon Translate
比率直接比较两个量的大小。,Amir,Amazon Translate
函数一致地将输入与输出相关联。,Amir,Amazon Translate
公式标准化了计算程序。,Amir,Amazon Translate
密度描述了每体积材料的质量。,Amir,Amazon Translate
侵蚀会磨损岩石和土壤。,Amir,Amazon Translate
重力将所有东西拉向行星核心。,Amir,Amazon Translate
磁铁会诱发两极之间的吸引力或排斥力。,Amir,Amazon Translate
金属很容易传导电流。,Amir,Amazon Translate
氧气支持动物和人类的呼吸。,Amir,Amazon Translate
碳是有机化合物的基础。,Amir,Amazon Translate
酸味变酸，在溶液中释放氢离子。,Amir,Amazon Translate
碱性触感滑滑并中和酸。,Amir,Amazon Translate
病毒感染活生物体进行繁殖。,Amir,Amazon Translate
声波在障碍物和障碍物周围弯曲。,Amir,Amazon Translate
热量会自发地从较热的物体流向较冷的物体。,Amir,Amazon Translate
放大倍数可放大显微样本以供观察。,Amir,Amazon Translate
营养是身体修复的基石。,Amir,Amazon Translate
原子序数计算元素核中的质子。,Amir,Amazon Translate
人们通过言语、肢体语言和面部表情进行互动。,Amir,Amazon Translate
记忆会保留过去的经历以备将来回忆。,Amir,Amazon Translate
人格特质独特地区分了个体。,Amir,Amazon Translate
衰老会给人类带来渐进的生物学变化。,Amir,Amazon Translate
人生各个阶段的生长率各不相同。,Amir,Amazon Translate
好奇心激发学习和探索。,Amir,Amazon Translate
协作所取得的成就远远超过了个人努力所取得的成就。,Amir,Amazon Translate
动机推动对个人目标的追求。,Amir,Amazon Translate
信任加强人际关系。,Amir,Amazon Translate
批判性思维从逻辑上评估现有证据。,Amir,Amazon Translate
自我反省可以评估优势并指导改进。,Amir,Amazon Translate
习惯会影响长期的行为。,Amir,Amazon Translate
压力会对身心健康产生负面影响。,Amir,Amazon Translate
创造力产生原创的解决方案或想法。,Amir,Amazon Translate
价值观指导道德判断和日常选择。,Amir,Amazon Translate
信仰为世界观的形成提供了依据。,Amir,Amazon Translate
注意力持续时间会根据兴趣或疲劳而波动。,Amir,Amazon Translate
推理从观察到的线索中得出结论。,Amir,Amazon Translate
哲学辩论存在、目的和道德。,Amir,Amazon Translate
理性在做出决定之前会考虑后果。,Amir,Amazon Translate
归纳法从观察中推断出一般原理。,Amir,Amazon Translate
伦理学质疑哪些行为是好还是对。,Amir,Amazon Translate
自由意志假定有自愿选择的能力。,Amir,Amazon Translate
二元论在概念上将心灵与身体分开。,Amir,Amazon Translate
客观性旨在实现公正和缺乏偏见。,Amir,Amazon Translate
知识寻求正当的真实信念。,Amir,Amazon Translate
美学欣赏美或艺术品质。,Amir,Amazon Translate
决定论提出，所有事件都遵循因果定律。,Amir,Amazon Translate
美德优先考虑卓越的品格而不是外部奖励。,Amir,Amazon Translate
功利主义最大限度地提高了大多数人的幸福感。,Amir,Amazon Translate
类比比较概念之间的相似之处。,Amir,Amazon Translate
理想主义认为现实是心理建构的。,Amir,Amazon Translate
唯物主义声称只有物质才是存在。,Amir,Amazon Translate
信仰的信任超越了经验证据。,Amir,Amazon Translate
教条将教义视为不容置疑的真理。,Amir,Amazon Translate
圣经包含信徒尊敬的神圣著作。,Amir,Amazon Translate
祈祷向神灵传达愿望或感激之情。,Amir,Amazon Translate
朝圣通过旅行来纪念宗教传统。,Amir,Amazon Translate
一神论相信一个至高无上的神灵。,Amir,Amazon Translate
万物有灵论将灵魂归因于动物、植物或物体。,Amir,Amazon Translate
仪式通过反复的仪式表演精神信仰。,Amir,Amazon Translate
神职人员领导集体礼拜活动。,Amir,Amazon Translate
罪是指违背神圣法则的行为。,Amir,Amazon Translate
救赎承诺宽恕不当行为。,Amir,Amazon Translate
教义系统化了宗教信仰的解释。,Amir,Amazon Translate
证人公开与他人分享信念。,Amir,Amazon Translate
禁忌禁止文化或精神上的某些行为。,Amir,Amazon Translate
救赎为来世成就或解放提供了希望。,Amir,Amazon Translate
社会规范指导预期的群体行为。,Amir,Amazon Translate
民主通过多数票选举领导人。,Amir,Amazon Translate
家庭培育孩子的早期发展。,Amir,Amazon Translate
社区共享资源以实现互惠互利。,Amir,Amazon Translate
各经济体用商品和服务换取货币。,Amir,Amazon Translate
教育传授必要的读写能力和专业知识。,Amir,Amazon Translate
大众媒体向公众广泛传播新闻。,Amir,Amazon Translate
政府执行法律并维持公民秩序。,Amir,Amazon Translate
不平等按机会获取将人口分开。,Amir,Amazon Translate
志愿服务支持无薪集体福利。,Amir,Amazon Translate
救灾援助面临突发困难的受害者。,Amir,Amazon Translate
司法确保商定标准下的公平待遇。,Amir,Amazon Translate
公共政策实际上是对共同问题做出回应。,Amir,Amazon Translate
冲突的解决鼓励和平妥协。,Amir,Amazon Translate
市场使用供需来决定价格。,Amir,Amazon Translate
技术使用科学原理解决问题。,Amir,Amazon Translate
互联网即时连接全球网络。,Amir,Amazon Translate
智能手机集成了电话、计算和摄像头。,Amir,Amazon Translate
软件程序使用编码命令指示计算机。,Amir,Amazon Translate
机器人可以自动执行重复或危险的功能。,Amir,Amazon Translate
卫星从轨道上远程监视地球。,Amir,Amazon Translate
电动机将电力转化为机械工作。,Amir,Amazon Translate
3D 打印逐层构造对象。,Amir,Amazon Translate
云存储通过网络将文件保存到异地。,Amir,Amazon Translate
医学成像以非侵入性方式可视化体内状况。,Amir,Amazon Translate
可再生能源利用太阳、风能或水能。,Amir,Amazon Translate
人工智能执行曾经需要人类认知的任务。,Amir,Amazon Translate
纳米技术设计了分子尺度的结构。,Amir,Amazon Translate
基因工程有意地改变生物特征。,Amir,Amazon Translate
量子力学模拟原子和亚原子现象。,Amir,Amazon Translate
网络安全保护信息系统免受未经授权的访问。,Amir,Amazon Translate
可生物降解的塑料可减少环境污染。,Amir,Amazon Translate
半导体支持紧凑型电子电路的生产。,Amir,Amazon Translate
食谱提供分步烹饪说明。,Amir,Amazon Translate
历史学家研究过去的事件以了解背景。,Amir,Amazon Translate
清洗蔬菜可去除表面杀虫剂。,Amir,Amazon Translate
烹饪包括用火准备食物。,Amir,Amazon Translate
代数使用字母来表示数字。,Amir,Amazon Translate
氢是最简单的化学元素。,Amir,Amazon Translate
个性影响社交互动和行为。,Amir,Amazon Translate
怀疑论需要先进行质疑，然后才能相信说法。,Amir,Amazon Translate
佛教鼓励正念和同情心。,Amir,Amazon Translate
家庭培育孩子长大成人。,Amir,Amazon Translate
电子邮件允许跨距离进行数字通信。,Amir,Amazon Translate
自动门使用传感器打开。,Amir,Amazon Translate
同义词库列出了常用词的同义词。,Amir,Amazon Translate
管弦乐团包含弦乐、木管乐器、铜管乐器和打击乐器。,Amir,Amazon Translate
巴黎被称为 “光之城”。,Amir,Amazon Translate
跑步可以显著增强腿部肌肉。,Amir,Amazon Translate
粉刷墙壁会改变房间的外观。,Amir,Amazon Translate
素数只有两个除数。,Amir,Amazon Translate
笑可以暂时缓解压力。,Amir,Amazon Translate
推理将逻辑与情感区分开来。,Amir,Amazon Translate
随着时间的推移，文化仪式塑造了群体认同。,Amir,Amazon Translate
选举以民主方式决定政治领导人。,Amir,Amazon Translate
风力涡轮机在没有空气污染的情况下发电。,Amir,Amazon Translate
教科书系统地总结了学科信息。,Amir,Amazon Translate
现代艺术经常打破传统规则。,Amir,Amazon Translate
适当的睡眠有助于集中精力。,Amir,Amazon Translate
快速打字可以提高办公效率。,Amir,Amazon Translate
乘以零得出零。,Amir,Amazon Translate
重力将行星保持在稳定的轨道上。,Amir,Amazon Translate
尊重在人际关系中赢得信任。,Amir,Amazon Translate
抽象思维可以识别超出显而易见的模式。,Amir,Amazon Translate
伊斯兰教的圣书叫做《古兰经》。,Amir,Amazon Translate
社会规范因文化而异。,Amir,Amazon Translate
无线互联网可以有效地连接移动设备。,Amir,Amazon Translate
体力劳动需要体力。,Amir,Amazon Translate
字典按字母顺序对单词定义进行排序。,Amir,Amazon Translate
俯卧撑可以增强胸部和手臂的肌肉。,Amir,Amazon Translate
园艺生产花卉、水果和蔬菜。,Amir,Amazon Translate
除法将物品分成相等的组。,Amir,Amazon Translate
自尊反映了对个人能力的信心。,Amir,Amazon Translate
辩论可以培养推理能力。,Amir,Amazon Translate
神道教崇拜自然界中的灵魂。,Amir,Amazon Translate
城市化使人们集中在城市。,Amir,Amazon Translate
电动汽车使用锂电池。,Amir,Amazon Translate
百科全书按字母顺序或主题收集知识。,Amir,Amazon Translate
古希腊剧院举办了戏剧表演。,Amir,Amazon Translate
亚马逊河是南美最长的河流。,Amir,Amazon Translate
印刷机的发明提高了识字率。,Amir,Amazon Translate
计算器可以快速近似数值结果。,Amir,Amazon Translate
自信表达需求，同时尊重他人的界限。,Amir,Amazon Translate
提问可以澄清基本假设。,Amir,Amazon Translate
投票影响政府政策。,Amir,Amazon Translate
工程建造桥梁、道路和车辆。,Amir,Amazon Translate
路线图显示高速公路和十字路口。,Amir,Amazon Translate
漫画书将绘画与对话相结合。,Amir,Amazon Translate
悉尼歌剧院是澳大利亚的标志性建筑。,Amir,Amazon Translate
太极拳集慢动作和呼吸于一体。,Amir,Amazon Translate
罗马帝国扩展到欧洲大部分地区。,Amir,Amazon Translate
熨烫可去除衣服上的皱纹。,Amir,Amazon Translate
生物学家根据相似之处对生物进行分类。,Amir,Amazon Translate
个人诚信促进值得信赖的声誉。,Amir,Amazon Translate
论点需要支持证据才能相信。,Amir,Amazon Translate
儒家思想强调尊重长者与和谐。,Amir,Amazon Translate
出生证明记录了出生时的法律地位。,Amir,Amazon Translate
太阳能电池板产生清洁的电能。,Amir,Amazon Translate
参考指南整理了事实，便于快速访问。,Amir,Amazon Translate
马赛克艺术使用彩色小作品。,Amir,Amazon Translate
伦敦位于泰晤士河沿岸。,Amir,Amazon Translate
木板可以增强核心肌肉力量。,Amir,Amazon Translate
编织用互锁的环状编织面料。,Amir,Amazon Translate
分数表示部分数量。,Amir,Amazon Translate
摩擦力可抵抗表面之间的运动。,Amir,Amazon Translate
假设推动了科学实验。,Amir,Amazon Translate
宗教节日标志着重要的信仰或事件。,Amir,Amazon Translate
法律制度规范社区行为。,Amir,Amazon Translate
条形码存储产品数据以供扫描。,Amir,Amazon Translate
词汇表简洁地定义了技术术语。,Amir,Amazon Translate
美术馆策划展览供公众观看。,Amir,Amazon Translate
比利牛斯山脉在法国和西班牙之间形成了自然边界。,Amir,Amazon Translate
豆类在饮食中提供蛋白质。,Amir,Amazon Translate
大屠杀纪念种族灭绝受害者。,Amir,Amazon Translate
摄影通过镜头捕捉瞬间。,Amir,Amazon Translate
角度测量旋转角度。,Amir,Amazon Translate
煮沸对厨房用具进行消毒。,Amir,Amazon Translate
冥想自然会降低血压。,Amir,Amazon Translate
前提在逻辑论证中确立了论点。,Amir,Amazon Translate
吠陀经文是印度教的古代经文。,Amir,Amazon Translate
工会集体谈判工人的利益。,Amir,Amazon Translate
医疗机器人协助进行精确手术。,Amir,Amazon Translate
参考书目引用了原始资料。,Amir,Amazon Translate
印象派画家捕捉了自然光的效果。,Amir,Amazon Translate
夏威夷完全由火山岛组成。,Amir,Amazon Translate
第二次世界大战后，冷战紧张局势分裂了全球政治。,Amir,Amazon Translate
集合论研究数学馆藏。,Amir,Amazon Translate
优势客观地认可个人能力。,Amir,Amazon Translate
一致性使行动与规定的价值观保持一致。,Amir,Amazon Translate
道义论评估基于义务的道德。,Amir,Amazon Translate
校服标准化了学生的着装。,Amir,Amazon Translate
存储的数据通过光纤电缆传输。,Amir,Amazon Translate
使用手册为用户提供清晰的指导。,Amir,Amazon Translate
挂毯用编织图像装饰室内。,Amir,Amazon Translate
大峡谷展示了分层地质学。,Amir,Amazon Translate
第一次世界大战之后的《凡尔赛条约》,Amir,Amazon Translate
训犬系统地教导所需的行为。,Amir,Amazon Translate
牛顿定律解释了经典力学。,Amir,Amazon Translate
溶液酸度或碱度的化学测试。,Amir,Amazon Translate
由于强烈的恐惧，恐惧症限制了活动。,Amir,Amazon Translate
评估审查想法的优点。,Amir,Amazon Translate
礼拜中心提供精神聚会。,Amir,Amazon Translate
各国依法设定公民身份要求。,Amir,Amazon Translate
机器学习使用算法自动决策。,Amir,Amazon Translate
网站提供对信息的快速访问。,Amir,Amazon Translate
人们使用互联网进行交流。,Amir,Amazon Translate
印度教起源于南亚。,Amir,Amazon Translate
手机依赖无线技术。,Amir,Amazon Translate
百科全书总结了有关各种主题的知识。,Amir,Amazon Translate
乞力马扎罗山在非洲坦桑尼亚升起。,Amir,Amazon Translate
每日运动可改善心血管健康。,Amir,Amazon Translate
古罗马影响了现代建筑。,Amir,Amazon Translate
烹饪需要遵循食谱或说明。,Amir,Amazon Translate
逻辑依赖于一致的推理。,Amir,Amazon Translate
锡克教教导平等和社区服务。,Amir,Amazon Translate
芭蕾舞将舞蹈与富有表现力的故事讲述相结合。,Amir,Amazon Translate
体育运动涉及体育活动和竞争。,Amir,Amazon Translate
推理区分了有效的论点和无效的论点。,Amir,Amazon Translate
犹太教遵循称为喀什鲁特的饮食法。,Amir,Amazon Translate
人口普查有助于政府规划资源。,Amir,Amazon Translate
数码相机以电子方式存储图像。,Amir,Amazon Translate
手册提供分步指导。,Amir,Amazon Translate
亚马逊雨林位于南美洲。,Amir,Amazon Translate
规律的睡眠有助于健康的大脑功能。,Amir,Amazon Translate
民权运动促进了美国的种族平等,Amir,Amazon Translate
代数使用变量来求解方程。,Amir,Amazon Translate
地球每年都围绕太阳旋转。,Amir,Amazon Translate
自尊会影响动机和目标的实现。,Amir,Amazon Translate
演绎逻辑从一般原理开始。,Amir,Amazon Translate
许多宗教都实行祈祷。,Amir,Amazon Translate
社会规范指导可接受的群体行为。,Amir,Amazon Translate
互联网速度因提供商而异。,Amir,Amazon Translate
体力劳动包括用手工作。,Amir,Amazon Translate
当代艺术打破了传统的创作界限。,Amir,Amazon Translate
悉尼歌剧院坐落在悉尼的海港上。,Amir,Amazon Translate
电动汽车减少温室气体排放。,Amir,Amazon Translate
集思广益产生创新的解决方案。,Amir,Amazon Translate
伊斯兰教视星期五为圣日。,Amir,Amazon Translate
博物馆保存文物供公众观看。,Amir,Amazon Translate
喜马拉雅山横跨几个亚洲国家。,Amir,Amazon Translate
食用水果可提供必需的维生素。,Amir,Amazon Translate
路易十四在位为法国国王。,Amir,Amazon Translate
学习新语言可以拓宽文化理解。,Amir,Amazon Translate
微积分以数学方式分析变化和运动。,Amir,Amazon Translate
尊重可以促进积极的社会关系。,Amir,Amazon Translate
哲学家质疑存在和伦理。,Amir,Amazon Translate
儒教重视孝道和教育。,Amir,Amazon Translate
选集按主题或时代收集文学作品。,Amir,Amazon Translate
雕塑形成三维视觉艺术。,Amir,Amazon Translate
贝加尔湖拥有俄罗斯最大的淡水量。,Amir,Amazon Translate
有氧运动可增强肺活量。,Amir,Amazon Translate
概率衡量结果的可能性。,Amir,Amazon Translate
归纳法根据证据得出结论。,Amir,Amazon Translate
机器学习模拟人类智能过程。,Amir,Amazon Translate
索引对内容进行分类，便于搜索。,Amir,Amazon Translate
梵蒂冈城是一个独立的城邦。,Amir,Amazon Translate
古腾堡出版后，印刷改变了沟通。,Amir,Amazon Translate
骑自行车可以锻炼腿部肌肉并燃烧卡路里。,Amir,Amazon Translate
中和反应产生盐和水。,Amir,Amazon Translate
信念塑造态度和观点。,Amir,Amazon Translate
类比比较相似之处以获得更清晰的解释。,Amir,Amazon Translate
社区组织活动以培养归属感。,Amir,Amazon Translate
团队合作可以有效地实现复杂的目标。,Amir,Amazon Translate
语法规则确保清晰的书面沟通。,Amir,Amazon Translate
抽象艺术优先考虑概念思想。,Amir,Amazon Translate
划船锻炼上半身的力量。,Amir,Amazon Translate
手语促进了聋人的交流。,Amir,Amazon Translate
观察技巧可增强科学探究能力。,Amir,Amazon Translate
遗传学研究活生物体的遗传。,Amir,Amazon Translate
诺贝尔奖旨在表彰杰出成就。,Amir,Amazon Translate
交响曲需要管弦乐团的合作。,Amir,Amazon Translate
大陆划分地球的陆地表面。,Amir,Amazon Translate
休息支持运动后的肌肉恢复。,Amir,Amazon Translate
拿破仑·波拿巴领导了法国的军事行动。,Amir,Amazon Translate
小数表示分数值。,Amir,Amazon Translate
构造板块在地壳下移动。,Amir,Amazon Translate
同理心弥合了个人误解。,Amir,Amazon Translate
伦理学讨论了哪些行为在道德上是正确的。,Amir,Amazon Translate
基督教以耶稣基督的教义为中心。,Amir,Amazon Translate
政府通过代表机构制定政策。,Amir,Amazon Translate
智能手机集成了计算和电信功能。,Amir,Amazon Translate
参考图表直观地简化了复杂的信息。,Amir,Amazon Translate
该百科全书汇编了有关许多主题的一般信息。,Amir,Amazon Translate
同义词库列出单词的同义词以改善写作。,Amir,Amazon Translate
全球地图准确地显示了大陆和海洋。,Amir,Amazon Translate
瑜伽可以提高灵活性和身体意识。,Amir,Amazon Translate
雅典是希腊的首都。,Amir,Amazon Translate
饮用水支持肾脏功能。,Amir,Amazon Translate
木工涉及熟练的木制品。,Amir,Amazon Translate
个人特质影响职业选择。,Amir,Amazon Translate
分析将概念分成较小的部分。,Amir,Amazon Translate
佛教教导正念冥想。,Amir,Amazon Translate
社会规则规范可接受的行为。,Amir,Amazon Translate
智能手机提供便携式通信工具。,Amir,Amazon Translate
数字时钟仅使用数字显示时间。,Amir,Amazon Translate
油画允许使用丰富的色彩混合技术。,Amir,Amazon Translate
澳大利亚既是一个国家又是一个大陆。,Amir,Amazon Translate
罗马文明影响了后来的欧洲文化。,Amir,Amazon Translate
翻炒可在高温下快速煮出食物。,Amir,Amazon Translate
幸福可以增强免疫功能。,Amir,Amazon Translate
演绎法测试索赔是否来自前提。,Amir,Amazon Translate
万物有灵论将精神品质归因于自然。,Amir,Amazon Translate
现在，电子邮件对于商业通信至关重要。,Amir,Amazon Translate
说明手册提供产品的操作说明。,Amir,Amazon Translate
室内乐以小型合奏表演为特色。,Amir,Amazon Translate
雷尼尔山位于美国华盛顿州。,Amir,Amazon Translate
循环训练结合了力量和有氧运动。,Amir,Amazon Translate
民权法保护机会均等。,Amir,Amazon Translate
乘法可以有效地重复加法过程。,Amir,Amazon Translate
各大洲包括亚洲、非洲和欧洲。,Amir,Amazon Translate
信任加强了工作协作。,Amir,Amazon Translate
反思可以重新审视经验以增进理解。,Amir,Amazon Translate
天主教包括独特的圣餐和传统。,Amir,Amazon Translate
人口统计学追踪群体人口的变化。,Amir,Amazon Translate
计算机芯片可以快速处理电子信号。,Amir,Amazon Translate
推荐信中性地描述了候选人的资格。,Amir,Amazon Translate
马达加斯加以多样的野生动物物种而闻名。,Amir,Amazon Translate
做晚饭通常会让家人聚在一起。,Amir,Amazon Translate
除法将项目分成相等的部分。,Amir,Amazon Translate
同理心提高了团队合作满意度。,Amir,Amazon Translate
合理的论点使用合理的证据。,Amir,Amazon Translate
法院系统公正地解释和执行法律。,Amir,Amazon Translate
无线技术无需电缆即可传输数据。,Amir,Amazon Translate
旅游手册为游客推荐当地景点。,Amir,Amazon Translate
装饰艺术风格在 20 世纪 20 年代蓬勃发展。,Amir,Amazon Translate
多瑙河流经中欧和东欧。,Amir,Amazon Translate
补水可以提高体育锻炼期间的注意力。,Amir,Amazon Translate
珍珠港袭击发生在 1941 年 12 月。,Amir,Amazon Translate
代数变量表示未知量。,Amir,Amazon Translate
昆虫在解剖学上有六条腿。,Amir,Amazon Translate
个人成长遵循定期的自我反省习惯。,Amir,Amazon Translate
如果没有有效的连接，就会出现逻辑错误。,Amir,Amazon Translate
伊斯兰教通过捐赠天课鼓励慈善。,Amir,Amazon Translate
公众投票决定领导人的任命。,Amir,Amazon Translate
词典按字母顺序组织单词含义。,Amir,Amazon Translate
议会会议定期制定国家法律。,Amir,Amazon Translate
宗教可以塑造饮食习惯。,Amir,Amazon Translate
邻里团体支持当地的安全计划。,Amir,Amazon Translate
目录整理项目以供有组织的审查。,Amir,Amazon Translate
雕刻需要将图像或设计切割到表面。,Amir,Amazon Translate
戈壁沙漠横跨中国北部和蒙古。,Amir,Amazon Translate
美国的废除正式结束了奴隶制。,Amir,Amazon Translate
缝纫机提高了服装的生产速度。,Amir,Amazon Translate
小数点分隔整数和分数。,Amir,Amazon Translate
热力学探索热能转换。,Amir,Amazon Translate
同情心可以增强社会纽带。,Amir,Amazon Translate
道德标准指导工作场所的优先事项。,Amir,Amazon Translate
神道神社点缀着日本的风景。,Amir,Amazon Translate
立法将政府提案转化为成文法。,Amir,Amazon Translate
微波炉通过搅拌水分子来烹饪食物。,Amir,Amazon Translate
地图集按地理位置整合地图集。,Amir,Amazon Translate
朋克摇滚音乐作为文化抗议活动而出现。,Amir,Amazon Translate
维多利亚湖与乌干达、肯尼亚和坦桑尼亚接壤。,Amir,Amazon Translate
有氧运动课程通过有节奏的节拍协调运动。,Amir,Amazon Translate
著名的西班牙舰队于 1588 年航行。,Amir,Amazon Translate
维修技能可保持家用设备的功能。,Amir,Amazon Translate
百分比可以轻松比较比率。,Amir,Amazon Translate
减数分裂通过分裂产生生殖细胞。,Amir,Amazon Translate
物理理论解释了基本力。,Amir,Amazon Translate
创造力推动新产品的开发。,Amir,Amazon Translate
信仰深深地影响着世界观。,Amir,Amazon Translate
节日假期标志着全国性的庆祝活动。,Amir,Amazon Translate
网上银行以电子方式管理资金。,Amir,Amazon Translate
相互尊重的辩论促进和谐的社会。,Amir,Amazon Translate
语法始终如一地组织语言结构。,Amir,Amazon Translate
印象派艺术突出光线和气氛效果。,Amir,Amazon Translate
提顿在美国怀俄明州西部崛起。,Amir,Amazon Translate
诺贝尔奖旨在表彰全球科学成就。,Amir,Amazon Translate
分类按特征和谱系对生物进行排名。,Amir,Amazon Translate
集合论支持高级数学逻辑。,Amir,Amazon Translate
周期表对元素进行了精确的分类。,Amir,Amazon Translate
积极倾听可以解决人际关系中的误解。,Amir,Amazon Translate
美德伦理强调道德品格发展。,Amir,Amazon Translate
基督教为永恒的救赎带来了希望。,Amir,Amazon Translate
公民义务包括负责任地纳税。,Amir,Amazon Translate
卫星导航可以准确地定位特定的坐标。,Amir,Amazon Translate
超链接以交互方式连接网站内容。,Amir,Amazon Translate
印象派在绘画中引入了新的风格。,Amir,Amazon Translate
大萧条始于1929年。,Amir,Amazon Translate
银行交易包括存款和取款。,Amir,Amazon Translate
代数使用字母表示未知值。,Amir,Amazon Translate
查尔斯·达尔文发展了进化论。,Amir,Amazon Translate
自我激励支持个人成长。,Amir,Amazon Translate
斯多葛主义教导情绪韧性。,Amir,Amazon Translate
基督教在全球有许多教派。,Amir,Amazon Translate
GPS 设备使用卫星技术。,Amir,Amazon Translate
手册可以快速总结基本信息。,Amir,Amazon Translate
苏必利尔湖与加拿大和美国接壤。,Amir,Amazon Translate
补水直接影响心理表现。,Amir,Amazon Translate
第一次世界大战以《凡尔赛条约》结束。,Amir,Amazon Translate
法律规定学校要求儿童上学。,Amir,Amazon Translate
乘法表有助于快速求解方程。,Amir,Amazon Translate
遗传遗传在代际之间传递特征。,Amir,Amazon Translate
肢体语言无需口语即可交流。,Amir,Amazon Translate
归纳推理得出合理的结论。,Amir,Amazon Translate
社会等级制度将人们组织成排名阶层。,Amir,Amazon Translate
移动应用程序在智能手机上执行特定功能。,Amir,Amazon Translate
索引按字母顺序排列主题以便于定位。,Amir,Amazon Translate
立体派分散了视觉艺术的主题。,Amir,Amazon Translate
埃特纳火山是欧洲最活跃的火山。,Amir,Amazon Translate
核心训练可增强背部和腹部肌肉。,Amir,Amazon Translate
按时间顺序按时间排列事件。,Amir,Amazon Translate
超市提供自助杂货选项。,Amir,Amazon Translate
小数使用点系表示分数。,Amir,Amazon Translate
能量可以是动能的，也可以是潜在的。,Amir,Amazon Translate
积极的强化会鼓励反复的行为。,Amir,Amazon Translate
各国的投票年龄各不相同。,Amir,Amazon Translate
蓝牙允许设备以无线方式交换数据。,Amir,Amazon Translate
木刻使用雕刻的木块制作版画。,Amir,Amazon Translate
跳千斤顶可增加有氧耐力。,Amir,Amazon Translate
拿破仑自封为法国皇帝。,Amir,Amazon Translate
旅行社安排交通和住宿。,Amir,Amazon Translate
Division 会找出一个可以融入另一个的次数。,Amir,Amazon Translate
DNA 载有生命过程的指令。,Amir,Amazon Translate
健康的情绪可以改善日常决策。,Amir,Amazon Translate
悖论在逻辑上挑战了传统真理。,Amir,Amazon Translate
英国国教是在英格兰改革时期出现的。,Amir,Amazon Translate
法律规范公共行为和争议。,Amir,Amazon Translate
健康保险有助于支付医疗费用。,Amir,Amazon Translate
用户指南逐步解释软件工具。,Amir,Amazon Translate
爵士乐融合了非洲和欧洲的音乐传统。,Amir,Amazon Translate
阻力带有助于肌肉力量训练。,Amir,Amazon Translate
横贯大陆的铁路在历史上统一了遥远的地区。,Amir,Amazon Translate
集合加法在数学上会增加集合大小。,Amir,Amazon Translate
中子粒子不携带电荷。,Amir,Amazon Translate
学习技能可以提高工作适应能力。,Amir,Amazon Translate
LED 发光时产生的热量很少。,Amir,Amazon Translate
赞美诗收集宗教歌曲以供集体崇拜。,Amir,Amazon Translate
巨石阵是英格兰的史前纪念碑。,Amir,Amazon Translate
旋转自行车模拟户外自行车运动。,Amir,Amazon Translate
马丁路德推动新教改革。,Amir,Amazon Translate
电子商务允许在全球范围内进行商业在线交易。,Amir,Amazon Translate
光合作用将太阳能储存在植物中。,Amir,Amazon Translate
拓扑检查不因变形而改变的特性。,Amir,Amazon Translate
同理心建立了牢固的同伴关系。,Amir,Amazon Translate
实用主义侧重于思想的实际成果。,Amir,Amazon Translate
规范塑造了社会对行为的期望。,Amir,Amazon Translate
词汇表定义了职权范围。,Amir,Amazon Translate
Sumi-e 代表日本水墨画。,Amir,Amazon Translate
乌拉尔山脉在地理上将欧洲和亚洲分开。,Amir,Amazon Translate
普拉提可增强姿势和核心稳定性。,Amir,Amazon Translate
废奴主义者在十九世纪与奴隶制作斗争。,Amir,Amazon Translate
纺织品涉及将纤维编织成织物制品。,Amir,Amazon Translate
方程式清楚地显示了数学关系。,Amir,Amazon Translate
蒸发使液态水变成气体。,Amir,Amazon Translate
相对于长期互动，一致性可以增强信任。,Amir,Amazon Translate
本体论争论争论更高现实的存在。,Amir,Amazon Translate
自然崇拜以对自然力量的崇敬为特征。,Amir,Amazon Translate
理事会成员制定地方政府政策。,Amir,Amazon Translate
疫苗研究可防止病毒性疾病的爆发。,Amir,Amazon Translate
快速启动菜单简化了电子设备设置。,Amir,Amazon Translate
长江是中国最长的水道。,Amir,Amazon Translate
健美操使用最少的设备发展身体控制能力。,Amir,Amazon Translate
泪水之路使美洲原住民社区流离失所。,Amir,Amazon Translate
餐饮为团体或活动提供餐饮服务。,Amir,Amazon Translate
分数表示整数单位的部分量。,Amir,Amazon Translate
好奇心激励发明家解决问题。,Amir,Amazon Translate
推理运用已知规则得出结论。,Amir,Amazon Translate
创造神话从文化上解释宇宙的起源。,Amir,Amazon Translate
公会监管中世纪的手工艺和职业。,Amir,Amazon Translate
无人机通过遥控器拍摄航拍照片。,Amir,Amazon Translate
百科全书为读者提供了经过验证的事实。,Amir,Amazon Translate
一本概况手册汇编了有关国家的基本统计数据。,Amir,Amazon Translate
流行音乐通常以重复合唱为特色。,Amir,Amazon Translate
喝茶会像水一样保湿。,Amir,Amazon Translate
工业革命始于英国。,Amir,Amazon Translate
观鸟记录物种的目击和行为。,Amir,Amazon Translate
乘法求相等组的总和。,Amir,Amazon Translate
闪电是由负电荷和正电荷相遇造成的。,Amir,Amazon Translate
亚里士多德写了有影响力的逻辑和科学著作。,Amir,Amazon Translate
团队合作提高了团队生产力。,Amir,Amazon Translate
理性思维依赖于合理的步骤。,Amir,Amazon Translate
琐罗亚斯德教崇拜一个神灵，即阿胡拉·马自达。,Amir,Amazon Translate
婚姻使伴侣缔结社会契约。,Amir,Amazon Translate
Web 浏览器显示来自互联网网站的信息。,Amir,Amazon Translate
电子书提供可通过数字设备访问的阅读内容。,Amir,Amazon Translate
现代舞强调富有表现力的动作。,Amir,Amazon Translate
珠穆朗玛峰与尼泊尔和中国接壤。,Amir,Amazon Translate
烘焙需要精确的测量才能成功。,Amir,Amazon Translate
图表可视化数学关系。,Amir,Amazon Translate
光合作用在植物中产生富含能量的分子。,Amir,Amazon Translate
利他主义意味着在不指望回报的情况下帮助他人。,Amir,Amazon Translate
提出假设可以指导进一步的研究。,Amir,Amazon Translate
锡克教教导人们信仰诚实的生活。,Amir,Amazon Translate
法律确保社会内部的秩序。,Amir,Amazon Translate
远程工作使传统办公室之外的就业成为可能。,Amir,Amazon Translate
用户名可以识别互联网平台上的个人。,Amir,Amazon Translate
目录整理项目以供系统浏览。,Amir,Amazon Translate
陶瓷艺术塑造粘土然后将其烧毁。,Amir,Amazon Translate
威尼斯坐落在运河网络之上。,Amir,Amazon Translate
冷战导致东西方意识形态分裂。,Amir,Amazon Translate
市场研究为产品开发策略提供信息。,Amir,Amazon Translate
将零件数量划分为较小的单位。,Amir,Amazon Translate
放心可以减少焦虑感。,Amir,Amazon Translate
启发式方法简化了复杂的问题解决任务。,Amir,Amazon Translate
朝圣促进了宗教认同的发展。,Amir,Amazon Translate
伦理框架辩论正确的行动标准。,Amir,Amazon Translate
媒体在全球范围内广播新闻。,Amir,Amazon Translate
电池技术为便携式电子设备提供动力。,Amir,Amazon Translate
摘要可缩短文章的长度，以便更快地参考。,Amir,Amazon Translate
巴洛克艺术家强调了戏剧性的视觉对比。,Amir,Amazon Translate
慢跑可以增强心血管耐力。,Amir,Amazon Translate
美国的民权保障了选民的保护。,Amir,Amazon Translate
零售商直接向购物者提供商品。,Amir,Amazon Translate
分数表示比率或比较。,Amir,Amazon Translate
开普勒定律解释了行星的运动。,Amir,Amazon Translate
化学反应只能重新排列原子键。,Amir,Amazon Translate
绩效增加了工作场所晋升的机会。,Amir,Amazon Translate
分析数据可以阐明决策或趋势。,Amir,Amazon Translate
穆斯林每天祈祷五次。,Amir,Amazon Translate
议会以民主方式制定国家法律。,Amir,Amazon Translate
蓝牙可在短距离内同步设备。,Amir,Amazon Translate
词汇表简化了文本中的专业术语。,Amir,Amazon Translate
壁画家使用墙壁进行大型绘画。,Amir,Amazon Translate
洛基山脉横跨北美西部。,Amir,Amazon Translate
太极拳将武术与冥想重点相结合。,Amir,Amazon Translate
书店出售印刷或电子书。,Amir,Amazon Translate
小数超出整数。,Amir,Amazon Translate
关键物种稳定了整体生态系统。,Amir,Amazon Translate
日记有助于澄清个人想法。,Amir,Amazon Translate
相对主义表明真理取决于视角。,Amir,Amazon Translate
万物有灵论的习俗崇敬祖先的精神。,Amir,Amazon Translate
市政当局提供地方政府服务。,Amir,Amazon Translate
应用程序开发人员为智能手机编写软件。,Amir,Amazon Translate
链接列表连接文档中的相关主题。,Amir,Amazon Translate
交响曲包含几个一起演奏的乐章。,Amir,Amazon Translate
水中有氧运动为运动提供强劲的阻力。,Amir,Amazon Translate
《世界人权宣言》保障基本自由。,Amir,Amazon Translate
专业厨师专门烹制各种美食。,Amir,Amazon Translate
地点根据纬度和经度坐标进行组织。,Amir,Amazon Translate
当电子自由流动时，电就会移动。,Amir,Amazon Translate
镶嵌可以无缝重复几何图案。,Amir,Amazon Translate
理解隐喻可以提高语言流利度。,Amir,Amazon Translate
结果主义在做出选择之前会权衡结果。,Amir,Amazon Translate
犹太节日遵循农历结构。,Amir,Amazon Translate
人口普查调查收集人口统计数据。,Amir,Amazon Translate
搜索引擎使用关键字查找网页。,Amir,Amazon Translate
操作指南有条不紊地教授新技能。,Amir,Amazon Translate
蚀刻通过切割金属表面来创建图像。,Amir,Amazon Translate
马尼拉是菲律宾的首都。,Amir,Amazon Translate
团体运动支持团队合作和公平竞争。,Amir,Amazon Translate
三角贸易影响了全球的殖民经济。,Amir,Amazon Translate
密度说明了物质的堆积结构。,Amir,Amazon Translate
积极的反馈鼓励人们重复采取行动。,Amir,Amazon Translate
知情同意尊重参与者的决策自主权。,Amir,Amazon Translate
东正教维持传统的礼拜仪式。,Amir,Amazon Translate
竞选活动试图影响公众舆论。,Amir,Amazon Translate
参考书为快速咨询提供了事实。,Amir,Amazon Translate
博物馆公开展示艺术品和历史物品。,Amir,Amazon Translate
伊斯坦布尔横跨两个大陆——欧洲和亚洲。,Amir,Amazon Translate
骑自行车可以增加心肺耐力。,Amir,Amazon Translate
D 日发生在 1944 年 6 月 6 日。,Amir,Amazon Translate
专业司机需要特定的执照。,Amir,Amazon Translate
分数显示部分小于整体。,Amir,Amazon Translate
乐观情绪可以增强逆境中的韧性。,Amir,Amazon Translate
认知偏见会潜意识地影响判断。,Amir,Amazon Translate
道教强调与自然的平衡。,Amir,Amazon Translate
电子邮件附件以电子方式传输文件。,Amir,Amazon Translate
智能家居设备可自动执行家居功能。,Amir,Amazon Translate
Haiku 使用三行设定音节。,Amir,Amazon Translate
佩特拉是约旦的一座古老的石头城。,Amir,Amazon Translate
有氧舞可以提高协调能力和耐力。,Amir,Amazon Translate
文艺复兴时期的艺术复兴了古典希腊技巧。,Amir,Amazon Translate
准备膳食可为繁忙的日程安排食物。,Amir,Amazon Translate
三角学探索三角形角度之间的关系。,Amir,Amazon Translate
个人兴趣推动娱乐选择。,Amir,Amazon Translate
确认偏差会扭曲对证据的客观解释。,Amir,Amazon Translate
神道教仪式尊重祖先精神。,Amir,Amazon Translate
陪审团在审判中裁定有罪或无罪。,Amir,Amazon Translate
应用商店以数字方式分发软件。,Amir,Amazon Translate
参考书目提高了学术研究的可信度。,Amir,Amazon Translate
蜡染设计使用蜡来抵抗布料上的染料。,Amir,Amazon Translate
摩纳哥是世界上最小的公国。,Amir,Amazon Translate
体重锻炼不需要特殊设备。,Amir,Amazon Translate
法国大革命建立了共和党政府。,Amir,Amazon Translate
客户服务管理客户的疑虑和反馈。,Amir,Amazon Translate
稀有气体是化学上非反应性元素。,Amir,Amazon Translate
适应有助于物种在环境变化中幸存下来。,Amir,Amazon Translate
同伴压力深深地影响着青少年的行为。,Amir,Amazon Translate
随着时间的推移，目标设定会取得可衡量的进展。,Amir,Amazon Translate
相对主义者否认普遍道德真理的存在。,Amir,Amazon Translate
公共工程通过基础设施项目造福社会。,Amir,Amazon Translate
触摸屏允许用户通过指尖接触进行输入。,Amir,Amazon Translate
图书馆员组织和维护信息资源。,Amir,Amazon Translate
罗马式建筑以圆形拱门和厚壁为特色。,Amir,Amazon Translate
亚马逊河流经巴西和秘鲁。,Amir,Amazon Translate
脉搏率衡量每分钟的心跳。,Amir,Amazon Translate
条约协议解决国家间的争端。,Amir,Amazon Translate
电子商务支持在线直接销售。,Amir,Amazon Translate
小数以数字表示部分单位。,Amir,Amazon Translate
渗透作用将水自然地扩散到膜上。,Amir,Amazon Translate
自信尊重地表达意见。,Amir,Amazon Translate
演绎逻辑从一般陈述中得出具体内容。,Amir,Amazon Translate
泛神论信仰将神性等同于宇宙。,Amir,Amazon Translate
市场促进本地或全球的商品交换。,Amir,Amazon Translate
可持续做法旨在保护自然资源。,Amir,Amazon Translate
用户指南提供分步产品说明。,Amir,Amazon Translate
数字拼贴使用编辑工具组合图像。,Amir,Amazon Translate
划艇运动员通过竞技划船来增强力量。,Amir,Amazon Translate
世界卫生组织制定了全球卫生标准。,Amir,Amazon Translate
旅行社安排旅行和观光游览。,Amir,Amazon Translate
浮力使物体在液体中漂浮。,Amir,Amazon Translate
积极的榜样激发建设性的行为改变。,Amir,Amazon Translate
经验数据证实了科学假设。,Amir,Amazon Translate
基督教圣礼标志着人生的重要阶段。,Amir,Amazon Translate
联邦政府在各级之间划分权力。,Amir,Amazon Translate
云存储远程备份重要文件。,Amir,Amazon Translate
带注释的参考书目简要描述了每个来源。,Amir,Amazon Translate
木雕在木材表面创造装饰设计。,Amir,Amazon Translate
卢瓦尔河谷在法国有许多城堡。,Amir,Amazon Translate
殖民扩张塑造了全球的地理位置。,Amir,Amazon Translate
饼图可视化统计数据中的比例。,Amir,Amazon Translate
牛顿在观察掉落的苹果后发现了重力。,Amir,Amazon Translate
沉积岩是由压缩的矿物层形成的。,Amir,Amazon Translate
协作可加速团队解决问题。,Amir,Amazon Translate
犹太教每年春天都会庆祝逾越节。,Amir,Amazon Translate
国家公园保护野生动物和独特的景观。,Amir,Amazon Translate
链路聚合可以有效地捆绑网络连接。,Amir,Amazon Translate
说唱音乐使用有节奏的口头歌词而不是节拍。,Amir,Amazon Translate
渥太华是加拿大的首都。,Amir,Amazon Translate
柏林墙象征着冷战时期欧洲的分裂。,Amir,Amazon Translate
自由职业者在没有长期雇佣合同的情况下提供服务。,Amir,Amazon Translate
百分比将数字与 100 进行比较作为参考点。,Amir,Amazon Translate
声波需要介质才能传输。,Amir,Amazon Translate
居里夫人对放射性进行了广泛的研究。,Amir,Amazon Translate
自律促进长期目标的实现。,Amir,Amazon Translate
印度教神灵包括毗湿奴、湿婆和梵天。,Amir,Amazon Translate
法官解释法院系统内的法律。,Amir,Amazon Translate
数字钱包支持使用智能手机进行无现金交易。,Amir,Amazon Translate
触摸屏以电子方式检测手指或触控笔的移动。,Amir,Amazon Translate
水彩艺术使用颜料与水混合。,Amir,Amazon Translate
有氧健身可提高心脏和肺部效率。,Amir,Amazon Translate
哥特式大教堂设有尖拱门和彩色玻璃窗。,Amir,Amazon Translate
进餐时间可调节一整天的能量。,Amir,Amazon Translate
光合作用将氧气释放到地球大气层。,Amir,Amazon Translate
社交支持网络可增强情感幸福感。,Amir,Amazon Translate
元认知意味着思考自己的想法。,Amir,Amazon Translate
泛神论者认为神性存在于所有自然事物中。,Amir,Amazon Translate
市长选举控制着地方政府的领导。,Amir,Amazon Translate
电视将视频信号传输到数字显示器。,Amir,Amazon Translate
加密消息可提高在线隐私和数据安全性。,Amir,Amazon Translate
挂毯通过编织面料图像讲述故事。,Amir,Amazon Translate
新加坡既是城市又是国家。,Amir,Amazon Translate
水疗通过防水疗法使受伤康复。,Amir,Amazon Translate
法国大革命永久废除了君主制。,Amir,Amazon Translate
客户反馈影响产品开发决策。,Amir,Amazon Translate
共享将在多个收件人之间分配财产。,Amir,Amazon Translate
物质通过沸腾将状态从液体变为气体。,Amir,Amazon Translate
蒸腾将水分从树叶转移到空气中。,Amir,Amazon Translate
健康的友谊可以降低整体压力水平。,Amir,Amazon Translate
类比使用熟悉的概念来说明不熟悉的想法。,Amir,Amazon Translate
道德守则保护工作中的权利和尊严。,Amir,Amazon Translate
银行分行在当地管理金融账户。,Amir,Amazon Translate
设计师使用 3D 建模软件制作原型。,Amir,Amazon Translate
恩德贝勒壁画是南非的文化象征。,Amir,Amazon Translate
跳绳可有效提高脚速。,Amir,Amazon Translate
越南独立日庆祝民族解放。,Amir,Amazon Translate
大型零售商销售大量消费品。,Amir,Amazon Translate
圆形图直观地传达相对百分比。,Amir,Amazon Translate
绝对零是测得的最低温度。,Amir,Amazon Translate
分析实验结果得出科学结论。,Amir,Amazon Translate
社区服务志愿者为共同利益贡献技能。,Amir,Amazon Translate
汽车现在使用计算机控制的发动机管理系统。,Amir,Amazon Translate
麦金莱山（德纳利）是北美的最高点。,Amir,Amazon Translate
欧洲胜利日标志着第二次世界大战在欧洲的结束。,Amir,Amazon Translate
顾问就专业问题提供建议。,Amir,Amazon Translate
小数仅表示十分之一或百分之一的值。,Amir,Amazon Translate
治疗犬前往医院安慰患者。,Amir,Amazon Translate
时区调整全球各地的时钟设置。,Amir,Amazon Translate
积极的肯定会强化自我价值信念。,Amir,Amazon Translate
公理是推理的基本起点。,Amir,Amazon Translate
唯物主义哲学家将现实仅限于物理物质。,Amir,Amazon Translate
祈祷者向神灵寻求指导或帮助。,Amir,Amazon Translate
法定假日每年因司法管辖区而异。,Amir,Amazon Translate
电子书在全球范围内以数字方式扩大了图书馆的访问权限。,Amir,Amazon Translate
刮板插图从黑色表面蚀刻出白线。,Amir,Amazon Translate
优胜美地国家公园位于加利福尼亚的内华达山脉。,Amir,Amazon Translate
武术促进专注、纪律和尊重。,Amir,Amazon Translate
制宪会议起草了新的管理文件。,Amir,Amazon Translate
液压机通过加压流体运行。,Amir,Amazon Translate
减法从较大的数字中减去较小的数字。,Amir,Amazon Translate
奥隆历史上生活在加利福尼亚的中央海岸。,Amir,Amazon Translate
比例代表制平均分配政治席位。,Amir,Amazon Translate
石墨棒在电池中有效地传导电力。,Amir,Amazon Translate
地震释放地震能量导致地面移动。,Amir,Amazon Translate
导师通过分享经验激励受训者成长。,Amir,Amazon Translate
基于规则的道德强调严格遵循原则。,Amir,Amazon Translate
摩门教先驱定居犹他州的盐湖谷。,Amir,Amazon Translate
众议院通过立法法案制定法律。,Amir,Amazon Translate
智能汽车集成了自动安全传感器和控制装置。,Amir,Amazon Translate
电话簿列出了住宅和企业联系信息。,Amir,Amazon Translate
瑞士苏黎世坐落在苏黎世湖的北岸。,Amir,Amazon Translate
保姆涉及短期育儿责任。,Amir,Amazon Translate
地球的表面主要由水组成。,Amir,Amazon Translate
艾萨克·牛顿制定了三条运动定律。,Amir,Amazon Translate
随着时间的推移，友谊可以提供情感上的安全感。,Amir,Amazon Translate
在做出选择之前要经过深思熟虑。,Amir,Amazon Translate
锡克教徒的信仰强调上帝面前的平等。,Amir,Amazon Translate
议会批准新的税收或支出法案。,Amir,Amazon Translate
流媒体服务通过互联网提供视频内容。,Amir,Amazon Translate
无线键盘通过无线电信号与计算机通信。,Amir,Amazon Translate
涂鸦可能表达政治抗议信息。,Amir,Amazon Translate
墨西哥城位于海拔较高的地区。,Amir,Amazon Translate
力量训练比步行更快地消耗卡路里。,Amir,Amazon Translate
阿兹台克文明在墨西哥中部蓬勃发展。,Amir,Amazon Translate
汤食谱结合了用液体炖煮的食材。,Amir,Amazon Translate
磁力使罗盘针向磁极移动。,Amir,Amazon Translate
营养成分对食品包装内容进行标注。,Amir,Amazon Translate
演绎推理将规则应用于案例。,Amir,Amazon Translate
Zen koans 挑战习惯性思维。,Amir,Amazon Translate
委员会审查立法提案，以进行可能的修改。,Amir,Amazon Translate
移动应用程序允许用户在家中进行银行业务。,Amir,Amazon Translate
手册可以通过电子下载进行更新。,Amir,Amazon Translate
彩色玻璃窗为进入大教堂的阳光增添了色彩。,Amir,Amazon Translate
巴塔哥尼亚涵盖阿根廷南部和智利地区。,Amir,Amazon Translate
划船双桨可增强上半身肌肉力量。,Amir,Amazon Translate
封锁期间，柏林空运公司为西柏林提供了物资。,Amir,Amazon Translate
美食广场将多家餐厅聚集在一起。,Amir,Amazon Translate
分数比较不均匀的数字。,Amir,Amazon Translate
熔岩冷却并形成火成岩层。,Amir,Amazon Translate
Judgement 会评估替代方案，以获得最佳结果。,Amir,Amazon Translate
统计数据使用样本来推断人口情况。,Amir,Amazon Translate
美德伦理强调以良好的意图行事。,Amir,Amazon Translate
领事馆向海外的国民提供援助。,Amir,Amazon Translate
应用程序图标通常象征应用程序的关键功能。,Amir,Amazon Translate
公共观赏区可以安全地观察野生动物。,Amir,Amazon Translate
滑水板在湖面上快速滑行。,Amir,Amazon Translate
滑冰可以同样激活核心肌肉和腿部肌肉。,Amir,Amazon Translate
条约承认战争结束后的民族独立。,Amir,Amazon Translate
五金店出售工具和建筑材料。,Amir,Amazon Translate
小数允许精确的测量比较。,Amir,Amazon Translate
当空气冷却到饱和点以下时，就会形成露水。,Amir,Amazon Translate
有说服力的论点依赖于强烈的逻辑。,Amir,Amazon Translate
教义总结了官方的宗教教义。,Amir,Amazon Translate
受托人代表受益人管理财产。,Amir,Amazon Translate
安全摄像头可防止公共场所的盗窃。,Amir,Amazon Translate
机器学习可以自动分析大型数据集。,Amir,Amazon Translate
章节将图书内容组织成逻辑部分。,Amir,Amazon Translate
沙画用于文化仪式。,Amir,Amazon Translate
本尼维斯山是苏格兰最高的山峰。,Amir,Amazon Translate
跑酷将跑步、跳跃和攀爬障碍物完美结合。,Amir,Amazon Translate
印刷机彻底改变了大众传播。,Amir,Amazon Translate
邮购目录先于在线购物机会。,Amir,Amazon Translate
对称性创造了视觉上平衡的艺术作品构图。,Amir,Amazon Translate
板块构造解释了太平洋火环中的地震。,Amir,Amazon Translate
太阳能可有效为屋顶面板供电。,Amir,Amazon Translate
感谢信有意义地表达了感激之情。,Amir,Amazon Translate
Induction 在观察共同趋势后发展理论。,Amir,Amazon Translate
修道院生活强调简单和社区服务。,Amir,Amazon Translate
竞选捐赠者自愿为选举活动提供资金。,Amir,Amazon Translate
编程逐步清晰地定义计算机任务。,Amir,Amazon Translate
按字母顺序轻松排列图书馆书籍。,Amir,Amazon Translate
剪贴簿将纪念品保存在装饰相册中。,Amir,Amazon Translate
银行根据收到的存款放款。,Amir,Amazon Translate
协奏曲以管弦乐为背景的独奏乐器为特色。,Amir,Amazon Translate
福克兰群岛位于南美海岸以东。,Amir,Amazon Translate
攀岩需要协调运动和抓地力。,Amir,Amazon Translate
《解放宣言》结束了美国反叛国家的奴隶制。,Amir,Amazon Translate
债务偿还计划要求及时付款。,Amir,Amazon Translate
位值赋予数字不同的幅度含义。,Amir,Amazon Translate
浮力解释了物体漂浮在液体中的原因。,Amir,Amazon Translate
反射将形状反射成视觉对称性。,Amir,Amazon Translate
功利主义思维衡量决策中的总体幸福感。,Amir,Amazon Translate
圣职使教派内部的神职人员权威正式化。,Amir,Amazon Translate
监狱改革主张加大改造力度。,Amir,Amazon Translate
套筒扳手可以紧紧地旋转螺栓和螺母。,Amir,Amazon Translate
社交媒体使新闻能够在全球范围内快速传播。,Amir,Amazon Translate
样本为写作一致性提供了指导。,Amir,Amazon Translate
艺术中的现实主义准确地描绘了日常生活。,Amir,Amazon Translate
开罗是埃及的首都，靠近尼罗河三角洲。,Amir,Amazon Translate
黑死病在中世纪杀死了数百万人。,Amir,Amazon Translate
收银员在销售点处理交易。,Amir,Amazon Translate
零是我们数字系统中的占位符。,Amir,Amazon Translate
电子在壳中绕原子核运行。,Amir,Amazon Translate
居里夫人获得了两项诺贝尔奖。,Amir,Amazon Translate
建设性的批评可以提高绩效或技能。,Amir,Amazon Translate
短期记忆会在几分钟内迅速消失。,Amir,Amazon Translate
儒家教义强调尊重和孝顺。,Amir,Amazon Translate
市政当局监督地方规划和服务。,Amir,Amazon Translate
移动支付应用程序以电子方式转移资金。,Amir,Amazon Translate
无线扬声器使用蓝牙接收音频。,Amir,Amazon Translate
陶瓷釉可营造出闪亮的防水表面。,Amir,Amazon Translate
威尼斯人乘坐贡多拉在城市运河上旅行。,Amir,Amazon Translate
交叉训练交替锻炼以防止受伤。,Amir,Amazon Translate
巴洛克式建筑以华丽的细节为特色。,Amir,Amazon Translate
膳食份量会影响卡路里摄入和新陈代谢。,Amir,Amazon Translate
折射使光线穿过不同的材料。,Amir,Amazon Translate
意志力始终如一地抵抗诱惑。,Amir,Amazon Translate
类比有助于简单地解释新概念。,Amir,Amazon Translate
先验主义作家偏爱自然而不是工业社会。,Amir,Amazon Translate
教区居民一起参加定期的礼拜仪式。,Amir,Amazon Translate
辩论对具体问题提出了不同的观点。,Amir,Amazon Translate
教程可促进在线自主学习。,Amir,Amazon Translate
图案书逐步说明手工艺品。,Amir,Amazon Translate
壁画用五颜六色的壁画装饰教堂。,Amir,Amazon Translate
马赛族社区横跨肯尼亚和坦桑尼亚。,Amir,Amazon Translate
武术可以培养敏捷性和纪律性。,Amir,Amazon Translate
詹姆斯敦是英格兰在美国的第一个永久定居点。,Amir,Amazon Translate
收据打印机可立即生成付款验证单。,Amir,Amazon Translate
月相每个月都有所不同。,Amir,Amazon Translate
无论差异如何，包容性都可确保平等待遇。,Amir,Amazon Translate
概率以数学方式计算预期风险。,Amir,Amazon Translate
道德守则为行为提供了集体标准。,Amir,Amazon Translate
神秘传统直接探索精神结合。,Amir,Amazon Translate
《人权法案》保护美国人的基本自由。,Amir,Amazon Translate
通用遥控器可操作多个电子设备。,Amir,Amazon Translate
Tintype摄影历史上使用金属板。,Amir,Amazon Translate
博斯普鲁斯海峡将伊斯坦布尔划分为欧洲和亚洲。,Amir,Amazon Translate
皮划艇可以增强背部、手臂和核心肌肉。,Amir,Amazon Translate
《日内瓦公约》规定了战时的人道主义原则。,Amir,Amazon Translate
工匠使用专业技术手工制作物品。,Amir,Amazon Translate
可共享的电子表格有助于团队项目管理。,Amir,Amazon Translate
负指数表示数字的倒数。,Amir,Amazon Translate
俯冲区位于构造板块交汇处。,Amir,Amazon Translate
图表直观地绘制变量关系。,Amir,Amazon Translate
耕作可以有效地从土壤中生产食物。,Amir,Amazon Translate
美德清单鼓励每天进行道德自我发展。,Amir,Amazon Translate
万物有灵论信仰将精神与动植物联系起来。,Amir,Amazon Translate
统一的法律对跨州法规进行了标准化。,Amir,Amazon Translate
计时可以精确跟踪小时、天、月和年。,Amir,Amazon Translate
加密通过算法秘密保存信息。,Amir,Amazon Translate
诗歌大满贯以原创诗歌的表演为特色。,Amir,Amazon Translate
悉尼海港大桥跨水连接城市各区。,Amir,Amazon Translate
厄尔尼诺现象周期性地改变全球天气模式。,Amir,Amazon Translate
拳击比赛测试力量、策略和耐力。,Amir,Amazon Translate
修正案深思熟虑地更新了法律文本。,Amir,Amazon Translate
印象派音乐捕捉声音中转瞬即逝的情绪。,Amir,Amazon Translate
公共卫生运动在当地抗击流行病。,Amir,Amazon Translate
简历简洁地总结了职业生涯亮点。,Amir,Amazon Translate
显微镜可放大小样品进行观察。,Amir,Amazon Translate
忠诚度计划奖励回头客的购买。,Amir,Amazon Translate
构造学研究地壳的运动。,Amir,Amazon Translate
征兵制度征召公民服兵役。,Amir,Amazon Translate
资产管理公司战略性地投资客户资金。,Amir,Amazon Translate
积极经济学不加判断地分析事实。,Amir,Amazon Translate
确定性计算机程序始终具有可预测的输出。,Amir,Amazon Translate
纳瓦尔特语起源于阿兹台克人。,Amir,Amazon Translate
罗马以其古老的建筑而闻名。,Amir,Amazon Translate
亚马逊河流经南美。,Amir,Amazon Translate
均衡饮食支持整体健康和能量。,Amir,Amazon Translate
古希腊影响了西方哲学。,Amir,Amazon Translate
水覆盖了地球的大部分表面。,Amir,Amazon Translate
氧气占地球大气层的21％。,Amir,Amazon Translate
数学使用数字和符号来解决问题。,Amir,Amazon Translate
减法从另一个量中移除一个数字。,Amir,Amazon Translate
足球由两支球队用球踢球。,Amir,Amazon Translate
电子邮件以电子方式在计算机之间发送消息。,Amir,Amazon Translate
眼睛的颜色部分取决于遗传学。,Amir,Amazon Translate
当水蒸气凝结成水滴时，雨水就会落下。,Amir,Amazon Translate
冬季风暴会产生雪或冰。,Amir,Amazon Translate
随着地球轴线的倾斜，春天随之而来。,Amir,Amazon Translate
毕达哥拉斯发展了关于直角三角形的理论。,Amir,Amazon Translate
碳是生物的关键元素。,Amir,Amazon Translate
圣彼得堡曾经被称为列宁格勒。,Amir,Amazon Translate
在某些信仰中，僧侣在宗教誓言下生活。,Amir,Amazon Translate
医生诊断疾病和损伤。,Amir,Amazon Translate
飞行员在飞行期间控制飞机。,Amir,Amazon Translate
人口密度衡量单位面积的人口。,Amir,Amazon Translate
随着时间的推移，大声的噪音会损害听力。,Amir,Amazon Translate
飓风涉及强风和暴雨。,Amir,Amazon Translate
法语在西非被广泛使用。,Amir,Amazon Translate
雕像是为了纪念重要的历史人物。,Amir,Amazon Translate
蓝鲸是当今活着的最大的动物。,Amir,Amazon Translate
活生物体适应环境变化。,Amir,Amazon Translate
植物在根部和种子中储存能量。,Amir,Amazon Translate
燃料为汽车和机械提供动力。,Amir,Amazon Translate
DNA 决定了从父母那里遗传的身体特征。,Amir,Amazon Translate
公立学校提供免费教育。,Amir,Amazon Translate
国际象棋需要仔细的计划和远见。,Amir,Amazon Translate
地震会突然释放储存的能量。,Amir,Amazon Translate
电梯在建筑物楼层之间垂直移动乘客。,Amir,Amazon Translate
农民种植农作物用于粮食生产。,Amir,Amazon Translate
吉他通过振动琴弦来创造声音。,Amir,Amazon Translate
英国议会通过英国的法律。,Amir,Amazon Translate
护士协助医生进行患者护理。,Amir,Amazon Translate
棉纤维被纺成线。,Amir,Amazon Translate
数学涉及算术、几何和代数。,Amir,Amazon Translate
蛋糕是为庆祝活动而烤的。,Amir,Amazon Translate
游泳可以增强肌肉和协调能力。,Amir,Amazon Translate
阅读可以增加词汇量和理解力。,Amir,Amazon Translate
卫星在地球大气层上空运行。,Amir,Amazon Translate
跑道灯引导飞机在夜间降落。,Amir,Amazon Translate
古典音乐遵循结构化的形式和和声。,Amir,Amazon Translate
丰收节庆祝成功的农作物采集。,Amir,Amazon Translate
气压计测量大气压力。,Amir,Amazon Translate
旗帜象征着国家和组织。,Amir,Amazon Translate
交响曲以一大群音乐家一起演奏为特色。,Amir,Amazon Translate
吃水果可以提供维生素和纤维。,Amir,Amazon Translate
编程指示计算机完成特定任务。,Amir,Amazon Translate
民主赋予公民投票权。,Amir,Amazon Translate
饮用水对健康至关重要。,Amir,Amazon Translate
阅读可以提高识字能力。,Amir,Amazon Translate
地震是由构造运动引起的。,Amir,Amazon Translate
二氧化碳是一种温室气体。,Amir,Amazon Translate
云中含有微小的水滴。,Amir,Amazon Translate
飞机在城市之间快速运送乘客。,Amir,Amazon Translate
北京是中国的首都。,Amir,Amazon Translate
管弦乐团与许多音乐家一起演奏交响音乐。,Amir,Amazon Translate
炸薯条是用土豆做的。,Amir,Amazon Translate
无线互联网使用无线电波进行连接。,Amir,Amazon Translate
电池为电子设备储存能量。,Amir,Amazon Translate
蚊子携带疟疾寄生虫。,Amir,Amazon Translate
萨克斯管在爵士乐队中很常见。,Amir,Amazon Translate
代数求解用表示数字的字母的方程。,Amir,Amazon Translate
海洋覆盖了大约 71% 的地球表面。,Amir,Amazon Translate
金星是距离太阳的第二颗行星。,Amir,Amazon Translate
足球是在有进球的草地上进行的。,Amir,Amazon Translate
邮件以物理方式投递邮件和包裹。,Amir,Amazon Translate
篮球使用一个球和两个篮筐。,Amir,Amazon Translate
日历记录日期和月份。,Amir,Amazon Translate
工程师设计建筑物、桥梁和车辆。,Amir,Amazon Translate
烹饪将原料转化为膳食。,Amir,Amazon Translate
物理学研究物质、能量和力。,Amir,Amazon Translate
天文学探索恒星、行星和星系。,Amir,Amazon Translate
电动汽车使用可充电电池运行。,Amir,Amazon Translate
书籍讲故事或提供信息。,Amir,Amazon Translate
体操集力量、灵活性和协调性于一体。,Amir,Amazon Translate
根茎类蔬菜生长在土壤之下。,Amir,Amazon Translate
嘻哈音乐融合了有节奏的语音和音乐。,Amir,Amazon Translate
观鸟包括观察自然界中的野生鸟类。,Amir,Amazon Translate
抗生素可以杀死引起感染的细菌。,Amir,Amazon Translate
萤火虫通过生物发光产生光。,Amir,Amazon Translate
老鹰在树木或悬崖上筑巢。,Amir,Amazon Translate
西红柿在植物学上被归类为浆果。,Amir,Amazon Translate
伦敦有一条名为 “地铁” 的地下铁路。,Amir,Amazon Translate
河流三角洲在河流与海洋交汇处沉积物。,Amir,Amazon Translate
行星围绕太阳绕轨道旋转。,Amir,Amazon Translate
公共图书馆免费借书。,Amir,Amazon Translate
古罗马为淡水供应建造了渡槽。,Amir,Amazon Translate
鼻窦是鼻子附近头骨中的空腔。,Amir,Amazon Translate
罗马人修建了横跨帝国的道路。,Amir,Amazon Translate
律师代表客户处理法律事务。,Amir,Amazon Translate
鲸鱼每年都会长途迁移。,Amir,Amazon Translate
徒步旅行会消耗卡路里并有益于心理健康。,Amir,Amazon Translate
传送目前仅存在于科幻小说中。,Amir,Amazon Translate
在北美以外，足球被称为足球。,Amir,Amazon Translate
Paper mache 可以制作轻质雕塑和模型。,Amir,Amazon Translate
罗马斗兽场举办了角斗士大战。,Amir,Amazon Translate
地质学家研究岩石、矿物和地震。,Amir,Amazon Translate
木偶为娃娃和人物带来逼真的动作。,Amir,Amazon Translate
作曲家创作了新的器乐和声乐作品。,Amir,Amazon Translate
独轮车需要平衡才能骑行单轮。,Amir,Amazon Translate
海豹生活在海岸线上，以鱼类为食。,Amir,Amazon Translate
国际象棋特级大师通过掌握策略赢得国际锦标赛。,Amir,Amazon Translate
农民轮作以保持土壤健康。,Amir,Amazon Translate
陶器经过成型，然后在窑中烧制。,Amir,Amazon Translate
字典按字母顺序定义英语单词。,Amir,Amazon Translate
迪士尼乐园于 1955 年在加利福尼亚开业。,Amir,Amazon Translate
大提琴在管弦乐团里演奏低音。,Amir,Amazon Translate
食肉动物主要依赖动物的肉。,Amir,Amazon Translate
在较低的大气压下，水沸腾得更快。,Amir,Amazon Translate
喷气流在地球表面上空高处流动。,Amir,Amazon Translate
消化将食物分解成营养。,Amir,Amazon Translate
动物园安全地饲养异国情调和濒危动物。,Amir,Amazon Translate
戏剧通过对话和行动呈现故事情感。,Amir,Amazon Translate
课程规定了学生必须在学校学习的内容。,Amir,Amazon Translate
每年 3 月 14 日都会庆祝 Pi Day。,Amir,Amazon Translate
莎士比亚在英国文学中写过戏剧和十四行诗。,Amir,Amazon Translate
钻石由高度压缩的碳制成。,Amir,Amazon Translate
"珠穆朗玛峰的高度超过海拔8,800米。",Amir,Amazon Translate
香蕉提供纤维和钾作为营养。,Amir,Amazon Translate
地图直观地显示区域、边界和要素。,Amir,Amazon Translate
医生治疗疾病以改善患者的健康状况。,Amir,Amazon Translate
三角形有三个角度，其总和等于 180 度。,Amir,Amazon Translate
爵士乐强调即兴创作而不是严格的音符。,Amir,Amazon Translate
博物馆为子孙后代保存历史和文化。,Amir,Amazon Translate
瑜伽姿势可增强力量、灵活性和平衡性。,Amir,Amazon Translate
原子结合形成不同的化合物。,Amir,Amazon Translate
Wi-Fi 允许设备进行无线连接。,Amir,Amazon Translate
当云层释放冷凝水蒸气时，就会下雨。,Amir,Amazon Translate
货币是市场中的交换媒介。,Amir,Amazon Translate
在理想的条件下，竹子每天可以长出一米。,Amir,Amazon Translate
为了安全起见，驾驶员必须遵守交通规则。,Amir,Amazon Translate
蜜蜂从植物糖源中制造蜂蜜。,Amir,Amazon Translate
声音在固体材料介质中移动最快。,Amir,Amazon Translate
重力使行星体沿着椭圆路径行驶。,Amir,Amazon Translate
字典解释单词的含义并纠正拼写。,Amir,Amazon Translate
绘画使用用画笔或刀子涂抹的颜料。,Amir,Amazon Translate
中性色包括白色、黑色、灰色和米色。,Amir,Amazon Translate
管弦乐团演奏古典活页乐谱作品。,Amir,Amazon Translate
飞机使用喷气发动机在目的地之间快速飞行。,Amir,Amazon Translate
爬行动物通过晒太阳来调节温度。,Amir,Amazon Translate
电话支持长距离语音通信。,Amir,Amazon Translate
维生素可以补充膳食差距，改善健康。,Amir,Amazon Translate
书籍与读者分享知识、想法或故事。,Amir,Amazon Translate
多云的天气会广泛散射自然阳光。,Amir,Amazon Translate
爵士乐起源于非裔美国人社区。,Amir,Amazon Translate
牙医专门护理牙齿和牙龈。,Amir,Amazon Translate
太阳能电池板将光子能量转化为电能。,Amir,Amazon Translate
民主赋予公民投票选举领导人的权力。,Amir,Amazon Translate
奶酪是通过发酵动物乳酶形成的。,Amir,Amazon Translate
农民种植农作物供食用或牲畜。,Amir,Amazon Translate
分数描述小于整数值的数字。,Amir,Amazon Translate
歌剧融合了声乐表演和戏剧性的叙事方式。,Amir,Amazon Translate
睡莲使用宽阔的树叶漂浮在池塘上。,Amir,Amazon Translate
奥运会在全球范围内每四年举行一次。,Amir,Amazon Translate
温度测量物质中的热能。,Amir,Amazon Translate
柠檬可增加食物的酸度和风味。,Amir,Amazon Translate
除了科学家，南极洲没有永久居民。,Amir,Amazon Translate
日记记录了个人经历、想法和感受。,Amir,Amazon Translate
捕鱼供应高蛋白食物资源。,Amir,Amazon Translate
玻璃是通过融化沙子和苏打灰来制造的。,Amir,Amazon Translate
小提琴弓使用马毛发出声音。,Amir,Amazon Translate
长颈鹿用高高的脖子以相思树为食。,Amir,Amazon Translate
铁在涂有油漆时最能抵抗腐蚀。,Amir,Amazon Translate
恒星将氢原子融合成氦核，释放能量。,Amir,Amazon Translate
语法概述了语言如何逻辑地构造句子。,Amir,Amazon Translate
当对立的电荷在大气中均衡时，就会发生闪电。,Amir,Amazon Translate
数码相机将照片记录为电子图像。,Amir,Amazon Translate
工程开发机器、道路、设备或结构。,Amir,Amazon Translate
郁金香是球茎花，原产于中亚地区。,Amir,Amazon Translate
胡萝卜含有β-胡萝卜素，人体将其转化为维生素A。,Amir,Amazon Translate
苹果生长在落叶树上，每年都会掉叶。,Amir,Amazon Translate
科学包括有条不紊地提问和进行实验。,Amir,Amazon Translate
公共图书馆免费借阅书籍和多媒体物品。,Amir,Amazon Translate
日落通过散射阳光来改变天空的颜色。,Amir,Amazon Translate
篝火会在户外燃烧大量的木材。,Amir,Amazon Translate
药物有助于缓解疾病或感染的症状。,Amir,Amazon Translate
得益于条纹迷彩，斑马融入草原。,Amir,Amazon Translate
冬季将暴风雪带到寒冷的气候区。,Amir,Amazon Translate
教师支持教育机构的学习目标。,Amir,Amazon Translate
考古学家研究过去社会的文物。,Amir,Amazon Translate
足球运动员通过踢球进球。,Amir,Amazon Translate
飓风造成严重的风灾和洪水。,Amir,Amazon Translate
纸来自经过加工的树纤维。,Amir,Amazon Translate
巧克力起源于在热带气候中种植的可可豆。,Amir,Amazon Translate
食谱提供食谱和烹饪技巧说明。,Amir,Amazon Translate
运动员进行训练以提高身体表现水平。,Amir,Amazon Translate
罗马是凯撒大帝等皇帝的故乡。,Amir,Amazon Translate
电吉他需要放大器来增加音量。,Amir,Amazon Translate
当火山出现在水线上方时，岛屿就会形成。,Amir,Amazon Translate
种子在环境的潮湿和加热下会发芽。,Amir,Amazon Translate
心理学科学地研究心理过程和行为。,Amir,Amazon Translate
气候会影响地理位置中的植被类型。,Amir,Amazon Translate
冰山从漂浮在海中的大型冰川中分离出来。,Amir,Amazon Translate
莎士比亚写过剧本，包括《哈姆雷特》和《麦克白》。,Amir,Amazon Translate
均衡饮食包括蛋白质、蔬菜和谷物。,Amir,Amazon Translate
地球的大气层主要由氮气和氧气组成。,Amir,Amazon Translate
苹果园每年秋天都会结出果实。,Amir,Amazon Translate
盐可以在冷藏之前保存肉类。,Amir,Amazon Translate
多边形是仅具有直边的封闭形状。,Amir,Amazon Translate
无线电以无线方式远距离传输声波。,Amir,Amazon Translate
起重机用长腿在水中涉水。,Amir,Amazon Translate
硬币是小额交易的货币。,Amir,Amazon Translate
秋天树叶会因为温度而变色。,Amir,Amazon Translate
医疗保健专业人员诊断和治疗疾病。,Amir,Amazon Translate
国际象棋在方格游戏板上使用战略动作。,Amir,Amazon Translate
医生为患者开药和疗法。,Amir,Amazon Translate
蚊子是各种疾病的常见携带者。,Amir,Amazon Translate
逻辑构成理性论证的基础。,Amir,Amazon Translate
数学分析模式、数量和结构。,Amir,Amazon Translate
演员在戏剧作品中扮演角色。,Amir,Amazon Translate
教师在全球各地的教室里教育学生。,Amir,Amazon Translate
弗里达·卡洛画了富有表现力的自画像。,Amir,Amazon Translate
埃菲尔铁塔位于法国巴黎。,Amir,Amazon Translate
篮球使用五人队伍竞相得分。,Amir,Amazon Translate
推土机在施工项目期间移动土壤。,Amir,Amazon Translate
引号表示文本中的言语或引文。,Amir,Amazon Translate
计算机以电子方式高速处理信息。,Amir,Amazon Translate
雷暴天气时会出现闪电。,Amir,Amazon Translate
金字塔体现了古代建筑成就。,Amir,Amazon Translate
维生素有助于维持身体机能和新陈代谢。,Amir,Amazon Translate
古典音乐使用结构化作曲和精心编排的乐器。,Amir,Amazon Translate
蓝图指导工程师进行建筑设计。,Amir,Amazon Translate
对抗时可以用肉眼看到火星。,Amir,Amazon Translate
天气预报预测了当地未来的大气状况。,Amir,Amazon Translate
大米是亚洲饮食的主食。,Amir,Amazon Translate
Puppetry 使用手工控制的人物将故事变为现实。,Amir,Amazon Translate
癌症描述了一组细胞生长异常的疾病。,Amir,Amazon Translate
谷歌搜索引擎每天索引数百万个网页。,Amir,Amazon Translate
奶酪来自妥善储存的凝乳牛奶。,Amir,Amazon Translate
鳄鱼栖息在河岸和温暖的湿地中。,Amir,Amazon Translate
南极洲每年有六个月的连续日照。,Amir,Amazon Translate
工程师设计机器、建筑物和基础设施。,Amir,Amazon Translate
小提琴家通过精确的弓弦来演奏旋律。,Amir,Amazon Translate
岛屿完全被水体包围。,Amir,Amazon Translate
慢跑可以提高抵御久坐不动的生活方式的能力。,Amir,Amazon Translate
当温度降至冰点以下时，冰会自然形成。,Amir,Amazon Translate
足球每支球队使用球形球和球门柱。,Amir,Amazon Translate
雕塑家用石头或金属块创作三维作品。,Amir,Amazon Translate
健康饮食支持强大的免疫系统功能。,Amir,Amazon Translate
电力为世界各地的电子设备供电。,Amir,Amazon Translate
医生每天治疗伤害和疾病。,Amir,Amazon Translate
图书馆书架按主题或作者整理书籍。,Amir,Amazon Translate
历史研究过去的人物和事件。,Amir,Amazon Translate
地震是由地下断层的移动引起的。,Amir,Amazon Translate
瑜伽融合了姿势、呼吸和专注技巧。,Amir,Amazon Translate
芭蕾舞演员优雅地表演精心编排的动作。,Amir,Amazon Translate
地理学家研究空间分布和位置。,Amir,Amazon Translate
农民种植谷物和蔬菜供食用。,Amir,Amazon Translate
蜜蜂在蜂巢内产生蜂蜜。,Amir,Amazon Translate
古希腊人建造寺庙以纪念他们的神灵。,Amir,Amazon Translate
公共巴士在城市周围提供共享交通。,Amir,Amazon Translate
海豹既生活在陆地上，也生活在寒冷的海中。,Amir,Amazon Translate
二战后，柏林墙将东柏林和西柏林分开。,Amir,Amazon Translate
大白鲨有多排牙齿。,Amir,Amazon Translate
如果不受干扰，橡子会成熟成橡树。,Amir,Amazon Translate
花生以豆荚的形式生长在地下。,Amir,Amazon Translate
奇异果有棕色的模糊果皮和绿色的果肉。,Amir,Amazon Translate
原子形成所有类型的固体、液体和气体物质。,Amir,Amazon Translate
病毒会引起流感和普通感冒。,Amir,Amazon Translate
人类记忆存储事实、技能和经验。,Amir,Amazon Translate
超市出售杂货、家居用品和个人物品。,Amir,Amazon Translate
飞机在各大洲快速运送乘客。,Amir,Amazon Translate
亚历山大大帝征服了古代世界的大部分地区。,Amir,Amazon Translate
蓝牙以无线方式连接数字设备。,Amir,Amazon Translate
艺术家通过不同的媒体直观地表达想法。,Amir,Amazon Translate
清洗水果和蔬菜可以去除污垢和细菌。,Amir,Amazon Translate
微积分可以找到曲线和变化率下的区域。,Amir,Amazon Translate
地图使用符号和线条直观地表示地理区域。,Amir,Amazon Translate
均衡饮食支持强大的免疫功能。,Amir,Amazon Translate
博物馆展示艺术、历史和科学展品。,Amir,Amazon Translate
重力将物体固定在地球表面。,Amir,Amazon Translate
摄影使用相机和胶片或传感器捕获图像。,Amir,Amazon Translate
兔子用敏感的大耳朵探测捕食者。,Amir,Amazon Translate
计算机使用二进制数值系统处理数据。,Amir,Amazon Translate
硬币是商业交易的货币。,Amir,Amazon Translate
小提琴家在管弦乐团和合奏团中演奏高音。,Amir,Amazon Translate
飞机在遥远的全球城市之间运送乘客。,Amir,Amazon Translate
医生诊断疾病并推荐治疗方法。,Amir,Amazon Translate
起重机在浅水中涉水捕鱼和昆虫。,Amir,Amazon Translate
雕像是为了纪念公共场所的知名人物或活动。,Amir,Amazon Translate
学生学习数学、科学和语言等学术科目。,Amir,Amazon Translate
全球定位系统 (GPS) 有助于在户外导航。,Amir,Amazon Translate
夏季的温度通常会超过冬季的温度。,Amir,Amazon Translate
湖泊里有积聚的淡水或咸水。,Amir,Amazon Translate
云层由冷凝的水蒸气液滴组成。,Amir,Amazon Translate
足球队竞相用球进球。,Amir,Amazon Translate
科学依赖于观察和实验证据。,Amir,Amazon Translate
眼镜可以纠正视力问题，例如近视。,Amir,Amazon Translate
算术包括加法、减法、乘法和除法。,Amir,Amazon Translate
时钟可以精确地测量时间间隔。,Amir,Amazon Translate
青霉素是亚历山大·弗莱明发现的一种抗生素。,Amir,Amazon Translate
美国宇航局使用望远镜和航天器探索外太空。,Amir,Amazon Translate
食肉动物主要通过吃其他动物来获得营养。,Amir,Amazon Translate
大脑处理思想、情绪并控制身体机能。,Amir,Amazon Translate
汽车在道路上快速运送人员和货物。,Amir,Amazon Translate
金星是我们太阳系中最热的行星。,Amir,Amazon Translate
亚洲是地球上最大的大陆。,Amir,Amazon Translate
弗里达·卡洛画了受墨西哥文化影响的自画像。,Amir,Amazon Translate
地图简化了地貌、距离和政治边界。,Amir,Amazon Translate
健康的睡眠支持免疫功能和情绪调节。,Amir,Amazon Translate
医生使用诊断和药物治疗疾病。,Amir,Amazon Translate
瑜伽将伸展运动与呼吸相结合，对健康有益。,Amir,Amazon Translate
在温带气候下，植物在秋天会掉叶。,Amir,Amazon Translate
企鹅是会游泳但不会飞的鸟。,Amir,Amazon Translate
海洋覆盖了地球表面的三分之二以上。,Amir,Amazon Translate
塑料在自然界中存在了数百年。,Amir,Amazon Translate
公共图书馆向持卡人免费借书。,Amir,Amazon Translate
鲸鱼浮出水面呼吸时会排出气嘴。,Amir,Amazon Translate
兔子用大耳朵来检测环境声音。,Amir,Amazon Translate
观点陈述反映的是信念，而不是普遍事实。,Amir,Amazon Translate
工程师为实际挑战设计技术解决方案。,Amir,Amazon Translate
艺术家通过创意作品在视觉上表达感受。,Amir,Amazon Translate
逻辑根据正式前提找到有效的结论。,Amir,Amazon Translate
叙事将故事构造为事件的序列。,Amir,Amazon Translate
字典按字母顺序列出单词定义和发音。,Amir,Amazon Translate
地质学家研究岩石的成分和历史。,Amir,Amazon Translate
卫星绕行星运行以在全球范围内中继信号。,Amir,Amazon Translate
蚱蜢，相对于其体型而言会跳得很远。,Amir,Amazon Translate
市场是买家和卖家互动的地方。,Amir,Amazon Translate
火山在喷发期间会释放出热熔岩。,Amir,Amazon Translate
非洲是第二大洲。,Amir,Amazon Translate
心脏循环血液以向组织输送氧气。,Amir,Amazon Translate
芭蕾需要力量、灵活性和精确的平衡。,Amir,Amazon Translate
长江流经中国东部。,Amir,Amazon Translate
肌肉生长源于持续的阻力运动。,Amir,Amazon Translate
疫苗有助于减少病毒感染的传播。,Amir,Amazon Translate
防晒霜有助于防止阳光明媚的夏日晒伤。,Amir,Amazon Translate
北极熊游得很好，可以捕猎浮冰。,Amir,Amazon Translate
库尔德人居住在土耳其、叙利亚、伊拉克和伊朗等地区。,Amir,Amazon Translate
土豆在地下以块茎的形式生长。,Amir,Amazon Translate
公共图书馆免费向社区成员借书。,Amir,Amazon Translate
古罗马建筑开创了拱门和穹顶。,Amir,Amazon Translate
Keystone Arch 桥在山谷之间高效地分配重量。,Amir,Amazon Translate
山脉是由构造变化将陆地向上抬高而产生的。,Amir,Amazon Translate
足球是一项团队运动，只用脚和球。,Amir,Amazon Translate
奶酪是经过不同年龄的发酵牛奶。,Amir,Amazon Translate
苹果成熟时会变成红色、绿色或黄色，视品种而定。,Amir,Amazon Translate
冰川通过缓慢的运动缓慢地塑造山脉。,Amir,Amazon Translate
铁路在城市之间长距离运送乘客。,Amir,Amazon Translate
超市库存从肉类到清洁用品等各种产品。,Amir,Amazon Translate
风力涡轮机无需燃烧化石燃料即可发电。,Amir,Amazon Translate
草莓是每年春天收获的第一批水果之一。,Amir,Amazon Translate
气候描述了较长时间范围内的总体天气趋势。,Amir,Amazon Translate
蘑菇在潮湿的阴凉环境中最能茁壮成长。,Amir,Amazon Translate
工程师建造结构以抵御地震和洪水。,Amir,Amazon Translate
盐可以保护鱼肉免受腐烂。,Amir,Amazon Translate
云层散射阳光，产生柔和的夜空。,Amir,Amazon Translate
医生使用循证医学治疗疾病。,Amir,Amazon Translate
牙医清洁牙齿以防止蛀牙。,Amir,Amazon Translate
数学包括几何和统计学等多种领域。,Amir,Amazon Translate
曲棍球使用棍子来指挥小圆形冰球。,Amir,Amazon Translate
兔子用强壮的双腿跳跃逃跑。,Amir,Amazon Translate
塑料包装可保护易腐食品免受损坏。,Amir,Amazon Translate
货币促进商业交易和交换。,Amir,Amazon Translate
爵士音乐家在不断变化的和声中表演独奏。,Amir,Amazon Translate
雕塑家雕刻代表历史人物的石像。,Amir,Amazon Translate
重力导致沿海海岸线的潮汐定期变化。,Amir,Amazon Translate
闪电会短暂地照亮夜空。,Amir,Amazon Translate
南极洲全年几乎都被冰覆盖。,Amir,Amazon Translate
喷漆在城墙上创作波普艺术壁画。,Amir,Amazon Translate
青霉素是在霉菌污染中意外发现的。,Amir,Amazon Translate
逻辑将论点分解为前提和理性结论。,Amir,Amazon Translate
寒冷的冬季过后，春天的树叶会出现。,Amir,Amazon Translate
饼干在对流烤箱中的烘烤速度比传统的要快。,Amir,Amazon Translate
书籍可以有效地传达故事和信息。,Amir,Amazon Translate
照片捕捉视觉时刻供日后欣赏。,Amir,Amazon Translate
由于全球科学合作，技术发展迅速。,Amir,Amazon Translate
玻璃瓶可以多次清洗和重复使用。,Amir,Amazon Translate
代数求解涉及变量和算术运算的方程。,Amir,Amazon Translate
平板电脑可便携地集成屏幕、处理器、电池和扬声器。,Amir,Amazon Translate
长颈鹿吃其他食草动物无法触及的高大树木。,Amir,Amazon Translate
时钟精确显示小时、分钟和秒。,Amir,Amazon Translate
莫奈画了著名的睡莲场景。,Amir,Amazon Translate
珠穆朗玛峰标志着地球上的最高点。,Amir,Amazon Translate
饮用水有助于调节体温。,Amir,Amazon Translate
古埃及为法老建造了宏伟的金字塔。,Amir,Amazon Translate
抽象艺术使用形状而不是现实主义。,Amir,Amazon Translate
阿根廷位于南美洲巴西以南。,Amir,Amazon Translate
吃蔬菜支持健康的免疫系统。,Amir,Amazon Translate
雕塑雕刻或模具三维艺术品。,Amir,Amazon Translate
香蕉在热带气候中生长良好。,Amir,Amazon Translate
面包在烘烤之前必须升起。,Amir,Amazon Translate
阳光为所有生物提供能量。,Amir,Amazon Translate
汽车可缩短长途旅行时间。,Amir,Amazon Translate
书籍记录故事、信息和历史。,Amir,Amazon Translate
鸡蛋含有蛋白质和维生素 A 和 D。,Amir,Amazon Translate
大米每年为全球数十亿人提供食物。,Amir,Amazon Translate
歌剧将歌唱与管弦乐伴奏融为一体。,Amir,Amazon Translate
古典音乐使用弦乐和铜管部分。,Amir,Amazon Translate
发电厂为社区发电。,Amir,Amazon Translate
硬币是交易所的货币。,Amir,Amazon Translate
拿破仑以皇帝的身份统治法国。,Amir,Amazon Translate
惠特尼·休斯顿是一位有影响力的流行歌手。,Amir,Amazon Translate
计算机使用电子电路处理信息。,Amir,Amazon Translate
代数包含代表未知值的变量。,Amir,Amazon Translate
绵羊为保暖的羊毛衣物提供纤维。,Amir,Amazon Translate
医生根据症状和检查来诊断病情。,Amir,Amazon Translate
地图直观地突出显示河流、城市和边界。,Amir,Amazon Translate
在夏季风暴中，雷击更频繁地发生。,Amir,Amazon Translate
爵士音乐家即兴创作旋律是不可预测的。,Amir,Amazon Translate
保鲜膜可保护物品免受潮湿。,Amir,Amazon Translate
钢琴通过敲击的琴弦发出声音。,Amir,Amazon Translate
由于核聚变，恒星会发光。,Amir,Amazon Translate
宇航员穿着太空服进行行星外保护。,Amir,Amazon Translate
数学包括计算、测量和分析。,Amir,Amazon Translate
Ops 在国际活动中分担责任。,Amir,Amazon Translate
蒙娜丽莎表现出神秘的面部表情。,Amir,Amazon Translate
罗马展示了来自古代文明的废墟。,Amir,Amazon Translate
计算机内存临时存储数据以供处理。,Amir,Amazon Translate
卡路里衡量食用食物中的可用能量。,Amir,Amazon Translate
血液将营养物质输送到整个循环系统。,Amir,Amazon Translate
份量可调节膳食中的营养摄入。,Amir,Amazon Translate
博物馆展示具有历史和艺术价值的作品。,Amir,Amazon Translate
香蕉树会结出可食用的果实和树叶。,Amir,Amazon Translate
营养丰富的早餐有助于集中精力上学。,Amir,Amazon Translate
数学方程可以有一个或多个解。,Amir,Amazon Translate
重力使人们停泊在地球表面。,Amir,Amazon Translate
亚马逊河有宽阔的流域。,Amir,Amazon Translate
三角形在传统风筝中很常见。,Amir,Amazon Translate
巧克力来自加工过的可可豆。,Amir,Amazon Translate
医生建议每年接种流感疫苗。,Amir,Amazon Translate
文化影响艺术、语言和社会习俗。,Amir,Amazon Translate
足球使用球形球和两个网。,Amir,Amazon Translate
冥想可以缓解焦虑并增加正念。,Amir,Amazon Translate
东京人口稠密，技术先进。,Amir,Amazon Translate
书籍跨代传递知识。,Amir,Amazon Translate
日常锻炼可以增强特定的肌肉群。,Amir,Amazon Translate
多边形是具有多边的封闭图形。,Amir,Amazon Translate
盐通过抑制细菌生长来保存肉类。,Amir,Amazon Translate
奶酪生产涉及凝固和发酵。,Amir,Amazon Translate
钻石主要是四面体排列的碳。,Amir,Amazon Translate
土豆在不同的食谱中提供碳水化合物。,Amir,Amazon Translate
老鹰使用强大的爪子捕捉猎物。,Amir,Amazon Translate
照片为子孙后代捕捉视觉回忆。,Amir,Amazon Translate
冰川在自身重量下缓慢移动。,Amir,Amazon Translate
长颈鹿以其他人无法进入的树顶树叶为食。,Amir,Amazon Translate
蟋蟀，主要在温暖的夜晚鸣叫。,Amir,Amazon Translate
法律制度在社会内部执行规则。,Amir,Amazon Translate
风车将动能转化为机械工作。,Amir,Amazon Translate
人们使用日历来计划活动。,Amir,Amazon Translate
狮子们以骄傲的方式合作狩猎。,Amir,Amazon Translate
减法决定了数量之间的差异。,Amir,Amazon Translate
草莓成熟时必须采摘。,Amir,Amazon Translate
识字使人们能够理解书面指令。,Amir,Amazon Translate
疫苗可以安全地刺激免疫反应。,Amir,Amazon Translate
饼图直观地表示整体的分数。,Amir,Amazon Translate
海龟返回海滩筑巢。,Amir,Amazon Translate
报纸向读者介绍当前的新闻报道。,Amir,Amazon Translate
高尔夫球场设有果岭、球道和沙坑。,Amir,Amazon Translate
光线以相等的角度从镜子上反射。,Amir,Amazon Translate
茂密的森林拥有更多的动物多样性。,Amir,Amazon Translate
神经元在整个神经系统中传输信号。,Amir,Amazon Translate
视力依赖于透过镜头的入射光。,Amir,Amazon Translate
混合动力汽车使用电动机和燃气发动机。,Amir,Amazon Translate
肌肉收缩以产生身体运动。,Amir,Amazon Translate
词典对术语的定义很明确。,Amir,Amazon Translate
篮球的特点是球队投篮以获得积分。,Amir,Amazon Translate
古典曲目通常需要管弦乐编曲。,Amir,Amazon Translate
互联网提供全球信息访问渠道。,Amir,Amazon Translate
骨头支持软器官和组织。,Amir,Amazon Translate
化石揭示了古代动物的结构。,Amir,Amazon Translate
绘画风格从写实风格到抽象风格不等。,Amir,Amazon Translate
物理学探索物质、力和运动。,Amir,Amazon Translate
数学家发展有关数字和空间的理论。,Amir,Amazon Translate
Birdsong 传达了领土或吸引力意图。,Amir,Amazon Translate
基本算术支持日常计算。,Amir,Amazon Translate
光盘存储数字音频数据。,Amir,Amazon Translate
