statement,committer,elicitation
Кошек обычно содержат в качестве домашних питомцев.,Amir,Amazon Translate
Свет распространяется быстрее звука.,Amir,Amazon Translate
Сахар растворяется в воде.,Amir,Amazon Translate
Зимние дни обычно холоднее летних.,Amir,Amazon Translate
Для фотосинтеза растениям нужен солнечный свет.,Amir,Amazon Translate
У большинства взрослых 32 зуба.,Amir,Amazon Translate
Книги можно делать из бумаги.,Amir,Amazon Translate
Дождь образуется из конденсированного водяного пара.,Amir,Amazon Translate
Для работы автомобилей требуется топливо.,Amir,Amazon Translate
В шахматы играют на квадратной доске.,Amir,Amazon Translate
"Хлеб черствеет, если его не накрыть.",Amir,Amazon Translate
Луна вращается вокруг Земли.,Amir,Amazon Translate
Железо ржавеет при воздействии влаги.,Amir,Amazon Translate
У пауков восемь ног.,Amir,Amazon Translate
Слоны — самые крупные наземные животные.,Amir,Amazon Translate
У треугольника три стороны.,Amir,Amazon Translate
Молоко часто используется для приготовления сыра.,Amir,Amazon Translate
Монеты обычно изготавливаются из металла.,Amir,Amazon Translate
Холодильники сохраняют продукты холодными.,Amir,Amazon Translate
Гравитация притягивает объекты к Земле.,Amir,Amazon Translate
Носки носят на ступнях.,Amir,Amazon Translate
Пчелы собирают нектар с цветов.,Amir,Amazon Translate
"Рыбы используют жабры, чтобы дышать под водой.",Amir,Amazon Translate
Огонь производит тепло и свет.,Amir,Amazon Translate
Облака — это видимые скопления капель воды.,Amir,Amazon Translate
Бриллианты считаются ценными драгоценными камнями.,Amir,Amazon Translate
Вулканы могут извергаться расплавленной лавой.,Amir,Amazon Translate
Рис является основным продуктом питания во многих странах.,Amir,Amazon Translate
Амазонка — это большой тропический лес.,Amir,Amazon Translate
Птицы строят гнезда для откладывания яиц.,Amir,Amazon Translate
В неделе семь дней.,Amir,Amazon Translate
Телефонные звонки передают голоса на большие расстояния.,Amir,Amazon Translate
На некоторых предприятиях пластик можно перерабатывать.,Amir,Amazon Translate
Яблоки растут на деревьях.,Amir,Amazon Translate
Кенгуру родом из Австралии.,Amir,Amazon Translate
Ветряные мельницы могут вырабатывать электричество.,Amir,Amazon Translate
Люди голосуют на демократических выборах.,Amir,Amazon Translate
Библиотеки предоставляют книги публике.,Amir,Amazon Translate
Поезда едут по рельсам.,Amir,Amazon Translate
Большинство карандашей содержат графит.,Amir,Amazon Translate
Камеры снимают фотографии.,Amir,Amazon Translate
В футбол играют овальным мячом.,Amir,Amazon Translate
Мороженое тает под воздействием тепла.,Amir,Amazon Translate
Телевизоры отображают движущиеся изображения.,Amir,Amazon Translate
Самолеты летают с помощью крыльев.,Amir,Amazon Translate
Картофель растет под землей.,Amir,Amazon Translate
Для большинства людей сахар имеет сладкий вкус.,Amir,Amazon Translate
Обувь защищает ваши ноги.,Amir,Amazon Translate
"Дельфины — млекопитающие, а не рыбы.",Amir,Amazon Translate
Ключи используются для отпирания дверей.,Amir,Amazon Translate
Париж — столица Франции.,Amir,Amazon Translate
Спутники вращаются вокруг планет в космосе.,Amir,Amazon Translate
Сосны остаются зелеными круглый год.,Amir,Amazon Translate
Медузы живут в океанах.,Amir,Amazon Translate
Сахара — огромная пустыня.,Amir,Amazon Translate
Перебои в подаче электроэнергии останавливают подачу электроэнергии.,Amir,Amazon Translate
Подсолнухи поворачиваются к солнечному свету.,Amir,Amazon Translate
Статуя Свободы стоит в Нью-Йоркской гавани.,Amir,Amazon Translate
"Радуга образуется, когда свет проходит сквозь капли воды.",Amir,Amazon Translate
Большинство лягушек могут прыгать на большие расстояния.,Amir,Amazon Translate
Волки охотятся стаями.,Amir,Amazon Translate
У черепах твердый панцирь.,Amir,Amazon Translate
Землетрясения возникают в результате смещения тектонических плит.,Amir,Amazon Translate
Бабочки претерпевают метаморфозы.,Amir,Amazon Translate
Часы измеряют время.,Amir,Amazon Translate
Золото имеет желтый металлический блеск.,Amir,Amazon Translate
Компас показывает стороны света.,Amir,Amazon Translate
Совы — ночные птицы.,Amir,Amazon Translate
Лодки плавают по воде.,Amir,Amazon Translate
Пицца — популярная еда.,Amir,Amazon Translate
У жирафов длинные шеи.,Amir,Amazon Translate
Свечи дают свет при горении.,Amir,Amazon Translate
Бамбук быстро растет.,Amir,Amazon Translate
В футбол играют круглым мячом.,Amir,Amazon Translate
"Грибы — это грибы, а не растения.",Amir,Amazon Translate
Лазеры излучают сфокусированные лучи света.,Amir,Amazon Translate
Великая Китайская стена находится в Китае.,Amir,Amazon Translate
"Комары кусаются, чтобы питаться кровью.",Amir,Amazon Translate
Яйца — распространенный продукт для завтрака.,Amir,Amazon Translate
У лошадей есть копыта.,Amir,Amazon Translate
Мыло удаляет грязь с кожи.,Amir,Amazon Translate
Многие насекомые претерпевают полную метаморфозу.,Amir,Amazon Translate
В Арктике обитают белые медведи.,Amir,Amazon Translate
На картах показано расположение мест.,Amir,Amazon Translate
Дождевики позволяют вам оставаться сухими.,Amir,Amazon Translate
Молния может ударить по высоким предметам.,Amir,Amazon Translate
Вода замерзает при нулевом градусе Цельсия.,Amir,Amazon Translate
Собаки — обычные домашние животные.,Amir,Amazon Translate
Осенью листья меняют цвет.,Amir,Amazon Translate
Бумага изготавливается из древесной массы.,Amir,Amazon Translate
Большинство птиц откладывают яйца.,Amir,Amazon Translate
Помидоры содержат витамин С.,Amir,Amazon Translate
Компьютеры обрабатывают цифровую информацию.,Amir,Amazon Translate
Коровы производят молоко для молочных продуктов.,Amir,Amazon Translate
Поезда перевозят пассажиров или грузы.,Amir,Amazon Translate
Велосипеды приводятся в движение педалями.,Amir,Amazon Translate
Мед производится пчелами.,Amir,Amazon Translate
Океан покрывает большую часть поверхности Земли.,Amir,Amazon Translate
Горы могут влиять на местную погоду.,Amir,Amazon Translate
В большинстве часов отображается время.,Amir,Amazon Translate
Мозг контролирует функции организма.,Amir,Amazon Translate
У ананасов колючая внешняя кожица.,Amir,Amazon Translate
У большинства растений зеленые листья.,Amir,Amazon Translate
Жираф — самое высокое животное.,Amir,Amazon Translate
Пластик производится из нефти.,Amir,Amazon Translate
Кофе содержит кофеин.,Amir,Amazon Translate
Музыка может создаваться с помощью инструментов.,Amir,Amazon Translate
Львы живут в гордости.,Amir,Amazon Translate
Алмазы образуются под высоким давлением.,Amir,Amazon Translate
Лондон находится в Соединенном Королевстве.,Amir,Amazon Translate
Рептилии — хладнокровные животные.,Amir,Amazon Translate
Большинство людей едят три раза в день.,Amir,Amazon Translate
Перья покрывают большинство птиц.,Amir,Amazon Translate
Морковь богата бета-каротином.,Amir,Amazon Translate
Арахис растет под землей.,Amir,Amazon Translate
Шнурки надежно удерживают обувь на ногах.,Amir,Amazon Translate
Марс называют красной планетой.,Amir,Amazon Translate
В баскетбол играют в помещении или на открытом воздухе.,Amir,Amazon Translate
Киты дышат воздухом через дыры.,Amir,Amazon Translate
Карты помогают в навигации.,Amir,Amazon Translate
Сталь — это сплав железа и углерода.,Amir,Amazon Translate
Некоторые грибы разлагают мертвые растения.,Amir,Amazon Translate
Для набора текста используется клавиатура.,Amir,Amazon Translate
У тигров полосатый мех.,Amir,Amazon Translate
Большинство самолетов имеют два крыла.,Amir,Amazon Translate
В некоторых пустынях есть песчаные дюны.,Amir,Amazon Translate
Для работы автомобильных двигателей используется система сгорания.,Amir,Amazon Translate
Радуга имеет несколько видимых цветов.,Amir,Amazon Translate
Пингвины живут в холодном климате.,Amir,Amazon Translate
Водород — самый легкий элемент.,Amir,Amazon Translate
У большинства млекопитающих есть шерсть или шерсть.,Amir,Amazon Translate
В библиотеках хранятся информационные ресурсы.,Amir,Amazon Translate
Апельсины — сочные цитрусовые фрукты.,Amir,Amazon Translate
Звезды излучают энергию в виде света и тепла.,Amir,Amazon Translate
Обезьяны — приматы.,Amir,Amazon Translate
Пингвины не умеют летать.,Amir,Amazon Translate
Река течет к более низким высотам.,Amir,Amazon Translate
У акул острые зубы.,Amir,Amazon Translate
Сахарный тростник растет в тропических регионах.,Amir,Amazon Translate
Вы можете видеть свое дыхание на холодном воздухе.,Amir,Amazon Translate
На пляжах встречаются ракушки.,Amir,Amazon Translate
Интернет соединяет компьютеры по всему миру.,Amir,Amazon Translate
Многие ноутбуки оснащены сенсорными панелями.,Amir,Amazon Translate
Попугаи могут имитировать человеческую речь.,Amir,Amazon Translate
Гепард — самое быстрое наземное животное.,Amir,Amazon Translate
Торнадо образуются во время сильных штормов.,Amir,Amazon Translate
У павлинов разноцветные хвостовые перья.,Amir,Amazon Translate
Дождь может заполонить реки и озера.,Amir,Amazon Translate
Зубная паста очищает зубы.,Amir,Amazon Translate
Из винограда можно делать вино.,Amir,Amazon Translate
Розы — цветущие растения.,Amir,Amazon Translate
Койоты — дикие собаки.,Amir,Amazon Translate
Дельфины общаются щелчками и свистками.,Amir,Amazon Translate
Паутинки ловят насекомых.,Amir,Amazon Translate
Некоторые автобусы работают на электричестве.,Amir,Amazon Translate
Коалы едят листья эвкалипта.,Amir,Amazon Translate
Катание на лошадях — это активный отдых на свежем воздухе.,Amir,Amazon Translate
Столы обеспечивают поверхность для работы.,Amir,Amazon Translate
Рейсы отправляются из аэропортов.,Amir,Amazon Translate
По ночам сверчки издают щебечущие звуки.,Amir,Amazon Translate
Киты могут общаться на больших расстояниях.,Amir,Amazon Translate
Треугольники — основные геометрические фигуры.,Amir,Amazon Translate
Шампунь очищает волосы.,Amir,Amazon Translate
Пингвины ковыляют во время ходьбы.,Amir,Amazon Translate
Спагетти — это разновидность пасты.,Amir,Amazon Translate
Камеры могут записывать видео и фотоснимки.,Amir,Amazon Translate
Мыши — маленькие грызуны.,Amir,Amazon Translate
Большинство городских автобусов следуют расписанию.,Amir,Amazon Translate
Поджелудочная железа вырабатывает инсулин.,Amir,Amazon Translate
Тюльпаны — весенние цветы.,Amir,Amazon Translate
Растения тропических лесов быстро растут.,Amir,Amazon Translate
Комаров привлекает стоячая вода.,Amir,Amazon Translate
Шахматные фигуры двигаются определенным образом.,Amir,Amazon Translate
На коралловых рифах обитает разнообразная морская жизнь.,Amir,Amazon Translate
Зимой медведи впадают в спячку.,Amir,Amazon Translate
Карты могут быть цифровыми или бумажными.,Amir,Amazon Translate
Ноутбуки могут работать от батарей.,Amir,Amazon Translate
Дерево плавает по воде.,Amir,Amazon Translate
Листья поглощают солнечный свет для получения энергии.,Amir,Amazon Translate
Воздушные змеи летают на ветру.,Amir,Amazon Translate
Тигры охотятся на крупную добычу.,Amir,Amazon Translate
Свет позволяет людям видеть окружающую среду.,Amir,Amazon Translate
Большинство млекопитающих рожают живых детенышей.,Amir,Amazon Translate
Соль улучшает вкус многих продуктов.,Amir,Amazon Translate
"Млечный Путь — это галактика, содержащая Землю.",Amir,Amazon Translate
"Кошки используют усы, чтобы чувствовать окружающее.",Amir,Amazon Translate
Земля вращается каждые 24 часа.,Amir,Amazon Translate
Монеты можно использовать для оплаты небольших покупок.,Amir,Amazon Translate
Масло тает при комнатной температуре.,Amir,Amazon Translate
Почта доставляется почтовыми службами.,Amir,Amazon Translate
Собак можно научить подчиняться командам.,Amir,Amazon Translate
Кролики едят в основном растения и овощи.,Amir,Amazon Translate
Солнце обеспечивает энергией экосистемы Земли.,Amir,Amazon Translate
Многие озера образованы ледниками.,Amir,Amazon Translate
Сахар может вызвать кариес.,Amir,Amazon Translate
Ветер перемещает воздух от высокого давления к низкому.,Amir,Amazon Translate
Чай готовят путем замачивания листьев в горячей воде.,Amir,Amazon Translate
Волки родственны домашним собакам.,Amir,Amazon Translate
Солнечный ожог вызван ультрафиолетовыми лучами.,Amir,Amazon Translate
У осьминогов восемь рук.,Amir,Amazon Translate
Протяженность марафона составляет 42 километра.,Amir,Amazon Translate
Некоторые птицы могут имитировать человеческие голоса.,Amir,Amazon Translate
Осенью листья падают с деревьев.,Amir,Amazon Translate
Уголь — это ископаемое топливо.,Amir,Amazon Translate
У лисиц пушистые хвосты.,Amir,Amazon Translate
Велосипеды помогают уменьшить загрязнение воздуха.,Amir,Amazon Translate
У зебр черные и белые полосы.,Amir,Amazon Translate
Землетрясения измеряют движение вдоль разломов.,Amir,Amazon Translate
Большинство судов плавают за счет вытеснения воды.,Amir,Amazon Translate
Шоколад содержит какао.,Amir,Amazon Translate
Облака предсказывают изменение погоды.,Amir,Amazon Translate
"Некоторые пауки используют яд, чтобы усмирить добычу.",Amir,Amazon Translate
Коровы жуют жвачку для переваривания пищи.,Amir,Amazon Translate
У роз колючие стебли.,Amir,Amazon Translate
Многие совы охотятся ночью.,Amir,Amazon Translate
Картофель можно приготовить несколькими способами.,Amir,Amazon Translate
Листья поглощают углекислый газ.,Amir,Amazon Translate
Волки путешествуют вместе стаями.,Amir,Amazon Translate
"Комары могут передавать такие заболевания, как малярия.",Amir,Amazon Translate
Тюлени — морские млекопитающие.,Amir,Amazon Translate
Самолеты взлетают с взлетно-посадочных полос.,Amir,Amazon Translate
Карандаши изготовлены из цветного воска.,Amir,Amazon Translate
Звёзды видны ночью.,Amir,Amazon Translate
Брокколи — питательный овощ.,Amir,Amazon Translate
Лед образуется при замерзании воды.,Amir,Amazon Translate
У жирафа длинная шея для кормления.,Amir,Amazon Translate
Часовые башни отображают время для публики.,Amir,Amazon Translate
Благодаря увеличительным стеклам объекты выглядят больше.,Amir,Amazon Translate
На картах используются символы для обозначения ориентиров.,Amir,Amazon Translate
Попугаи известны своими яркими перьями.,Amir,Amazon Translate
У кроликов длинные уши.,Amir,Amazon Translate
Ракушки изготавливаются морскими животными.,Amir,Amazon Translate
Солнце находится примерно в 93 миллионах миль от Земли.,Amir,Amazon Translate
Для горения огню нужен кислород.,Amir,Amazon Translate
Гусеницы превращаются в бабочек.,Amir,Amazon Translate
Апельсины очищают от кожуры перед едой.,Amir,Amazon Translate
Плутон классифицируется как карликовая планета.,Amir,Amazon Translate
При мигании глаза остаются влажными.,Amir,Amazon Translate
Огурцы в основном состоят из воды.,Amir,Amazon Translate
Многие рыбы откладывают яйца в воде.,Amir,Amazon Translate
"Компасы используют магнетизм, чтобы найти Север.",Amir,Amazon Translate
Молния может вызвать лесные пожары.,Amir,Amazon Translate
Мыльные пузыри имеют сферическую форму.,Amir,Amazon Translate
Многие грибы растут во влажных лесах.,Amir,Amazon Translate
Самолеты летают над облаками.,Amir,Amazon Translate
"Крабы-отшельники находят пустые раковины, в которых можно жить.",Amir,Amazon Translate
Наручные часы показывают текущее время.,Amir,Amazon Translate
Песня китов распространяется на большие расстояния под водой.,Amir,Amazon Translate
Кошки могут втягивать когти.,Amir,Amazon Translate
На скрипке играют смычком.,Amir,Amazon Translate
Орхидеи — тропические цветы.,Amir,Amazon Translate
Дождь охлаждает воздух в жаркие дни.,Amir,Amazon Translate
У орлов отличное зрение.,Amir,Amazon Translate
Пчелы — важные опылители.,Amir,Amazon Translate
У сосен игольчатые листья.,Amir,Amazon Translate
Большинство многоквартирных домов имеют несколько этажей.,Amir,Amazon Translate
Краны поднимают тяжелые материалы на строительных площадках.,Amir,Amazon Translate
Верблюды накапливают жир в своих горбах.,Amir,Amazon Translate
Карты помогают людям найти дорогу.,Amir,Amazon Translate
У кроликов длинные уши.,Amir,Amazon Translate
Сон восстанавливает энергию у людей и животных.,Amir,Amazon Translate
Голуби живут в городах по всему миру.,Amir,Amazon Translate
Ножи используются для резки продуктов.,Amir,Amazon Translate
Вороны — очень умные птицы.,Amir,Amazon Translate
Из посаженных семян вырастают сеянцы.,Amir,Amazon Translate
"Алюминий — легкий металл, используемый в баллончиках.",Amir,Amazon Translate
Давление воздуха в горах на вершине ниже.,Amir,Amazon Translate
Реки могут разрушать скалы и почву.,Amir,Amazon Translate
Муравьи живут в организованных колониях.,Amir,Amazon Translate
Дети обычно теряют молочные зубы к двенадцати годам.,Amir,Amazon Translate
"У птиц полые кости, которые помогают им летать.",Amir,Amazon Translate
Золото используется в изготовлении ювелирных изделий.,Amir,Amazon Translate
Лимоны имеют кислый вкус из-за лимонной кислоты.,Amir,Amazon Translate
Эритроциты переносят кислород.,Amir,Amazon Translate
Некоторые летучие мыши используют эхолокацию для навигации.,Amir,Amazon Translate
Зеленый — это вторичный цвет.,Amir,Amazon Translate
Вода — это соединение водорода и кислорода.,Amir,Amazon Translate
Некоторые совы могут поворачивать голову на 270 градусов.,Amir,Amazon Translate
У треугольников всегда три угла.,Amir,Amazon Translate
Змеи периодически сбрасывают кожу.,Amir,Amazon Translate
Сыр производится из кислого молока.,Amir,Amazon Translate
Для объяснения символов на картах используется легенда.,Amir,Amazon Translate
У большинства людей двадцать молочных зубов.,Amir,Amazon Translate
Ветер перемещает облака по небу.,Amir,Amazon Translate
Часы питаются от батареек или пружин.,Amir,Amazon Translate
Некоторые рыбы меняют цвет в качестве камуфляжа.,Amir,Amazon Translate
Хлеб поднимается с помощью дрожжей или пекарского порошка.,Amir,Amazon Translate
"Когда ему угрожают, осьминог разбрызгивает чернилами.",Amir,Amazon Translate
Некоторые животные зимой впадают в спячку.,Amir,Amazon Translate
Гепарды могут достигать высоких скоростей короткими очередями.,Amir,Amazon Translate
Восходы солнца происходят на востоке.,Amir,Amazon Translate
Морские коньки встают на якорь цепкими хвостами.,Amir,Amazon Translate
Шоколад токсичен для многих животных.,Amir,Amazon Translate
Пчелы хранят мед в ульях.,Amir,Amazon Translate
Медь — хороший электрический проводник.,Amir,Amazon Translate
У верблюдов длинные ресницы для защиты от песка.,Amir,Amazon Translate
Атлантический океан граничит с несколькими континентами.,Amir,Amazon Translate
Торнадо имеют форму воронки.,Amir,Amazon Translate
Розам для роста нужны солнечный свет и вода.,Amir,Amazon Translate
Почтовые отделения занимаются рассылкой почты.,Amir,Amazon Translate
Большинство современных телефонов — это смартфоны.,Amir,Amazon Translate
Гравитация Луны вызывает приливы на Земле.,Amir,Amazon Translate
Антарктида в основном покрыта льдом.,Amir,Amazon Translate
Земляные черви помогают улучшить структуру почвы.,Amir,Amazon Translate
Большинство пауков безвредны для человека.,Amir,Amazon Translate
Вентиляторы обеспечивают циркуляцию воздуха в помещении.,Amir,Amazon Translate
Киви — нелетающие птицы из Новой Зеландии.,Amir,Amazon Translate
Большинство тканей сотканы из нитей.,Amir,Amazon Translate
Молния возникает из-за электрического разряда в облаках.,Amir,Amazon Translate
Пингвины охотятся на рыбу под водой.,Amir,Amazon Translate
Гепард известен своей скоростью бега.,Amir,Amazon Translate
"Кошки часто мурлыкают, когда им приходится довольствоваться.",Amir,Amazon Translate
Коалы долго спят.,Amir,Amazon Translate
Деревья обеспечивают тень и укрытие.,Amir,Amazon Translate
Панды едят в основном бамбук.,Amir,Amazon Translate
В морозильной камере продукты хранятся в замороженном виде.,Amir,Amazon Translate
"Лед плавает, потому что он менее плотный, чем вода.",Amir,Amazon Translate
Карты помогают путешественникам планировать поездки.,Amir,Amazon Translate
Лава остывает и превращается в твердую породу.,Amir,Amazon Translate
"Краны — это машины, используемые для подъема.",Amir,Amazon Translate
"Ящерицы греются на солнце, чтобы согреться.",Amir,Amazon Translate
Рисовым полям нужна стоячая вода.,Amir,Amazon Translate
Детекторы дыма обнаруживают частицы огня.,Amir,Amazon Translate
Светлячки излучают свет из брюшка.,Amir,Amazon Translate
Губки живут в океане.,Amir,Amazon Translate
"Лосось плывет вверх по течению, чтобы отложить яйца.",Amir,Amazon Translate
У большинства млекопитающих теплая кровь.,Amir,Amazon Translate
Полоски помогают зебрам маскироваться в траве.,Amir,Amazon Translate
"Горные породы могут быть осадочными, магматическими или метаморфическими.",Amir,Amazon Translate
Пингвины используют ласты для плавания.,Amir,Amazon Translate
Облака блокируют солнечный свет в пасмурные дни.,Amir,Amazon Translate
Снежинки имеют шесть сторон.,Amir,Amazon Translate
"Младенцы ползают, прежде чем ходить.",Amir,Amazon Translate
Листья теряют хлорофилл и осенью увядают.,Amir,Amazon Translate
Океаны соленые из-за растворенных минералов.,Amir,Amazon Translate
Ночью совы бесшумно охотятся.,Amir,Amazon Translate
Семена содержат эмбриональные растения.,Amir,Amazon Translate
На картах горы часто изображены треугольниками.,Amir,Amazon Translate
Страусы — самые крупные птицы.,Amir,Amazon Translate
Младенцы пьют молоко для питания.,Amir,Amazon Translate
Пожарные тушат пожары с помощью водяных шлангов.,Amir,Amazon Translate
Карты ориентированы на север вверху.,Amir,Amazon Translate
Приливы поднимаются и падают два раза в день.,Amir,Amazon Translate
Выдры используют камни для вскрытия раковин.,Amir,Amazon Translate
Дождевая вода пополняет запасы рек и озер.,Amir,Amazon Translate
Молния может вызвать перебои в подаче электроэнергии.,Amir,Amazon Translate
Тюлени используют ласты для плавания.,Amir,Amazon Translate
Бактерии могут быстро размножаться.,Amir,Amazon Translate
На дубах растут желуди.,Amir,Amazon Translate
"Сверчки издают звуки, потирая крылья.",Amir,Amazon Translate
Гекконы могут прилипать к стенам.,Amir,Amazon Translate
Белые медведи — сильные пловцы.,Amir,Amazon Translate
Планеты вращаются вокруг звезд в солнечных системах.,Amir,Amazon Translate
Стервятники ищут пищу.,Amir,Amazon Translate
Скрипка — струнный инструмент.,Amir,Amazon Translate
Козы могут подниматься по крутой местности.,Amir,Amazon Translate
Огонь горячий на ощупь.,Amir,Amazon Translate
Океаны — это среда обитания многих животных.,Amir,Amazon Translate
"Радуга появляется после дождя, когда солнечный свет преломляется.",Amir,Amazon Translate
В смартфонах есть встроенные камеры для фотосъемки.,Amir,Amazon Translate
Большинство автомобилей используют бензин или дизельное топливо в качестве топлива.,Amir,Amazon Translate
Рыбы используют плавники для плавания в воде.,Amir,Amazon Translate
Кофе часто подают горячим.,Amir,Amazon Translate
"Пауки плетут паутину, чтобы поймать добычу.",Amir,Amazon Translate
Медоносные пчелы живут колониями.,Amir,Amazon Translate
"Воздушные шары поднимаются, потому что гелий легче воздуха.",Amir,Amazon Translate
Сосны дают шишки в виде семян.,Amir,Amazon Translate
Дождь обычно делает землю влажной.,Amir,Amazon Translate
"Лягушки прыгают, чтобы передвигаться.",Amir,Amazon Translate
Самолеты могут летать на большие расстояния.,Amir,Amazon Translate
У бабочек разноцветные крылья.,Amir,Amazon Translate
"Яблоки могут быть красными, зелеными или желтыми.",Amir,Amazon Translate
Поезда едут по металлическим путям.,Amir,Amazon Translate
Жирафы едят листья высоких деревьев.,Amir,Amazon Translate
Обувь носят на ступнях.,Amir,Amazon Translate
Реки текут к океанам или озерам.,Amir,Amazon Translate
Во время извержений вулканы выделяют пепел и лаву.,Amir,Amazon Translate
Кенгуру могут прыгать на большие расстояния.,Amir,Amazon Translate
Брокколи зеленая и съедобная.,Amir,Amazon Translate
Апельсины — источник витамина С.,Amir,Amazon Translate
Облака образуются из испарившегося водяного пара.,Amir,Amazon Translate
Кошки убираются языком.,Amir,Amazon Translate
Трава зеленая и растет из земли.,Amir,Amazon Translate
Зима характеризуется более низкими температурами.,Amir,Amazon Translate
"Собаки умеют лаять, чтобы общаться.",Amir,Amazon Translate
У слонов большие уши и хобот.,Amir,Amazon Translate
Горячий воздух поднимается выше более холодного.,Amir,Amazon Translate
У оленей рога ежегодно выпадают.,Amir,Amazon Translate
Киты — самые крупные морские млекопитающие.,Amir,Amazon Translate
Уголь используется в качестве источника топлива.,Amir,Amazon Translate
Луна влияет на океанские приливы.,Amir,Amazon Translate
Журавли — высокие птицы с длинной шеей.,Amir,Amazon Translate
Обезьяны используют хвосты для равновесия.,Amir,Amazon Translate
Ветер перемещает ветки деревьев.,Amir,Amazon Translate
Овцы ежегодно выращивают шерсть.,Amir,Amazon Translate
Топливо питает большинство автомобилей.,Amir,Amazon Translate
Пустыни обычно представляют собой сухую среду.,Amir,Amazon Translate
Соль консервирует некоторые продукты.,Amir,Amazon Translate
Баклажаны растут на растениях.,Amir,Amazon Translate
Мел пишет на досках.,Amir,Amazon Translate
Выдры живут в реках и озерах.,Amir,Amazon Translate
Комары кусают людей и животных.,Amir,Amazon Translate
Ноутбуки — это портативные компьютеры.,Amir,Amazon Translate
На картах показаны границы и страны.,Amir,Amazon Translate
Крем для загара защищает кожу от солнечных ожогов.,Amir,Amazon Translate
Для эффективной игры в футбол необходима командная работа.,Amir,Amazon Translate
Плотоядные животные едят мясо.,Amir,Amazon Translate
У насекомых три сегмента тела.,Amir,Amazon Translate
Молоко является основным напитком во многих культурах.,Amir,Amazon Translate
Снежинки имеют уникальные узоры.,Amir,Amazon Translate
Кузнечики могут прыгать на большие расстояния.,Amir,Amazon Translate
Гравитация удерживает объекты на мели.,Amir,Amazon Translate
Свиньи — сельскохозяйственные животные.,Amir,Amazon Translate
Радио транслирует музыку и новости.,Amir,Amazon Translate
Куры откладывают яйца в пищу.,Amir,Amazon Translate
Карты можно рисовать в различных масштабах.,Amir,Amazon Translate
Дождевая вода поливает растения и деревья.,Amir,Amazon Translate
Сталь прочнее железа.,Amir,Amazon Translate
Вода необходима для всех известных видов жизни.,Amir,Amazon Translate
Лягушки могут громко квакать.,Amir,Amazon Translate
Кукурузу собирают в конце лета.,Amir,Amazon Translate
Дельфины — социальные существа в дикой природе.,Amir,Amazon Translate
У улиток спиральные раковины.,Amir,Amazon Translate
Муравьи переносят грузы тяжелее их тела.,Amir,Amazon Translate
Тюльпаны выращивают из луковиц в почве.,Amir,Amazon Translate
Солнце дает свет в течение дня.,Amir,Amazon Translate
"Дождь образуется, когда облака становятся насыщенными.",Amir,Amazon Translate
Кошки используют хвосты для поддержания равновесия.,Amir,Amazon Translate
Кипящая вода убивает множество микробов.,Amir,Amazon Translate
Бананы растут гроздьями на деревьях.,Amir,Amazon Translate
Электрические вентиляторы охлаждают комнаты.,Amir,Amazon Translate
Волки общаются воем.,Amir,Amazon Translate
Кукуруза — распространенная зерновая культура.,Amir,Amazon Translate
Самолеты перевозят пассажиров на большие расстояния.,Amir,Amazon Translate
У большинства рыб есть чешуя на коже.,Amir,Amazon Translate
Кролики роют норы для укрытия.,Amir,Amazon Translate
Телевидение транслирует различные программы.,Amir,Amazon Translate
"Собаки лают, чтобы предупредить владельцев.",Amir,Amazon Translate
Пингвины ковыляют на суше.,Amir,Amazon Translate
Арбузы содержат в основном воду.,Amir,Amazon Translate
Обезьяны часто качаются с веток деревьев.,Amir,Amazon Translate
Бабочки растут из гусениц.,Amir,Amazon Translate
Франция расположена в Европе.,Amir,Amazon Translate
"Лошади скачут, чтобы быстро бежать.",Amir,Amazon Translate
Дельфины живут в соленой воде.,Amir,Amazon Translate
Ручки используются для письма на бумаге.,Amir,Amazon Translate
На поверхности Луны много кратеров.,Amir,Amazon Translate
Молоко — источник кальция.,Amir,Amazon Translate
Молния может вызвать лесные пожары.,Amir,Amazon Translate
Огурцы можно мариновать.,Amir,Amazon Translate
У большинства рубашек есть рукава.,Amir,Amazon Translate
Тигры — плотоядные млекопитающие.,Amir,Amazon Translate
Хлеб выпекают в духовках.,Amir,Amazon Translate
У зебр полосатая шкура.,Amir,Amazon Translate
Яблоки созревают в конце лета.,Amir,Amazon Translate
Мыло растворяет жир и грязь.,Amir,Amazon Translate
гора. Эверест — популярное место для скалолазания.,Amir,Amazon Translate
Книги могут рассказывать вымышленные истории.,Amir,Amazon Translate
Белоголовые орланы родом из Северной Америки.,Amir,Amazon Translate
Акулы — главные хищники в океанах.,Amir,Amazon Translate
На пианино есть черно-белые клавиши.,Amir,Amazon Translate
Цифровые часы показывают время в числовом виде.,Amir,Amazon Translate
Кресла предназначены для сидения.,Amir,Amazon Translate
Петухи кричат на рассвете.,Amir,Amazon Translate
Розы бывают разных цветов.,Amir,Amazon Translate
Бегемоты живут в африканских реках и озерах.,Amir,Amazon Translate
"В календарях указаны дни, недели и месяцы.",Amir,Amazon Translate
Парашюты помогают медленно спускаться с высоты.,Amir,Amazon Translate
Львов называют «королем джунглей».,Amir,Amazon Translate
Арахис может вызвать аллергические реакции.,Amir,Amazon Translate
Морковь полезна для здоровья зрения.,Amir,Amazon Translate
Гуси летают в V-образном формате.,Amir,Amazon Translate
Зимой сосны сохраняют хвою.,Amir,Amazon Translate
Виноград растет гроздьями.,Amir,Amazon Translate
В морозильных камерах образуются кубики льда.,Amir,Amazon Translate
Медузы ужалят щупальцами.,Amir,Amazon Translate
В качестве удобрения используется конский навоз.,Amir,Amazon Translate
Дождевики носят в дождливое время года.,Amir,Amazon Translate
Землетрясения сотрясают землю из-за тектонического движения.,Amir,Amazon Translate
Лазеры могут быстро сканировать штрих-коды.,Amir,Amazon Translate
Монеты используются для внесения изменений.,Amir,Amazon Translate
В зрелом возрасте клубника красная.,Amir,Amazon Translate
Поваренная соль — хлорид натрия.,Amir,Amazon Translate
У носорогов один или два рога.,Amir,Amazon Translate
У осьминогов гибкие руки.,Amir,Amazon Translate
На зиму белки собирают орехи.,Amir,Amazon Translate
Лава затвердевает и превращается в вулканическую породу.,Amir,Amazon Translate
Цуккини — это разновидность кабачков.,Amir,Amazon Translate
Торнадо — это сильные вращающиеся ветры.,Amir,Amazon Translate
Папоротники размножаются с помощью спор.,Amir,Amazon Translate
Карты могут указывать на изменения высоты.,Amir,Amazon Translate
Тихий океан охватывает большие площади Земли.,Amir,Amazon Translate
Собаки могут распознавать знакомых людей.,Amir,Amazon Translate
Корни деревьев закрепляют растение в почве.,Amir,Amazon Translate
У птиц вместо зубов клювы.,Amir,Amazon Translate
Лед тает при температуре выше нуля по Цельсию.,Amir,Amazon Translate
Дождь способствует росту сельскохозяйственных культур.,Amir,Amazon Translate
Шоколад тает в теплых условиях.,Amir,Amazon Translate
Мыши — маленькие ночные грызуны.,Amir,Amazon Translate
Пар поднимается из кипящей воды.,Amir,Amazon Translate
Луна отражает солнечный свет ночью.,Amir,Amazon Translate
Летучие мыши спят в перевернутом виде.,Amir,Amazon Translate
Йогурт производится из бактериальных культур.,Amir,Amazon Translate
Книги хранятся для чтения.,Amir,Amazon Translate
Клубника растет близко к земле.,Amir,Amazon Translate
Холодный воздух плотнее теплого.,Amir,Amazon Translate
Верблюды могут накапливать воду в своих телах.,Amir,Amazon Translate
Золото не ржавеет.,Amir,Amazon Translate
Во время фотосинтеза растения выделяют кислород.,Amir,Amazon Translate
Львы живут в африканских саваннах.,Amir,Amazon Translate
Салат часто используется в салатах.,Amir,Amazon Translate
Бамбук — это вид трав.,Amir,Amazon Translate
Картофель можно пюре или жарить.,Amir,Amazon Translate
При перезревании бананы становятся коричневыми.,Amir,Amazon Translate
За Полярным кругом длинные зимние ночи.,Amir,Amazon Translate
Тела медуз в основном состоят из воды.,Amir,Amazon Translate
Внутри киви содержатся черные семена.,Amir,Amazon Translate
У крокодилов сильные челюсти.,Amir,Amazon Translate
"На вершинах гор температура ниже, чем в долинах.",Amir,Amazon Translate
Пластик часто используется в упаковке.,Amir,Amazon Translate
У носорогов толстая защитная кожа.,Amir,Amazon Translate
В баскетбол играют на корте.,Amir,Amazon Translate
Свежий воздух важен для дыхания.,Amir,Amazon Translate
Листья пандана используются в азиатской кухне.,Amir,Amazon Translate
Морковь растет под землей.,Amir,Amazon Translate
Кофейные зерна растут на кустах.,Amir,Amazon Translate
Козы едят листья и траву.,Amir,Amazon Translate
Сыр выдерживается для придания аромата.,Amir,Amazon Translate
В целях безопасности зебры бегают стадами.,Amir,Amazon Translate
У выдр густой мех для изоляции.,Amir,Amazon Translate
Арахис на самом деле является бобовыми.,Amir,Amazon Translate
Осенью желуди падают с дубов.,Amir,Amazon Translate
Волчий вой распространяется на большие расстояния.,Amir,Amazon Translate
Вертолеты могут взлетать вертикально.,Amir,Amazon Translate
Комаров привлекает человеческое дыхание.,Amir,Amazon Translate
Дождевую воду можно собирать в бочки.,Amir,Amazon Translate
Компьютерные мыши управляют движением на экране.,Amir,Amazon Translate
Морская звезда может восстановить потерянное оружие.,Amir,Amazon Translate
Ленивцы медленно перемещаются по деревьям.,Amir,Amazon Translate
"Пингвины прижимаются, чтобы сохранить тепло.",Amir,Amazon Translate
Большинство апельсинов собирают зимой.,Amir,Amazon Translate
Перед окукливанием гусеницы поедают листья.,Amir,Amazon Translate
Маяки направляют корабли в море.,Amir,Amazon Translate
Черепахи защищаются с помощью раковин.,Amir,Amazon Translate
Со временем реки прорезают каналы.,Amir,Amazon Translate
Тыквы используются для пирогов.,Amir,Amazon Translate
Подсолнухи дают съедобные семена.,Amir,Amazon Translate
Гекконы цепляются за поверхность специальными подушечками для ног.,Amir,Amazon Translate
Венеру называют планетой-близнецом Земли.,Amir,Amazon Translate
Скрепки изготовлены из гнутой проволоки.,Amir,Amazon Translate
Снег образуется из замерзшего водяного пара.,Amir,Amazon Translate
Горы часто образованы тектоническими плитами.,Amir,Amazon Translate
Львы общаются с помощью рева.,Amir,Amazon Translate
В шахматах используются две армии фигур.,Amir,Amazon Translate
Пшеницу измельчают для получения муки.,Amir,Amazon Translate
Побеги бамбука съедобны.,Amir,Amazon Translate
Над огнем поднимается дым.,Amir,Amazon Translate
Радар обнаруживает объекты с помощью радиоволн.,Amir,Amazon Translate
Айсберги плавают в полярных океанах.,Amir,Amazon Translate
Большинство змей откладывают яйца.,Amir,Amazon Translate
Муравьи используют феромоны для общения.,Amir,Amazon Translate
Молния может ударить несколько раз.,Amir,Amazon Translate
Головастики превращаются в лягушек.,Amir,Amazon Translate
Сердце бьется непроизвольно.,Amir,Amazon Translate
"Ящерицы могут сбрасывать хвосты, спасаясь от хищников.",Amir,Amazon Translate
Плоды часто содержат семена для размножения.,Amir,Amazon Translate
Лампочки преобразуют электричество в видимый свет.,Amir,Amazon Translate
Автомобили имеют четыре колеса для обеспечения устойчивости.,Amir,Amazon Translate
Пирог обычно готовят с кондитерской корочкой.,Amir,Amazon Translate
"Велосипеды должны крутить педали, чтобы двигаться вперед.",Amir,Amazon Translate
Бумага используется для письма и печати.,Amir,Amazon Translate
Кофе варится из обжаренных зерен.,Amir,Amazon Translate
Гепарды могут бегать быстрее других животных.,Amir,Amazon Translate
"Волки живут семейными группами, называемыми стаями.",Amir,Amazon Translate
Зубные щетки очищают зубы и десны.,Amir,Amazon Translate
Стоматологи рекомендуют чистить зубы два раза в день.,Amir,Amazon Translate
Овец держат ради шерсти.,Amir,Amazon Translate
Компьютеры хранят и обрабатывают информацию.,Amir,Amazon Translate
Вода необходима для роста растений.,Amir,Amazon Translate
Многие грибы растут после дождя.,Amir,Amazon Translate
Пчелы опыляют многие цветущие растения.,Amir,Amazon Translate
"Кошки мурлыкают, когда им удобно.",Amir,Amazon Translate
Яблоки популярны в пирогах.,Amir,Amazon Translate
Большинство рептилий откладывают яйца.,Amir,Amazon Translate
"Змеи двигаются без ног, скользя.",Amir,Amazon Translate
У птиц есть перья для изоляции.,Amir,Amazon Translate
Дождь переносит питательные вещества в почву.,Amir,Amazon Translate
Бананы созревают после сбора.,Amir,Amazon Translate
Трава — обычный почвопокровный покров.,Amir,Amazon Translate
Закаты предвещают конец дня.,Amir,Amazon Translate
Зимой землю покрывает снег.,Amir,Amazon Translate
Млекопитающие кормят детенышей молоком.,Amir,Amazon Translate
Шахматы — настольная игра для двух игроков.,Amir,Amazon Translate
Паутина сделана из шелка.,Amir,Amazon Translate
Молоко получают от млекопитающих.,Amir,Amazon Translate
Арахис используется для приготовления масла.,Amir,Amazon Translate
Сталь создается путем добавления углерода к железу.,Amir,Amazon Translate
Радуги — это дуги цветного света.,Amir,Amazon Translate
"У белых медведей густой мех, обеспечивающий тепло.",Amir,Amazon Translate
Большую часть года в Арктике холодно.,Amir,Amazon Translate
Растения поглощают углекислый газ для фотосинтеза.,Amir,Amazon Translate
Города — это густонаселенные городские районы.,Amir,Amazon Translate
Кенгуру несут детенышей в мешочках.,Amir,Amazon Translate
Сладкий картофель богат клетчаткой.,Amir,Amazon Translate
На картах рельеф может отображаться контурными линиями.,Amir,Amazon Translate
Автомобили требуют регулярного технического обслуживания.,Amir,Amazon Translate
Магниты имеют северный и южный полюса.,Amir,Amazon Translate
Летучие мыши перемещаются в темноте с помощью звука.,Amir,Amazon Translate
У пингвинов водонепроницаемые перья.,Amir,Amazon Translate
Мед часто используется в качестве подсластителя.,Amir,Amazon Translate
Стекло изготавливается из песка и тепла.,Amir,Amazon Translate
Киты общаются низкочастотными звуками.,Amir,Amazon Translate
Скрепки скрепляют листы бумаги.,Amir,Amazon Translate
Майонез изготавливается из яиц и масла.,Amir,Amazon Translate
Сыр бывает разных сортов.,Amir,Amazon Translate
Следы мела можно стереть.,Amir,Amazon Translate
Суп обычно подают горячим.,Amir,Amazon Translate
Карты отображают информацию визуально.,Amir,Amazon Translate
Огонь используется для приготовления пищи.,Amir,Amazon Translate
Золото считается драгоценным металлом.,Amir,Amazon Translate
Дождь может пополнить запасы подземных вод.,Amir,Amazon Translate
Большинству взрослых требуется восемь часов сна.,Amir,Amazon Translate
Огурцы едят в салатах.,Amir,Amazon Translate
Суп можно приготовить из многих ингредиентов.,Amir,Amazon Translate
Черепахи откладывают яйца на песчаных пляжах.,Amir,Amazon Translate
Кварц — распространенный минерал.,Amir,Amazon Translate
Клавиши клавиатуры вводят данные на компьютеры.,Amir,Amazon Translate
Моржи живут в холодной морской среде.,Amir,Amazon Translate
Белки едят желуди.,Amir,Amazon Translate
Степлеры скрепляют бумаги между собой.,Amir,Amazon Translate
Дождь повышает влажность почвы.,Amir,Amazon Translate
Собак используют в качестве служебных животных.,Amir,Amazon Translate
Автомобили едут по асфальтированным дорогам.,Amir,Amazon Translate
Хлеб изготавливается из пшеничной муки.,Amir,Amazon Translate
Кошки общаются мяуканьем и мурлыканьем.,Amir,Amazon Translate
Яйца содержат белок в рационе.,Amir,Amazon Translate
Лед тает при высоких температурах.,Amir,Amazon Translate
Автобусы перевозят сразу несколько пассажиров.,Amir,Amazon Translate
Вода гидратирует живые организмы.,Amir,Amazon Translate
Коровы пасутся на открытых полях.,Amir,Amazon Translate
Камеры могут записывать движущиеся изображения.,Amir,Amazon Translate
Книги содержат письменную информацию.,Amir,Amazon Translate
У тигров есть полоски для маскировки.,Amir,Amazon Translate
Комары откладывают яйца в воде.,Amir,Amazon Translate
Розы цветут весной.,Amir,Amazon Translate
Почва поддерживает корни растений.,Amir,Amazon Translate
Мыло помогает удалить микробы.,Amir,Amazon Translate
Электрические вентиляторы обеспечивают циркуляцию холодного воздуха.,Amir,Amazon Translate
Карты представляют географические пространства.,Amir,Amazon Translate
Весной трава быстро растет.,Amir,Amazon Translate
Кошки умеют лазить по деревьям.,Amir,Amazon Translate
Дождевые сапоги носят во влажных условиях.,Amir,Amazon Translate
В футбол играют на поле.,Amir,Amazon Translate
Карандаши изготовлены из дерева и графита.,Amir,Amazon Translate
Носки согревают ноги.,Amir,Amazon Translate
Птицы летают с помощью крыльев.,Amir,Amazon Translate
Вода стекает вниз по склону.,Amir,Amazon Translate
На рассвете солнце кажется больше.,Amir,Amazon Translate
Ветер влияет на погодные условия.,Amir,Amazon Translate
Бамбук используется в строительстве.,Amir,Amazon Translate
Киты — млекопитающие.,Amir,Amazon Translate
"Молоко портится, если его не хранить в холодильнике.",Amir,Amazon Translate
Монеты можно собирать в качестве хобби.,Amir,Amazon Translate
Подушки обеспечивают поддержку головы.,Amir,Amazon Translate
Мед хранится в сотах.,Amir,Amazon Translate
На картах обозначены политические границы.,Amir,Amazon Translate
Гуси мигрируют на большие расстояния.,Amir,Amazon Translate
Сок вытекает из кленов.,Amir,Amazon Translate
Автомобили заправляются бензином или электричеством.,Amir,Amazon Translate
Душ очищает человеческое тело.,Amir,Amazon Translate
Торнадо — это быстро вращающиеся столбы воздуха.,Amir,Amazon Translate
Яблоки собирают осенью.,Amir,Amazon Translate
Молния сопровождает множество гроз.,Amir,Amazon Translate
Орлы охотятся на мелких животных.,Amir,Amazon Translate
Двери обеспечивают вход и выход.,Amir,Amazon Translate
Дельфины умеют прыгать.,Amir,Amazon Translate
Пластиковые пакеты можно перерабатывать.,Amir,Amazon Translate
Кукурузу едят в свежем виде или в виде попкорна.,Amir,Amazon Translate
Лупы увеличивают маленькие предметы.,Amir,Amazon Translate
Макароны изготавливаются из твердых сортов пшеницы.,Amir,Amazon Translate
Тыквы содержат съедобные семена.,Amir,Amazon Translate
Радиоприемники принимают широковещательные сигналы.,Amir,Amazon Translate
Попугаи могут научиться простым трюкам.,Amir,Amazon Translate
Выдры открывают пищу с помощью инструментов.,Amir,Amazon Translate
У ящериц чешуйчатая кожа.,Amir,Amazon Translate
Солнце — звезда в центре нашей солнечной системы.,Amir,Amazon Translate
Коров выращивают для получения молока и мяса.,Amir,Amazon Translate
Осенью листья желтеют.,Amir,Amazon Translate
Большинство рек впадают в море.,Amir,Amazon Translate
Для выживания растениям нужна вода.,Amir,Amazon Translate
Карандаши используются для письма или рисования.,Amir,Amazon Translate
Молоко хранится в холодильнике в холодном виде.,Amir,Amazon Translate
Во время штормов может ударить молния.,Amir,Amazon Translate
Совы хорошо видят в темноте.,Amir,Amazon Translate
У попугаев изогнутые клювы.,Amir,Amazon Translate
Тихий океан — самый большой океан Земли.,Amir,Amazon Translate
На картах могут отображаться дороги и города.,Amir,Amazon Translate
"Когда собаки счастливы, собаки виляют хвостом.",Amir,Amazon Translate
Моллюски живут в океанах.,Amir,Amazon Translate
Книги могут быть художественными или научно-популярными.,Amir,Amazon Translate
Алмазы образуются глубоко в земле.,Amir,Amazon Translate
Львы — часть семейства кошачьих.,Amir,Amazon Translate
Лягушки живут в воде или рядом с ней.,Amir,Amazon Translate
Копыта лошадей нуждаются в регулярном уходе.,Amir,Amazon Translate
Зима часто приносит низкие температуры.,Amir,Amazon Translate
Самолеты приземляются на взлетно-посадочных полосах.,Amir,Amazon Translate
Поезда курсируют между городами и поселками.,Amir,Amazon Translate
Автомобили нуждаются в регулярной заправке топлива.,Amir,Amazon Translate
Помидоры растут на лозах.,Amir,Amazon Translate
На картах могут отображаться горные возвышенности.,Amir,Amazon Translate
Бабочки вылупляются из коконов.,Amir,Amazon Translate
Монеты имеют разную стоимость.,Amir,Amazon Translate
Киты живут в океанах.,Amir,Amazon Translate
Осенью листья опадают.,Amir,Amazon Translate
В гольф играют клюшками и мячами.,Amir,Amazon Translate
Пчелы посещают многие виды цветов.,Amir,Amazon Translate
Морковь — корнеплод.,Amir,Amazon Translate
Сыр производится из молока животных.,Amir,Amazon Translate
Собаки лают по многим причинам.,Amir,Amazon Translate
Горы формируются геологическими силами.,Amir,Amazon Translate
Звезды производят энергию в результате ядерного синтеза.,Amir,Amazon Translate
Сверчки известны своим щебетанием.,Amir,Amazon Translate
Пластик используется для многих продуктов.,Amir,Amazon Translate
Казуары — крупные нелетающие птицы.,Amir,Amazon Translate
Рис растет на затопленных полях.,Amir,Amazon Translate
В бакалейных магазинах продаются фрукты и овощи.,Amir,Amazon Translate
Сороки собирают блестящие предметы.,Amir,Amazon Translate
На картах для отображения объектов используются символы.,Amir,Amazon Translate
Дельфины — умные морские животные.,Amir,Amazon Translate
Самолеты летают быстрее автомобилей.,Amir,Amazon Translate
Окаменелости обнаружены в осадочных породах.,Amir,Amazon Translate
Виноград растет гроздьями на лозах.,Amir,Amazon Translate
Масло тает на теплом хлебе.,Amir,Amazon Translate
Киви — это один из видов фруктов.,Amir,Amazon Translate
Металл хорошо проводит электричество.,Amir,Amazon Translate
Для работы солнечных панелей требуется солнечный свет.,Amir,Amazon Translate
Попугаи — маленькие красочные птицы.,Amir,Amazon Translate
Большая часть чая производится из листьев камелии китайской.,Amir,Amazon Translate
Карты ценны для навигации.,Amir,Amazon Translate
Вода кипит при ста градусах Цельсия на уровне моря.,Amir,Amazon Translate
У кошек есть выдвижные когти для лазания и охоты.,Amir,Amazon Translate
Ежегодно в пустынях выпадает менее десяти дюймов осадков.,Amir,Amazon Translate
Медоносные пчелы общаются с помощью танцевальных узоров.,Amir,Amazon Translate
Планеты вращаются вокруг Солнца под действием гравитационных сил.,Amir,Amazon Translate
Аккумуляторы хранят электрическую энергию для использования в будущем.,Amir,Amazon Translate
Сердце обеспечивает циркуляцию крови по всему телу человека.,Amir,Amazon Translate
"Акулы должны продолжать плавать, чтобы дышать.",Amir,Amazon Translate
Лягушки начинают жизнь в виде водных головастиков.,Amir,Amazon Translate
Соль легко растворяется в воде.,Amir,Amazon Translate
"Пингвины — нелетающие птицы, приспособленные к холодному климату.",Amir,Amazon Translate
"Огонь требует тепла, топлива и кислорода.",Amir,Amazon Translate
"Медузы двигаются, сжимаясь и расслабляя свое тело.",Amir,Amazon Translate
По мере роста ящерицы сбрасывают кожу.,Amir,Amazon Translate
Большинство змей плотоядные.,Amir,Amazon Translate
"На картах отображаются страны, города и географические объекты.",Amir,Amazon Translate
"Трава растет из семян, называемых зернами.",Amir,Amazon Translate
Коровы едят траву и производят молоко.,Amir,Amazon Translate
Самолетам нужны взлетно-посадочные полосы для взлета и посадки.,Amir,Amazon Translate
В колониях муравьев существует разделение труда.,Amir,Amazon Translate
Тропические леса характеризуются высоким биоразнообразием.,Amir,Amazon Translate
"Иглу — это укрытия, построенные из глыб льда.",Amir,Amazon Translate
Пальмы растут в тропическом климате.,Amir,Amazon Translate
Мхи прекрасно себя чувствуют во влажной и затененной среде.,Amir,Amazon Translate
У осьминогов три сердца и голубая кровь.,Amir,Amazon Translate
Солнечный свет — основной источник энергии Земли.,Amir,Amazon Translate
Клюква плавает в воде благодаря воздушным карманам.,Amir,Amazon Translate
Ледники медленно перемещаются по суше.,Amir,Amazon Translate
Ластики удаляют следы карандаша с бумаги.,Amir,Amazon Translate
Сахар быстро растворяется в горячих жидкостях.,Amir,Amazon Translate
"Кенгуру прыгают, используя свои мощные задние ноги.",Amir,Amazon Translate
Дождевая вода питает сельскохозяйственные культуры и растения.,Amir,Amazon Translate
Книги — это источник информации и историй.,Amir,Amazon Translate
"Вулканы извергаются, когда магма достигает поверхности Земли.",Amir,Amazon Translate
Лестницы помогают людям добираться до высоких предметов.,Amir,Amazon Translate
Облачная погода уменьшает попадание солнечного света на землю.,Amir,Amazon Translate
Реки текут с возвышенностей на низовья.,Amir,Amazon Translate
Индюки могут летать на небольшие расстояния.,Amir,Amazon Translate
"Лук — это луковицы, растущие под землей.",Amir,Amazon Translate
Замки из песка построены на пляжах с мокрым песком.,Amir,Amazon Translate
Улитки двигаются с помощью мускулистой ноги.,Amir,Amazon Translate
Молния — это разряд электричества во время штормов.,Amir,Amazon Translate
"Кузнечики издают звуки, потирая ноги.",Amir,Amazon Translate
"Мыльные пузыри лопаются, когда они высыхают.",Amir,Amazon Translate
Дождевики защищают одежду в сырую погоду.,Amir,Amazon Translate
"Кошки ухаживают за собой, вылизывая шерсть.",Amir,Amazon Translate
Реки текут вниз по склону под действием силы тяжести.,Amir,Amazon Translate
Листья поглощают солнечный свет для роста растений.,Amir,Amazon Translate
Пингвины живут в основном вблизи Южного полюса.,Amir,Amazon Translate
Карты предоставляют географическую информацию.,Amir,Amazon Translate
Ветровые турбины вырабатывают электроэнергию из энергии ветра.,Amir,Amazon Translate
Шоколад тает во рту.,Amir,Amazon Translate
"У многих млекопитающих есть шерсть, которая позволяет согреться.",Amir,Amazon Translate
Перья помогают птицам летать.,Amir,Amazon Translate
Колеса помогают транспортным средствам двигаться эффективно.,Amir,Amazon Translate
Ледники — это массивные медленно движущиеся ледяные тела.,Amir,Amazon Translate
Фейерверки показывают яркие огни и цвета.,Amir,Amazon Translate
Собаки известны своей преданностью людям.,Amir,Amazon Translate
В тропических лесах густая растительность и высокая влажность.,Amir,Amazon Translate
"Летучие мыши — млекопитающие, способные к настоящему полету.",Amir,Amazon Translate
У тигров характерные оранжевые и черные полосы.,Amir,Amazon Translate
Монеты используются в качестве денег в транзакциях.,Amir,Amazon Translate
Акулы живут в океанах по всему миру.,Amir,Amazon Translate
Косатки — самые крупные представители семейства дельфинов.,Amir,Amazon Translate
Для строительства в дерево вбивают гвозди.,Amir,Amazon Translate
Часы отслеживают время.,Amir,Amazon Translate
"Сверчки щебечут, чтобы привлечь партнеров.",Amir,Amazon Translate
Грибы растут во влажных темных местах.,Amir,Amazon Translate
В целях безопасности черепахи прячут голову в панцирь.,Amir,Amazon Translate
"Закаты происходят, когда солнце опускается за горизонт.",Amir,Amazon Translate
Дождь падает из облаков в атмосфере.,Amir,Amazon Translate
Для защиты у крабов есть твердый экзоскелет.,Amir,Amazon Translate
"Автомобили работают на бензине, электричестве или дизельном топливе.",Amir,Amazon Translate
Горы привлекают туристов для пеших прогулок и катания на лыжах.,Amir,Amazon Translate
Карты помогают находить места по всему миру.,Amir,Amazon Translate
Хлеб нарезают ломтиками для бутербродов.,Amir,Amazon Translate
Кукуруза растет высокими стеблями на полях.,Amir,Amazon Translate
Бобы — хороший источник белка.,Amir,Amazon Translate
Ключи открывают замки в целях безопасности.,Amir,Amazon Translate
Пластиковые бутылки часто подлежат вторичной переработке.,Amir,Amazon Translate
Собаки — домашние млекопитающие.,Amir,Amazon Translate
Трава обычно встречается на газонах.,Amir,Amazon Translate
Солнце — звезда.,Amir,Amazon Translate
Листья фотосинтезируют для получения энергии растениями.,Amir,Amazon Translate
Шерсть получают от овец.,Amir,Amazon Translate
Шины обеспечивают тягу автомобилей.,Amir,Amazon Translate
Деревья растут годовыми кольцами.,Amir,Amazon Translate
Почва поддерживает большинство наземных растений.,Amir,Amazon Translate
У мотоциклов два колеса.,Amir,Amazon Translate
Пингвины — птицы.,Amir,Amazon Translate
Краска быстрее сохнет на сухом воздухе.,Amir,Amazon Translate
Песок состоит из крошечных камней.,Amir,Amazon Translate
У журавлей длинные ноги.,Amir,Amazon Translate
Картофель — один из основных продуктов питания.,Amir,Amazon Translate
Утром подсолнухи обращены на восток.,Amir,Amazon Translate
На картах показаны стороны света.,Amir,Amazon Translate
Мох растет в тенистых местах.,Amir,Amazon Translate
Грибы размножаются спорами.,Amir,Amazon Translate
Баклажаны — фиолетовые овощи.,Amir,Amazon Translate
Лук вызывает слезотечение глаз.,Amir,Amazon Translate
Столы используются для письма.,Amir,Amazon Translate
У акул хрящевой скелет.,Amir,Amazon Translate
Голуби — обычные городские птицы.,Amir,Amazon Translate
Морковь оранжевая и сладкая.,Amir,Amazon Translate
Сосульки образуются из капающей воды.,Amir,Amazon Translate
Масло извлекают из семян.,Amir,Amazon Translate
Поезда ходят по рельсам.,Amir,Amazon Translate
Абрикосы можно сушить для перекуса.,Amir,Amazon Translate
Дождевики водонепроницаемы.,Amir,Amazon Translate
Перец может быть острым.,Amir,Amazon Translate
Динамики излучают звуковые волны.,Amir,Amazon Translate
Кокосы имеют твердую скорлупу.,Amir,Amazon Translate
Скотч склеивает две поверхности.,Amir,Amazon Translate
Замки защищают двери и ворота.,Amir,Amazon Translate
Крабы двигаются боком.,Amir,Amazon Translate
Для цветения тюльпанам нужна холодная погода.,Amir,Amazon Translate
Кактусы накапливают воду в стеблях.,Amir,Amazon Translate
Трава — распространенное растение.,Amir,Amazon Translate
Гелиевые шары плавают.,Amir,Amazon Translate
Тюлени едят рыбу.,Amir,Amazon Translate
У киви пушистая кожица.,Amir,Amazon Translate
Горы имеют высокую высоту.,Amir,Amazon Translate
На картах используется шкала.,Amir,Amazon Translate
У орлов острые когти.,Amir,Amazon Translate
Ветер перемещает погодные системы.,Amir,Amazon Translate
Помидоры содержат семена.,Amir,Amazon Translate
В книгах есть напечатанные страницы.,Amir,Amazon Translate
Большинство змей едят грызунов.,Amir,Amazon Translate
Гвозди изготовлены из стали.,Amir,Amazon Translate
Радуги показывают семь цветов.,Amir,Amazon Translate
Туннели уходят под землю.,Amir,Amazon Translate
Закаты бывают на западе.,Amir,Amazon Translate
На картах изображен компас в виде розочки.,Amir,Amazon Translate
В пустынях мало дождей.,Amir,Amazon Translate
Краны могут летать на большие расстояния.,Amir,Amazon Translate
Манго — тропические фрукты.,Amir,Amazon Translate
Выдры используют камни в качестве инструментов.,Amir,Amazon Translate
Насекомые могут заражать сельскохозяйственные культуры.,Amir,Amazon Translate
На пляжах есть песок или галька.,Amir,Amazon Translate
Дождевая вода собирается в виде капель.,Amir,Amazon Translate
Кошки охотятся на мелких животных в поисках еды.,Amir,Amazon Translate
Инструменты помогают людям выполнять задачи вручную.,Amir,Amazon Translate
Собак часто держат в качестве домашних животных.,Amir,Amazon Translate
Трава растет во многих средах по всему миру.,Amir,Amazon Translate
Листья осуществляют фотосинтез в дневное время.,Amir,Amazon Translate
Бананы растут на больших травянистых растениях.,Amir,Amazon Translate
Морковь — корнеплод с высоким содержанием витамина А.,Amir,Amazon Translate
Ветряные мельницы преобразуют ветер в энергию вращения.,Amir,Amazon Translate
"Сверчки щебечут, потирая крылья.",Amir,Amazon Translate
Летучие мыши — единственные летающие млекопитающие.,Amir,Amazon Translate
Перец бывает разных цветов и крепости.,Amir,Amazon Translate
Пожарные машины перевозят пожарных и оборудование.,Amir,Amazon Translate
Деревья поглощают углекислый газ из атмосферы.,Amir,Amazon Translate
У собак улучшенное обоняние.,Amir,Amazon Translate
Карты обычно включают масштаб и ключ.,Amir,Amazon Translate
Торнадо дуют очень быстро вращающимися ветрами.,Amir,Amazon Translate
На картах используются линии и символы для дорог.,Amir,Amazon Translate
Электричество питает свет и электронные устройства.,Amir,Amazon Translate
"Выдры плавают по воде, используя плавучесть.",Amir,Amazon Translate
Яблоки едят сырыми или приготовленными.,Amir,Amazon Translate
Фонарные столбы обеспечивают уличное освещение в ночное время.,Amir,Amazon Translate
Для безопасной посадки самолетам нужны аэропорты.,Amir,Amazon Translate
"Соколы — птицы, известные быстрыми погружениями.",Amir,Amazon Translate
Клубника растет из небольших цветущих растений.,Amir,Amazon Translate
Инжир растет на лиственных деревьях.,Amir,Amazon Translate
Наушники передают звук прямо в уши.,Amir,Amazon Translate
Лук используется во многих приготовленных блюдах.,Amir,Amazon Translate
Пингвины — нелетающие водные птицы.,Amir,Amazon Translate
Монеты — это маленькие металлические формы денег.,Amir,Amazon Translate
Самолеты быстро преодолевают большие расстояния.,Amir,Amazon Translate
Хорьки — одомашненные игривые животные.,Amir,Amazon Translate
"Грибы — это грибы, которые растут в тени.",Amir,Amazon Translate
В гнездах обитают яйца птиц и детеныши.,Amir,Amazon Translate
Растения поглощают воду через корни.,Amir,Amazon Translate
Золото использовалось в качестве валюты.,Amir,Amazon Translate
"Тюлени — млекопитающие, приспособленные к холоду.",Amir,Amazon Translate
На картах указано относительное и абсолютное расстояние.,Amir,Amazon Translate
Реки переносят воду в моря.,Amir,Amazon Translate
Соль используется для приправы продуктов.,Amir,Amazon Translate
Соколы — быстро летающие хищные птицы.,Amir,Amazon Translate
Тюльпаны бывают разных цветов.,Amir,Amazon Translate
Хлеб часто подают во время еды.,Amir,Amazon Translate
У орлов отличное зрение для охоты.,Amir,Amazon Translate
Деревья являются важной средой обитания для диких животных.,Amir,Amazon Translate
Горные породы можно классифицировать по минеральному составу.,Amir,Amazon Translate
У уток есть перепончатые лапы для плавания.,Amir,Amazon Translate
"Козы дают молоко, мясо и клетчатку.",Amir,Amazon Translate
Стекло обычно используется для оконных стекол.,Amir,Amazon Translate
Книги выпускаются в электронном и печатном виде.,Amir,Amazon Translate
Кленовый сироп изготавливается из сока.,Amir,Amazon Translate
Медузы на 95% состоят из воды по весу.,Amir,Amazon Translate
Железо — распространенный строительный металл.,Amir,Amazon Translate
Ветер толкает парусные лодки по воде.,Amir,Amazon Translate
"Горы привлекают как любителей пеших прогулок, так и лыжников.",Amir,Amazon Translate
Коты преследуют мелких грызунов.,Amir,Amazon Translate
На картах показана физическая география.,Amir,Amazon Translate
Созревшие бананы желтеют.,Amir,Amazon Translate
Картофель — клубневые овощи.,Amir,Amazon Translate
Монеты — это плоская круглая валюта.,Amir,Amazon Translate
Горы возвышаются высоко над уровнем моря.,Amir,Amazon Translate
Цикады издают громкие жужжащие звуки.,Amir,Amazon Translate
Во время грозы за молнией следует гром.,Amir,Amazon Translate
Муравьи образуют колонии под землей.,Amir,Amazon Translate
Сороки — умные птицы.,Amir,Amazon Translate
Дельфины используют эхолокацию для навигации.,Amir,Amazon Translate
Тюлени проводят время на суше и в море.,Amir,Amazon Translate
Выдры открывают раковины с помощью инструментов.,Amir,Amazon Translate
Пожарные носят защитную одежду.,Amir,Amazon Translate
На картах изображены континенты и страны.,Amir,Amazon Translate
Коровы дают молоко и кожу.,Amir,Amazon Translate
На картах показан масштаб для измерения расстояний.,Amir,Amazon Translate
Малиновки — обычные певчие птицы.,Amir,Amazon Translate
После ливневых дождей появляются радуги.,Amir,Amazon Translate
Вороны решают простые головоломки.,Amir,Amazon Translate
При выпечке образуется хлебная корочка.,Amir,Amazon Translate
Гнезда строят многие птицы.,Amir,Amazon Translate
Бананы растут гроздьями.,Amir,Amazon Translate
Помидоры используются в салатах.,Amir,Amazon Translate
Мелом отмечены поверхности.,Amir,Amazon Translate
Вода испаряется под воздействием тепла.,Amir,Amazon Translate
Лягушки откладывают яйца в воде.,Amir,Amazon Translate
На картах указаны названия городов.,Amir,Amazon Translate
Дождь питает растения.,Amir,Amazon Translate
Бабочки питаются нектаром.,Amir,Amazon Translate
На картах отображаются символы рек.,Amir,Amazon Translate
Два плюс два равно четырем.,Amir,Amazon Translate
Журавли — большие болотные птицы.,Amir,Amazon Translate
Железо — магнитный элемент.,Amir,Amazon Translate
Картофель — корнеплод.,Amir,Amazon Translate
Вороны — очень умные птицы.,Amir,Amazon Translate
Хлеб можно поджарить.,Amir,Amazon Translate
В горах температура ниже.,Amir,Amazon Translate
Лошади носят подковы.,Amir,Amazon Translate
Пшеница — один из основных продуктов питания.,Amir,Amazon Translate
Для горения огня нужны три элемента.,Amir,Amazon Translate
Лебеди скользят по водной поверхности.,Amir,Amazon Translate
Дождевая вода собирается в лужах.,Amir,Amazon Translate
На картах могут отображаться данные о населении.,Amir,Amazon Translate
Перец может быть мягким или острым.,Amir,Amazon Translate
На картах показаны дороги и особенности рельефа.,Amir,Amazon Translate
Горы — это возвышенные районы на Земле.,Amir,Amazon Translate
Карты предоставляют информацию о расстояниях.,Amir,Amazon Translate
Облака образуются при охлаждении теплого воздуха.,Amir,Amazon Translate
Из хризалид появляются бабочки.,Amir,Amazon Translate
Карты показывают относительное расположение городов.,Amir,Amazon Translate
Помидоры при созревании красные.,Amir,Amazon Translate
На картах показаны места в океане и море.,Amir,Amazon Translate
Журавли — перелетные птицы.,Amir,Amazon Translate
На картах есть стрелка на север.,Amir,Amazon Translate
Карты крайне важны для географических исследований.,Amir,Amazon Translate
На картах изображены природные ландшафты.,Amir,Amazon Translate
У жирафов шерсть с рисунком.,Amir,Amazon Translate
Яичные рулеты — популярная еда.,Amir,Amazon Translate
Мел оставляет пыль на досках.,Amir,Amazon Translate
На картах показаны мили или километры.,Amir,Amazon Translate
На картах часто отмечаются реки и озера.,Amir,Amazon Translate
Листья используют солнечный свет для приготовления пищи.,Amir,Amazon Translate
На картах точно указаны места и направления.,Amir,Amazon Translate
Хлеб выпекается из муки и дрожжей.,Amir,Amazon Translate
По мере взросления лягушки претерпевают метаморфозы.,Amir,Amazon Translate
Фотосинтез происходит в листьях растений.,Amir,Amazon Translate
Галька — это маленькие округлые камни.,Amir,Amazon Translate
Кролики едят листовую зелень в пищу.,Amir,Amazon Translate
Для ловли рыбы журавли используют клювы.,Amir,Amazon Translate
На картах могут быть изображены горы и реки.,Amir,Amazon Translate
Хлебная корочка прочнее крошек.,Amir,Amazon Translate
На картах для обозначения городов используются буквы.,Amir,Amazon Translate
У медуз желатиновое тело в форме зонтика.,Amir,Amazon Translate
Комары — распространенные насекомые-вредители.,Amir,Amazon Translate
"Шоколад растапливают, чтобы приготовить фондю.",Amir,Amazon Translate
"В горах погода медленнее, чем на холмах.",Amir,Amazon Translate
На картах обозначены границы штатов или стран.,Amir,Amazon Translate
Книги предоставляют информацию и развлечения.,Amir,Amazon Translate
Карты помогают путешественникам не заблудиться.,Amir,Amazon Translate
Карты помогают планировать поездки на автомобиле.,Amir,Amazon Translate
Пожарные машины перевозят спасателей.,Amir,Amazon Translate
Для карт требуются шкалы для точного определения расстояний.,Amir,Amazon Translate
На картах показаны аэропорты и морские порты.,Amir,Amazon Translate
Почва обеспечивает растения питательными веществами.,Amir,Amazon Translate
Луковицы тюльпанов высаживают осенью.,Amir,Amazon Translate
Карты важны для исследователей.,Amir,Amazon Translate
У фламинго розовые перья.,Amir,Amazon Translate
С технической точки зрения арахис не является настоящим орехом.,Amir,Amazon Translate
Горы служат средой обитания для диких животных.,Amir,Amazon Translate
Помидоры технически являются фруктами.,Amir,Amazon Translate
Футбольные поля покрыты пучками травы.,Amir,Amazon Translate
В качестве закуски подают хлебные палочки.,Amir,Amazon Translate
Карты используются на уроках географии.,Amir,Amazon Translate
Орлы скользят по воздушным потокам.,Amir,Amazon Translate
Соль используется для консервирования мяса.,Amir,Amazon Translate
На картах изображены водоемы.,Amir,Amazon Translate
Алмазы — самое твердое природное вещество.,Amir,Amazon Translate
COVID-19 вызван коронавирусом.,Amir,Amazon Translate
Молоко содержит кальций и витамин D.,Amir,Amazon Translate
Гуси часто мигрируют V-образными образованиями.,Amir,Amazon Translate
"Океаны содержат соленую воду, покрывающую большую часть Земли.",Amir,Amazon Translate
Пчелы опыляют растения и производят мед.,Amir,Amazon Translate
Электричество проходит по проводам в виде тока.,Amir,Amazon Translate
Клещи могут передавать болезнь Лайма людям.,Amir,Amazon Translate
Мебель обеспечивает поверхности и сиденья.,Amir,Amazon Translate
Кошки часто спят много часов.,Amir,Amazon Translate
На картах может отображаться политическая или физическая информация.,Amir,Amazon Translate
Поезда эффективно перевозят грузы и людей.,Amir,Amazon Translate
"Лягушки квакают, чтобы привлечь партнеров.",Amir,Amazon Translate
У мух сложные глаза.,Amir,Amazon Translate
Молоко перед продажей пастеризуется.,Amir,Amazon Translate
На картах отображается направление компаса для ориентации.,Amir,Amazon Translate
Тигры — одиночные территориальные кошки.,Amir,Amazon Translate
"На листьях есть вены, которые снабжают водой.",Amir,Amazon Translate
На картах используются цвета для отображения рельефа.,Amir,Amazon Translate
"Облака приносят дождь, снег или град.",Amir,Amazon Translate
Собаки используют нос для отслеживания.,Amir,Amazon Translate
Карты важны для пространственного восприятия.,Amir,Amazon Translate
Реки несут пресную воду в озера.,Amir,Amazon Translate
Карты помогают визуализировать топографию и регионы.,Amir,Amazon Translate
Снег — это замороженные осадки.,Amir,Amazon Translate
На картах отображаются географические границы.,Amir,Amazon Translate
Карты часто содержат легенду.,Amir,Amazon Translate
Светлячки излучают свет посредством биолюминесценции.,Amir,Amazon Translate
Хлеб является основным продуктом питания во всем мире.,Amir,Amazon Translate
Батареи хранят химическую энергию.,Amir,Amazon Translate
Пожарные используют воду для тушения пожаров.,Amir,Amazon Translate
Брокколи относится к семейству капустных.,Amir,Amazon Translate
Звезды излучают свой собственный свет.,Amir,Amazon Translate
Белые медведи живут недалеко от Северного полюса.,Amir,Amazon Translate
Термометр измеряет температуру.,Amir,Amazon Translate
Кошки приземляются на ноги.,Amir,Amazon Translate
Кристаллы имеют упорядоченную атомную структуру.,Amir,Amazon Translate
Монеты могут быть серебряными или медными.,Amir,Amazon Translate
Собаки — одомашненные вьючные животные.,Amir,Amazon Translate
На картах часто используются цвета для объектов.,Amir,Amazon Translate
Прыжки лягушек помогают спастись от хищников.,Amir,Amazon Translate
Розы цветут в садах по всему миру.,Amir,Amazon Translate
Листья содержат хлорофилл для фотосинтеза.,Amir,Amazon Translate
В расслабленном состоянии кошки часто мурлыкают.,Amir,Amazon Translate
Цветы привлекают опылителей яркими цветами.,Amir,Amazon Translate
Бабочки начинают жизнь как гусеницы.,Amir,Amazon Translate
Тыквы собирают осенью.,Amir,Amazon Translate
Коровы едят траву и фураж.,Amir,Amazon Translate
Соль используется в качестве пищевого консерванта.,Amir,Amazon Translate
Хлеб часто выпекают в виде хлебов.,Amir,Amazon Translate
На картах могут отображаться погодные условия.,Amir,Amazon Translate
Карты помогают визуализировать пространственные отношения.,Amir,Amazon Translate
Дождь часто возникает из-за густых облаков.,Amir,Amazon Translate
На картах можно отображать климат и растительность.,Amir,Amazon Translate
Птицы сезонно мигрируют в более теплые регионы.,Amir,Amazon Translate
Хлеб часто нарезают ломтиками перед едой.,Amir,Amazon Translate
Горы могут влиять на климат и количество осадков.,Amir,Amazon Translate
Яйца содержат необходимые белки.,Amir,Amazon Translate
Мел используется на классных досках.,Amir,Amazon Translate
Хлеб содержит глютен из пшеницы.,Amir,Amazon Translate
Карты помогают в планировании маршрута.,Amir,Amazon Translate
У крабов жесткие защитные оболочки.,Amir,Amazon Translate
Океаны содержат соленую воду и морскую флору и фауну.,Amir,Amazon Translate
Молоко можно перерабатывать в йогурт.,Amir,Amazon Translate
Иногда на картах для рельефа используются контурные линии.,Amir,Amazon Translate
"Светлячки излучают свет, чтобы привлечь партнеров.",Amir,Amazon Translate
На картах иногда используется цвет для обозначения плотности населения.,Amir,Amazon Translate
"Дельфины — млекопитающие, обитающие в океанах.",Amir,Amazon Translate
На картах отображаются линии широты и долготы.,Amir,Amazon Translate
Карандаши используются для раскрашивания картин.,Amir,Amazon Translate
"Яйца можно омлет, жарить или варить.",Amir,Amazon Translate
Карты помогают найти достопримечательности.,Amir,Amazon Translate
"К водоемам относятся озера, реки и океаны.",Amir,Amazon Translate
Облака содержат капли воды или кристаллы льда.,Amir,Amazon Translate
На картах могут отображаться схемы голосования.,Amir,Amazon Translate
Светлячки излучают свет для общения.,Amir,Amazon Translate
На монетах часто изображены лидеры.,Amir,Amazon Translate
Между закатом и ночью наступают сумерки.,Amir,Amazon Translate
Дождливые дни ухудшают видимость на улице.,Amir,Amazon Translate
На картах могут быть указаны часовые пояса.,Amir,Amazon Translate
Попугаи живут в тропических регионах.,Amir,Amazon Translate
"На хлебе образуется плесень, если его оставить без него.",Amir,Amazon Translate
Автомобили движутся с помощью двигателей внутреннего сгорания или электрических двигателей.,Amir,Amazon Translate
Карандаши — это цветные инструменты для рисования.,Amir,Amazon Translate
Золото — ценный мягкий металл.,Amir,Amazon Translate
Карты могут содержать данные о дорогах и дорожном движении.,Amir,Amazon Translate
Кур выращивают для получения яиц и мяса.,Amir,Amazon Translate
Лошадей используют для передвижения и занятий спортом.,Amir,Amazon Translate
Карты могут иллюстрировать климатические зоны.,Amir,Amazon Translate
Бабочки пробуют вкус ногами.,Amir,Amazon Translate
На картах используются ссылки на сетку местоположений.,Amir,Amazon Translate
На каждом изделии напечатаны номиналы монет.,Amir,Amazon Translate
"На картах изображены как физические, так и человеческие черты.",Amir,Amazon Translate
Листья зеленые из-за хлорофилла.,Amir,Amazon Translate
Капли дождя образуют облака.,Amir,Amazon Translate
Ветер перемещает воздух.,Amir,Amazon Translate
Раковины защищают моллюсков в океанах.,Amir,Amazon Translate
У бабочек четыре крыла.,Amir,Amazon Translate
На монетах обычно изображены лица.,Amir,Amazon Translate
"На картах изображены как земля, так и вода.",Amir,Amazon Translate
Дети используют блоки для строительства.,Amir,Amazon Translate
Иногда на картах отображается информация о климате.,Amir,Amazon Translate
Карты полезны в чрезвычайных ситуациях.,Amir,Amazon Translate
Карты можно загрузить на телефоны.,Amir,Amazon Translate
Тюльпаны популярны в качестве цветочных луковиц.,Amir,Amazon Translate
Для справки на картах показаны столицы мира.,Amir,Amazon Translate
У тюленей обтекаемый корпус для плавания.,Amir,Amazon Translate
Молоко содержит кальций для укрепления костей.,Amir,Amazon Translate
У крабов есть когти для защиты и кормления.,Amir,Amazon Translate
На картах могут отображаться природные ресурсы.,Amir,Amazon Translate
Картофель — один из самых употребляемых в пищу овощей.,Amir,Amazon Translate
Гора Эверест находится в Гималаях.,Amir,Amazon Translate
"Морковь — это корнеплоды апельсина, которые обычно едят сырыми.",Amir,Amazon Translate
Породы собак сильно различаются по размеру.,Amir,Amazon Translate
Укусы комаров могут вызывать зуд.,Amir,Amazon Translate
Сверчки — ночные насекомые.,Amir,Amazon Translate
Яйца обычно готовят по-разному.,Amir,Amazon Translate
Мел можно легко стереть с досок.,Amir,Amazon Translate
В свежем виде хлеб легче нарезать ломтиками.,Amir,Amazon Translate
Карты содержат клавиши для навигации.,Amir,Amazon Translate
"Хлеб черствеет, если его не защитить.",Amir,Amazon Translate
На картах можно отразить последствия стихийных бедствий.,Amir,Amazon Translate
На картах данные отображаются разными цветами.,Amir,Amazon Translate
Волки живут и охотятся группами.,Amir,Amazon Translate
Хлеб — один из самых старых продуктов.,Amir,Amazon Translate
Карты обеспечивают необходимую навигацию для судов.,Amir,Amazon Translate
Помидоры растут из цветущих растений.,Amir,Amazon Translate
Дождь можно измерить с помощью манометра.,Amir,Amazon Translate
Карты могут иллюстрировать транспортные сети.,Amir,Amazon Translate
Карты играют важную роль в городском планировании.,Amir,Amazon Translate
Тюльпаны лучше всего растут в прохладном климате.,Amir,Amazon Translate
Карты могут показать исторические изменения земли.,Amir,Amazon Translate
Карты по-прежнему важны для современной навигации.,Amir,Amazon Translate
Яйца производятся птицами и рептилиями.,Amir,Amazon Translate
"Китам нужно всплывать на поверхность, чтобы проветриваться.",Amir,Amazon Translate
На картах отображаются различные типы объектов.,Amir,Amazon Translate
Для дифференциации на картах часто используется цвет.,Amir,Amazon Translate
На картах часто используются шкалы для измерений.,Amir,Amazon Translate
Кленовые деревья производят сироп.,Amir,Amazon Translate
Карты помогают путешественникам не заблудиться.,Amir,Amazon Translate
На картах показаны городские и сельские районы.,Amir,Amazon Translate
Каждый год гуси мигрируют группами.,Amir,Amazon Translate
На картах указаны столицы и крупные города.,Amir,Amazon Translate
Карты обеспечивают визуальное представление пространства.,Amir,Amazon Translate
Фотосинтез производит кислород для животных и людей.,Amir,Amazon Translate
Листья поглощают солнечный свет и производят углеводы во время фотосинтеза.,Amir,Amazon Translate
Большинство акул живут только в соленой воде.,Amir,Amazon Translate
Коровы обеспечивают людей по всему миру молоком и говядиной.,Amir,Amazon Translate
Гора Эверест — самая высокая гора Земли над уровнем моря.,Amir,Amazon Translate
Цвета радуги всегда наблюдаются в одном и том же порядке.,Amir,Amazon Translate
Почва необходима для выращивания большинства наземных растений.,Amir,Amazon Translate
Растения арахиса производят съедобные семена под землей.,Amir,Amazon Translate
Рыбы поглощают растворенный кислород с помощью жабр под водой.,Amir,Amazon Translate
У медуз желатиновые тела и жгучие щупальца.,Amir,Amazon Translate
Клубника созревает в красные сладкие фрукты.,Amir,Amazon Translate
Койоты хорошо адаптируются к городской среде.,Amir,Amazon Translate
Пластиковые пакеты полностью разлагаются десятилетиями.,Amir,Amazon Translate
Деньги обмениваются на товары и услуги.,Amir,Amazon Translate
"На картах точно изображены дороги, города и физические достопримечательности.",Amir,Amazon Translate
Панды питаются почти исключительно побегами бамбука.,Amir,Amazon Translate
Яблочное пюре готовят путем варки и пюре из яблок.,Amir,Amazon Translate
Карты направляют путешественников в незнакомые места.,Amir,Amazon Translate
Хлопок получают из пушистых семенных кочанов растений.,Amir,Amazon Translate
Для работы автомобильных двигателей используется бензин.,Amir,Amazon Translate
Зебры принадлежат к семейству лошадей и имеют полосатую шерсть.,Amir,Amazon Translate
Школы организуют занятия в соответствии с возрастом и предметной областью.,Amir,Amazon Translate
Лук придает приготовленным блюдам сильный аромат.,Amir,Amazon Translate
Бензин быстро испаряется при комнатной температуре.,Amir,Amazon Translate
"Самолеты взлетают с помощью крыльев, разработанных для аэродинамики.",Amir,Amazon Translate
Ловушки для мышей предназначены для контроля присутствия грызунов в помещении.,Amir,Amazon Translate
Книги передают информацию в письменном печатном или цифровом формате.,Amir,Amazon Translate
"Виноградные лозы поднимаются вверх, обвивая стебли вокруг опор.",Amir,Amazon Translate
Простыни обычно изготавливаются из хлопчатобумажной ткани.,Amir,Amazon Translate
Толпы людей повышают уровень шума в замкнутых пространствах.,Amir,Amazon Translate
"Бумага рвется легче, чем ткань или пластик.",Amir,Amazon Translate
"Ключи открывают двери, оснащенные совместимыми замками.",Amir,Amazon Translate
"Стервятники добывают падаль вместо того, чтобы охотиться на живую добычу.",Amir,Amazon Translate
Улитки прячутся в раковинах для защиты от опасности.,Amir,Amazon Translate
Десерты едят после основных блюд.,Amir,Amazon Translate
Динозавры вымерли примерно 65 миллионов лет назад.,Amir,Amazon Translate
Зонтики защищают пользователей от сильных дождей.,Amir,Amazon Translate
Для роста томатов нужна теплая температура.,Amir,Amazon Translate
В рюкзаках удобно носить книги и принадлежности.,Amir,Amazon Translate
Качели — обычное оборудование на открытых игровых площадках.,Amir,Amazon Translate
Медоносные пчелы вносят непосредственный вклад в опыление растений.,Amir,Amazon Translate
В чемоданах можно хранить одежду и вещи для путешествий.,Amir,Amazon Translate
Лунный свет возникает в результате отражения солнечного света от Луны.,Amir,Amazon Translate
Ремни регулируют посадку брюк и юбок.,Amir,Amazon Translate
Перчатки защищают пальцы от холода.,Amir,Amazon Translate
Дверные звонки сигнализируют посетителям за пределами входов.,Amir,Amazon Translate
Золото исключительно хорошо проводит электричество.,Amir,Amazon Translate
Якоря удерживают лодки в одном положении в воде.,Amir,Amazon Translate
Перед подачей на стол отдельные порции пиццу нарезают ломтиками.,Amir,Amazon Translate
"Ножницы эффективно режут бумагу, ткань или шнурок.",Amir,Amazon Translate
Зимой снеговиков лепят из свернутых снежков.,Amir,Amazon Translate
Спринклеры равномерно распределяют воду по газонам или садам.,Amir,Amazon Translate
Шахматы предполагают стратегическое перемещение уникальных игровых фигур.,Amir,Amazon Translate
"Календари систематически отслеживают дни, недели и месяцы.",Amir,Amazon Translate
Школьные автобусы перевозят детей из дома в школу.,Amir,Amazon Translate
Медоносные пчелы производят мед из цветочного нектара.,Amir,Amazon Translate
"Собаки используют хвосты, чтобы выразить разные эмоции.",Amir,Amazon Translate
Грибы предпочитают расти во влажной среде.,Amir,Amazon Translate
Пауки ловят насекомых с помощью шелковистой паутины.,Amir,Amazon Translate
Золото ценно из-за редкости и внешнего вида.,Amir,Amazon Translate
"Картофель — съедобные клубни, выращенные под землей",Amir,Amazon Translate
Книги хранят знания и истории в письменной форме.,Amir,Amazon Translate
Рогатые животные могут защитить себя от хищников.,Amir,Amazon Translate
"Орлы видят далекие объекты гораздо четче, чем люди.",Amir,Amazon Translate
Высотные здания в городах называют небоскребами.,Amir,Amazon Translate
"Мосты соединяют землю, разделенную водой или препятствиями.",Amir,Amazon Translate
Во время грозы молния возникает естественным образом.,Amir,Amazon Translate
Бобы содержат растительный белок в рационе.,Amir,Amazon Translate
Верблюды прекрасно себя чувствуют в условиях пустыни с дефицитом воды.,Amir,Amazon Translate
Будильники будят людей с помощью звуковых или вибрационных сигналов.,Amir,Amazon Translate
"Печенье — сладкая выпечка, популярная во всем мире.",Amir,Amazon Translate
"Ключи открывают двери, защищенные одинаковыми замками.",Amir,Amazon Translate
Холодильники дольше сохраняют свежесть скоропортящихся продуктов.,Amir,Amazon Translate
Ремни фиксируют брюки или юбки на талии.,Amir,Amazon Translate
"Свечи излучают свет, сжигая фитили в воске.",Amir,Amazon Translate
Календари отслеживают даты и соответствующие ежегодные события.,Amir,Amazon Translate
"Единороги — мифические существа, существование которых не доказано.",Amir,Amazon Translate
Горные велосипеды легко справляются с пересеченной внедорожной местностью.,Amir,Amazon Translate
"На картах часто изображены розы-компасы, указывающие направление.",Amir,Amazon Translate
Компьютеры обрабатывают информацию в электронном виде с помощью двоичного кода.,Amir,Amazon Translate
Перчатки обеспечивают защиту и тепло для рук.,Amir,Amazon Translate
Стоматологи пропагандируют гигиену полости рта для поддержания здоровья зубов.,Amir,Amazon Translate
Планшеты служат портативными электронными вычислительными устройствами.,Amir,Amazon Translate
Стекло прозрачное и пропускает видимый свет.,Amir,Amazon Translate
Комнатные растения улучшают качество воздуха в помещении и уровень влажности.,Amir,Amazon Translate
Прогнозы погоды предсказывают предстоящие осадки и изменения температуры.,Amir,Amazon Translate
Рюкзаки равномерно распределяют вес по плечам.,Amir,Amazon Translate
Спринклерные системы автоматически орошают газоны и сады.,Amir,Amazon Translate
Лифты поднимают и опускают людей в высотных зданиях.,Amir,Amazon Translate
Зеркала обеспечивают точное отражение внешнего вида.,Amir,Amazon Translate
Настенные часы показывают время с первого взгляда.,Amir,Amazon Translate
Скутеры имеют два колеса для личного транспорта.,Amir,Amazon Translate
Тюльпаны цветут в весенние месяцы каждый год.,Amir,Amazon Translate
"Овцы производят шерсть, которая прядится в пряжу.",Amir,Amazon Translate
Пластиковые бутылки естественным образом разлагаются годами.,Amir,Amazon Translate
"Рис выращивается на полях, называемых полями.",Amir,Amazon Translate
У кроликов длинные уши для обнаружения угроз.,Amir,Amazon Translate
"У медуз есть жгучие щупальца, используемые для защиты.",Amir,Amazon Translate
"У роз есть шипы, которые мешают травоядным животным есть их.",Amir,Amazon Translate
"Яблоки бывают красных, зеленых и желтых сортов.",Amir,Amazon Translate
"Жирафы используют длинные шеи, чтобы добраться до высоких листьев деревьев.",Amir,Amazon Translate
Застегивается на липучках с использованием крошечных крючков и петель.,Amir,Amazon Translate
"Поезда движутся вдоль рельсов, используя мощность двигателя.",Amir,Amazon Translate
В пустынях выпадает меньше годовых осадков по сравнению с лесами.,Amir,Amazon Translate
Во время извержений вулканы выбрасывают расплавленную лаву и пепел.,Amir,Amazon Translate
Соответствует легкому огню путем трения или химической реакции.,Amir,Amazon Translate
"Книги — это сборники страниц, переплетенных вместе.",Amir,Amazon Translate
Зубы помогают расщеплять пищу во время жевания.,Amir,Amazon Translate
"Трава покрывает равнины, газоны и различные ландшафты.",Amir,Amazon Translate
В мисках хранятся жидкости или сыпучие твердые продукты.,Amir,Amazon Translate
"Зубная нить очищает промежутки между зубами там, где щетки недоступны.",Amir,Amazon Translate
Моющее средство помогает удалить пятна с тканей одежды.,Amir,Amazon Translate
Пицца состоит из запеченного теста с добавлением начинки.,Amir,Amazon Translate
Мыло для рук убивает микробы во время правильной стирки.,Amir,Amazon Translate
Зеркала точно отражают изображение на чистых поверхностях.,Amir,Amazon Translate
Муравьи эффективно координируют выполнение задач по выживанию колоний.,Amir,Amazon Translate
Зебры живут стадами в африканских саваннах.,Amir,Amazon Translate
Радиоприемники передают аудиосигналы с помощью электромагнитных волн.,Amir,Amazon Translate
Чемоданы делают переноску дорожных вещей более удобной.,Amir,Amazon Translate
Краны поднимают тяжелые грузы с помощью кабельных систем.,Amir,Amazon Translate
Лошади быстро двигаются и поддерживают всадников-людей.,Amir,Amazon Translate
Зонтики защищают от дождя или сильного солнечного света.,Amir,Amazon Translate
Планшеты сочетают сенсорные экраны и вычислительную мощность для портативности.,Amir,Amazon Translate
Вентиляторы обеспечивают циркуляцию воздуха для охлаждения закрытых помещений.,Amir,Amazon Translate
Будильники будят людей в определенное время.,Amir,Amazon Translate
"Велосипеды перевозят водителей с помощью педалей, приводимых в движение ногами.",Amir,Amazon Translate
Вертолеты летают вертикально благодаря вращающимся лопастям.,Amir,Amazon Translate
"Подушки, подушки, подушки для удобного сна.",Amir,Amazon Translate
Шторы блокируют попадание света в комнаты.,Amir,Amazon Translate
Пылесосы отсасывают пыль и мусор с пола.,Amir,Amazon Translate
Дверные звонки предупреждают жильцов дома о прибывающих посетителях.,Amir,Amazon Translate
Скамейки обеспечивают сидение в общественных или частных местах.,Amir,Amazon Translate
Рулоны краски равномерно придают цвет стенам.,Amir,Amazon Translate
Тележки для покупок упрощают покупку продуктов в магазинах.,Amir,Amazon Translate
"В кошельках хранятся удостоверения личности, деньги и чеки.",Amir,Amazon Translate
Блокноты позволяют пользователям писать и систематизировать заметки.,Amir,Amazon Translate
После контакта с воздухом хлеб черствеет.,Amir,Amazon Translate
Попугаи могут имитировать многие звуки окружающей среды.,Amir,Amazon Translate
Муравьи строят колонии со специальными ролями.,Amir,Amazon Translate
Зебры имеют уникальные черно-белые полосы.,Amir,Amazon Translate
Облачная погода может указывать на дождь или шторм.,Amir,Amazon Translate
"Пингвины не умеют летать, но умело плавают под водой.",Amir,Amazon Translate
Драконы Комодо — самые крупные из ныне живущих ящериц.,Amir,Amazon Translate
Грибы разлагают органическое вещество в почве.,Amir,Amazon Translate
Фейерверки создают громкие звуки и красочные световые дисплеи.,Amir,Amazon Translate
Белые медведи обитают в арктических морских льдах.,Amir,Amazon Translate
На чистом небе закаты выглядят более яркими.,Amir,Amazon Translate
Мел легко пишет на шероховатых поверхностях.,Amir,Amazon Translate
Арахис растет под поверхностью в виде бобовых.,Amir,Amazon Translate
Кофейные зерна — это жареные семена кофейной вишни.,Amir,Amazon Translate
Брокколи богата витаминами и пищевыми волокнами.,Amir,Amazon Translate
На картах часто используются цвета для представления типов рельефа.,Amir,Amazon Translate
Загрязнение пластиком угрожает экосистемам дикой природы океана.,Amir,Amazon Translate
На пастбищах выпасаются стада крупных животных.,Amir,Amazon Translate
"Морская жизнь включает в себя таких существ, как рыбы, крабы и осьминоги.",Amir,Amazon Translate
На протяжении веков ледники медленно меняли облик ландшафта.,Amir,Amazon Translate
Автомобили обычно работают с двигателями внутреннего сгорания.,Amir,Amazon Translate
Тележки для покупок помогают перевозить продукты.,Amir,Amazon Translate
"Зеркала отражают свет, показывая изображения.",Amir,Amazon Translate
Телята — молодняк крупного рогатого скота до совершеннолетия.,Amir,Amazon Translate
Кошельки надежно хранят идентификационные карты и деньги.,Amir,Amazon Translate
Газеты ежедневно освещают последние события и информацию.,Amir,Amazon Translate
Клей прочно скрепляет различные материалы.,Amir,Amazon Translate
В гнездах безопасно укрываются яйца и детеныши.,Amir,Amazon Translate
Стекло разбивается при сильном ударе.,Amir,Amazon Translate
Бананы содержат калий и натуральный сахар для получения энергии.,Amir,Amazon Translate
В пластиковых контейнерах безопасно и удобно хранить продукты питания.,Amir,Amazon Translate
"Апельсины содержат витамин С, важный для иммунитета.",Amir,Amazon Translate
"Пчелы производят мед в организованных колониях, называемых ульями.",Amir,Amazon Translate
"Рис — основной продукт питания, выращиваемый во влажной среде.",Amir,Amazon Translate
"Лягушки сначала становятся головастиками, а затем развивают ноги.",Amir,Amazon Translate
Мел часто используется в образовательных целях.,Amir,Amazon Translate
"Ежегодно в пустынях выпадает мало осадков, и они остаются сухими.",Amir,Amazon Translate
На картах изменения высот отображаются с помощью контурных линий.,Amir,Amazon Translate
Тюлени изящно передвигаются в холодных океанских водах.,Amir,Amazon Translate
Для созревания плодов растениям томатов нужны тепло и солнечный свет.,Amir,Amazon Translate
Клей прочно прилипает бумажные кусочки к поверхностям.,Amir,Amazon Translate
Тележки для покупок помогают покупателям в крупных продуктовых магазинах.,Amir,Amazon Translate
"Ключи вырезаны так, чтобы они точно соответствовали одинаковым замкам.",Amir,Amazon Translate
Самолеты преодолевают большие расстояния на больших высотах.,Amir,Amazon Translate
Хлопковые ткани — мягкие и хорошо впитывающие влагу материалы.,Amir,Amazon Translate
"Будильники звучат в заданное время, чтобы разбудить пользователей.",Amir,Amazon Translate
Рюкзаки удобно переносят все необходимое на плечах.,Amir,Amazon Translate
Грецкие орехи растут на деревьях в твёрдой защитной оболочке.,Amir,Amazon Translate
Ножницами режут различную бумагу и тонкие гибкие материалы.,Amir,Amazon Translate
Лошади часто быстро скачут по открытой местности.,Amir,Amazon Translate
Кровати обеспечивают комфортный сон и отдых в течение ночи.,Amir,Amazon Translate
Лестницы соединяют этажи вертикально внутри зданий.,Amir,Amazon Translate
Окна пропускают свет и защищают от непогоды.,Amir,Amazon Translate
Ремни удерживают брюки с петлями на талии.,Amir,Amazon Translate
Апельсиновый сок получают из прессования спелых апельсинов.,Amir,Amazon Translate
Шторы блокируют солнечный свет и добавляют уединения в помещении.,Amir,Amazon Translate
Телевизоры передают развлекательные видео- и аудиосигналы.,Amir,Amazon Translate
"Дети теряют молочные зубы до того, как вырастут взрослые.",Amir,Amazon Translate
Поезда движутся по рельсам для эффективного общественного транспорта.,Amir,Amazon Translate
Карты помогают легко перемещаться по неизвестным местам или городам.,Amir,Amazon Translate
"Яйца содержат белок, необходимый для роста мышц.",Amir,Amazon Translate
Монеты производятся методом плоской штамповки металлических заготовок.,Amir,Amazon Translate
Волки охотятся на мелких млекопитающих в скоординированных стаях.,Amir,Amazon Translate
"Тюлени эффективно перемещаются как по суше, так и по воде.",Amir,Amazon Translate
"Овцы производят шерсть, которая широко используется в текстильных изделиях во всем мире.",Amir,Amazon Translate
Для работы автомобилей нужны двигатели внутреннего сгорания или электродвигатели.,Amir,Amazon Translate
Арахис естественным образом созревает под землей в биоразлагаемой скорлупе.,Amir,Amazon Translate
Мел заметно пишет на темных сланцевых поверхностях.,Amir,Amazon Translate
Помидоры созревают в красном цвете благодаря присутствующим пигментам ликопина.,Amir,Amazon Translate
Комнатные растения требуют регулярного полива и непрямого солнечного света в помещении.,Amir,Amazon Translate
"Рисовые поля называют полями, и они обычно затопляются.",Amir,Amazon Translate
"Орлы парят высоко, используя широкие мощные пернатые крылья.",Amir,Amazon Translate
Книги упорядочивают информацию на печатных или цифровых страницах.,Amir,Amazon Translate
Компьютеры обрабатывают данные с помощью двоичных электрических сигналов.,Amir,Amazon Translate
В процессе жевания зубы расщепляют твердую пищу.,Amir,Amazon Translate
"Термометры измеряют температуру ртутью, спиртом или электроникой.",Amir,Amazon Translate
"Выдры раскалывают моллюсков камнями, удерживаемыми в лапах.",Amir,Amazon Translate
Молния возникает в результате статического электричества во время грозы.,Amir,Amazon Translate
Блокноты предоставляют линованные страницы для написания заметок и напоминаний.,Amir,Amazon Translate
Кисти равномерно распределяют жидкую краску по поверхностям.,Amir,Amazon Translate
"Зеркала отражают изображение, используя полированные стеклянные поверхности сзади.",Amir,Amazon Translate
На скамейках одновременно могут разместиться несколько человек.,Amir,Amazon Translate
"Грецкие орехи — это орехи с твердой скорлупой, богатые полезными жирами.",Amir,Amazon Translate
Пылесосы эффективно удаляют частицы пыли с пола.,Amir,Amazon Translate
Лампы обеспечивают направленный свет для чтения ночью.,Amir,Amazon Translate
Лифты удобно поднимают жильцов между этажами многоэтажного здания.,Amir,Amazon Translate
Кондиционеры регулируют температуру в помещении жарким летом.,Amir,Amazon Translate
Клавиатуры точно вводят написанные буквы в вычислительные устройства.,Amir,Amazon Translate
Часы постоянно отслеживают время в дневных и ночных циклах.,Amir,Amazon Translate
Лопаты эффективно копают почву для садоводства или ландшафтного дизайна.,Amir,Amazon Translate
Шлемы уменьшают травмы головы во время езды на велосипеде или мотоцикле.,Amir,Amazon Translate
Мыло расщепляет молекулы жира и удаляет их во время стирки.,Amir,Amazon Translate
"Яйца содержат белок и другие питательные вещества, важные для роста.",Amir,Amazon Translate
Сыр производится путем свертывания молочных белков.,Amir,Amazon Translate
На естественном разложении пластика на открытом воздухе требуются столетия.,Amir,Amazon Translate
"Холодильники сохраняют свежесть скоропортящихся продуктов, поддерживая низкую температуру.",Amir,Amazon Translate
"Хлеб дорожает, потому что дрожжи выделяют углекислый газ.",Amir,Amazon Translate
Мел часто используется для рисования на досках.,Amir,Amazon Translate
После метаморфозы из куколок вылупляются бабочки.,Amir,Amazon Translate
Плащи защищают пользователей от намокания под дождем.,Amir,Amazon Translate
Лед плавает в воде из-за молекулярной структуры.,Amir,Amazon Translate
Молния возникает во время грозы из-за дисбаланса электрических зарядов.,Amir,Amazon Translate
Монеты предназначены для небольших покупок с использованием национальных валют.,Amir,Amazon Translate
"Ключи открывают двери, соответствующие точно вырезанным канавкам.",Amir,Amazon Translate
"В кошельках надежно хранятся наличные деньги, монеты и карты.",Amir,Amazon Translate
Кровати обеспечивают комфорт и поддержку при обычном режиме сна.,Amir,Amazon Translate
Тележки для покупок позволяют собирать продукты в магазинах.,Amir,Amazon Translate
"Планшеты позволяют пользователям просматривать, читать и печатать в цифровом виде.",Amir,Amazon Translate
Часы отображают точное время в течение дня и ночи.,Amir,Amazon Translate
"Календари четко организовывают месяцы, недели, праздники и встречи.",Amir,Amazon Translate
Рюкзаки облегчают переноску вещей благодаря плечевым ремням.,Amir,Amazon Translate
Качели перемещаются вперед и назад для развлекательной игры.,Amir,Amazon Translate
"Громко звонят будильники, чтобы надежно разбудить спящих.",Amir,Amazon Translate
Яблоки растут на лиственных деревьях в умеренном климате.,Amir,Amazon Translate
Соль усиливает вкус и используется для консервирования.,Amir,Amazon Translate
Кролики едят зеленую растительность и имеют длинные уши.,Amir,Amazon Translate
"Колонии муравьев состоят из рабочих, солдат и королев.",Amir,Amazon Translate
Арахис развивается под землей внутри защитных оболочек.,Amir,Amazon Translate
Книги систематизируют накопленную информацию в письменные записи.,Amir,Amazon Translate
"Плоды томатов созревают красными, желтыми или розовыми в зависимости от сорта.",Amir,Amazon Translate
Медоносные пчелы общаются с помощью виляющих танцев.,Amir,Amazon Translate
Мыло помогает эффективно удалять грязь и жир с рук.,Amir,Amazon Translate
Клавиатуры для ввода символов для компьютеров или цифровых устройств.,Amir,Amazon Translate
"Ножницы точно режут бумагу, ткань или тонкие листы.",Amir,Amazon Translate
"На страницах календаря время делится на дни, недели и месяцы.",Amir,Amazon Translate
"Кисти равномерно распределяют отделку по дереву, стенам или холсту.",Amir,Amazon Translate
Фильмы представляют истории с использованием последовательных движущихся изображений.,Amir,Amazon Translate
При высыхании клей быстро и надолго связывает материалы.,Amir,Amazon Translate
"Воздушные шары поднимаются вверх, потому что горячий воздух менее плотный, чем холодный.",Amir,Amazon Translate
"Зеркала четко отражают видимый свет, что позволяет ухаживать за собой.",Amir,Amazon Translate
"Кошельки позволяют упорядочить деньги, карты и важные документы.",Amir,Amazon Translate
Зубы пережевывают пищу для облегчения пищеварения в желудке.,Amir,Amazon Translate
"Собаки лают, чтобы выразить волнение или предупредить об опасности.",Amir,Amazon Translate
"Бананы содержат калий, необходимый для работы мышц.",Amir,Amazon Translate
Колонии муравьев состоят из отдельных социальных каст.,Amir,Amazon Translate
Поезда курсируют по рельсам между отдаленными пунктами назначения.,Amir,Amazon Translate
"Коровы дают молоко, потребляемое миллионами людей.",Amir,Amazon Translate
Медузы пассивно перемещаются с помощью океанских течений.,Amir,Amazon Translate
"Клубника сначала белая, а при созревании становится ярко-красной.",Amir,Amazon Translate
Яблоки лучше всего растут в прохладном умеренном климате по всему миру.,Amir,Amazon Translate
Мел хорошо подходит для маркировки темных досок для письма.,Amir,Amazon Translate
Кенгуру перевозят молодых радостей в брюшных мешочках.,Amir,Amazon Translate
"Киты регулярно всплывают на поверхность, вдыхая атмосферный кислород.",Amir,Amazon Translate
"Орлы обнаруживают добычу, используя исключительные способности зрения.",Amir,Amazon Translate
Молотковые инструменты надежно вбивают гвозди в дерево.,Amir,Amazon Translate
Выдры используют камни для вскрытия блюд из моллюсков.,Amir,Amazon Translate
Для оптимального развития растений рисовые поля затопляются.,Amir,Amazon Translate
Рюкзаки позволяют людям удобно носить вещи без помощи рук.,Amir,Amazon Translate
Спринклерные системы автоматически поливают газоны в установленные промежутки времени.,Amir,Amazon Translate
"Электричество освещает дома, офисы и улицы.",Amir,Amazon Translate
"Коровы поставляют как мясо, так и молочные продукты.",Amir,Amazon Translate
"Мелом отмечены доски, и его легко стирать.",Amir,Amazon Translate
Панды едят бамбук почти исключительно ежедневно.,Amir,Amazon Translate
"Медузы свободно плавают и жалят, чтобы защитить себя.",Amir,Amazon Translate
"Хлеб дорожает, потому что дрожжи создают пузырьки газа.",Amir,Amazon Translate
Яблоки развиваются на деревьях и цветут весной.,Amir,Amazon Translate
"Сыр получают в результате ферментации коровьего, козьего или овечьего молока.",Amir,Amazon Translate
Белые медведи живут только в арктических местообитаниях.,Amir,Amazon Translate
Дельфины используют щелчки сонара для навигации под водой.,Amir,Amazon Translate
"Арахис созревает в почве, а не над землей.",Amir,Amazon Translate
Кресла обеспечивают комфортное сидение в помещении.,Amir,Amazon Translate
"Книги содержат факты и истории, напечатанные на бумажных страницах.",Amir,Amazon Translate
"Ключи устанавливаются на замки, позволяющие проникать через двери.",Amir,Amazon Translate
Скамейки позволяют нескольким людям отдыхать на улице.,Amir,Amazon Translate
"Грецкие орехи — это орехи, покрытые твердой скорлупой и шелухой.",Amir,Amazon Translate
Суп обычно подают горячим в тарелках.,Amir,Amazon Translate
Кровати позволяют людям комфортно спать каждую ночь.,Amir,Amazon Translate
Вакцины защищают от различных инфекционных заболеваний.,Amir,Amazon Translate
"В чемоданах хранится одежда, пока люди путешествуют вдали от дома.",Amir,Amazon Translate
Степлеры прикрепляют свободные бумажные листы с помощью металлических скоб.,Amir,Amazon Translate
"Выдры открывают моллюсков, используя скалы, найденные под водой.",Amir,Amazon Translate
Фонари освещают темные места с помощью батареек.,Amir,Amazon Translate
Скамейки служат общественной уличной мебелью для отдыха.,Amir,Amazon Translate
Шлемы защищают голову во время езды на велосипеде и аналогичных занятий.,Amir,Amazon Translate
Пылесосы используют силу всасывания для очистки пыли и мусора.,Amir,Amazon Translate
Шекспир написал много известных пьес.,Amir,Amazon Translate
«Мона Лиза» висит в Лувре.,Amir,Amazon Translate
Леонардо да Винчи написал картину «Тайная вечеря».,Amir,Amazon Translate
Фрида Кало была мексиканской художницей.,Amir,Amazon Translate
В Афинах прошла первая современная Олимпиада.,Amir,Amazon Translate
Бег улучшает здоровье сердечно-сосудистой системы.,Amir,Amazon Translate
Рэп-музыка зародилась в США.,Amir,Amazon Translate
Венеция известна своими каналами.,Amir,Amazon Translate
Витамин С повышает иммунную функцию.,Amir,Amazon Translate
Древние пирамиды найдены в Египте.,Amir,Amazon Translate
Япония состоит из четырех основных островов.,Amir,Amazon Translate
Питьевая вода предотвращает обезвоживание.,Amir,Amazon Translate
В Италии начался период Возрождения.,Amir,Amazon Translate
Футбол популярен во всем мире.,Amir,Amazon Translate
"В Австралии обитают уникальные сумчатые животные, такие как кенгуру.",Amir,Amazon Translate
При кашле раздражители выбрасываются из дыхательных путей.,Amir,Amazon Translate
Импрессионизм изменил способ использования света художниками.,Amir,Amazon Translate
Канада граничит с Соединенными Штатами.,Amir,Amazon Translate
Курение повреждает легочную ткань.,Amir,Amazon Translate
Александр Грэм Белл изобрел телефон.,Amir,Amazon Translate
Тропические леса Амазонки расположены в девяти странах.,Amir,Amazon Translate
Хайку — это форма японской поэзии.,Amir,Amazon Translate
Ниагарский водопад находится на границе США и Канады.,Amir,Amazon Translate
"Скульптура включает в себя формование таких материалов, как камень или металл.",Amir,Amazon Translate
В Африке более пятидесяти стран.,Amir,Amazon Translate
Лондонский Биг-Бен — знаменитая часовая башня.,Amir,Amazon Translate
Упражнения укрепляют мышцы и кости.,Amir,Amazon Translate
Астма влияет на способность дышать.,Amir,Amazon Translate
В классической музыке часто используются оркестры.,Amir,Amazon Translate
В Риме находится Колизей.,Amir,Amazon Translate
Комиксы рассказывают истории с использованием картинок и слов.,Amir,Amazon Translate
Исландия известна своей геотермальной активностью.,Amir,Amazon Translate
Страны Африки к югу от Сахары включают в себя различные культуры и языки.,Amir,Amazon Translate
"В балете используются точные, формальные движения.",Amir,Amazon Translate
Авраам Линкольн отменил рабство в Америке.,Amir,Amazon Translate
Баскетбол требует навыков дриблинга и стрельбы.,Amir,Amazon Translate
В Греции тысячи островов.,Amir,Amazon Translate
Отказ от курения снижает риск развития рака.,Amir,Amazon Translate
Фтор помогает сохранить зубы здоровыми.,Amir,Amazon Translate
Тадж-Махал находится в Индии.,Amir,Amazon Translate
Анемия возникает из-за низкого уровня эритроцитов.,Amir,Amazon Translate
Каллиграфия — это декоративный почерк.,Amir,Amazon Translate
Кения славится сафари по дикой природе.,Amir,Amazon Translate
"Кинопроизводство сочетает написание сценариев, актерское мастерство и монтаж.",Amir,Amazon Translate
В Бразилии проходит крупнейший карнавальный фестиваль.,Amir,Amazon Translate
Отжимания наращивают силу верхней части тела.,Amir,Amazon Translate
Бронза изготавливается путем смешивания меди и олова.,Amir,Amazon Translate
Джаз зародился в Новом Орлеане.,Amir,Amazon Translate
Непал расположен между Китаем и Индией.,Amir,Amazon Translate
Инсульт нарушает мозговой кровоток.,Amir,Amazon Translate
Опера сочетает в себе пение и театральное представление.,Amir,Amazon Translate
В Южной Америке есть тропические леса и высокие горы.,Amir,Amazon Translate
Мачу-Пикчу — древнее место в Перу.,Amir,Amazon Translate
Плавание — отличное аэробное упражнение.,Amir,Amazon Translate
Простуда вызывается вирусами.,Amir,Amazon Translate
Испания известна танцами фламенко.,Amir,Amazon Translate
Мария Кюри обнаружила радиоактивные элементы.,Amir,Amazon Translate
Пешие прогулки сжигают калории и тонизируют мышцы ног.,Amir,Amazon Translate
Окаменелости свидетельствуют о доисторической жизни.,Amir,Amazon Translate
Карибские острова привлекают туристов пляжами.,Amir,Amazon Translate
Медитация может снизить уровень стресса.,Amir,Amazon Translate
В феодальной Японии были воины-самураи.,Amir,Amazon Translate
Индонезия состоит из тысяч островов.,Amir,Amazon Translate
Следует регулярно контролировать артериальное давление.,Amir,Amazon Translate
Кубизм — это направление абстрактного искусства.,Amir,Amazon Translate
Нью-Йорк состоит из пяти районов.,Amir,Amazon Translate
Поднятие тяжестей укрепляет мышечную силу.,Amir,Amazon Translate
Малярия распространяется через укусы комаров.,Amir,Amazon Translate
Персидские ковры — это произведения искусства ручной работы.,Amir,Amazon Translate
Аляска имеет самую длинную береговую линию в США.,Amir,Amazon Translate
Здоровый сон улучшает память и настроение.,Amir,Amazon Translate
Средневековые замки были оборонительными сооружениями.,Amir,Amazon Translate
Буддизм распространился из Индии в Азию.,Amir,Amazon Translate
Базилика Святого Петра находится в Ватикане.,Amir,Amazon Translate
Тайфуны часто обрушиваются на побережье Восточной Азии.,Amir,Amazon Translate
Овощи содержат пищевые волокна.,Amir,Amazon Translate
Смитсоновский институт сохраняет американскую историю.,Amir,Amazon Translate
В прибрежных районах Норвегии есть фьорды.,Amir,Amazon Translate
Танец танго зародился в Аргентине.,Amir,Amazon Translate
Берлинская стена пала в 1989 году.,Amir,Amazon Translate
Оригами — традиционное искусство складывания бумаги из Японии.,Amir,Amazon Translate
В Таиланде есть плавающие рынки.,Amir,Amazon Translate
Вторая мировая война закончилась в 1945 году.,Amir,Amazon Translate
Употребление слишком большого количества сахара приводит к ожирению.,Amir,Amazon Translate
Франция известна производством вина.,Amir,Amazon Translate
На фотографиях навсегда запечатлены моменты реальной жизни.,Amir,Amazon Translate
Иерусалим имеет значение для нескольких религий.,Amir,Amazon Translate
Турция соединяет Европу и Азию.,Amir,Amazon Translate
Цивилизация майя построила храмы-пирамиды.,Amir,Amazon Translate
"Йога приносит пользу как разуму, так и телу.",Amir,Amazon Translate
Музыка в стиле барокко богато орнаментирована.,Amir,Amazon Translate
Tesla разработала технологию переменного тока.,Amir,Amazon Translate
"Страны БРИКС — Бразилия, Россия, Индия, Китай, Южная Африка.",Amir,Amazon Translate
Пилигримы высадились на Плимутской скале.,Amir,Amazon Translate
Сибирь охватывает обширную северную территорию России.,Amir,Amazon Translate
Скалолазание развивает силу сцепления.,Amir,Amazon Translate
Клеопатра правила Древним Египтом.,Amir,Amazon Translate
Предвзятость влияет на результаты социальных исследований.,Amir,Amazon Translate
Конфуцианство повлияло на китайскую философию.,Amir,Amazon Translate
Солнечная энергия обеспечивает энергией некоторые дома.,Amir,Amazon Translate
Индия ежегодно празднует Дивали.,Amir,Amazon Translate
Вирус Зика может вызвать врожденные дефекты.,Amir,Amazon Translate
Традиционная китайская медицина использует травы.,Amir,Amazon Translate
Микеланджело создал скульптуру Давида в эпоху Возрождения.,Amir,Amazon Translate
Река Миссисипи разделяет США с востока на запад.,Amir,Amazon Translate
Культура хип-хопа зародилась в городских сообществах.,Amir,Amazon Translate
Подъем по лестнице — это упражнение с отягощениями.,Amir,Amazon Translate
Нептун — восьмая планета от Солнца.,Amir,Amazon Translate
В дзюдо особое внимание уделяется броскам и трюкам.,Amir,Amazon Translate
Уолт Дисней произвел революцию в анимации.,Amir,Amazon Translate
"Сингапур сочетает в себе малайское, китайское и индийское наследие.",Amir,Amazon Translate
Платон преподавал Аристотелю в Древней Греции.,Amir,Amazon Translate
Израильские кибуцы практикуют общинную жизнь.,Amir,Amazon Translate
Вырубка лесов угрожает биоразнообразию.,Amir,Amazon Translate
Стоунхендж относится к доисторической Британии.,Amir,Amazon Translate
Чили простирается вдоль западного побережья Южной Америки.,Amir,Amazon Translate
Анализы крови проверяют функцию органов.,Amir,Amazon Translate
Игра на барабанах Тайко — энергичное японское сценическое представление.,Amir,Amazon Translate
В культуре амишей царит простой образ жизни.,Amir,Amazon Translate
Эйфелева башня символизирует Париж.,Amir,Amazon Translate
Пицца возникла в Италии.,Amir,Amazon Translate
Река Нил протекает через Египет.,Amir,Amazon Translate
Ежедневное увлажнение поддерживает здоровье почек.,Amir,Amazon Translate
Первая мировая война началась в 1914 году.,Amir,Amazon Translate
Живопись — это форма творческого самовыражения.,Amir,Amazon Translate
Токио — столица Японии.,Amir,Amazon Translate
Езда на велосипеде улучшает сердечно-сосудистую выносливость.,Amir,Amazon Translate
Юлий Цезарь был убит в Риме.,Amir,Amazon Translate
Сельское хозяйство обеспечивает продовольствием многие общества.,Amir,Amazon Translate
Эмоции влияют на принятие личных решений.,Amir,Amazon Translate
Этика определяет моральные суждения и поведение.,Amir,Amazon Translate
"В католицизме есть такие таинства, как крещение.",Amir,Amazon Translate
"Демократия предполагает, что граждане голосуют за законы или лидеров.",Amir,Amazon Translate
Смартфоны получают доступ к информации из любого места с помощью сигналов.,Amir,Amazon Translate
Раковые клетки бесконтрольно растут в организме.,Amir,Amazon Translate
Средневековая Европа видела замки и рыцарей.,Amir,Amazon Translate
Пешеходные тропы можно найти в национальных парках.,Amir,Amazon Translate
Канада славится кленовым сиропом.,Amir,Amazon Translate
Иероглифику использовали древние египтяне.,Amir,Amazon Translate
Для танцев артисты балета носят пуанты.,Amir,Amazon Translate
Австралия окружена Тихим и Индийским океанами.,Amir,Amazon Translate
Белок способствует восстановлению мышц после тренировок.,Amir,Amazon Translate
Наполеон Бонапарт правил Францией в начале 1800-х годов.,Amir,Amazon Translate
Приготовление включает в себя смешивание сырых ингредиентов с использованием тепла.,Amir,Amazon Translate
У простых чисел есть только два фактора.,Amir,Amazon Translate
Атомы объединяются в молекулы.,Amir,Amazon Translate
Самоуважение влияет на психическое благополучие.,Amir,Amazon Translate
Логика помогает рационально решать сложные проблемы.,Amir,Amazon Translate
"Ислам включает в себя практики, называемые пятью столпами.",Amir,Amazon Translate
Экономика изучает производство и распределение ресурсов.,Amir,Amazon Translate
3D-принтеры создают физические модели на основе цифровых дизайнов.,Amir,Amazon Translate
Миграция птиц во всем мире происходит по сезонным схемам.,Amir,Amazon Translate
Оригами превращает бумагу в декоративные фигурки.,Amir,Amazon Translate
Мачу-Пикчу был построен инками.,Amir,Amazon Translate
Китай изобрел порох много веков назад.,Amir,Amazon Translate
Покупки стимулируют местную экономику.,Amir,Amazon Translate
Умножение — это многократное сложение.,Amir,Amazon Translate
Зигмунд Фрейд разработал психоанализ.,Amir,Amazon Translate
Утилитаризм нацелен на максимальное счастье в целом.,Amir,Amazon Translate
Индуизм включает в себя концепции кармы и реинкарнации.,Amir,Amazon Translate
Социальные нормы формируют групповое поведение.,Amir,Amazon Translate
Искусственный интеллект имитирует некоторые мыслительные процессы человека.,Amir,Amazon Translate
Лодыжки поддерживают ходьбу и бег.,Amir,Amazon Translate
В Берлине проходит крупный международный кинофестиваль.,Amir,Amazon Translate
Джунгли Амазонки занимают миллионы квадратных километров.,Amir,Amazon Translate
Флаги стран символизируют национальную самобытность.,Amir,Amazon Translate
Чистка зубов предотвращает кариес и заболевания десен.,Amir,Amazon Translate
«Аполлон-11» высадил людей на Луну.,Amir,Amazon Translate
Итальянское Возрождение породило знаменитых художников и мыслителей.,Amir,Amazon Translate
Пирамиды Египта служат гробницами для фараонов.,Amir,Amazon Translate
Рыбалка обеспечивает еду и отдых.,Amir,Amazon Translate
"Числа могут быть натуральными, целыми, целыми или рациональными.",Amir,Amazon Translate
"Антибиотики лечат бактериальные инфекции, а не вирусы.",Amir,Amazon Translate
Психическое здоровье влияет на повседневную жизнь.,Amir,Amazon Translate
Дуализм делит бытие на разум и материю.,Amir,Amazon Translate
Системы уголовного правосудия обеспечивают соблюдение правовых кодексов.,Amir,Amazon Translate
Спутники передают телевизионные передачи по всему миру.,Amir,Amazon Translate
Прививки предотвращают распространенные инфекционные заболевания.,Amir,Amazon Translate
Жирафы живут в основном в африканских саваннах.,Amir,Amazon Translate
"Симфонии требуют, чтобы оркестры исполняли полные композиции.",Amir,Amazon Translate
Боевые искусства развивают навыки самообороны.,Amir,Amazon Translate
Великая Китайская стена простирается на севере Китая.,Amir,Amazon Translate
Безглютеновые продукты помогают людям с целиакией.,Amir,Amazon Translate
Французская революция положила конец монархии.,Amir,Amazon Translate
Танец выражает эмоции через телесные движения.,Amir,Amazon Translate
Галактики состоят из миллиардов звезд.,Amir,Amazon Translate
Язык тела передает невысказанные чувства.,Amir,Amazon Translate
Рациональное мышление логически оценивает доказательства.,Amir,Amazon Translate
Буддисты стремятся к просветлению с помощью практики.,Amir,Amazon Translate
Голосование обеспечивает политическое представительство граждан.,Amir,Amazon Translate
Облачные вычисления хранят файлы на внешних серверах.,Amir,Amazon Translate
В средневековье крестовые походы включали религиозные войны.,Amir,Amazon Translate
Кемпинг предполагает временный сон на открытом воздухе.,Amir,Amazon Translate
Переменные уравнения означают неизвестные значения.,Amir,Amazon Translate
Орбиты планет движутся по эллиптическим траекториям вокруг Солнца.,Amir,Amazon Translate
Суэцкий канал соединяет Средиземное и Красное моря.,Amir,Amazon Translate
Река Амазонка длиннее большинства рек мира.,Amir,Amazon Translate
В шахматы играют по сетке 8 на 8.,Amir,Amazon Translate
Дыхательные упражнения успокаивают тело.,Amir,Amazon Translate
Викинги путешествовали по океанам на деревянных лодках.,Amir,Amazon Translate
Модные тенденции меняются вместе с культурными изменениями.,Amir,Amazon Translate
"Геометрия изучает формы, углы и поверхности.",Amir,Amazon Translate
"Физика объясняет, как энергия взаимодействует с веществом.",Amir,Amazon Translate
Подростковый возраст знаменует переход к взрослой жизни.,Amir,Amazon Translate
Эмпатия позволяет понять точку зрения других.,Amir,Amazon Translate
Агностицизм ставит под сомнение достоверность знаний о богах.,Amir,Amazon Translate
Гора Фудзи — самая высокая гора в Японии.,Amir,Amazon Translate
"Хип-хоп зародился в Бронксе, штат Нью-Йорк.",Amir,Amazon Translate
Пустыня Сахара охватывает большую часть Северной Африки.,Amir,Amazon Translate
Римская империя пала в 476 году нашей эры.,Amir,Amazon Translate
Торговые центры предоставляют несколько магазинов под одной крышей.,Amir,Amazon Translate
"Pi представляет собой длину окружности, деленную на диаметр.",Amir,Amazon Translate
Интроверты восстанавливают энергию от одиночества.,Amir,Amazon Translate
Критическое мышление ставит под сомнение предположения и доказательства.,Amir,Amazon Translate
Индуистские фестивали прославляют богов и сезонные события.,Amir,Amazon Translate
Социальные классы организуют людей по статусу.,Amir,Amazon Translate
В электромобилях вместо бензиновых двигателей используются аккумуляторы.,Amir,Amazon Translate
Джазовая музыка включает импровизацию.,Amir,Amazon Translate
Река Нил — самая длинная река в Африке.,Amir,Amazon Translate
Вторая мировая война началась в 1939 году.,Amir,Amazon Translate
Приготовление пищи дома экономит деньги.,Amir,Amazon Translate
Алгебра решает неизвестные переменные.,Amir,Amazon Translate
Личные ценности влияют на принятие решений.,Amir,Amazon Translate
Дебаты поощряют аналитическое мышление.,Amir,Amazon Translate
Тора содержит еврейские религиозные тексты.,Amir,Amazon Translate
Правительства обеспечивают соблюдение законов внутри стран.,Amir,Amazon Translate
Ноутбуки позволяют работать за компьютером во время путешествий.,Amir,Amazon Translate
"Авокадо растет на деревьях, произрастающих в Мексике.",Amir,Amazon Translate
Кубизм изменил представление искусства о пространстве.,Amir,Amazon Translate
Йеллоустоун — первый национальный парк Америки.,Amir,Amazon Translate
Правильное увлажнение предотвращает тепловой удар во время тренировок.,Amir,Amazon Translate
Наполеон потерпел поражение при Ватерлоо.,Amir,Amazon Translate
Садоводство может снизить уровень стресса.,Amir,Amazon Translate
Многоугольник имеет три или более сторон.,Amir,Amazon Translate
Медь хорошо проводит электричество.,Amir,Amazon Translate
Самоконтроль способствует достижению долгосрочных целей.,Amir,Amazon Translate
Дедукция определяет специфику на основе общих принципов.,Amir,Amazon Translate
Конфуцианство делает упор на нравственное развитие.,Amir,Amazon Translate
Опросы показывают общественное мнение в демократических странах.,Amir,Amazon Translate
Wi-Fi обеспечивает беспроводной доступ в Интернет.,Amir,Amazon Translate
Опера возникла в Италии в эпоху Возрождения.,Amir,Amazon Translate
Москва — крупнейший город России.,Amir,Amazon Translate
Силовые тренировки укрепляют мышечную ткань.,Amir,Amazon Translate
Вакцинация против оспы искоренила болезнь во всем мире.,Amir,Amazon Translate
Эйфелева башня была закончена в 1889 году.,Amir,Amazon Translate
Брейкданс включает акробатические движения и вращения.,Amir,Amazon Translate
Водопад Виктория расположен между Зимбабве и Замбией.,Amir,Amazon Translate
Бег трусцой эффективно сжигает калории.,Amir,Amazon Translate
Екатерина Великая расширила территорию России.,Amir,Amazon Translate
Пикники сочетают еду с отдыхом на свежем воздухе.,Amir,Amazon Translate
"Математические уравнения должны содержать ответы, удовлетворяющие этим утверждениям.",Amir,Amazon Translate
Командная работа зависит от навыков сотрудничества и общения.,Amir,Amazon Translate
Аналитическое мышление разбивает проблемы на более мелкие части.,Amir,Amazon Translate
Карма влияет на возрождение в индуистских системах верований.,Amir,Amazon Translate
Семейные структуры различаются в разных обществах.,Amir,Amazon Translate
Велосипедные шестерни помогают гонщикам преодолевать разные рельефы.,Amir,Amazon Translate
Киви богат витамином С.,Amir,Amazon Translate
Современная поп-музыка сочетает в себе множество музыкальных стилей.,Amir,Amazon Translate
В Европе Португалия граничит только с Испанией.,Amir,Amazon Translate
Длительные прогулки способствуют здоровью сердца.,Amir,Amazon Translate
Гражданская война разделяет нации внутри страны.,Amir,Amazon Translate
Прачечная очищает одежду с использованием воды и мыла.,Amir,Amazon Translate
Precalculus готовит учащихся к изучению концепций исчисления.,Amir,Amazon Translate
Управление стрессом повышает общую устойчивость.,Amir,Amazon Translate
Логические головоломки проверяют способность к систематическому мышлению.,Amir,Amazon Translate
Религиозный пост обычно ограничивает употребление определенных продуктов.,Amir,Amazon Translate
Глобализация объединяет рынки по всему миру.,Amir,Amazon Translate
Робот-пылесос автоматически очищает полы.,Amir,Amazon Translate
Граффити считается городским уличным искусством.,Amir,Amazon Translate
"Скандинавия включает Швецию, Норвегию и Данию.",Amir,Amazon Translate
Сон способствует консолидации памяти.,Amir,Amazon Translate
Средневековые рыцари следовали законам рыцарства.,Amir,Amazon Translate
Китобойные суда исследовали арктические и антарктические воды.,Amir,Amazon Translate
Стеганые изделия превращают обрывки ткани в одеяла и предметы искусства.,Amir,Amazon Translate
Мост Золотые ворота пересекает залив Сан-Франциско.,Amir,Amazon Translate
Физиотерапия восстанавливает движение после травм.,Amir,Amazon Translate
Гарриет Табмен привела порабощенных людей к свободе.,Amir,Amazon Translate
Изготовление керамики включает формование и обжиг глины.,Amir,Amazon Translate
Логарифмы упрощают вычисления умножения и деления.,Amir,Amazon Translate
Черты характера формируют индивидуальность человека.,Amir,Amazon Translate
Скептицизм сомневается в утверждениях без достаточных доказательств.,Amir,Amazon Translate
Исламские молитвенные лица в сторону Мекки.,Amir,Amazon Translate
Общественный транспорт уменьшает пробки на дорогах.,Amir,Amazon Translate
Облачное хранилище защищает личные устройства от данных.,Amir,Amazon Translate
Оливки выращиваются в основном в средиземноморских регионах.,Amir,Amazon Translate
Художники эпохи Возрождения усовершенствовали перспективные техники.,Amir,Amazon Translate
Подводное плавание позволяет проводить подводные исследования вблизи поверхности.,Amir,Amazon Translate
Органическая химия изучает молекулы на основе углерода.,Amir,Amazon Translate
Социальные роли определяют ожидания в отношении поведения.,Amir,Amazon Translate
Брандмауэры защищают компьютерные сети от несанкционированного доступа.,Amir,Amazon Translate
Витамин D помогает усваивать кальций для здоровья костей.,Amir,Amazon Translate
Феодалы управляли средневековыми европейскими землями.,Amir,Amazon Translate
Народные сказки передают культурную мудрость из поколения в поколение.,Amir,Amazon Translate
В Азии самое большое население в мире.,Amir,Amazon Translate
"Соревнования по легкой атлетике включают бег, прыжки и метание.",Amir,Amazon Translate
Понимание списков упрощает структуру программного кода.,Amir,Amazon Translate
Сверхновые звезды означают гибель массивных звезд.,Amir,Amazon Translate
Эмоциональный интеллект способствует здоровым отношениям.,Amir,Amazon Translate
Метафизика исследует реальность за пределами физического мира.,Amir,Amazon Translate
Реинкарнация предполагает возвращение душ в новых телах.,Amir,Amazon Translate
Моцарт сочинял симфонии в эпоху классицизма.,Amir,Amazon Translate
Индонезия — крупнейшее островное государство мира.,Amir,Amazon Translate
"В Африке больше стран, чем на любом континенте.",Amir,Amazon Translate
Ежедневная ходьба может снизить кровяное давление.,Amir,Amazon Translate
Юлий Цезарь объявил себя пожизненным диктатором.,Amir,Amazon Translate
"В качестве материалов скульпторы используют глину, камень, дерево или металл.",Amir,Amazon Translate
Гора Килиманджаро самая высокая в Африке.,Amir,Amazon Translate
Поднятие тяжестей увеличивает плотность костей.,Amir,Amazon Translate
День независимости знаменует освобождение от колониального господства.,Amir,Amazon Translate
Млечный Путь — наша родная галактика.,Amir,Amazon Translate
Уверенность в себе поддерживает позитивное социальное взаимодействие.,Amir,Amazon Translate
Дедуктивная логика делает выводы на основе предпосылок.,Amir,Amazon Translate
Практики медитации существуют во многих восточных религиях.,Amir,Amazon Translate
"Браки — это официально оформленные партнерские отношения, признанные обществом.",Amir,Amazon Translate
Народная музыка сохраняет традиционные истории в песенной форме.,Amir,Amazon Translate
Верхнее озеро — самое большое озеро Северной Америки.,Amir,Amazon Translate
Аэробные упражнения требуют постоянного приема кислорода.,Amir,Amazon Translate
Первая мировая война закончилась Версальским договором.,Amir,Amazon Translate
Приготовление блюд на гриле осуществляется с помощью прямого нагрева.,Amir,Amazon Translate
Кислоты имеют pH ниже 7.,Amir,Amazon Translate
Личное развитие часто означает освоение новых навыков.,Amir,Amazon Translate
У этических дилемм есть аргументы с разных сторон.,Amir,Amazon Translate
Ислам требует ежедневной молитвы в определенное время.,Amir,Amazon Translate
Социальные сети объединяют людей по всему миру в Интернете.,Amir,Amazon Translate
Электронные книги обеспечивают портативный доступ к литературе.,Amir,Amazon Translate
Папайя лучше всего растет в тропическом климате.,Amir,Amazon Translate
Сюрреализм подчеркивает сказочные сцены в искусстве.,Amir,Amazon Translate
Багдад расположен недалеко от реки Тигр.,Amir,Amazon Translate
Клетчатка улучшает здоровье пищеварительной системы.,Amir,Amazon Translate
Закон о гражданских правах запрещает расовую дискриминацию.,Amir,Amazon Translate
"Тренировки высвобождают эндорфины, улучшающие настроение.",Amir,Amazon Translate
Альберт Эйнштейн разработал общую теорию относительности.,Amir,Amazon Translate
Городское садоводство выращивает растения в городах.,Amir,Amazon Translate
"Простые множители умножаются, чтобы получить исходные числа.",Amir,Amazon Translate
"Молния возникает, когда электрические заряды внезапно разряжаются.",Amir,Amazon Translate
Эмпатия помогает создавать более сильные сообщества.,Amir,Amazon Translate
Рассуждение на основе аналогии позволяет сравнивать ситуации.,Amir,Amazon Translate
"Даосизм предполагает, что гармония с природой приносит удовлетворение.",Amir,Amazon Translate
Общественное мнение влияет на политические решения.,Amir,Amazon Translate
Дроны фотографируют пейзажи сверху.,Amir,Amazon Translate
Оперные певцы проходят строгую вокальную подготовку.,Amir,Amazon Translate
Горы Анды тянутся вдоль запада Южной Америки.,Amir,Amazon Translate
Кофе появился в Эфиопии.,Amir,Amazon Translate
Умеренное употребление кофе может повысить бдительность.,Amir,Amazon Translate
Король Генрих VIII основал Англиканскую церковь.,Amir,Amazon Translate
Футбольные матчи делят время на два тайма.,Amir,Amazon Translate
Пазлы судоку бросают вызов логическому мышлению.,Amir,Amazon Translate
Отрасли химии включают органические и неорганические типы.,Amir,Amazon Translate
Атомы расположены в виде повторяющихся узоров в кристаллах.,Amir,Amazon Translate
Благодарность улучшает эмоциональное благополучие.,Amir,Amazon Translate
Логические утверждения должны быть верными или ложными.,Amir,Amazon Translate
"Деизм верит в Бога, но не в организованную религию.",Amir,Amazon Translate
Развод меняет семейные правовые отношения.,Amir,Amazon Translate
Поисковые системы помогают быстро находить цифровую информацию.,Amir,Amazon Translate
Вишня растет на цветущих породах деревьев.,Amir,Amazon Translate
Сонаты — это музыкальные композиции для сольных инструментов.,Amir,Amazon Translate
Сауны способствуют потоотделению и расслаблению.,Amir,Amazon Translate
Цивилизации создали клинопись в Месопотамии.,Amir,Amazon Translate
Гребля активирует основные группы мышц.,Amir,Amazon Translate
Архипелаг описывает цепочки островов.,Amir,Amazon Translate
Природный газ эффективно обогревает дома.,Amir,Amazon Translate
"Мудрость состоит из опыта, знаний и здравого смысла.",Amir,Amazon Translate
Объективность исследования облаков смещения.,Amir,Amazon Translate
Греческое православное христианство следует византийским традициям.,Amir,Amazon Translate
Перепись регулярно подсчитывает данные о населении.,Amir,Amazon Translate
Умные часы отслеживают занятия фитнесом и календарные события.,Amir,Amazon Translate
Реки постепенно разрушают долины на протяжении веков.,Amir,Amazon Translate
Уличное искусство включает фрески и инсталляции в общественных местах.,Amir,Amazon Translate
Калифорнийская долина Йосемити привлекает любителей активного отдыха.,Amir,Amazon Translate
Протеиновые порошки дополняют диеты для спортсменов.,Amir,Amazon Translate
Жанна д'Арк возглавляла французские армии против английских войск.,Amir,Amazon Translate
"Десерты часто имеют вкус сахара, шоколада или фруктов.",Amir,Amazon Translate
Экспоненты показывают многократное умножение чисел.,Amir,Amazon Translate
Океанские приливы меняются в основном из-за гравитационного притяжения Луны.,Amir,Amazon Translate
Переменные в экспериментах систематически влияют на результаты.,Amir,Amazon Translate
Творческое самовыражение поощряет индивидуальность.,Amir,Amazon Translate
Абсурдизм подчеркивает бессмысленность философских перспектив.,Amir,Amazon Translate
"В Японии синтоизм почитает духов, которых называют ками.",Amir,Amazon Translate
Гражданские свободы защищают права на личную свободу.,Amir,Amazon Translate
Криптография обеспечивает цифровую связь с помощью сложных алгоритмов.,Amir,Amazon Translate
Облачные вычисления совместно используют вычислительные ресурсы через подключение к Интернету.,Amir,Amazon Translate
Апельсины процветают в средиземноморском и субтропическом климате.,Amir,Amazon Translate
Мозаичные произведения искусства соединяют небольшие плитки или камни.,Amir,Amazon Translate
Антарктида — самый сухой и холодный континент.,Amir,Amazon Translate
Катание на горных велосипедах требует умелого баланса и координации.,Amir,Amazon Translate
Палеонтология изучает окаменелости для понимания древних организмов.,Amir,Amazon Translate
Политические партии объединяют своих членов в соответствии с общими убеждениями.,Amir,Amazon Translate
Программное обеспечение брандмауэра предотвращает попадание нежелательного трафика в компьютерные системы.,Amir,Amazon Translate
Витамин B12 способствует функционированию нервной системы и образованию эритроцитов.,Amir,Amazon Translate
Карл Великий правил Западной Европой после падения Рима.,Amir,Amazon Translate
Эпическая поэзия использует героические действия и грандиозные темы.,Amir,Amazon Translate
"Азия занимает больше территории, чем другие континенты.",Amir,Amazon Translate
Пятиборье объединяет пять спортивных соревнований.,Amir,Amazon Translate
Булева логика ограничивает значения состояниями true или false.,Amir,Amazon Translate
Галактики медленно вращаются вокруг своих массивных центров.,Amir,Amazon Translate
"Мораль определяет, что считается правильным, а что нет.",Amir,Amazon Translate
Пантеизм рассматривает божественность во всех аспектах вселенной.,Amir,Amazon Translate
Пикассо основал движение кубизма в искусстве.,Amir,Amazon Translate
Гренландия — самый большой остров Земли.,Amir,Amazon Translate
Соединенные Штаты разделены на несколько часовых поясов.,Amir,Amazon Translate
Вторая мировая война закончилась капитуляцией Японии.,Amir,Amazon Translate
Кровь течет по сети сосудов.,Amir,Amazon Translate
Идентичность формирует представление людей о себе.,Amir,Amazon Translate
Силлогизмы используют логику для дедуктивного мышления.,Amir,Amazon Translate
Атеизм — это неверие в существование божеств.,Amir,Amazon Translate
Светские общества отделяют религию от государственных дел.,Amir,Amazon Translate
Bluetooth соединяет устройства по беспроводной сети на коротких расстояниях.,Amir,Amazon Translate
Гарлемское Возрождение способствовало развитию искусства чернокожих американцев.,Amir,Amazon Translate
Мадрид — столица и крупнейший город Испании.,Amir,Amazon Translate
Плавание на кругах повышает аэробную физическую форму.,Amir,Amazon Translate
Договоры формализуют мир между странами.,Amir,Amazon Translate
Жарка готовит пищу в горячем масле.,Amir,Amazon Translate
Калькуляторы ускоряют выполнение арифметических задач.,Amir,Amazon Translate
Вся материя состоит из атомов.,Amir,Amazon Translate
Обычный сон улучшает эмоциональное здоровье.,Amir,Amazon Translate
Индуктивная логика делает обобщения на основе фактических данных.,Amir,Amazon Translate
"Даосы стремятся к непринужденным действиям, или ву-вэй.",Amir,Amazon Translate
Благотворительные организации помогают нуждающимся сообществам.,Amir,Amazon Translate
Автоматизированные фабрики эффективно увеличивают выпуск продукции.,Amir,Amazon Translate
Киви лучше всего растут в умеренном климате.,Amir,Amazon Translate
"Поп-группы часто используют гитару, бас и барабаны.",Amir,Amazon Translate
Маттерхорн находится на территории Швейцарии и Италии.,Amir,Amazon Translate
Медленное питание может снизить потребление калорий.,Amir,Amazon Translate
Китайские династии ознаменовали исторические периоды правящими семьями.,Amir,Amazon Translate
Катание на роликах сочетает в себе навыки равновесия и координации.,Amir,Amazon Translate
Транспортиры измеряют размеры углов для решения геометрических задач.,Amir,Amazon Translate
Проводники легко передают электрический ток.,Amir,Amazon Translate
Внимательность помогает сосредоточить внимание на настоящем.,Amir,Amazon Translate
Аналогии сравнивают сходство между несвязанными темами.,Amir,Amazon Translate
"Гуманизм ценит разум, науку и человеческое достоинство.",Amir,Amazon Translate
Священные тексты определяют религиозные учения.,Amir,Amazon Translate
Судебные органы интерпретируют законы в судебных системах.,Amir,Amazon Translate
Гибридные автомобили сочетают бензин и электроэнергию.,Amir,Amazon Translate
"Манго — это косточковые фрукты, произрастающие в Азии.",Amir,Amazon Translate
Цифровой коллаж объединяет несколько визуальных элементов в электронном виде.,Amir,Amazon Translate
"Волынка исполняет музыку, используя огороженный тростник.",Amir,Amazon Translate
Побережье Амальфи славится своей живописной красотой.,Amir,Amazon Translate
Регулярный бег трусцой снижает риск сердечных заболеваний.,Amir,Amazon Translate
Крымская война изменила европейские альянсы.,Amir,Amazon Translate
Для вязания используются пряжа и иглы для изготовления ткани.,Amir,Amazon Translate
Суммирование рядов складывает последовательные числа.,Amir,Amazon Translate
Статическое электричество иногда заставляет волосы вставать.,Amir,Amazon Translate
Витамин Е действует как антиоксидант.,Amir,Amazon Translate
Этника влияет на повседневные обычаи и традиции.,Amir,Amazon Translate
"Лютеране следуют доктринам, установленным во время протестантской Реформации.",Amir,Amazon Translate
Консенсус предполагает общее согласие между членами группы.,Amir,Amazon Translate
Беспроводные наушники исключают шнуры для аудиоустройств.,Amir,Amazon Translate
Морковь хранит питательные вещества под землей в виде корней.,Amir,Amazon Translate
Венецианские маски украшены изысканными украшениями.,Amir,Amazon Translate
Исландцы любят бассейны с геотермальным подогревом.,Amir,Amazon Translate
Шпинат содержит железо и витамины A и C.,Amir,Amazon Translate
Спарта была известна в Греции своей милитаристской культурой.,Amir,Amazon Translate
Игра в шахматы повышает способность к стратегическому мышлению.,Amir,Amazon Translate
"Гравитация притягивает падающие объекты к Земле со скоростью 9,8 м/с².",Amir,Amazon Translate
Недиализм устраняет различие между субъектным и объектным опытом.,Amir,Amazon Translate
Дзен-буддизм практикует медитацию осознанности.,Amir,Amazon Translate
Референдумы позволяют проводить прямое голосование по конкретным вопросам.,Amir,Amazon Translate
Дорожные сигналы регулируют перекрестки.,Amir,Amazon Translate
Тигры живут в основном в лесах и лугах Азии.,Amir,Amazon Translate
Оперы включают арии в исполнении сольных исполнителей.,Amir,Amazon Translate
Чехи официально говорят на чешском языке.,Amir,Amazon Translate
Египтяне разработали одну из самых ранних форм письма.,Amir,Amazon Translate
Пудели относятся к породам собак-компаньонов.,Amir,Amazon Translate
Барбаросса была кампанией нацистской Германии против Советского Союза.,Amir,Amazon Translate
Багаж защищает вещи во время путешествия.,Amir,Amazon Translate
Площадь измеряет размер поверхности в математике.,Amir,Amazon Translate
Атомные массы примерно равны сумме протонов и нейтронов вместе взятых.,Amir,Amazon Translate
Влияние сверстников значительно влияет на выбор подростков.,Amir,Amazon Translate
Критический рационализм делает упор на тестирование идей для улучшения.,Amir,Amazon Translate
Символика креста присутствует во многих религиях.,Amir,Amazon Translate
Парламент обсуждает и принимает новые законодательные акты.,Amir,Amazon Translate
Сетки помогают географам точно определять местоположение.,Amir,Amazon Translate
"В почве обитают организмы, необходимые для роста растений.",Amir,Amazon Translate
Грейпфрут относится к семейству цитрусовых.,Amir,Amazon Translate
Нефрит ценится для резьбы и украшений.,Amir,Amazon Translate
Колокольный звон используется для сигнализации о событиях.,Amir,Amazon Translate
Империя инков простиралась на западную часть Южной Америки.,Amir,Amazon Translate
Исторически сегрегация разделяла американские учреждения по расовому признаку.,Amir,Amazon Translate
Кондиционер охлаждает здания в теплых регионах.,Amir,Amazon Translate
Push-уведомления мгновенно доходят до пользователей мобильных устройств.,Amir,Amazon Translate
Рембрандт написал множество автопортретов.,Amir,Amazon Translate
Суматра — один из крупнейших островов Индонезии.,Amir,Amazon Translate
Исландия расположена на Среднеатлантическом хребте.,Amir,Amazon Translate
Растяжка перед тренировкой предотвращает повреждение мышц.,Amir,Amazon Translate
Французская революция началась в 1789 году.,Amir,Amazon Translate
"Кулинарное искусство включает выпечку, приготовление на гриле, запекание и тушение.",Amir,Amazon Translate
У шестиугольника шесть сторон.,Amir,Amazon Translate
Для перемещения звука необходим носитель.,Amir,Amazon Translate
Саморефлексия улучшает личное понимание.,Amir,Amazon Translate
Индуктивное мышление использует наблюдение для формирования теорий.,Amir,Amazon Translate
Синтоистские святыни распространены в Японии.,Amir,Amazon Translate
В конституциях описываются государственные структуры и права.,Amir,Amazon Translate
Оптоволоконные кабели передают световые сигналы.,Amir,Amazon Translate
Гранаты произрастают в Иране и северной Индии.,Amir,Amazon Translate
Классический балет зародился в Италии в эпоху Возрождения.,Amir,Amazon Translate
Монреаль — город в провинции Квебек.,Amir,Amazon Translate
"Быстрая ходьба сжигает больше калорий, чем медленная.",Amir,Amazon Translate
День перемирия посвящен окончанию Первой мировой войны.,Amir,Amazon Translate
Супы могут быть бульонными или сливочными.,Amir,Amazon Translate
В алгебраических выражениях для обозначения чисел используются буквы.,Amir,Amazon Translate
"Материя существует в виде твердых тел, жидкостей или газов.",Amir,Amazon Translate
Дофамин регулирует настроение и мотивацию.,Amir,Amazon Translate
Логические аргументы имеют действительную или неправильную форму.,Amir,Amazon Translate
Пантеизм рассматривает природу как божественную природу.,Amir,Amazon Translate
Члены духовенства часто проводят религиозные церемонии.,Amir,Amazon Translate
Камеры дронов снимают перспективы с воздуха.,Amir,Amazon Translate
Капуста хорошо растет в прохладном климате.,Amir,Amazon Translate
Клавесин был популярен в музыке барокко.,Amir,Amazon Translate
Озеро Байкал самое глубокое в мире.,Amir,Amazon Translate
Скакалка улучшает частоту сердечных сокращений и координацию.,Amir,Amazon Translate
Миссии «Аполлон» исследовали поверхность Луны.,Amir,Amazon Translate
Художники используют смешанную технику для создания творческих эффектов.,Amir,Amazon Translate
"Растровые изображения — это цифровые изображения, состоящие из пикселей.",Amir,Amazon Translate
Рисовые террасы контролируют воду для сельского хозяйства.,Amir,Amazon Translate
"Голодание возникает, когда потребление калорий падает слишком низко.",Amir,Amazon Translate
Ферменты ускоряют химические реакции в клетках.,Amir,Amazon Translate
Круглые предметы плавно катятся по плоским поверхностям.,Amir,Amazon Translate
"Чайные предлагают любителям выпить, общаясь с друзьями в Азии.",Amir,Amazon Translate
Космология исследует происхождение и структуру Вселенной.,Amir,Amazon Translate
Добродетели определяют этичное поведение в разных культурах.,Amir,Amazon Translate
Религиозные традиции влияют на моральный выбор.,Amir,Amazon Translate
Голосование обеспечивает участие общественности в управлении.,Amir,Amazon Translate
Резервное копирование в облаке защищает цифровые данные за пределами офиса.,Amir,Amazon Translate
"В джазовых группах есть духовые, духовые и ритм-секции.",Amir,Amazon Translate
Синайский полуостров соединяет Африку и Азию.,Amir,Amazon Translate
Бадминтон требует быстрых рефлексов и ловкости.,Amir,Amazon Translate
"Атомы содержат протоны, нейтроны и электроны.",Amir,Amazon Translate
Сенсорные нейроны передают стимулы в мозг.,Amir,Amazon Translate
Конфессиональная поэзия раскрывает личные эмоциональные переживания.,Amir,Amazon Translate
Ежегодно озеро Чад сильно меняется по размеру.,Amir,Amazon Translate
Бег назад затрагивает разные мышцы.,Amir,Amazon Translate
Терапия в сауне способствует выведению токсинов из организма.,Amir,Amazon Translate
"Эрозия формирует ландшафт, удаляя почву и скалы.",Amir,Amazon Translate
Монахини посвящают свою жизнь духовному служению.,Amir,Amazon Translate
Дизайн освещения создает атмосферу в театрах и на мероприятиях.,Amir,Amazon Translate
Кроссворды улучшают словарный запас английского языка.,Amir,Amazon Translate
Бронхиолы снабжают воздухом альвеолы легких.,Amir,Amazon Translate
Нанотехнология позволяет манипулировать веществом в атомных масштабах.,Amir,Amazon Translate
Суффиксы изменяют значение базовых слов.,Amir,Amazon Translate
Эволюция человека началась миллионы лет назад.,Amir,Amazon Translate
Когда-то трамваи доминировали в городских транспортных сетях.,Amir,Amazon Translate
Вероятность оценивает вероятность события математически.,Amir,Amazon Translate
Стандартное отклонение измеряет изменчивость данных.,Amir,Amazon Translate
"Фрейд разработал концепции ида, эго и суперэго.",Amir,Amazon Translate
Иконоборчество исторически сопротивлялось религиозным образам.,Amir,Amazon Translate
Правительства штатов принимают местную политику.,Amir,Amazon Translate
Султаны правили Османской империей.,Amir,Amazon Translate
Страны подписывают договоры для мирного разрешения споров.,Amir,Amazon Translate
Строки и столбцы упорядочивают информацию электронной таблицы.,Amir,Amazon Translate
Прорывные течения отталкивают пловцов от берега.,Amir,Amazon Translate
Бабочки опыляют цветущие растения.,Amir,Amazon Translate
Актуарии оценивают финансовые риски с помощью математических моделей.,Amir,Amazon Translate
Термодинамика описывает тепловые и рабочие отношения.,Amir,Amazon Translate
Лирические стихи лаконично выражают сильные эмоции.,Amir,Amazon Translate
Политеизм поклоняется нескольким божествам.,Amir,Amazon Translate
Полигамия позволяет вступать в брак с несколькими партнерами.,Amir,Amazon Translate
Автомобили произвели революцию в транспорте двадцатого века.,Amir,Amazon Translate
"Светодиодные лампы потребляют меньше электроэнергии, чем лампы накаливания.",Amir,Amazon Translate
Глубоководные желоба обозначают границы между тектоническими плитами.,Amir,Amazon Translate
Краудфандинг поддерживает проекты за счет небольших индивидуальных пожертвований.,Amir,Amazon Translate
Плотоядные животные питаются преимущественно тканями животных.,Amir,Amazon Translate
"Городские легенды широко распространяются, несмотря на сомнительную правду.",Amir,Amazon Translate
Критический реализм сочетает объективные факты и субъективные точки зрения.,Amir,Amazon Translate
Техника фрески заключается в рисовании на влажной штукатурке.,Amir,Amazon Translate
Церковные хоры гармонично исполняют гимны.,Amir,Amazon Translate
Спектры поглощения помогают определить состав элементов.,Amir,Amazon Translate
Ягуары обитают в тропических лесах Центральной и Южной Америки.,Amir,Amazon Translate
В 2008 году Пекин принимал у себя летние Олимпийские игры.,Amir,Amazon Translate
Коды шифрования данных ограничивают несанкционированный доступ.,Amir,Amazon Translate
Холодный ветер делает холодный воздух холоднее.,Amir,Amazon Translate
Сфинкс находится рядом с пирамидами Египта.,Amir,Amazon Translate
Мадагаскар — островное государство у побережья Африки.,Amir,Amazon Translate
Прыжки на домкратах быстро повышают частоту сердечных сокращений.,Amir,Amazon Translate
Великая хартия вольностей ограничивала английскую королевскую власть.,Amir,Amazon Translate
"Граффити — это искусство, нарисованное на общественных поверхностях.",Amir,Amazon Translate
У пятиугольника пять прямых сторон.,Amir,Amazon Translate
Уважение формирует у людей позитивную самооценку.,Amir,Amazon Translate
Эмпирические данные подтверждают логические выводы.,Amir,Amazon Translate
Ритуалы повторяют ключевые события для молящихся.,Amir,Amazon Translate
Гражданские права существуют для защиты индивидуальных свобод.,Amir,Amazon Translate
Технология Bluetooth заменяет физические кабели.,Amir,Amazon Translate
Фисташки — это разновидность зеленого ореха.,Amir,Amazon Translate
Haute couture — это мода высокого класса на заказ.,Amir,Amazon Translate
Касабланка — крупнейший город Марокко по численности населения.,Amir,Amazon Translate
Регулярная езда на велосипеде укрепляет мышцы ног.,Amir,Amazon Translate
Александр Великий распространил эллинистическую культуру.,Amir,Amazon Translate
При медленном приготовлении вкус становится более глубоким.,Amir,Amazon Translate
В уравнении используются знаки равенства между двумя выражениями.,Amir,Amazon Translate
"Молекулы образуются, когда атомы делятся электронами или переносят их.",Amir,Amazon Translate
Последовательный распорядок дня снижает стресс и беспокойство.,Amir,Amazon Translate
Дедуктивная логика применяет общие правила к конкретным случаям.,Amir,Amazon Translate
Гуманизм ставит во главу угла человеческое благополучие и достоинство.,Amir,Amazon Translate
Проповеди содержат религиозные послания и уроки.,Amir,Amazon Translate
Фитнес-трекеры отслеживают уровень физической активности.,Amir,Amazon Translate
Манго прекрасно себя чувствует в теплом влажном климате.,Amir,Amazon Translate
Живопись в стиле барокко показывает драматические контрасты света и тени.,Amir,Amazon Translate
Тоскана расположена на холмистой местности центральной Италии.,Amir,Amazon Translate
Слишком много перекусов приводит к увеличению веса.,Amir,Amazon Translate
На пике своего расцвета Римская империя охватывала три континента.,Amir,Amazon Translate
Аренда позволяет организовать временное проживание.,Amir,Amazon Translate
Железные гвозди ржавеют во влажных условиях.,Amir,Amazon Translate
Регулярная практика внимательности снижает импульсивное поведение.,Amir,Amazon Translate
Аналогии проясняют абстрактные идеи на соответствующих примерах.,Amir,Amazon Translate
Прагматизм оценивает действия на основе практических результатов.,Amir,Amazon Translate
Священные тексты формируют религиозные традиции.,Amir,Amazon Translate
Законодательные органы пишут и пересматривают законодательные акты.,Amir,Amazon Translate
Сотовые телефоны используют сотовые сети для связи.,Amir,Amazon Translate
Репа растет как корнеплод под землей.,Amir,Amazon Translate
Витражи украшают многие старые церкви.,Amir,Amazon Translate
Сингапур известен строгими правилами чистоты.,Amir,Amazon Translate
Калий поддерживает баланс жидкости в клетках.,Amir,Amazon Translate
Гендерные роли определяются культурой и историей.,Amir,Amazon Translate
Архиепископы контролируют большие христианские территории.,Amir,Amazon Translate
"Социальные контракты объясняют, как законы возникают на основе публичного соглашения.",Amir,Amazon Translate
Онлайн-форумы позволяют проводить групповые обсуждения по всему миру.,Amir,Amazon Translate
Византийские мозаики иллюстрируют библейские сцены на золотом фоне.,Amir,Amazon Translate
Килиманджаро возвышается над равнинами Восточной Африки.,Amir,Amazon Translate
В хоккее на траве используются клюшки и твердые мячи.,Amir,Amazon Translate
Атомы углерода легко соединяются в длинные органические молекулы.,Amir,Amazon Translate
Нервные сигналы быстро передают сенсорные сообщения.,Amir,Amazon Translate
Измеритель измеряет длину в метрической системе.,Amir,Amazon Translate
Эпические романы рассказывают о героях из поколения в поколение и путешествиях.,Amir,Amazon Translate
"Анимизм рассматривает духов, населяющих природные объекты.",Amir,Amazon Translate
Шариат влияет на законодательство в некоторых исламских странах.,Amir,Amazon Translate
Дипломатия заключает мирные соглашения на международном уровне.,Amir,Amazon Translate
Референдумы поощряют прямую демократию в решении вопросов.,Amir,Amazon Translate
Широта измеряет расстояние к северу или югу от экватора.,Amir,Amazon Translate
Ураганы вращаются из-за эффекта Кориолиса на Земле.,Amir,Amazon Translate
Шмели помогают удобрять цветы в поисках нектара.,Amir,Amazon Translate
Аналитики ежедневно интерпретируют тенденции фондового рынка.,Amir,Amazon Translate
Датчики движения обнаруживают движение в помещении и на улице.,Amir,Amazon Translate
Мосты поддерживают дороги через реки или долины.,Amir,Amazon Translate
Астма ограничивает дыхание во время определенных триггеров.,Amir,Amazon Translate
Глифы передают язык с помощью символов на основе изображений.,Amir,Amazon Translate
Исследователи Арктики сталкиваются с экстремальным холодом и изоляцией.,Amir,Amazon Translate
Кинематография жизненно важна для повествования в фильмах.,Amir,Amazon Translate
Четвероногие естественным образом ходят на четырех ногах.,Amir,Amazon Translate
Отпечатки пальцев обеспечивают уникальные методы идентификации личности.,Amir,Amazon Translate
Бэнкси — известный неизвестный уличный художник.,Amir,Amazon Translate
Тибет расположен на самом высоком плато в мире.,Amir,Amazon Translate
"Бразилия граничит со всеми странами Южной Америки, кроме Чили и Эквадора.",Amir,Amazon Translate
Приседания прорабатывают мышцы брюшного пресса и силу тела.,Amir,Amazon Translate
Высадка на Луну произошла в 1969 году.,Amir,Amazon Translate
Уличная фотография позволяет запечатлеть откровенные моменты в общественных местах.,Amir,Amazon Translate
Жидкости принимают форму контейнеров.,Amir,Amazon Translate
Личные достижения повышают самооценку и мотивацию.,Amir,Amazon Translate
Интуиция дополняет логический анализ при принятии решений.,Amir,Amazon Translate
Сикхизм возник в Пенджабе в XV веке.,Amir,Amazon Translate
Публичные библиотеки предлагают бесплатные книги для общественного пользования.,Amir,Amazon Translate
Семена кунжута используются в выпечке и кулинарии.,Amir,Amazon Translate
"Болливудские фильмы сочетают в себе музыку, драму и танец.",Amir,Amazon Translate
Бангкок — столица и крупнейший город Таиланда.,Amir,Amazon Translate
Силовая ходьба повышает выносливость при минимальном воздействии на суставы.,Amir,Amazon Translate
Декларация независимости была подписана в 1776 году.,Amir,Amazon Translate
При домашнем пивоварении пиво производится путем контролируемой ферментации.,Amir,Amazon Translate
Десятичные числа выражают дробные значения с использованием условных обозначений.,Amir,Amazon Translate
"Газы расширяются, заполняя любое доступное пространство.",Amir,Amazon Translate
Рутина помогает детям чувствовать себя в безопасности.,Amir,Amazon Translate
Циркулярная аргументация повторяет утверждения без веских доказательств.,Amir,Amazon Translate
Трансцендентализм подчеркивает интуицию и естественную духовность.,Amir,Amazon Translate
Священники возглавляют христианские общины и церемонии.,Amir,Amazon Translate
"Носимая технология отслеживает шаги, частоту сердечных сокращений или циклы сна.",Amir,Amazon Translate
Гуава растет на тропических вечнозеленых деревьях.,Amir,Amazon Translate
Экспрессионизм передает эмоции с помощью ярких цветов и форм.,Amir,Amazon Translate
В Рио-де-Жанейро есть знаменитые пляжи и карнавальные парады.,Amir,Amazon Translate
Перекус в середине утра может нарушить регулирование аппетита.,Amir,Amazon Translate
Империя ацтеков доминировала в центральной Мексике до контакта с Европой.,Amir,Amazon Translate
Соседи по комнате разделяют расходы и домашние обязанности вместе.,Amir,Amazon Translate
В високосный год к февралю добавляется еще один день.,Amir,Amazon Translate
"Алюминий лучше противостоит коррозии, чем железо.",Amir,Amazon Translate
Бюджетирование ограничивает ненужные расходы в долгосрочной перспективе.,Amir,Amazon Translate
Символизм придает объектам более широкое значение в историях или искусстве.,Amir,Amazon Translate
Феноменология систематически изучает сознательные переживания.,Amir,Amazon Translate
Притчи учат нравственности в религиозных писаниях.,Amir,Amazon Translate
Исполнительная власть обеспечивает соблюдение законов на уровне правительства.,Amir,Amazon Translate
Оптоволоконная оптика значительно повышает скорость интернета.,Amir,Amazon Translate
Граффити выражает социальные сообщения на городских поверхностях.,Amir,Amazon Translate
Пасторы консультируют прихожан по вопросам веры.,Amir,Amazon Translate
Гражданские иски разрешают неуголовные правовые разногласия.,Amir,Amazon Translate
Цифровые платформы позволяют легко общаться по всему миру.,Amir,Amazon Translate
"Опылители помогают растениям размножаться, перенося пыльцу.",Amir,Amazon Translate
"В архитектуре ар-деко используются геометрические, обтекаемые конструкции.",Amir,Amazon Translate
Скалистые горы образуют самый длинный непрерывный горный массив Северной Америки.,Amir,Amazon Translate
"Бейсбол заключается в том, чтобы бить битами мячи по базам.",Amir,Amazon Translate
Двигательные нейроны контролируют движение мышц во всем теле.,Amir,Amazon Translate
Драмы посвящены эмоциональному развитию или конфликту.,Amir,Amazon Translate
Стоицизм учит добродетели как величайшему благу жизни.,Amir,Amazon Translate
Проповедники читают проповеди во время богослужений.,Amir,Amazon Translate
Судьи интерпретируют правила в соответствии с действующим законодательством.,Amir,Amazon Translate
Смартфоны работают на мобильных операционных системах.,Amir,Amazon Translate
Редька быстро созревает от семян до сбора урожая.,Amir,Amazon Translate
Фрески украшают здания большими нарисованными изображениями.,Amir,Amazon Translate
Сеул — столица Южной Кореи.,Amir,Amazon Translate
Фосфор способствует формированию здоровых костей и зубов.,Amir,Amazon Translate
Социальные роли определяют ожидаемое поведение в группах.,Amir,Amazon Translate
Монахи посвящают свою жизнь молитве и обучению.,Amir,Amazon Translate
Петиции собирают подписи под запросами на изменение политики.,Amir,Amazon Translate
Текстовые сообщения передают короткие сообщения в цифровом виде.,Amir,Amazon Translate
Эндемичные виды обитают только в определенных географических регионах.,Amir,Amazon Translate
Катание на собачьих упряжках позволяет перевозить припасы по заснеженной местности.,Amir,Amazon Translate
Римская мозаика украшала полы и стены крошечной плиткой.,Amir,Amazon Translate
Базовый лагерь Эверест привлекает любителей треккинга со всего мира.,Amir,Amazon Translate
Повара профессионально создают кулинарные рецепты.,Amir,Amazon Translate
Длинное деление разделяет числа на целые части.,Amir,Amazon Translate
Генетика объясняет наследственные характеристики живых существ.,Amir,Amazon Translate
Короткая художественная литература рассказывает полные истории на нескольких страницах.,Amir,Amazon Translate
Тотемные столбы символизируют родословную коренных народов.,Amir,Amazon Translate
Аниматоры оживляют персонажей кадр за кадром.,Amir,Amazon Translate
"К ракообразным относятся крабы, омары и креветки.",Amir,Amazon Translate
Хокусай создал знаменитую гравюру «Великая волна у Канагавы».,Amir,Amazon Translate
Тасмания — островное государство Австралии.,Amir,Amazon Translate
Швейцария не имеет выхода к морю и граничит с пятью странами.,Amir,Amazon Translate
Отжимания используют массу тела для тренировок с отягощениями.,Amir,Amazon Translate
Миссия «Аполлон-13» на Луну была на грани катастрофы.,Amir,Amazon Translate
Каллиграфия требует тщательного контроля мазков пера или кисти.,Amir,Amazon Translate
Круг имеет бесконечное количество линий симметрии.,Amir,Amazon Translate
Вещество сохраняется в физических или химических реакциях.,Amir,Amazon Translate
Ежедневные аффирмации могут способствовать росту самооценки.,Amir,Amazon Translate
Методы исследования проверяют гипотезы путем наблюдения.,Amir,Amazon Translate
"В садах дзен эстетично расположены скалы, песок и растения.",Amir,Amazon Translate
Гражданские обязанности включают голосование и работу присяжных.,Amir,Amazon Translate
Беспроводная сеть позволяет подключать устройства без шнуров.,Amir,Amazon Translate
Высушенные на солнце помидоры используются в качестве кулинарных ингредиентов.,Amir,Amazon Translate
В музыке сальсы сочетаются афро-кубинские ритмы и элементы джаза.,Amir,Amazon Translate
Ванкувер расположен между Тихим океаном и прибрежными горами.,Amir,Amazon Translate
Гребля использует скоординированную силу рук и спины.,Amir,Amazon Translate
Нантский эдикт предоставил Франции свободу вероисповедания.,Amir,Amazon Translate
"Пар готовит овощи, сохраняя при этом больше питательных веществ.",Amir,Amazon Translate
Шестнадцатеричная система использует шестнадцать возможных цифр.,Amir,Amazon Translate
"Плазма проводит электричество лучше, чем газы.",Amir,Amazon Translate
Циркадный ритм влияет на бдительность в разное время.,Amir,Amazon Translate
Аналоговые сигналы постоянно меняются с течением времени.,Amir,Amazon Translate
Структурализм анализирует закономерности в культурных системах.,Amir,Amazon Translate
Священники проводят ритуалы во многих мировых религиях.,Amir,Amazon Translate
Сервисы совместного использования поездок основаны на мобильных приложениях.,Amir,Amazon Translate
"Плоды дуриана сильно пахнут, но имеют сладкий вкус.",Amir,Amazon Translate
В стиле модерн характерны плавные изгибы и естественные формы.,Amir,Amazon Translate
Венский филармонический оркестр — известный классический оркестр.,Amir,Amazon Translate
Еда стоя иногда уменьшает размер порций.,Amir,Amazon Translate
Инки построили обширные дорожные сети в Южной Америке.,Amir,Amazon Translate
Общежития предоставляют совместное жилье в университетах.,Amir,Amazon Translate
Накопление привычек формирует новый распорядок на основе существующих привычек.,Amir,Amazon Translate
Визуальные метафоры символически отображают идеи в искусстве.,Amir,Amazon Translate
Консеквенциализм судит о морали по результатам действий.,Amir,Amazon Translate
Литургии — это установленные формы публичного богослужения.,Amir,Amazon Translate
"Гражданский кодекс охватывает вопросы, не связанные с уголовным правом.",Amir,Amazon Translate
Шифрование шифрует цифровые данные в целях обеспечения конфиденциальности.,Amir,Amazon Translate
Радиккио придает смешанным салатам горький вкус.,Amir,Amazon Translate
Маркировка граффити оставляет идентификатор художника на общественных стенах.,Amir,Amazon Translate
Монахини могут преподавать в школах или ухаживать за больными.,Amir,Amazon Translate
Патентное законодательство временно защищает оригинальные работы изобретателей.,Amir,Amazon Translate
Краудфандинг помогает малым предприятиям привлекать финансовый капитал.,Amir,Amazon Translate
"Пищевая сеть описывает, как энергия течет в экосистемах.",Amir,Amazon Translate
В церквях в стиле барокко в алтарях использовались позолоченные скульптуры.,Amir,Amazon Translate
Аппалачи простираются от Алабамы до Канады.,Amir,Amazon Translate
Ракетки для бадминтона имеют длинные ручки и струнные головки.,Amir,Amazon Translate
При сгорании метан выделяет тепло.,Amir,Amazon Translate
"Свет распространяется быстрее, чем любое другое известное явление.",Amir,Amazon Translate
Кресла поддерживают вес тела во время работы или отдыха.,Amir,Amazon Translate
Эпическая поэзия повествует о героических приключениях или поисках приключений.,Amir,Amazon Translate
Заветы устанавливают обязательные обещания в еврейской традиции.,Amir,Amazon Translate
"Конституционные суды решают, соответствуют ли законы конституции страны.",Amir,Amazon Translate
Посев облаков направлен на искусственное выпадение осадков.,Amir,Amazon Translate
Широкополосная связь обеспечивает высокоскоростное подключение к Интернету.,Amir,Amazon Translate
Соревнования на выносливость проверяют выносливость участников на дистанции.,Amir,Amazon Translate
Танцевальные коллективы активно готовятся к синхронным выступлениям.,Amir,Amazon Translate
Овощи семейства крестоцветных содержат полезные для здоровья соединения.,Amir,Amazon Translate
Эпизодическая память хранит определенные личные переживания.,Amir,Amazon Translate
"Иконописцы создают духовные образы, называемые иконами.",Amir,Amazon Translate
Каноническое право регулирует процедуры в Римско-католической церкви.,Amir,Amazon Translate
Минареты визуально обозначают исламские мечети.,Amir,Amazon Translate
Отделения неотложной помощи лечат опасные для жизни медицинские ситуации.,Amir,Amazon Translate
Янтарь получают из закаленной древесной смолы.,Amir,Amazon Translate
Травоядные животные потребляют только растительный материал.,Amir,Amazon Translate
Стажировки сочетают обучение с практическим опытом работы.,Amir,Amazon Translate
Медийная грамотность позволяет анализировать достоверность новостей.,Amir,Amazon Translate
"Биосферы включают в себя все живые существа, взаимодействующие на глобальном уровне.",Amir,Amazon Translate
Пробирки содержат жидкости во время научных экспериментов.,Amir,Amazon Translate
Глоссарии определяют специальные термины в книгах.,Amir,Amazon Translate
Журавли-оригами символизируют надежду и исцеление.,Amir,Amazon Translate
Функции левого полушария подчеркивают логику и ориентацию на детали.,Amir,Amazon Translate
Фрески Бэнкси часто затрагивают политические темы.,Amir,Amazon Translate
Сицилия — самый большой средиземноморский остров.,Amir,Amazon Translate
По Гринвичу отмечен нулевой долготой нулевой меридиан.,Amir,Amazon Translate
Выпады укрепляют ноги и ягодицы.,Amir,Amazon Translate
Братья Райт управляли первым самолетом.,Amir,Amazon Translate
Анимация в режиме стоп-моушн использует неподвижные изображения для создания движения.,Amir,Amazon Translate
Четырехугольники имеют четыре стороны.,Amir,Amazon Translate
Растворы представляют собой однородные смеси веществ.,Amir,Amazon Translate
Управление временем повышает самоэффективность учащихся.,Amir,Amazon Translate
Эвристика ускоряет сложные процессы принятия решений.,Amir,Amazon Translate
Паломничество привлекает верующих в священные места.,Amir,Amazon Translate
Некоммерческие организации работают без распределения прибыли в виде дивидендов.,Amir,Amazon Translate
Умные термостаты автоматически адаптируют графики нагрева.,Amir,Amazon Translate
Полька родом из Центральной Европы.,Amir,Amazon Translate
Берлин расположен на берегу реки Шпрее.,Amir,Amazon Translate
Женщины получили избирательные права в США в 1920 году.,Amir,Amazon Translate
Бариста профессионально готовят кофейные напитки.,Amir,Amazon Translate
Процентные значения выражают значения из ста.,Amir,Amazon Translate
Дистилляция разделяет жидкости по точкам кипения.,Amir,Amazon Translate
Маркировка пищевых продуктов информирует о выборе здоровой пищи.,Amir,Amazon Translate
"Валидность означает, насколько хорошо тест что-то измеряет.",Amir,Amazon Translate
Логические парадоксы выявляют непреднамеренные противоречия.,Amir,Amazon Translate
Православное христианство использует иконы в богослужениях.,Amir,Amazon Translate
Исполнительные указы определяют действия государственных органов.,Amir,Amazon Translate
Гарнитуры Bluetooth позволяют звонить по телефону в режиме громкой связи.,Amir,Amazon Translate
Куркума придает блюдам желтый цвет и землистый вкус.,Amir,Amazon Translate
Комиксы рассказывают последовательные истории с иллюстрациями.,Amir,Amazon Translate
Дворец Альгамбра отражает исламскую архитектуру Испании.,Amir,Amazon Translate
Курица на гриле обеспечивает нежирный белок для диеты.,Amir,Amazon Translate
Османская империя охватывала части трех континентов.,Amir,Amazon Translate
Арендаторы подписывают договоры аренды при аренде квартир.,Amir,Amazon Translate
Периметр вычисляет общее расстояние вокруг ребра многоугольника.,Amir,Amazon Translate
Кварцевые часы сохраняют точное время с помощью вибраций кристаллов.,Amir,Amazon Translate
Контроль над импульсами предотвращает рискованное поведение детей.,Amir,Amazon Translate
Экзистенциальная философия посвящена свободе и цели человека.,Amir,Amazon Translate
В баснях животные преподают уроки морали.,Amir,Amazon Translate
Мэры являются городскими руководителями.,Amir,Amazon Translate
Amazon Kindle популяризировал цифровое электронное чтение во всем мире.,Amir,Amazon Translate
"Пастернак похож на морковь, но он бледнее и слаще.",Amir,Amazon Translate
В искусстве Chiaroscuro резко контрастирует свет и тень.,Amir,Amazon Translate
Озеро Лох-Несс находится на севере Шотландии.,Amir,Amazon Translate
"Пиклбол сочетает в себе правила игры в теннис, бадминтон и пинг-понг.",Amir,Amazon Translate
Никель устойчив к коррозии и легко образует сплавы.,Amir,Amazon Translate
"Изгибы света, проходящие сквозь различные прозрачные материалы.",Amir,Amazon Translate
Адаптации фильмов превращают книги в визуальное повествование.,Amir,Amazon Translate
Конфуцианское учение подчеркивает семейную верность.,Amir,Amazon Translate
Полиция применяет уголовное законодательство на местном уровне.,Amir,Amazon Translate
Мобильные приложения предоставляют специализированную утилиту на смартфонах.,Amir,Amazon Translate
Редька быстро созревает для свежих салатов.,Amir,Amazon Translate
Бумажные журавлики оригами олицетворяют надежду в японской культуре.,Amir,Amazon Translate
В тап-дансе используются синхронизированные звуки ног.,Amir,Amazon Translate
"Кумкваты — это маленькие цитрусовые фрукты, которые едят целиком.",Amir,Amazon Translate
Самоактуализация представляет собой пик психологического удовлетворения.,Amir,Amazon Translate
Образцы для подражания положительно влияют на развитие молодежи.,Amir,Amazon Translate
Капелланы оказывают духовную поддержку в больницах.,Amir,Amazon Translate
Церковные суды выносят решения по религиозным правовым вопросам.,Amir,Amazon Translate
Тренажерные залы предлагают условия для силовых и кардиотренировок.,Amir,Amazon Translate
Портфолио собирает произведения искусства для рецензирования или презентации.,Amir,Amazon Translate
Теория графов изучает отношения между связанными узлами.,Amir,Amazon Translate
Человеческие ресурсы управляют трудовыми отношениями внутри компаний.,Amir,Amazon Translate
"Поклонение включает в себя самоотверженные молитвы, песни и ритуалы.",Amir,Amazon Translate
Соборы имеют сводчатые потолки и витражи.,Amir,Amazon Translate
Художники-импрессионисты использовали быстрые мазки и сцены на открытом воздухе.,Amir,Amazon Translate
Халяльные продукты соответствуют исламским диетическим стандартам.,Amir,Amazon Translate
Уход за пожилыми людьми удовлетворяет повседневные жизненные потребности пожилых людей.,Amir,Amazon Translate
В ботанических садах представлены разнообразные виды растений.,Amir,Amazon Translate
Полеты на Марс ищут доказательства жизни.,Amir,Amazon Translate
Лакмусовая бумага проверяет кислотность или щелочность вещества.,Amir,Amazon Translate
Личная гигиена защищает от болезней и инфекций.,Amir,Amazon Translate
Консультирование помогает решить личные и эмоциональные проблемы.,Amir,Amazon Translate
Графические романы сочетают в себе картины и письменное повествование.,Amir,Amazon Translate
Pi — иррациональная математическая константа.,Amir,Amazon Translate
Агрономия способствует повышению плодородия почв и урожайности сельскохозяйственных культур.,Amir,Amazon Translate
В табернаклях хранится освященный хлеб в католических церквях.,Amir,Amazon Translate
Археология изучает культуры прошлого на основе материальных останков.,Amir,Amazon Translate
Синтоистские ворота тории обозначают входы в святилище.,Amir,Amazon Translate
Газирование создает пузырьки в безалкогольных напитках.,Amir,Amazon Translate
"В сравнениях можно сравнить разные вещи, используя «нравится» или «как».",Amir,Amazon Translate
Магнетит — природный магнитный минерал.,Amir,Amazon Translate
Общие справочники содержат обзор многих тем.,Amir,Amazon Translate
В словаре даны определения слов и их употребления.,Amir,Amazon Translate
Энциклопедии объединяют знания по нескольким дисциплинам.,Amir,Amazon Translate
Атласы отображают коллекции карт для справки.,Amir,Amazon Translate
Справочные библиотеки организуют материалы для публичного использования.,Amir,Amazon Translate
Статистика суммирует большие объемы числовой информации.,Amir,Amazon Translate
"В библиографиях перечислены источники, на которые ссылаются в научных работах.",Amir,Amazon Translate
Индексы помогают найти определенные предметы в книге.,Amir,Amazon Translate
"Глоссарии поясняют термины, используемые в тексте.",Amir,Amazon Translate
В альманахах представлены годовые данные и факты.,Amir,Amazon Translate
Форматы цитирования обеспечивают ясность академического письма.,Amir,Amazon Translate
Хронологии описывают события в последовательном порядке.,Amir,Amazon Translate
В каталогах товары или продукты упорядочены по соответствующим категориям.,Amir,Amazon Translate
Путеводители дают практические советы о местах или занятиях.,Amir,Amazon Translate
Тезаурусы предлагают альтернативные варианты выбора слов.,Amir,Amazon Translate
Тезисы суммируют содержание исследовательских работ.,Amir,Amazon Translate
"В руководствах объясняется, как управлять различными устройствами.",Amir,Amazon Translate
Сборники объединяют несколько сводов знаний в одном источнике.,Amir,Amazon Translate
Расписания упорядочивают задачи или события в хронологическом порядке.,Amir,Amazon Translate
Официальные документы фиксируют важные сделки или соглашения.,Amir,Amazon Translate
"Художественные музеи собирают, хранят и выставляют произведения искусства.",Amir,Amazon Translate
"Балет использует движение и музыку, чтобы рассказывать истории.",Amir,Amazon Translate
Поэзия выражает чувства с помощью тщательно подобранного языка.,Amir,Amazon Translate
Романы создают воображаемые миры для читателей.,Amir,Amazon Translate
Народные песни отражают культурную самобытность и наследие.,Amir,Amazon Translate
Скульптура превращает материалы в трехмерные формы.,Amir,Amazon Translate
Архитектура формирует среду обитания человека с помощью спроектированных структур.,Amir,Amazon Translate
Комиксы сочетают визуальные эффекты и диалоги для создания повествовательного эффекта.,Amir,Amazon Translate
Симфонии — это сложные оркестровые музыкальные композиции.,Amir,Amazon Translate
В фильмах для рассказа историй используются движущиеся изображения.,Amir,Amazon Translate
Настенные росписи украшают большие стены художественными сценами.,Amir,Amazon Translate
Драма изображает конфликт в устных диалогах и действиях.,Amir,Amazon Translate
Модный дизайн влияет на тенденции одежды во всем мире.,Amir,Amazon Translate
Фотография позволяет запечатлеть моменты с помощью фотоаппаратов.,Amir,Amazon Translate
Керамика превращает глину в функциональные или декоративные предметы.,Amir,Amazon Translate
Исполнительское искусство требует живой презентации перед аудиторией.,Amir,Amazon Translate
Переплет позволяет создавать надежные и доступные тома письменных представлений.,Amir,Amazon Translate
Культурные традиции разных этнических групп различаются.,Amir,Amazon Translate
Фестивали приурочены к важным социальным или религиозным событиям.,Amir,Amazon Translate
Мастерство подчеркивает искусное создание вручную.,Amir,Amazon Translate
Техника рисования может включать акварель или масло.,Amir,Amazon Translate
Литература анализирует общество с помощью художественной литературы или поэзии.,Amir,Amazon Translate
Танец передает смысл без использования произнесенных слов.,Amir,Amazon Translate
Мифы представляют собой традиционные объяснения природных явлений.,Amir,Amazon Translate
Цифровое искусство использует технологии для творческого самовыражения.,Amir,Amazon Translate
Музеи интерпретируют историю с помощью экспозиций артефактов.,Amir,Amazon Translate
Мировые столицы служат административными центрами для стран.,Amir,Amazon Translate
"Острова — это массивы суши, окруженные водой.",Amir,Amazon Translate
Тропические леса содержат густую растительность и разнообразную дикую природу.,Amir,Amazon Translate
Плоскогорья имеют равнинный рельеф на большой высоте.,Amir,Amazon Translate
Леса служат средой обитания для многих видов.,Amir,Amazon Translate
Каньоны возникают в результате длительных эрозионных процессов.,Amir,Amazon Translate
Географически граничит с отдельными странами или регионами.,Amir,Amazon Translate
Озера хранят пресную воду в глубине страны.,Amir,Amazon Translate
Долины расположены между холмами или горами.,Amir,Amazon Translate
Полуострова простираются на более крупные водоемы.,Amir,Amazon Translate
"Дельты образуются там, где реки встречаются с более крупными водами.",Amir,Amazon Translate
В городских центрах сосредоточено население и инфраструктура.,Amir,Amazon Translate
Эстуарии уравновешивают соленые и пресноводные экосистемы.,Amir,Amazon Translate
Пещеры естественным образом развиваются под землей.,Amir,Amazon Translate
"Водно-болотные угодья поддерживают растения, адаптированные к насыщенным почвам.",Amir,Amazon Translate
Упражнения поддерживают сердечно-сосудистую систему.,Amir,Amazon Translate
Гидратация предотвращает обезвоживание и тепловое истощение.,Amir,Amazon Translate
Восстановление сна поддерживает здоровую иммунную функцию.,Amir,Amazon Translate
Витамины участвуют в основных метаболических процессах.,Amir,Amazon Translate
Мытье рук снижает передачу инфекционных заболеваний.,Amir,Amazon Translate
Сбалансированная диета включает фрукты и овощи каждый день.,Amir,Amazon Translate
Регулярные осмотры способствуют раннему выявлению проблем со здоровьем.,Amir,Amazon Translate
Физическая активность помогает справиться с увеличением веса.,Amir,Amazon Translate
Стоматологи предотвращают кариес и воспаление десен.,Amir,Amazon Translate
"Ходьба приносит пользу как физическому, так и психическому благополучию.",Amir,Amazon Translate
Правильная осанка позволяет избежать боли в суставах и травм.,Amir,Amazon Translate
Психическое расслабление снижает уровень гормонов стресса.,Amir,Amazon Translate
Вакцины защищают от некоторых вирусных заболеваний.,Amir,Amazon Translate
Здоровое питание снижает вероятность хронических заболеваний.,Amir,Amazon Translate
Завтрак повышает уровень утренней энергии.,Amir,Amazon Translate
"Аллергия возникает, когда иммунная система реагирует на безвредные вещества.",Amir,Amazon Translate
Первая мировая война закончилась в 1918 году.,Amir,Amazon Translate
Великий пожар в Лондоне произошел в 1666 году.,Amir,Amazon Translate
Древняя Греция внесла большой вклад в развитие западной цивилизации.,Amir,Amazon Translate
"Рим стал республикой, а затем империей.",Amir,Amazon Translate
Великая хартия вольностей была подписана в 1215 году.,Amir,Amazon Translate
Христофор Колумб прибыл в Америку в 1492 году.,Amir,Amazon Translate
Махатма Ганди возглавил движение за независимость Индии.,Amir,Amazon Translate
Феодализм был распространен в средневековой Европе.,Amir,Amazon Translate
Рабство было отменено в США в 1865 году.,Amir,Amazon Translate
Освоение космоса началось в середине XX века.,Amir,Amazon Translate
Нельсон Мандела боролся с апартеидом в Южной Африке.,Amir,Amazon Translate
Изобретение печатного станка произвело революцию в коммуникациях.,Amir,Amazon Translate
Промышленная революция способствовала механизации и росту городов.,Amir,Amazon Translate
В XX веке женщины получили избирательное право во всем мире.,Amir,Amazon Translate
Развитие Интернета быстро ускорилось после 1990 года.,Amir,Amazon Translate
Эпоха Возрождения заново открыла классические знания и искусство в Европе.,Amir,Amazon Translate
Английский язык широко распространен во всем мире.,Amir,Amazon Translate
Путешественники используют паспорта для международных поездок.,Amir,Amazon Translate
Розничная торговля предполагает продажу товаров непосредственно потребителям.,Amir,Amazon Translate
Переговоры разрешают разногласия между сторонами.,Amir,Amazon Translate
Садоводство выращивает растения для красоты или еды.,Amir,Amazon Translate
Кулинария готовит ингредиенты к употреблению.,Amir,Amazon Translate
Голосование позволяет гражданам демократическим путем выбирать лидеров.,Amir,Amazon Translate
Работа включает оплачиваемую работу или самозанятость.,Amir,Amazon Translate
Покупки обменивают деньги на необходимые товары.,Amir,Amazon Translate
Преподавание передает знания и навыки учащимся.,Amir,Amazon Translate
Вождение управляет транспортными средствами на дорогах общего пользования.,Amir,Amazon Translate
Плавание эффективно перемещается в воде за счет скоординированных движений.,Amir,Amazon Translate
Пеший туризм исследует природную среду пешком.,Amir,Amazon Translate
Беговые гонки измеряют скорость и выносливость.,Amir,Amazon Translate
Деревообработка изготавливает полезные предметы из древесных ресурсов.,Amir,Amazon Translate
Актерское мастерство играет роли в драматических презентациях.,Amir,Amazon Translate
Изучение обзоров материалов для сохранения или изучения новых идей.,Amir,Amazon Translate
Конструкция собирает здания в соответствии с чертежами.,Amir,Amazon Translate
"Математика изучает числа, закономерности и отношения.",Amir,Amazon Translate
Сложение объединяет значения для получения суммы.,Amir,Amazon Translate
Подразделение равномерно распределяет количество между группами.,Amir,Amazon Translate
При вычитании обнаруживаются различия между двумя числами.,Amir,Amazon Translate
Фракции обозначают части целого.,Amir,Amazon Translate
Десятичные числа выражают части размером менее одной единицы.,Amir,Amazon Translate
Вероятность оценивает шансы возможных результатов.,Amir,Amazon Translate
Исчисление рассматривает изменения и накопление количественно.,Amir,Amazon Translate
Логика исследует принципы обоснованного мышления.,Amir,Amazon Translate
Графики визуализируют наборы данных для анализа.,Amir,Amazon Translate
Простые числа делятся только на единицу и сами по себе.,Amir,Amazon Translate
Площадь измеряет пространство внутри заданной границы.,Amir,Amazon Translate
Коэффициенты напрямую сравнивают размеры двух величин.,Amir,Amazon Translate
Функции последовательно связывают входы с выходами.,Amir,Amazon Translate
Формулы стандартизируют процедуры расчета.,Amir,Amazon Translate
Плотность описывает массу на объем материала.,Amir,Amazon Translate
Эрозия стирает горные породы и почву.,Amir,Amazon Translate
Гравитация притягивает все к ядрам планет.,Amir,Amazon Translate
Магниты вызывают притяжение или отталкивание между полюсами.,Amir,Amazon Translate
Металлы легко проводят электрический ток.,Amir,Amazon Translate
Кислород поддерживает дыхание животных и человека.,Amir,Amazon Translate
Углерод является основой органических соединений.,Amir,Amazon Translate
Кислоты имеют кислый вкус и выделяют ионы водорода в растворе.,Amir,Amazon Translate
Базы на ощупь скользкие и нейтрализуют кислоты.,Amir,Amazon Translate
Вирусы заражают живые организмы для размножения.,Amir,Amazon Translate
Звуковые волны огибают препятствия и барьеры.,Amir,Amazon Translate
Тепло спонтанно течет от более горячих к холодным предметам.,Amir,Amazon Translate
Увеличение увеличивает размер микроскопических образцов для наблюдения.,Amir,Amazon Translate
Питание служит основой для восстановления организма.,Amir,Amazon Translate
Атомный номер учитывает протоны в ядрах элементов.,Amir,Amazon Translate
"Люди взаимодействуют с помощью речи, языка тела и мимики.",Amir,Amazon Translate
Память сохраняет прошлый опыт для будущих воспоминаний.,Amir,Amazon Translate
Черты личности уникально отличают людей.,Amir,Amazon Translate
Старение приводит к постепенным биологическим изменениям в организме человека.,Amir,Amazon Translate
Темпы роста различаются на всех этапах жизни.,Amir,Amazon Translate
Любопытство мотивирует учиться и исследовать.,Amir,Amazon Translate
"Совместная работа приносит больше результатов, чем работа в одиночку.",Amir,Amazon Translate
Мотивация стимулирует достижение личных целей.,Amir,Amazon Translate
Доверие укрепляет межличностные отношения.,Amir,Amazon Translate
Критическое мышление логически оценивает имеющиеся данные.,Amir,Amazon Translate
Саморефлексия оценивает сильные стороны и направляет на улучшение.,Amir,Amazon Translate
Привычки формируют поведение в течение длительного времени.,Amir,Amazon Translate
"Стресс негативно влияет как на психическое, так и на физическое здоровье.",Amir,Amazon Translate
Творчество порождает оригинальные решения или идеи.,Amir,Amazon Translate
Ценности определяют моральные суждения и повседневный выбор.,Amir,Amazon Translate
Убеждения влияют на формирование мировоззрения.,Amir,Amazon Translate
Объем внимания колеблется в зависимости от интереса или усталости.,Amir,Amazon Translate
Умозаключение позволяет сделать выводы на основе наблюдаемых подсказок.,Amir,Amazon Translate
"Философия обсуждает существование, цель и мораль.",Amir,Amazon Translate
"Прежде чем принимать решения, разум рассматривает последствия.",Amir,Amazon Translate
Индукция выводит общие принципы из наблюдений.,Amir,Amazon Translate
"Этика ставит под сомнение, какое поведение является хорошим или правильным.",Amir,Amazon Translate
Свобода воли предполагает возможность добровольного выбора.,Amir,Amazon Translate
Дуализм концептуально отделяет разум от тела.,Amir,Amazon Translate
Объективность направлена на беспристрастность и отсутствие предвзятости.,Amir,Amazon Translate
Знание ищет обоснованные истинные убеждения.,Amir,Amazon Translate
Эстетика ценит красоту или художественное качество.,Amir,Amazon Translate
"Детерминизм предполагает, что все события следуют причинным законам.",Amir,Amazon Translate
"Добродетель отдает предпочтение превосходству характера, а не внешним наградам.",Amir,Amazon Translate
Утилитаризм максимизирует счастье для наибольшего числа людей.,Amir,Amazon Translate
Аналогия сравнивает сходство между понятиями.,Amir,Amazon Translate
"Идеализм постулирует, что реальность ментально сконструирована.",Amir,Amazon Translate
"Материализм утверждает, что только материя представляет собой существование.",Amir,Amazon Translate
Вера превосходит эмпирические доказательства.,Amir,Amazon Translate
Догма принимает учения как неоспоримую истину.,Amir,Amazon Translate
"В Священном Писании содержатся священные писания, почитаемые приверженцами.",Amir,Amazon Translate
Молитва передает божествам пожелания или благодарность.,Amir,Amazon Translate
"Путешествуя, паломничество чтит религиозные традиции.",Amir,Amazon Translate
Монотеизм верит в одно высшее божество.,Amir,Amazon Translate
"Анимизм приписывает души животным, растениям или предметам.",Amir,Amazon Translate
Ритуал внушает духовные убеждения посредством повторяющихся церемоний.,Amir,Amazon Translate
Духовенство возглавляет церковные службы.,Amir,Amazon Translate
"Грех определяет действия, противоречащие божественному закону.",Amir,Amazon Translate
Искупление обещает прощение за проступки.,Amir,Amazon Translate
Доктрина систематизирует интерпретацию религиозных убеждений.,Amir,Amazon Translate
Свидетель публично делится верой с другими.,Amir,Amazon Translate
Табу запрещает определенные формы поведения в культурном или духовном плане.,Amir,Amazon Translate
Спасение дает надежду на завершение жизни после смерти или освобождение.,Amir,Amazon Translate
Социальные нормы определяют ожидаемое групповое поведение.,Amir,Amazon Translate
Демократия избирает лидеров большинством голосов.,Amir,Amazon Translate
Семьи способствуют раннему развитию детей.,Amir,Amazon Translate
Сообщества делятся ресурсами для взаимной выгоды.,Amir,Amazon Translate
Страны торгуют товарами и услугами за валюту.,Amir,Amazon Translate
Образование прививает необходимую грамотность и опыт.,Amir,Amazon Translate
Средства массовой информации широко распространяют новости среди общественности.,Amir,Amazon Translate
Правительство обеспечивает соблюдение законов и общественный порядок.,Amir,Amazon Translate
Неравенство разделяет население по признаку доступа к возможностям.,Amir,Amazon Translate
Добровольчество поддерживает коллективное благосостояние без оплаты.,Amir,Amazon Translate
Помощь в случае стихийных бедствий помогает жертвам внезапных трудностей.,Amir,Amazon Translate
Правосудие обеспечивает справедливое обращение в соответствии с согласованными стандартами.,Amir,Amazon Translate
Государственная политика практически отвечает на общие проблемы.,Amir,Amazon Translate
Разрешение конфликтов способствует мирному компромиссу.,Amir,Amazon Translate
"Рынки определяют цены, используя спрос и предложение.",Amir,Amazon Translate
"Технология решает проблемы, используя научные принципы.",Amir,Amazon Translate
Интернет мгновенно связывает глобальные сети.,Amir,Amazon Translate
"Смартфоны объединяют телефонные звонки, компьютеры и камеры.",Amir,Amazon Translate
Программные программы инструктируют компьютеры с помощью закодированных команд.,Amir,Amazon Translate
Робототехника автоматизирует повторяющиеся или опасные функции.,Amir,Amazon Translate
Спутники наблюдают за Землей удаленно с орбиты.,Amir,Amazon Translate
Электродвигатели преобразуют электричество в механическую работу.,Amir,Amazon Translate
3D-печать строит объекты слой за слоем.,Amir,Amazon Translate
Облачное хранилище сохраняет файлы за пределами сайта через Интернет.,Amir,Amazon Translate
Медицинская визуализация позволяет неинвазивно визуализировать внутренние состояния организма.,Amir,Amazon Translate
"Возобновляемая энергия использует энергию солнца, ветра или воды.",Amir,Amazon Translate
"Искусственный интеллект выполняет задачи, которые когда-то требовали человеческого познания.",Amir,Amazon Translate
Нанотехнологии разрабатывают структуры на молекулярном уровне.,Amir,Amazon Translate
Генная инженерия преднамеренно изменяет характеристики организма.,Amir,Amazon Translate
Квантовая механика моделирует атомные и субатомные явления.,Amir,Amazon Translate
Кибербезопасность защищает информационные системы от несанкционированного доступа.,Amir,Amazon Translate
Биоразлагаемые пластмассы уменьшают загрязнение окружающей среды.,Amir,Amazon Translate
Полупроводники позволяют производить компактные электронные схемы.,Amir,Amazon Translate
Рецепт содержит пошаговые инструкции по приготовлению.,Amir,Amazon Translate
Историки изучают прошлые события в контексте.,Amir,Amazon Translate
Мытье овощей удаляет поверхностные пестициды.,Amir,Amazon Translate
Приготовление пищи включает приготовление пищи с использованием тепла.,Amir,Amazon Translate
Алгебра использует буквы для обозначения чисел.,Amir,Amazon Translate
Водород — самый простой химический элемент.,Amir,Amazon Translate
Личность влияет на социальные взаимодействия и поведение.,Amir,Amazon Translate
"Скептицизм требует вопросов, прежде чем верить утверждениям.",Amir,Amazon Translate
Буддизм поощряет внимательность и сострадание.,Amir,Amazon Translate
Семьи воспитывают детей до совершеннолетия.,Amir,Amazon Translate
Электронная почта позволяет осуществлять цифровую связь на расстоянии.,Amir,Amazon Translate
Для открытия автоматических дверей используются датчики.,Amir,Amazon Translate
В тезаурусах перечислены синонимы часто употребляемых слов.,Amir,Amazon Translate
"Оркестры состоят из струнных, деревянных духовых, медных и ударных инструментов.",Amir,Amazon Translate
Париж называют «городом света».,Amir,Amazon Translate
Бег значительно укрепляет мышцы ног.,Amir,Amazon Translate
Покраска стен меняет внешний вид комнаты.,Amir,Amazon Translate
У простых чисел есть только два делителя.,Amir,Amazon Translate
Смех может временно снять стресс.,Amir,Amazon Translate
Рассуждение отличает логику от эмоций.,Amir,Amazon Translate
Культурные ритуалы со временем формируют групповую идентичность.,Amir,Amazon Translate
Выборы определяют политических лидеров демократическим путем.,Amir,Amazon Translate
Ветровые турбины генерируют энергию без загрязнения воздуха.,Amir,Amazon Translate
Учебники систематически обобщают предметную информацию.,Amir,Amazon Translate
Современное искусство часто нарушает традиционные правила.,Amir,Amazon Translate
Правильный сон способствует умственной концентрации.,Amir,Amazon Translate
Быстрый набор текста повышает производительность офиса.,Amir,Amazon Translate
Умножение на ноль дает ноль.,Amir,Amazon Translate
Гравитация удерживает планеты на стабильных орбитах.,Amir,Amazon Translate
Уважение завоевывает доверие в отношениях.,Amir,Amazon Translate
"Абстрактное мышление распознает закономерности, выходящие за рамки очевидных.",Amir,Amazon Translate
Священная книга ислама называется Коран.,Amir,Amazon Translate
Социальные нормы различаются в разных культурах.,Amir,Amazon Translate
Беспроводной Интернет эффективно соединяет мобильные устройства.,Amir,Amazon Translate
Ручной труд требует физических усилий.,Amir,Amazon Translate
Словари сортируют определения слов в алфавитном порядке.,Amir,Amazon Translate
Отжимания укрепляют мышцы груди и рук.,Amir,Amazon Translate
"В садоводстве выращиваются цветы, фрукты и овощи.",Amir,Amazon Translate
Подразделение распределяет предметы на равные группы.,Amir,Amazon Translate
Самоуважение отражает уверенность в личных способностях.,Amir,Amazon Translate
Дебаты развивают навыки рассуждения.,Amir,Amazon Translate
"Синтоизм поклоняется духам, обитающим в природе.",Amir,Amazon Translate
Урбанизация концентрирует людей в городах.,Amir,Amazon Translate
Электромобили работают на литиевых батареях.,Amir,Amazon Translate
Энциклопедии собирают знания в алфавитном или тематическом порядке.,Amir,Amazon Translate
В древнегреческих театрах проходили драматические представления.,Amir,Amazon Translate
Река Амазонка — самая длинная река Южной Америки.,Amir,Amazon Translate
Изобретение печатного станка повысило уровень грамотности.,Amir,Amazon Translate
Калькуляторы быстро аппроксимируют численные результаты.,Amir,Amazon Translate
Напористость выражает потребности при соблюдении чужих границ.,Amir,Amazon Translate
Опрос проясняет основные предположения.,Amir,Amazon Translate
Голосование влияет на государственную политику.,Amir,Amazon Translate
"Инжиниринг строит мосты, дороги и транспортные средства.",Amir,Amazon Translate
На дорожных картах изображены автомагистрали и перекрестки.,Amir,Amazon Translate
В комиксах рисунки сочетаются с диалогами.,Amir,Amazon Translate
Сиднейский оперный театр — культовое здание Австралии.,Amir,Amazon Translate
Тай-чи объединяет медленное движение и дыхание.,Amir,Amazon Translate
Римская империя распространилась на большую часть Европы.,Amir,Amazon Translate
Глажка убирает морщины с одежды.,Amir,Amazon Translate
Биологи классифицируют организмы по сходству.,Amir,Amazon Translate
"Личная честность укрепляет репутацию, заслуживающую доверия.",Amir,Amazon Translate
"Аргументы требуют подтверждающих доказательств, подтверждающих веру.",Amir,Amazon Translate
Конфуцианство подчеркивает уважение к старшим и гармонию.,Amir,Amazon Translate
Свидетельства о рождении подтверждают правовой статус при рождении.,Amir,Amazon Translate
Солнечные панели производят чистую электрическую энергию.,Amir,Amazon Translate
Справочные руководства упорядочивают факты для быстрого доступа.,Amir,Amazon Translate
В мозаичном искусстве используются маленькие цветные кусочки.,Amir,Amazon Translate
Лондон расположен вдоль реки Темзы.,Amir,Amazon Translate
Планки развивают силу основных мышц.,Amir,Amazon Translate
Вязание создает ткань из переплетенных петель.,Amir,Amazon Translate
Фракции представляют собой частичные величины.,Amir,Amazon Translate
Трение препятствует движению между поверхностями.,Amir,Amazon Translate
Гипотезы стимулируют научные эксперименты.,Amir,Amazon Translate
Религиозные праздники знаменуют собой важные верования или события.,Amir,Amazon Translate
Правовые системы регулируют поведение в общинах.,Amir,Amazon Translate
В штрих-кодах хранятся данные о продукте для сканирования.,Amir,Amazon Translate
В глоссариях дается краткое определение технических терминов.,Amir,Amazon Translate
Художественные галереи организуют выставки для всеобщего обозрения.,Amir,Amazon Translate
Пиренеи создают естественную границу между Францией и Испанией.,Amir,Amazon Translate
Бобовые содержат белок в рационе.,Amir,Amazon Translate
Холокост увековечивает память жертв геноцида.,Amir,Amazon Translate
Фотография позволяет запечатлеть моменты через объективы.,Amir,Amazon Translate
Углы измеряют градусы поворота.,Amir,Amazon Translate
Кипячение стерилизует кухонную утварь.,Amir,Amazon Translate
Медитация естественным образом снижает кровяное давление.,Amir,Amazon Translate
Посылки устанавливают точки логической аргументации.,Amir,Amazon Translate
Ведические тексты — древние священные писания индуизма.,Amir,Amazon Translate
Профсоюзы коллективно обсуждают интересы работников.,Amir,Amazon Translate
Медицинские роботы помогают проводить точные операции.,Amir,Amazon Translate
Библиографии содержат ссылки на исходные материалы.,Amir,Amazon Translate
Художники-импрессионисты запечатлели эффекты естественного света.,Amir,Amazon Translate
Гавайи полностью состоят из вулканических островов.,Amir,Amazon Translate
Напряженность времен холодной войны разделила мировую политику после Второй мировой войны.,Amir,Amazon Translate
Теория множеств изучает математические коллекции.,Amir,Amazon Translate
Сильные стороны объективно признают личные способности.,Amir,Amazon Translate
Согласованность приводит действия в соответствие с заявленными значениями.,Amir,Amazon Translate
"Деонтология оценивает мораль, основанную на долге.",Amir,Amazon Translate
Школьная форма стандартизирует одежду учащихся.,Amir,Amazon Translate
Сохраненные данные передаются по оптоволоконным кабелям.,Amir,Amazon Translate
Инструкции по эксплуатации четко ориентируют пользователей.,Amir,Amazon Translate
Гобелены украшают интерьеры ткаными изображениями.,Amir,Amazon Translate
Гранд-Каньон демонстрирует многослойную геологию.,Amir,Amazon Translate
Версальский договор последовал за Первой мировой войной,Amir,Amazon Translate
Дрессировка собак систематически учит желаемому поведению.,Amir,Amazon Translate
Законы Ньютона объясняют классическую механику.,Amir,Amazon Translate
Химические тесты на кислотность или щелочность растворов.,Amir,Amazon Translate
Фобии ограничивают активность из-за сильных страхов.,Amir,Amazon Translate
Оценка позволяет тщательно изучить достоинства идей.,Amir,Amazon Translate
Центры богослужения предлагают духовные собрания.,Amir,Amazon Translate
Страны законодательно устанавливают требования к гражданству.,Amir,Amazon Translate
Машинное обучение автоматизирует принятие решений с помощью алгоритмов.,Amir,Amazon Translate
Веб-сайты обеспечивают быстрый доступ к информации.,Amir,Amazon Translate
Люди используют Интернет для общения.,Amir,Amazon Translate
Индуизм зародился в Южной Азии.,Amir,Amazon Translate
Сотовые телефоны основаны на беспроводной технологии.,Amir,Amazon Translate
Энциклопедии обобщают знания по различным темам.,Amir,Amazon Translate
"Гора Килиманджаро возвышается в Танзании, Африка.",Amir,Amazon Translate
Ежедневные физические упражнения улучшают здоровье сердечно-сосудистой системы.,Amir,Amazon Translate
Древний Рим повлиял на современную архитектуру.,Amir,Amazon Translate
Для приготовления необходимо следовать рецептам или инструкциям.,Amir,Amazon Translate
Логика основывается на последовательных рассуждениях.,Amir,Amazon Translate
Сикхизм учит равенству и общественным служениям.,Amir,Amazon Translate
Балет сочетает в себе танец и выразительное повествование.,Amir,Amazon Translate
Спорт предполагает физическую активность и соревнования.,Amir,Amazon Translate
Рассуждение отличает действительные аргументы от неверных.,Amir,Amazon Translate
В иудаизме соблюдаются законы о питании под названием кахрут.,Amir,Amazon Translate
Подсчет переписей помогает правительствам планировать ресурсы.,Amir,Amazon Translate
Цифровые камеры хранят изображения в электронном виде.,Amir,Amazon Translate
Справочники содержат пошаговые инструкции.,Amir,Amazon Translate
Тропический лес Амазонки расположен в Южной Америке.,Amir,Amazon Translate
Регулярный сон поддерживает здоровую работу мозга.,Amir,Amazon Translate
Движение за гражданские права способствовало расовому равенству в США,Amir,Amazon Translate
Алгебра использует переменные для решения уравнений.,Amir,Amazon Translate
Земля ежегодно вращается вокруг Солнца.,Amir,Amazon Translate
Самоуважение влияет на мотивацию и достижение цели.,Amir,Amazon Translate
Дедуктивная логика начинается с общих принципов.,Amir,Amazon Translate
Молитва практикуется во многих религиях.,Amir,Amazon Translate
Социальные нормы определяют приемлемое групповое поведение.,Amir,Amazon Translate
Скорость интернета у разных провайдеров различается.,Amir,Amazon Translate
Ручной труд предполагает работу руками.,Amir,Amazon Translate
Современное искусство разрушает традиционные творческие границы.,Amir,Amazon Translate
Сиднейский оперный театр расположен в гавани Сиднея.,Amir,Amazon Translate
Электромобили сокращают выбросы парниковых газов.,Amir,Amazon Translate
Мозговой штурм генерирует инновационные решения.,Amir,Amazon Translate
В исламе пятница считается священным днем.,Amir,Amazon Translate
Музеи хранят артефакты для всеобщего обозрения.,Amir,Amazon Translate
Гималаи охватывают несколько азиатских стран.,Amir,Amazon Translate
Потребление фруктов обеспечивает организм необходимыми витаминами.,Amir,Amazon Translate
Людовик XIV правил как король Франции.,Amir,Amazon Translate
Изучение новых языков расширяет культурное взаимопонимание.,Amir,Amazon Translate
Исчисление математически анализирует изменения и движение.,Amir,Amazon Translate
Уважение способствует позитивным социальным отношениям.,Amir,Amazon Translate
Философы ставят под сомнение существование и этику.,Amir,Amazon Translate
Конфуцианство ценит сыновнее благочестие и образование.,Amir,Amazon Translate
Антологии собирают литературные произведения по темам или эпохам.,Amir,Amazon Translate
Скульптура формирует трехмерное визуальное искусство.,Amir,Amazon Translate
На Байкале сосредоточен самый большой объем пресной воды в России.,Amir,Amazon Translate
Аэробная активность укрепляет объем легких.,Amir,Amazon Translate
Вероятность измеряет вероятность результатов.,Amir,Amazon Translate
"Индукция делает выводы, основанные на фактических данных.",Amir,Amazon Translate
Машинное обучение моделирует интеллектуальные процессы человека.,Amir,Amazon Translate
Индексы классифицируют контент для удобного поиска.,Amir,Amazon Translate
Ватикан — независимый город-государство.,Amir,Amazon Translate
Печать изменила коммуникацию после печати Гутенберга.,Amir,Amazon Translate
Езда на велосипеде тонизирует мышцы ног и сжигает калории.,Amir,Amazon Translate
В результате реакций нейтрализации образуются соль и вода.,Amir,Amazon Translate
Убеждения формируют взгляды и перспективы.,Amir,Amazon Translate
Аналогии сравнивают сходства для получения более четких объяснений.,Amir,Amazon Translate
"Сообщества организуют мероприятия, направленные на укрепление чувства принадлежности.",Amir,Amazon Translate
Командная работа позволяет эффективно решать сложные задачи.,Amir,Amazon Translate
Грамматические правила обеспечивают четкое письменное общение.,Amir,Amazon Translate
Абстрактное искусство отдает приоритет концептуальным идеям.,Amir,Amazon Translate
Гребля — упражнения на силу верхней части тела.,Amir,Amazon Translate
Язык жестов облегчает общение глухих людей.,Amir,Amazon Translate
Навыки наблюдения способствуют научному исследованию.,Amir,Amazon Translate
Генетика изучает наследственность живых организмов.,Amir,Amazon Translate
Нобелевские премии присуждаются за выдающиеся достижения.,Amir,Amazon Translate
Симфонии требуют оркестрового сотрудничества.,Amir,Amazon Translate
Континенты разделяют земную поверхность.,Amir,Amazon Translate
Отдых способствует восстановлению мышц после тренировки.,Amir,Amazon Translate
Наполеон Бонапарт руководил французскими военными кампаниями.,Amir,Amazon Translate
Десятичные числа представляют собой дробные значения.,Amir,Amazon Translate
Тектонические плиты движутся под земной корой.,Amir,Amazon Translate
Эмпатия устраняет личные недоразумения.,Amir,Amazon Translate
"Этика обсуждает, какие действия являются морально правильными.",Amir,Amazon Translate
В основе христианства лежат учения Иисуса Христа.,Amir,Amazon Translate
Правительства реализуют политику через представительные органы.,Amir,Amazon Translate
Смартфоны объединяют вычислительные и телекоммуникационные функции.,Amir,Amazon Translate
Справочные диаграммы визуально упрощают сложную информацию.,Amir,Amazon Translate
В энциклопедии собрана общая информация по многим темам.,Amir,Amazon Translate
В тезаурусах перечислены синонимы слов для улучшения письма.,Amir,Amazon Translate
Глобальные карты точно отображают континенты и океаны.,Amir,Amazon Translate
Йога повышает гибкость и осознание своего тела.,Amir,Amazon Translate
Афины — столица Греции.,Amir,Amazon Translate
Питьевая вода поддерживает функцию почек.,Amir,Amazon Translate
Плотницкое дело включает в себя квалифицированную работу по дереву.,Amir,Amazon Translate
Личные качества влияют на выбор профессии.,Amir,Amazon Translate
Анализ делит концепции на более мелкие части.,Amir,Amazon Translate
Буддизм учит медитации осознанности.,Amir,Amazon Translate
Социальные правила регулируют приемлемое поведение.,Amir,Amazon Translate
Смартфоны предоставляют портативные средства связи.,Amir,Amazon Translate
Цифровые часы показывают время только цифрами.,Amir,Amazon Translate
Масляная живопись позволяет использовать богатые техники смешивания цветов.,Amir,Amazon Translate
"Австралия — это и страна, и континент.",Amir,Amazon Translate
Римская цивилизация повлияла на более поздние европейские культуры.,Amir,Amazon Translate
"Жарка, помешивая, быстро готовит пищу на сильном огне.",Amir,Amazon Translate
Счастье повышает иммунную функцию.,Amir,Amazon Translate
"Дедуктивные методы позволяют определить, исходят ли претензии из предпосылок.",Amir,Amazon Translate
Анимизм приписывает природе духовные качества.,Amir,Amazon Translate
Электронная почта теперь необходима для деловой переписки.,Amir,Amazon Translate
Руководства по эксплуатации содержат инструкции по эксплуатации продуктов.,Amir,Amazon Translate
Камерная музыка включает выступления небольших ансамблей.,Amir,Amazon Translate
"Гора Рейнир находится в штате Вашингтон, США.",Amir,Amazon Translate
Круговая тренировка сочетает в себе силовые и кардиотренировки.,Amir,Amazon Translate
Законы о гражданских правах защищают равные возможности.,Amir,Amazon Translate
Умножение эффективно повторяет процессы сложения.,Amir,Amazon Translate
"Континенты включают Азию, Африку и Европу.",Amir,Amazon Translate
Доверие укрепляет рабочее сотрудничество.,Amir,Amazon Translate
Рефлексия пересматривает опыт для улучшения понимания.,Amir,Amazon Translate
Католицизм включает в себя уникальные таинства и традиции.,Amir,Amazon Translate
Демография отслеживает изменения в группах населения.,Amir,Amazon Translate
Компьютерные чипы быстро обрабатывают электронные сигналы.,Amir,Amazon Translate
Рекомендательные письма нейтрально описывают квалификацию кандидата.,Amir,Amazon Translate
Мадагаскар славится разнообразными видами дикой природы.,Amir,Amazon Translate
Приготовление ужина часто объединяет семьи.,Amir,Amazon Translate
Деление разделяет предметы на равные части.,Amir,Amazon Translate
Эмпатия повышает уровень удовлетворенности командной работой.,Amir,Amazon Translate
В аргументированных аргументах используются веские доказательства.,Amir,Amazon Translate
Судебные системы беспристрастно интерпретируют и применяют законы.,Amir,Amazon Translate
Беспроводная технология передает данные без кабелей.,Amir,Amazon Translate
Путеводители рекомендуют посетителям местные достопримечательности.,Amir,Amazon Translate
Стиль арт-деко процветал в 1920-х годах.,Amir,Amazon Translate
Река Дунай протекает через Центральную и Восточную Европу.,Amir,Amazon Translate
Гидратация улучшает концентрацию внимания во время физической активности.,Amir,Amazon Translate
Нападение на Пёрл-Харбор произошло в декабре 1941 года.,Amir,Amazon Translate
Алгебраические переменные представляют собой неизвестные величины.,Amir,Amazon Translate
Анатомически у насекомых шесть ног.,Amir,Amazon Translate
Личностный рост основывается на регулярных практиках саморефлексии.,Amir,Amazon Translate
Логические ошибки возникают без действительных подключений.,Amir,Amazon Translate
"Ислам поощряет благотворительность, давая закят.",Amir,Amazon Translate
Общественное голосование определяет назначение руководителей.,Amir,Amazon Translate
В лексиконах значения слов упорядочены в алфавитном порядке.,Amir,Amazon Translate
Парламентские сессии регулярно устанавливают национальные законы.,Amir,Amazon Translate
Религия может формировать пищевые привычки.,Amir,Amazon Translate
Местные группы поддерживают программы безопасности на местном уровне.,Amir,Amazon Translate
Каталоги упорядочивают товары для организованного просмотра.,Amir,Amazon Translate
Гравировка включает в себя вырезание изображений или рисунков на поверхности.,Amir,Amazon Translate
Пустыня Гоби простирается на севере Китая и Монголии.,Amir,Amazon Translate
Американская отмена рабства официально положила конец рабству.,Amir,Amazon Translate
Швейные машины увеличивают скорость производства одежды.,Amir,Amazon Translate
Целые числа и дроби разделяют десятичные точки.,Amir,Amazon Translate
Термодинамика исследует преобразования тепловой энергии.,Amir,Amazon Translate
Сострадание укрепляет социальные связи.,Amir,Amazon Translate
Этические стандарты определяют приоритеты на рабочем месте.,Amir,Amazon Translate
Синтоистские святыни украшают пейзаж Японии.,Amir,Amazon Translate
Законодательство превращает предложения правительства в статутное право.,Amir,Amazon Translate
Микроволновые печи готовят пищу путем перемешивания молекул воды.,Amir,Amazon Translate
Атласы географически объединяют коллекции карт.,Amir,Amazon Translate
Музыка панк-рока возникла как культурный протест.,Amir,Amazon Translate
"Озеро Виктория граничит с Угандой, Кенией и Танзанией.",Amir,Amazon Translate
Занятия аэробикой координируют движение с ритмичными ритмами.,Amir,Amazon Translate
Испанская армада совершила знаменитое плавание в 1588 году.,Amir,Amazon Translate
Навыки ремонта поддерживают функциональность бытовой техники.,Amir,Amazon Translate
Процентные показатели легко сравнивайте соотношения.,Amir,Amazon Translate
Мейоз производит репродуктивные клетки путем деления.,Amir,Amazon Translate
Физические теории объясняют фундаментальные силы.,Amir,Amazon Translate
Креативность стимулирует разработку новых продуктов.,Amir,Amazon Translate
Вера глубоко влияет на мировоззрение.,Amir,Amazon Translate
Фестивальные праздники приурочены к национальным праздникам.,Amir,Amazon Translate
Онлайн-банкинг управляет деньгами в электронном виде.,Amir,Amazon Translate
Уважение к дебатам способствует гармоничному обществу.,Amir,Amazon Translate
Грамматика последовательно организует языковые структуры.,Amir,Amazon Translate
Импрессионистское искусство подчеркивает световые и атмосферные эффекты.,Amir,Amazon Translate
"Рост титонов в западном Вайоминге, США.",Amir,Amazon Translate
Нобелевские премии присуждаются мировым научным достижениям.,Amir,Amazon Translate
Классификация ранжирует организмы по характеристикам и родословной.,Amir,Amazon Translate
Теория множеств поддерживает продвинутую математическую логику.,Amir,Amazon Translate
Периодические таблицы точно классифицируют элементы.,Amir,Amazon Translate
Активное слушание устраняет недоразумения в отношениях.,Amir,Amazon Translate
Этика добродетели делает упор на развитие нравственного облика.,Amir,Amazon Translate
Христианство дает надежду на вечное спасение.,Amir,Amazon Translate
Гражданские обязанности включают ответственную уплату налогов.,Amir,Amazon Translate
Спутниковая навигация точно определяет конкретные координаты.,Amir,Amazon Translate
Гиперссылки связывают контент веб-сайта в интерактивном режиме.,Amir,Amazon Translate
Импрессионизм привнес новые стили в живопись.,Amir,Amazon Translate
Великая депрессия началась в 1929 году.,Amir,Amazon Translate
Банковские операции включают депозиты и снятие средств.,Amir,Amazon Translate
Алгебра использует буквы для обозначения неизвестных значений.,Amir,Amazon Translate
Чарльз Дарвин разработал эволюционную теорию.,Amir,Amazon Translate
Самомотивация способствует личностному росту.,Amir,Amazon Translate
Стоицизм учит эмоциональной устойчивости.,Amir,Amazon Translate
Христианство имеет множество конфессий по всему миру.,Amir,Amazon Translate
Устройства GPS используют спутниковые технологии.,Amir,Amazon Translate
Справочники быстро обобщают основную информацию.,Amir,Amazon Translate
Озеро Верхнее граничит с Канадой и Соединенными Штатами.,Amir,Amazon Translate
Гидратация напрямую влияет на умственную работоспособность.,Amir,Amazon Translate
Первая мировая война закончилась Версальским договором.,Amir,Amazon Translate
По закону дети должны посещать школу.,Amir,Amazon Translate
Таблицы умножения помогают быстро решать уравнения.,Amir,Amazon Translate
Генетическая наследственность передает черты из поколения в поколение.,Amir,Amazon Translate
Язык тела общается без произнесенных слов.,Amir,Amazon Translate
Абдуктивные рассуждения позволяют сделать правдоподобные выводы.,Amir,Amazon Translate
Социальные иерархии разделяют людей на ранжированные классы.,Amir,Amazon Translate
Мобильные приложения выполняют определенные функции на смартфонах.,Amir,Amazon Translate
Индексы упорядочивают темы в алфавитном порядке для удобного поиска.,Amir,Amazon Translate
Кубизм фрагментировал сюжеты в изобразительном искусстве.,Amir,Amazon Translate
Вулкан Этна — самый активный вулкан Европы.,Amir,Amazon Translate
Основные тренировки укрепляют мышцы спины и живота.,Amir,Amazon Translate
В хронологическом порядке события упорядочены по времени.,Amir,Amazon Translate
Супермаркеты предлагают продукты самообслуживания.,Amir,Amazon Translate
Десятичные числа выражают дроби с помощью точечной системы.,Amir,Amazon Translate
Энергия может быть кинетической или потенциальной.,Amir,Amazon Translate
Положительное подкрепление поощряет повторяющееся поведение.,Amir,Amazon Translate
Возраст для участия в голосовании различается в разных странах.,Amir,Amazon Translate
Bluetooth позволяет устройствам обмениваться данными по беспроводной сети.,Amir,Amazon Translate
На гравюрах на дереве используются резные деревянные бруски.,Amir,Amazon Translate
Прыжки на домкратах повышают аэробную выносливость.,Amir,Amazon Translate
Наполеон короновал себя императором Франции.,Amir,Amazon Translate
Туристические агентства организуют транспорт и проживание.,Amir,Amazon Translate
"Подразделение определяет, сколько раз одно вписывается в другое.",Amir,Amazon Translate
ДНК содержит инструкции по жизненным процессам.,Amir,Amazon Translate
Здоровые эмоции улучшают ежедневное принятие решений.,Amir,Amazon Translate
Парадоксы логически бросают вызов общепринятым истинам.,Amir,Amazon Translate
Англиканство возникло в период Реформации в Англии.,Amir,Amazon Translate
Законы регулируют публичные действия и споры.,Amir,Amazon Translate
Медицинское страхование способствует покрытию медицинских расходов.,Amir,Amazon Translate
В руководствах пользователя пошагово описываются программные инструменты.,Amir,Amazon Translate
Джаз объединил африканские и европейские музыкальные традиции.,Amir,Amazon Translate
Ленты сопротивления помогают выполнять упражнения на мышечную силу.,Amir,Amazon Translate
Трансконтинентальные железные дороги исторически объединяли отдаленные регионы.,Amir,Amazon Translate
Добавление набора математически увеличивает размер коллекции.,Amir,Amazon Translate
Нейтронные частицы не несут электрического заряда.,Amir,Amazon Translate
Навыки обучения улучшают адаптивность на работе.,Amir,Amazon Translate
"Светодиоды излучают свет, выделяя мало тепла.",Amir,Amazon Translate
Hymnals собирает религиозные песни для группового богослужения.,Amir,Amazon Translate
Стоунхендж считается доисторическим памятником Англии.,Amir,Amazon Translate
Спиннинговые велосипеды имитируют упражнения на открытом воздухе.,Amir,Amazon Translate
Мартин Лютер способствовал протестантским реформам.,Amir,Amazon Translate
Электронная коммерция позволяет осуществлять онлайн-транзакции по всему миру.,Amir,Amazon Translate
Фотосинтез накапливает солнечную энергию в растениях.,Amir,Amazon Translate
"Топология исследует свойства, не измененные деформацией.",Amir,Amazon Translate
Эмпатия создает прочные связи со сверстниками.,Amir,Amazon Translate
Прагматизм ориентирован на практические результаты идей.,Amir,Amazon Translate
Нормы формируют социальные ожидания в отношении поведения.,Amir,Amazon Translate
Глоссарии определяют термины для ознакомления.,Amir,Amazon Translate
"Sumi-e представляет собой японские картины, написанные тушью.",Amir,Amazon Translate
Уральские горы географически разделяют Европу и Азию.,Amir,Amazon Translate
Пилатес улучшает осанку и стабильность тела.,Amir,Amazon Translate
Аболиционисты боролись с рабством в девятнадцатом веке.,Amir,Amazon Translate
Текстиль предполагает вплетение волокон в тканевые изделия.,Amir,Amazon Translate
Уравнения четко показывают математические взаимосвязи.,Amir,Amazon Translate
Испарение превращает жидкую воду в газ.,Amir,Amazon Translate
"Последовательность укрепляет доверие, а не долгосрочное взаимодействие.",Amir,Amazon Translate
Онтологические аргументы оспаривают существование высших реальностей.,Amir,Amazon Translate
Поклонение природе включает в себя почтение к природным силам.,Amir,Amazon Translate
Члены Совета принимают политику местных органов власти.,Amir,Amazon Translate
Исследования вакцин предотвращают вспышки вирусных заболеваний.,Amir,Amazon Translate
Меню быстрого запуска упрощает настройку электроники.,Amir,Amazon Translate
Река Янцзы является самой длинной водной артерией Китая.,Amir,Amazon Translate
Глистеника развивает контроль над телом с использованием минимального оборудования.,Amir,Amazon Translate
Trail of Tears вытеснила общины коренных американцев.,Amir,Amazon Translate
Кейтеринг предоставляет услуги питания для групп или мероприятий.,Amir,Amazon Translate
Фракции обозначают частичные количества целых единиц.,Amir,Amazon Translate
Любопытство вдохновляет изобретателей на решение проблем.,Amir,Amazon Translate
Дедукция применяет известные правила для принятия решений.,Amir,Amazon Translate
Мифы о сотворении мира объясняют культурное происхождение вселенной.,Amir,Amazon Translate
Гильдии регулировали средневековые ремесла и профессии.,Amir,Amazon Translate
Дроны снимают аэрофотоснимки с помощью пульта дистанционного управления.,Amir,Amazon Translate
Энциклопедии представляют читателям проверенные факты.,Amir,Amazon Translate
В сборнике фактов собраны основные статистические данные о странах.,Amir,Amazon Translate
В поп-музыке часто звучат повторяющиеся хоры.,Amir,Amazon Translate
"Употребление чая увлажняет, как вода.",Amir,Amazon Translate
Промышленная революция началась в Британии.,Amir,Amazon Translate
Наблюдение за птицами фиксирует наблюдения и поведение видов.,Amir,Amazon Translate
При умножении вычисляется общее количество равных групп.,Amir,Amazon Translate
Молния возникает в результате встречи отрицательных и положительных зарядов.,Amir,Amazon Translate
Аристотель написал влиятельные работы по логике и науке.,Amir,Amazon Translate
Командная работа повышает производительность группы.,Amir,Amazon Translate
Рациональное мышление основывается на аргументированных шагах.,Amir,Amazon Translate
Зороастризм поклоняется единому богу — Ахура Мазде.,Amir,Amazon Translate
Брак объединяет партнеров в социальный контракт.,Amir,Amazon Translate
Веб-браузеры отображают информацию с веб-сайтов Интернета.,Amir,Amazon Translate
"Электронные книги обеспечивают чтение, доступное с цифровых устройств.",Amir,Amazon Translate
Современный танец подчеркивает выразительное движение.,Amir,Amazon Translate
Гора Эверест граничит с Непалом и Китаем.,Amir,Amazon Translate
Для успешной выпечки требуются точные измерения.,Amir,Amazon Translate
Графики визуализируют математические отношения.,Amir,Amazon Translate
"Фотосинтез производит в растениях молекулы, богатые энергией.",Amir,Amazon Translate
"Альтруизм означает помощь другим, не ожидая вознаграждения.",Amir,Amazon Translate
Формулирование гипотез служит основой для дальнейших исследований.,Amir,Amazon Translate
Сикхизм учит вере в честную жизнь.,Amir,Amazon Translate
Законы обеспечивают порядок в обществе.,Amir,Amazon Translate
Удаленная работа позволяет работать за пределами традиционных офисов.,Amir,Amazon Translate
Имена пользователей идентифицируют людей на интернет-платформах.,Amir,Amazon Translate
Каталоги упорядочивают товары для систематического просмотра.,Amir,Amazon Translate
"Керамическое искусство формирует глину, а затем обжигает ее.",Amir,Amazon Translate
Венеция расположена на вершине сети каналов.,Amir,Amazon Translate
Холодная война привела к идеологическому расколу между Востоком и Западом.,Amir,Amazon Translate
Исследование рынка формирует стратегию разработки продукта.,Amir,Amazon Translate
Разделите количество деталей на более мелкие единицы.,Amir,Amazon Translate
Успокоение уменьшает чувство беспокойства.,Amir,Amazon Translate
Эвристика упрощает решение сложных задач.,Amir,Amazon Translate
Паломничество способствует росту религиозной идентичности.,Amir,Amazon Translate
Этические основы обсуждают стандарты правильных действий.,Amir,Amazon Translate
Средства массовой информации транслируют новости по всему миру.,Amir,Amazon Translate
Аккумуляторная технология обеспечивает портативную электронику.,Amir,Amazon Translate
Тезисы сокращают статьи для более быстрого ознакомления.,Amir,Amazon Translate
Художники эпохи барокко подчеркивали драматические визуальные контрасты.,Amir,Amazon Translate
Бег трусцой поддерживает сердечно-сосудистую выносливость.,Amir,Amazon Translate
Американские гражданские права обеспечили защиту избирателей.,Amir,Amazon Translate
Розничные торговцы предлагают товары непосредственно покупателям.,Amir,Amazon Translate
Фракции выражают соотношения или сравнения.,Amir,Amazon Translate
Законы Кеплера объясняют движение планет.,Amir,Amazon Translate
Химические реакции перестраивают только атомные связи.,Amir,Amazon Translate
Заслуги повышают шансы на продвижение по службе.,Amir,Amazon Translate
Анализ данных позволяет прояснить решения или тенденции.,Amir,Amazon Translate
Мусульманские молитвы совершаются пять раз в день.,Amir,Amazon Translate
Парламенты принимают национальные законы демократическим путем.,Amir,Amazon Translate
Bluetooth синхронизирует устройства на небольшом расстоянии.,Amir,Amazon Translate
Глоссарии упрощают использование специальных терминов в текстах.,Amir,Amazon Translate
Монументалисты используют стены для крупномасштабных картин.,Amir,Amazon Translate
Скалистые горы простираются на западе Северной Америки.,Amir,Amazon Translate
Тайцзи сочетает боевые искусства с медитативной сосредоточенностью.,Amir,Amazon Translate
Книжные магазины продают печатные или электронные книги.,Amir,Amazon Translate
Десятичные числа выходят за рамки целых чисел.,Amir,Amazon Translate
Ключевые виды стабилизируют экосистемы в целом.,Amir,Amazon Translate
Ведение дневника помогает прояснить личные мысли.,Amir,Amazon Translate
"Релятивизм предполагает, что истины зависят от перспектив.",Amir,Amazon Translate
Анимистические практики почитают духов предков.,Amir,Amazon Translate
Муниципалитеты предоставляют услуги местным органам власти.,Amir,Amazon Translate
Разработчики приложений пишут программное обеспечение для смартфонов.,Amir,Amazon Translate
Списки ссылок соединяют смежные темы в документах.,Amir,Amazon Translate
"Симфонии состоят из нескольких частей, исполняемых вместе.",Amir,Amazon Translate
Водная аэробика обеспечивает плавучее сопротивление упражнениям.,Amir,Amazon Translate
Всеобщая декларация прав человека гарантирует основные свободы.,Amir,Amazon Translate
Профессиональные повара специализируются на различных кухнях.,Amir,Amazon Translate
Места организованы на основе координат широты и долготы.,Amir,Amazon Translate
"Электричество движется, когда электроны свободно текут.",Amir,Amazon Translate
Тесселяция идеально повторяет геометрические узоры.,Amir,Amazon Translate
Понимание метафор улучшает беглость речи.,Amir,Amazon Translate
"Консеквенциализм оценивает результаты, прежде чем принимать решения.",Amir,Amazon Translate
Еврейские праздники следуют лунному календарю.,Amir,Amazon Translate
Переписные обследования собирают демографическую статистику населения.,Amir,Amazon Translate
Поисковые системы находят веб-страницы по ключевым словам.,Amir,Amazon Translate
Практические руководства методически обучают новым навыкам.,Amir,Amazon Translate
При травлении изображения создаются путем резки металлических поверхностей.,Amir,Amazon Translate
Манила — столица Филиппин.,Amir,Amazon Translate
Групповые виды спорта способствуют командной работе и честной игре.,Amir,Amazon Translate
Трехсторонняя торговля повлияла на колонизационную экономику во всем мире.,Amir,Amazon Translate
"Плотность показывает, насколько упаковано вещество по структуре.",Amir,Amazon Translate
Положительные отзывы побуждают к повторным действиям.,Amir,Amazon Translate
Информированное согласие уважает автономию участников в принятии решений.,Amir,Amazon Translate
Православное христианство поддерживает традиционную литургию.,Amir,Amazon Translate
"Кампании направлены на то, чтобы повлиять на общественное мнение.",Amir,Amazon Translate
Справочники содержат факты для быстрой консультации.,Amir,Amazon Translate
Музеи выставляют произведения искусства и исторические предметы на всеобщее обозрение.,Amir,Amazon Translate
Стамбул охватывает два континента — Европу и Азию.,Amir,Amazon Translate
Езда на велосипеде повышает кардиореспираторную выносливость.,Amir,Amazon Translate
День Д произошел 6 июня 1944 года.,Amir,Amazon Translate
Профессиональным водителям требуются специальные лицензии.,Amir,Amazon Translate
"Фракции показывают части, меньшие целого.",Amir,Amazon Translate
Оптимизм способствует устойчивости к невзгодам.,Amir,Amazon Translate
Когнитивная предвзятость подсознательно влияет на суждение.,Amir,Amazon Translate
Даосизм подчеркивает баланс с природой.,Amir,Amazon Translate
Вложения электронной почты передают файлы в электронном виде.,Amir,Amazon Translate
Устройства умного дома автоматизируют бытовые функции.,Amir,Amazon Translate
В Хайку используются три строки с заданными слогами.,Amir,Amazon Translate
Петра — древний каменный город в Иордании.,Amir,Amazon Translate
Аэробные танцы улучшают координацию и выносливость.,Amir,Amazon Translate
Искусство эпохи Возрождения возродило классические греческие техники.,Amir,Amazon Translate
Приготовление еды организует питание в соответствии с плотным графиком.,Amir,Amazon Translate
Тригонометрия исследует взаимосвязи между углами треугольника.,Amir,Amazon Translate
Личные интересы определяют выбор развлечений.,Amir,Amazon Translate
Предвзятость к подтверждению искажает объективную интерпретацию доказательств.,Amir,Amazon Translate
Синтоистские ритуалы уважают духов предков.,Amir,Amazon Translate
Присяжные принимают решение о виновности или невиновности в ходе судебных разбирательств.,Amir,Amazon Translate
Магазины приложений распространяют программное обеспечение в цифровом виде.,Amir,Amazon Translate
Библиографии повышают доверие к академическим исследованиям.,Amir,Amazon Translate
"В дизайне батика используется воск, предотвращающий попадания краски на ткань.",Amir,Amazon Translate
Монако — самое маленькое княжество в мире.,Amir,Amazon Translate
Упражнения с собственным весом не требуют специального оборудования.,Amir,Amazon Translate
Французская революция установила республиканское правительство.,Amir,Amazon Translate
Служба поддержки отвечает за вопросы клиентов и обратную связь.,Amir,Amazon Translate
Благородные газы являются химически нереактивными элементами.,Amir,Amazon Translate
Адаптация помогает видам пережить изменения окружающей среды.,Amir,Amazon Translate
Давление со стороны сверстников глубоко формирует поведение подростков.,Amir,Amazon Translate
Постановка целей позволяет со временем добиться ощутимого прогресса.,Amir,Amazon Translate
Релятивисты отрицают существование универсальных моральных истин.,Amir,Amazon Translate
Общественные работы приносят пользу обществу благодаря инфраструктурным проектам.,Amir,Amazon Translate
Сенсорные экраны позволяют пользователю вводить данные кончиками пальцев.,Amir,Amazon Translate
Библиотекари организовывают и обслуживают информационные ресурсы.,Amir,Amazon Translate
Романская архитектура отличается округлыми арками и толстыми стенами.,Amir,Amazon Translate
Река Амазонка протекает через Бразилию и Перу.,Amir,Amazon Translate
Частота пульса измеряет количество сердечных сокращений в минуту.,Amir,Amazon Translate
Договорные соглашения разрешают споры между странами.,Amir,Amazon Translate
Электронная коммерция позволяет осуществлять прямые продажи в Интернете.,Amir,Amazon Translate
Десятичные числа представляют собой частичные единицы.,Amir,Amazon Translate
Осмос естественным образом рассеивает воду через мембраны.,Amir,Amazon Translate
Напористость выражает свое мнение с уважением.,Amir,Amazon Translate
Дедуктивная логика черпает специфику из общих утверждений.,Amir,Amazon Translate
Пантеистическая вера отождествляет божественность со вселенной.,Amir,Amazon Translate
Торговые площадки облегчают обмен товарами на местном или глобальном уровне.,Amir,Amazon Translate
Устойчивые методы направлены на сохранение природных ресурсов.,Amir,Amazon Translate
В руководствах пользователя представлены пошаговые инструкции по продукту.,Amir,Amazon Translate
Цифровые коллажи объединяют изображения с помощью инструментов редактирования.,Amir,Amazon Translate
"Гребцы наращивают силу, соревнуясь на гребных лодках.",Amir,Amazon Translate
Всемирная организация здравоохранения устанавливает глобальные стандарты здравоохранения.,Amir,Amazon Translate
Туристические агентства организуют поездки и экскурсии по достопримечательностям.,Amir,Amazon Translate
Плавучесть удерживает предметы на плаву в жидкостях.,Amir,Amazon Translate
Положительные образцы для подражания вдохновляют на конструктивные изменения поведения.,Amir,Amazon Translate
Эмпирические данные подтверждают научные гипотезы.,Amir,Amazon Translate
Христианские таинства знаменуют собой важные этапы жизни.,Amir,Amazon Translate
Федеральные правительства разделяют власть между уровнями.,Amir,Amazon Translate
Облачное хранилище удаленно создает резервные копии важных файлов.,Amir,Amazon Translate
В аннотированных библиографиях приводится краткое описание каждого источника.,Amir,Amazon Translate
Резьба по дереву создает декоративные узоры на деревянных поверхностях.,Amir,Amazon Translate
В долине Луары находится множество замков во Франции.,Amir,Amazon Translate
Колониальная экспансия сформировала географию по всему миру.,Amir,Amazon Translate
Круговые диаграммы отображают пропорции в статистических данных.,Amir,Amazon Translate
"Ньютон открыл гравитацию, наблюдая за падающими яблоками.",Amir,Amazon Translate
Осадочные породы образуются из сжатых минеральных слоев.,Amir,Amazon Translate
Совместная работа ускоряет решение проблем в командах.,Amir,Amazon Translate
Иудаизм ежегодно празднует Пасху весной.,Amir,Amazon Translate
Национальные парки защищают дикую природу и уникальные ландшафты.,Amir,Amazon Translate
Агрегирование каналов эффективно связывает сетевые соединения.,Amir,Amazon Translate
"Рэп-музыка использует ритмичные разговорные тексты, а не ритмы.",Amir,Amazon Translate
Оттава — столица Канады.,Amir,Amazon Translate
Берлинская стена символизировала разделение Европы в период холодной войны.,Amir,Amazon Translate
Фрилансеры предоставляют услуги без долгосрочных трудовых договоров.,Amir,Amazon Translate
Процентные значения сравнивают с цифрами 100 в качестве точки отсчета.,Amir,Amazon Translate
Для передачи звуковых волн требуется среда.,Amir,Amazon Translate
Мария Кюри активно исследовала радиоактивность.,Amir,Amazon Translate
Самодисциплина способствует достижению долгосрочных целей.,Amir,Amazon Translate
"К индуистским божествам относятся Вишну, Шива и Брахма.",Amir,Amazon Translate
Судьи интерпретируют законы в судебных системах.,Amir,Amazon Translate
Цифровые кошельки позволяют осуществлять безналичные транзакции с помощью смартфонов.,Amir,Amazon Translate
Сенсорные экраны обнаруживают движения пальцев или стилуса электронным способом.,Amir,Amazon Translate
"В акварельном искусстве используется пигмент, смешанный с водой.",Amir,Amazon Translate
Аэробный фитнес улучшает работу сердца и легких.,Amir,Amazon Translate
Готические соборы имеют стрельчатые арки и витражные окна.,Amir,Amazon Translate
Время приема пищи регулирует энергию в течение дня.,Amir,Amazon Translate
Фотосинтез высвобождает кислород в атмосферу Земли.,Amir,Amazon Translate
Сети социальной поддержки улучшают эмоциональное благополучие.,Amir,Amazon Translate
Метапознание означает размышление о собственных мыслях.,Amir,Amazon Translate
"Пантеисты считают, что божественность существует во всем естественном.",Amir,Amazon Translate
Выборы мэров контролируют руководство местных органов власти.,Amir,Amazon Translate
Телевидение передает видеосигналы на цифровые дисплеи.,Amir,Amazon Translate
Зашифрованные сообщения повышают конфиденциальность и безопасность данных в Интернете.,Amir,Amazon Translate
Гобелены рассказывают истории с помощью изображений из тканых тканей.,Amir,Amazon Translate
"Сингапур — это и город, и страна.",Amir,Amazon Translate
Водная терапия восстанавливает травмы с помощью водонепроницаемости.,Amir,Amazon Translate
Французская революция навсегда отменила монархию.,Amir,Amazon Translate
Отзывы клиентов формируют решения о разработке продукта.,Amir,Amazon Translate
При совместном использовании имущество делится между несколькими получателями.,Amir,Amazon Translate
Вещество меняет состояние с жидкого на газообразное путем кипения.,Amir,Amazon Translate
Транспирация перемещает влагу из листьев в воздух.,Amir,Amazon Translate
Здоровая дружба снижает общий уровень стресса.,Amir,Amazon Translate
Аналогии иллюстрируют незнакомые идеи с использованием знакомых концепций.,Amir,Amazon Translate
Этические кодексы защищают права и достоинство на рабочем месте.,Amir,Amazon Translate
Отделения банков управляют финансовыми счетами на местном уровне.,Amir,Amazon Translate
Дизайнеры используют программное обеспечение для 3D-моделирования прототипов.,Amir,Amazon Translate
Настенные рисунки ндебеле являются культурными символами Южной Африки.,Amir,Amazon Translate
Скакалка эффективно увеличивает скорость ног.,Amir,Amazon Translate
День независимости Вьетнама посвящен национальному освобождению.,Amir,Amazon Translate
Крупные розничные торговцы продают большие объемы потребительских товаров.,Amir,Amazon Translate
Круговые диаграммы визуально отображают относительные проценты.,Amir,Amazon Translate
Абсолютный ноль — это минимально возможная измеренная температура.,Amir,Amazon Translate
Анализ результатов эксперимента приводит к научным выводам.,Amir,Amazon Translate
"Добровольцы, работающие на общественных работах, передают свои навыки на общее благо.",Amir,Amazon Translate
В автомобилях теперь используются системы управления двигателем с компьютерным управлением.,Amir,Amazon Translate
Гора Маккинли (Денали) — самая высокая точка Северной Америки.,Amir,Amazon Translate
День победы в Европе знаменует окончание Второй мировой войны в Европе.,Amir,Amazon Translate
Консультанты консультируют по специализированным профессиональным вопросам.,Amir,Amazon Translate
Десятичные числа просто выражают десятые или сотые доли.,Amir,Amazon Translate
"Собаки-терапевты посещают больницы, чтобы успокоить пациентов.",Amir,Amazon Translate
Часовые пояса позволяют согласовать настройки часов в разных точках мира.,Amir,Amazon Translate
Положительные утверждения укрепляют убеждения в собственной значимости.,Amir,Amazon Translate
Аксиомы служат фундаментальными отправными точками в рассуждениях.,Amir,Amazon Translate
Философы-материалисты ограничивают реальность только физической материей.,Amir,Amazon Translate
Молитвы просят у божеств руководства или помощи.,Amir,Amazon Translate
Каждый год установленные законом праздничные дни различаются в зависимости от юрисдикции.,Amir,Amazon Translate
Электронные книги расширяют доступ к библиотекам в цифровом формате по всему миру.,Amir,Amazon Translate
На иллюстрации на скретчборде изображены белые линии на черных поверхностях.,Amir,Amazon Translate
Национальный парк Йосемити находится в калифорнийской Сьерра-Неваде.,Amir,Amazon Translate
"Боевые искусства способствуют концентрации внимания, дисциплине и уважению.",Amir,Amazon Translate
Конституционные собрания пишут новые руководящие документы.,Amir,Amazon Translate
Гидравлические машины работают с жидкостями под давлением.,Amir,Amazon Translate
При вычитании меньшие числа вычитаются из больших.,Amir,Amazon Translate
Исторически Олон жил на центральном побережье Калифорнии.,Amir,Amazon Translate
Пропорциональное представительство обеспечивает равномерное распределение политических мест.,Amir,Amazon Translate
Графитовые стержни эффективно проводят электричество в батареях.,Amir,Amazon Translate
"Землетрясения высвобождают сейсмическую энергию, вызывающую движение грунта.",Amir,Amazon Translate
"Менторы вдохновляют подопечных к росту, делясь опытом.",Amir,Amazon Translate
"В этике, основанной на правилах, особое внимание уделяется следующим принципам.",Amir,Amazon Translate
Первопроходцы-мормоны заселили долину Соленого озера в штате Юта.,Amir,Amazon Translate
Палаты принимают законодательные законопроекты для принятия законов.,Amir,Amazon Translate
Умные автомобили включают в себя автоматизированные датчики безопасности и элементы управления.,Amir,Amazon Translate
В телефонной книге указана контактная информация по месту жительства и служебной деятельности.,Amir,Amazon Translate
"Цюрих, Швейцария, расположен на северном берегу Цюрихского озера.",Amir,Amazon Translate
Присмотр за детьми предполагает краткосрочные обязанности по уходу за детьми.,Amir,Amazon Translate
Поверхность Земли состоит в основном из воды.,Amir,Amazon Translate
Исаак Ньютон разработал три закона движения.,Amir,Amazon Translate
Дружба со временем обеспечивает эмоциональную безопасность.,Amir,Amazon Translate
"Обсуждение рассматривает варианты, прежде чем делать выбор.",Amir,Amazon Translate
Сикхские верования подчеркивают равенство перед Богом.,Amir,Amazon Translate
Парламент утверждает новые налоги или законопроекты о расходах.,Amir,Amazon Translate
Стриминговые сервисы доставляют видеоконтент через Интернет.,Amir,Amazon Translate
Беспроводные клавиатуры связываются с компьютерами с помощью радиосигналов.,Amir,Amazon Translate
Граффити могут выражать политические протестные послания.,Amir,Amazon Translate
Мехико находится на большой высоте над уровнем моря.,Amir,Amazon Translate
"Силовые тренировки сжигают калории быстрее, чем ходьба.",Amir,Amazon Translate
Цивилизация ацтеков процветала в центральной Мексике.,Amir,Amazon Translate
"Рецепты супов сочетают в себе ингредиенты, тушеные в жидкости.",Amir,Amazon Translate
Магнетизм перемещает стрелки компаса к магнитным полюсам.,Amir,Amazon Translate
Содержимое упаковки пищевых продуктов на этикетке с информацией о пищевой ценности.,Amir,Amazon Translate
Дедуктивный вывод применяет правила к делу.,Amir,Amazon Translate
Дзенские кредиты бросают вызов привычному мышлению.,Amir,Amazon Translate
Комитеты рассматривают законодательные предложения на предмет возможных изменений.,Amir,Amazon Translate
Мобильные приложения позволяют пользователям совершать банковские операции из дома.,Amir,Amazon Translate
Руководства можно обновлять путем загрузки в электронном виде.,Amir,Amazon Translate
"Витражи окрашивают солнечный свет, попадающий в соборы.",Amir,Amazon Translate
Патагония охватывает южную часть Аргентины и Чили.,Amir,Amazon Translate
Гребные черепа развивают мышечную силу верхней части тела.,Amir,Amazon Translate
Berlin Airlift снабжал Западный Берлин во время блокады.,Amir,Amazon Translate
Фуд-корты объединяют несколько ресторанов.,Amir,Amazon Translate
"Фракции сравнивают числа, разделенные неравномерно.",Amir,Amazon Translate
Лава охлаждается и образует магматические слои горных пород.,Amir,Amazon Translate
Суждение оценивает альтернативы для достижения наилучших результатов.,Amir,Amazon Translate
Статистика использует выборки для определения популяций.,Amir,Amazon Translate
"Этика добродетели заключается в том, чтобы действовать с добрыми намерениями.",Amir,Amazon Translate
Консульства предлагают помощь гражданам за рубежом.,Amir,Amazon Translate
Иконки приложений часто символизируют ключевые функции приложения.,Amir,Amazon Translate
Общественные смотровые площадки позволяют безопасно наблюдать за дикой природой.,Amir,Amazon Translate
Водные лыжи быстро скользят по поверхности озера.,Amir,Amazon Translate
Катание на коньках одинаково активизирует мышцы тела и ног.,Amir,Amazon Translate
Договоры признают национальную независимость после окончания войны.,Amir,Amazon Translate
В хозяйственных магазинах продаются инструменты и строительные материалы.,Amir,Amazon Translate
Десятичные числа позволяют точно сравнивать результаты измерений.,Amir,Amazon Translate
При охлаждении воздуха ниже точки насыщения образуется роса.,Amir,Amazon Translate
Убедительные аргументы основаны на строгой логике.,Amir,Amazon Translate
Доктрины обобщают официальные религиозные учения.,Amir,Amazon Translate
Попечители управляют имуществом от имени бенефициаров.,Amir,Amazon Translate
Камеры безопасности предотвращают кражу в общественных местах.,Amir,Amazon Translate
Машинное обучение автоматизирует анализ больших наборов данных.,Amir,Amazon Translate
В главах содержание книги разбито на логические разделы.,Amir,Amazon Translate
Роспись песком используется в культурных церемониях.,Amir,Amazon Translate
Бен-Невис — самая высокая гора Шотландии.,Amir,Amazon Translate
"Паркур сочетает в себе бег, прыжки и плавное преодоление препятствий.",Amir,Amazon Translate
Печатный станок навсегда произвел революцию в средствах массовой информации.,Amir,Amazon Translate
"Каталоги, рассылаемые по почте, предшествовали покупкам в Интернете.",Amir,Amazon Translate
Симметрия создает визуально сбалансированные художественные композиции.,Amir,Amazon Translate
Тектоника плит объясняет землетрясения в Тихоокеанском огненном кольце.,Amir,Amazon Translate
Солнечная энергия эффективно питает панели крыш.,Amir,Amazon Translate
Благодарственные письма содержат содержательное выражение признательности.,Amir,Amazon Translate
"Индукция разрабатывает теории, наблюдая за общими тенденциями.",Amir,Amazon Translate
Монашеская жизнь подчеркивает простоту и общественное служение.,Amir,Amazon Translate
Доноры избирательных кампаний добровольно финансируют избирательную деятельность.,Amir,Amazon Translate
Программирование шаг за шагом четко определяет компьютерные задачи.,Amir,Amazon Translate
Библиотечные книги легко упорядочены в алфавитном порядке.,Amir,Amazon Translate
Скрапбукинг сохраняет сувениры в декорированных альбомах.,Amir,Amazon Translate
Банки ссужают деньги на основе полученных депозитов.,Amir,Amazon Translate
В концерте используется сольный инструмент на оркестровом фоне.,Amir,Amazon Translate
Фолклендские острова расположены к востоку от побережья Южной Америки.,Amir,Amazon Translate
Скалолазание требует скоординированных движений и хватки.,Amir,Amazon Translate
Прокламация об эмансипации положила конец рабству в мятежных штатах США.,Amir,Amazon Translate
Графики погашения долга требуют своевременных платежей.,Amir,Amazon Translate
Значение места дает цифрам разные значения величины.,Amir,Amazon Translate
"Плавучие силы объясняют, почему предметы плавают в жидкостях.",Amir,Amazon Translate
Отражающие зеркала представляют собой визуальную симметрию.,Amir,Amazon Translate
Утилитарное мышление измеряет полное счастье в принятии решений.,Amir,Amazon Translate
Посвящение формализует власть духовенства в конфессиях.,Amir,Amazon Translate
Реформа пенитенциарной системы предполагает расширение реабилитационных мероприятий.,Amir,Amazon Translate
Торцевые ключи плотно поворачивают болты и гайки.,Amir,Amazon Translate
Социальные сети позволяют быстро распространять новости по всему миру.,Amir,Amazon Translate
В сборнике стилей содержатся рекомендации по согласованию текста.,Amir,Amazon Translate
Реализм в искусстве точно отражает повседневную жизнь.,Amir,Amazon Translate
Каир — столица Египта в дельте Нила.,Amir,Amazon Translate
В средневековье Черная смерть унесла жизни миллионов людей.,Amir,Amazon Translate
Кассиры обрабатывают транзакции в точках продаж.,Amir,Amazon Translate
Ноль — это заполнитель в нашей системе счисления.,Amir,Amazon Translate
Электроны вращаются вокруг атомных ядер в оболочках.,Amir,Amazon Translate
Мария Кюри получила две Нобелевские премии.,Amir,Amazon Translate
Конструктивная критика улучшает производительность или навыки.,Amir,Amazon Translate
Кратковременная память быстро исчезает в течение нескольких минут.,Amir,Amazon Translate
Конфуцианские учения подчеркивают уважение и сыновние обязанности.,Amir,Amazon Translate
Муниципалитеты контролируют местное планирование и услуги.,Amir,Amazon Translate
Мобильные платежные приложения переводят средства в электронном виде.,Amir,Amazon Translate
Беспроводные динамики используют Bluetooth для приема звука.,Amir,Amazon Translate
Керамическая глазурь создает блестящую водонепроницаемую поверхность.,Amir,Amazon Translate
Венецианцы путешествуют на гондоле по городским каналам.,Amir,Amazon Translate
Кросс-тренинг чередует тренировки для предотвращения травм.,Amir,Amazon Translate
Архитектура в стиле барокко отличается богато украшенными деталями.,Amir,Amazon Translate
Порции еды влияют на потребление калорий и обмен веществ.,Amir,Amazon Translate
Рефракция искривляет свет сквозь различные материалы.,Amir,Amazon Translate
Сила воли постоянно противостоит искушению.,Amir,Amazon Translate
Аналогия помогает просто объяснить новые концепции.,Amir,Amazon Translate
"Писатели-трансценденталисты отдавали предпочтение природе, а не индустриальному обществу.",Amir,Amazon Translate
Прихожане регулярно посещают богослужения вместе.,Amir,Amazon Translate
В ходе дебатов высказываются разные точки зрения по конкретным вопросам.,Amir,Amazon Translate
Учебные пособия облегчают самостоятельное онлайн-обучение.,Amir,Amazon Translate
Книги узоров иллюстрируют поделки шаг за шагом.,Amir,Amazon Translate
Фрески украшают часовни красочными настенными росписями.,Amir,Amazon Translate
Общины масаи расположены в Кении и Танзании.,Amir,Amazon Translate
Боевые искусства развивают ловкость и дисциплину.,Amir,Amazon Translate
Джеймстаун стал первым постоянным поселением Англии в Америке.,Amir,Amazon Translate
Принтеры чеков мгновенно выдают квитанции для подтверждения оплаты.,Amir,Amazon Translate
Фазы Луны меняются в течение каждого месяца.,Amir,Amazon Translate
Инклюзия обеспечивает равное обращение независимо от различий.,Amir,Amazon Translate
Вероятности рассчитывают ожидаемые риски математически.,Amir,Amazon Translate
Моральные кодексы устанавливают коллективные стандарты поведения.,Amir,Amazon Translate
Мистические традиции напрямую исследуют духовный союз.,Amir,Amazon Translate
Билль о правах защищает основные американские свободы.,Amir,Amazon Translate
Универсальные пульты дистанционного управления управляют несколькими электронными устройствами.,Amir,Amazon Translate
В фотографии Tintype исторически использовались металлические пластины.,Amir,Amazon Translate
Пролив Босфор разделяет Стамбул на Европу и Азию.,Amir,Amazon Translate
"Каякинг укрепляет мышцы спины, рук и тела.",Amir,Amazon Translate
Женевская конвенция устанавливает гуманитарные принципы военного времени.,Amir,Amazon Translate
Ремесленники изготавливают предметы ручной работы с использованием специальных техник.,Amir,Amazon Translate
"Электронные таблицы, доступные для совместного использования, помогают командам управлять проектами.",Amir,Amazon Translate
"Отрицательные показатели представляют собой величины, обратные числам.",Amir,Amazon Translate
"Зоны субдукции возникают там, где встречаются тектонические плиты.",Amir,Amazon Translate
Графики визуально отображают взаимосвязи переменных.,Amir,Amazon Translate
При выращивании эффективно производится питание из почвы.,Amir,Amazon Translate
Списки добродетелей ежедневно способствуют этическому саморазвитию.,Amir,Amazon Translate
Анимистические верования связывают духов с растениями и животными.,Amir,Amazon Translate
Единые законы стандартизируют межгосударственные правила.,Amir,Amazon Translate
"Хронометраж точно отслеживает часы, дни, месяцы и годы.",Amir,Amazon Translate
Шифрование тайно сохраняет информацию с помощью алгоритмов.,Amir,Amazon Translate
Поэтические слэмы включают исполнение оригинальных стихотворений.,Amir,Amazon Translate
Мост Харбор-Бридж в Сиднее соединяет городские районы через воду.,Amir,Amazon Translate
Эль-Ниньо циклически меняет глобальные погодные условия.,Amir,Amazon Translate
"Боксерские матчи проверяют силу, стратегию и выносливость.",Amir,Amazon Translate
Поправки вдумчиво обновляют правовые тексты.,Amir,Amazon Translate
Музыка импрессионистов передает мимолетные настроения в звуке.,Amir,Amazon Translate
Кампании общественного здравоохранения борются с эпидемиями на местном уровне.,Amir,Amazon Translate
Резюме кратко излагают основные моменты карьеры.,Amir,Amazon Translate
Микроскопы увеличивают небольшие образцы для наблюдения.,Amir,Amazon Translate
Программы лояльности поощряют повторные покупки клиентов.,Amir,Amazon Translate
Тектоника изучает движения земной коры.,Amir,Amazon Translate
Призыв граждан на военную службу.,Amir,Amazon Translate
Управляющие активами стратегически инвестируют деньги клиентов.,Amir,Amazon Translate
Позитивная экономика анализирует факты без осуждения.,Amir,Amazon Translate
Детерминированные компьютерные программы всегда имеют предсказуемые результаты.,Amir,Amazon Translate
Язык науальт возник среди ацтекских народов.,Amir,Amazon Translate
Рим известен своей древней архитектурой.,Amir,Amazon Translate
Река Амазонка протекает через Южную Америку.,Amir,Amazon Translate
Сбалансированная диета поддерживает общее здоровье и энергию.,Amir,Amazon Translate
Древняя Греция повлияла на западную философию.,Amir,Amazon Translate
Вода покрывает большую часть поверхности Земли.,Amir,Amazon Translate
Кислород составляет 21 процент атмосферы Земли.,Amir,Amazon Translate
Математика использует числа и символы для решения задач.,Amir,Amazon Translate
При вычитании одно число удаляется из другой величины.,Amir,Amazon Translate
"В футбол играют две команды, использующие мяч.",Amir,Amazon Translate
Электронная почта отправляет электронные сообщения между компьютерами.,Amir,Amazon Translate
Цвет глаз частично зависит от генетики.,Amir,Amazon Translate
"Дождь падает, когда водяной пар конденсируется в капли.",Amir,Amazon Translate
Зимние штормы приносят снег или лед.,Amir,Amazon Translate
Весна следует за зимой по мере наклона земной оси.,Amir,Amazon Translate
Пифагор разработал теории прямоугольных треугольников.,Amir,Amazon Translate
Углерод — ключевой элемент для живых существ.,Amir,Amazon Translate
Когда-то Санкт-Петербург называли Ленинградом.,Amir,Amazon Translate
В некоторых конфессиях монахи живут под религиозными обетами.,Amir,Amazon Translate
Врачи диагностируют болезни и травмы.,Amir,Amazon Translate
Пилоты управляют самолетом во время полетов.,Amir,Amazon Translate
Плотность населения измеряет количество людей на единицу площади.,Amir,Amazon Translate
Громкие звуки со временем могут ухудшить слух.,Amir,Amazon Translate
Ураганы сопровождаются сильными ветрами и проливными дождями.,Amir,Amazon Translate
Французский язык широко распространен в Западной Африке.,Amir,Amazon Translate
Статуи посвящены важным историческим личностям.,Amir,Amazon Translate
Синие киты — самые крупные животные на сегодняшний день.,Amir,Amazon Translate
Живые организмы адаптируются к изменениям окружающей среды.,Amir,Amazon Translate
Растения накапливают энергию в корнях и семенах.,Amir,Amazon Translate
Топливо работает на автомобилях и механизмах.,Amir,Amazon Translate
"ДНК определяет физические черты, унаследованные от родителей.",Amir,Amazon Translate
Государственные школы предлагают бесплатное образование.,Amir,Amazon Translate
Шахматы требуют тщательного планирования и дальновидности.,Amir,Amazon Translate
Землетрясения внезапно высвобождают накопленную энергию.,Amir,Amazon Translate
Лифты перемещают людей вертикально между этажами здания.,Amir,Amazon Translate
Фермеры выращивают сельскохозяйственные культуры для производства продуктов питания.,Amir,Amazon Translate
"Гитары создают звук, вибрируя струны.",Amir,Amazon Translate
Британский парламент принимает законы в Соединенном Королевстве.,Amir,Amazon Translate
Медсестры помогают врачам в уходе за пациентами.,Amir,Amazon Translate
Хлопковые волокна скручены в нить.,Amir,Amazon Translate
"Математика включает арифметику, геометрию и алгебру.",Amir,Amazon Translate
Торт выпекают к праздникам.,Amir,Amazon Translate
Плавание укрепляет мышцы и координацию.,Amir,Amazon Translate
Чтение увеличивает словарный запас и понимание.,Amir,Amazon Translate
Спутники вращаются над атмосферой Земли.,Amir,Amazon Translate
Огни взлетно-посадочной полосы обеспечивают посадку самолетов ночью.,Amir,Amazon Translate
Классическая музыка основана на структурированных формах и гармониях.,Amir,Amazon Translate
Фестивали урожая отмечают успешный сбор урожая.,Amir,Amazon Translate
Барометры измеряют атмосферное давление воздуха.,Amir,Amazon Translate
Флаги символизируют страны и организации.,Amir,Amazon Translate
"В симфониях участвуют большие группы музыкантов, играющих вместе.",Amir,Amazon Translate
Употребление фруктов обеспечивает организм витаминами и клетчаткой.,Amir,Amazon Translate
Программирование позволяет компьютерам выполнять определенные задачи.,Amir,Amazon Translate
Демократия предоставляет гражданам избирательные права.,Amir,Amazon Translate
Питьевая вода необходима для здоровья.,Amir,Amazon Translate
Чтение улучшает навыки грамотности.,Amir,Amazon Translate
Землетрясения вызваны тектоническим движением.,Amir,Amazon Translate
Углекислый газ — это парниковый газ.,Amir,Amazon Translate
Облака содержат крошечные капли воды.,Amir,Amazon Translate
Самолеты быстро доставляют пассажиров между городами.,Amir,Amazon Translate
Пекин — столица Китая.,Amir,Amazon Translate
Оркестры исполняют симфоническую музыку со многими музыкантами.,Amir,Amazon Translate
Картофель фри готовят из картофеля.,Amir,Amazon Translate
Беспроводной доступ в Интернет использует радиоволны для подключения.,Amir,Amazon Translate
Аккумулятор накапливает энергию для электронных устройств.,Amir,Amazon Translate
Комары переносят паразитов малярии.,Amir,Amazon Translate
Саксофоны распространены в джазовых группах.,Amir,Amazon Translate
"Алгебра решает уравнения с буквами, обозначающими числа.",Amir,Amazon Translate
Океаны покрывают около 71% поверхности Земли.,Amir,Amazon Translate
Венера — вторая планета от Солнца.,Amir,Amazon Translate
В футбол играют на травяном поле с голами.,Amir,Amazon Translate
Почта доставляет сообщения и пакеты физически.,Amir,Amazon Translate
В баскетболе используются мяч и два обруча.,Amir,Amazon Translate
Календари отслеживают даты и месяцы.,Amir,Amazon Translate
"Инженеры проектируют здания, мосты и транспортные средства.",Amir,Amazon Translate
Кулинария превращает сырые ингредиенты в блюда.,Amir,Amazon Translate
"Физика изучает материю, энергию и силы.",Amir,Amazon Translate
"Астрономия исследует звезды, планеты и галактики.",Amir,Amazon Translate
Электромобили работают на перезаряжаемых батареях.,Amir,Amazon Translate
Книги рассказывают истории или предоставляют информацию.,Amir,Amazon Translate
"Гимнастика сочетает силу, гибкость и координацию.",Amir,Amazon Translate
Корнеплоды растут под почвой.,Amir,Amazon Translate
Хип-хоп сочетает в себе ритмичную речь и музыку.,Amir,Amazon Translate
Наблюдение за птицами включает наблюдение за дикими птицами в природе.,Amir,Amazon Translate
"Антибиотики убивают бактерии, вызывающие инфекции.",Amir,Amazon Translate
Светлячки излучают свет посредством биолюминесценции.,Amir,Amazon Translate
Орлы строят гнезда высоко на деревьях или скалах.,Amir,Amazon Translate
Помидоры ботанически относятся к ягодам.,Amir,Amazon Translate
В Лондоне есть подземная железная дорога под названием «Метро».,Amir,Amazon Translate
Дельты рек откладывают отложения в местах слияния рек с морями.,Amir,Amazon Translate
Планеты вращаются вокруг Солнца по орбитам.,Amir,Amazon Translate
Публичные библиотеки предоставляют книги бесплатно.,Amir,Amazon Translate
Древний Рим построил акведуки для подачи пресной воды.,Amir,Amazon Translate
Пазухи — это полости в черепе возле носа.,Amir,Amazon Translate
Римляне строили дороги по всей империи.,Amir,Amazon Translate
Юристы представляют клиентов в юридических вопросах.,Amir,Amazon Translate
Каждый год киты мигрируют на огромные расстояния.,Amir,Amazon Translate
Пешие прогулки сжигают калории и улучшают психическое здоровье.,Amir,Amazon Translate
Телепортация в настоящее время существует только в научной фантастике.,Amir,Amazon Translate
Футбол называют футболом за пределами Северной Америки.,Amir,Amazon Translate
Из папье-маше создаются легкие скульптуры и модели.,Amir,Amazon Translate
В Колизее в Риме проходили гладиаторские бои.,Amir,Amazon Translate
"Геологи изучают горные породы, минералы и землетрясения.",Amir,Amazon Translate
Кукольное искусство придает куклам и фигуркам реалистичное движение.,Amir,Amazon Translate
Композиторы создают новые инструментальные и вокальные произведения.,Amir,Amazon Translate
Для езды на одиночных колесах моноциклы требуют баланса.,Amir,Amazon Translate
Тюлени живут вдоль береговой линии и питаются рыбой.,Amir,Amazon Translate
"Шахматные гроссмейстеры выигрывают международные турниры, осваивая стратегию.",Amir,Amazon Translate
Фермеры чередуют посевы для поддержания здоровья почв.,Amir,Amazon Translate
"Керамике придают форму, а затем обжигают в печах.",Amir,Amazon Translate
Словари определяют английские слова в алфавитном порядке.,Amir,Amazon Translate
Диснейленд открылся в Калифорнии в 1955 году.,Amir,Amazon Translate
В оркестрах виолончели играют на низких частотах.,Amir,Amazon Translate
Плотоядные животные зависят в основном от мяса животных.,Amir,Amazon Translate
Вода быстрее закипает при более низком атмосферном давлении.,Amir,Amazon Translate
Струйные потоки текут высоко над поверхностью Земли.,Amir,Amazon Translate
Пищеварение расщепляет продукты на питательные вещества.,Amir,Amazon Translate
В зоопарках безопасно содержатся экзотические и находящиеся под угрозой исчезновения животные.,Amir,Amazon Translate
Драма передает сюжетные эмоции через диалог и действие.,Amir,Amazon Translate
"В учебных программах указано, что учащиеся должны изучать в школе.",Amir,Amazon Translate
День Пи отмечается каждый год четырнадцатого марта.,Amir,Amazon Translate
Шекспир писал пьесы и сонеты в английской литературе.,Amir,Amazon Translate
Алмазы изготавливаются из высокосжатого углерода.,Amir,Amazon Translate
Высота горы Эверест превышает 8800 метров над уровнем моря.,Amir,Amazon Translate
Бананы содержат клетчатку и калий для питания.,Amir,Amazon Translate
"На картах визуально отображаются регионы, границы и объекты.",Amir,Amazon Translate
"Врачи лечат заболевания, чтобы улучшить здоровье пациентов.",Amir,Amazon Translate
"Треугольники имеют три угла, сумма которых равна 180 градусам.",Amir,Amazon Translate
"В джазе предпочтение отдается импровизации, а не строгим нотам.",Amir,Amazon Translate
Музеи сохраняют историю и культуру для будущих поколений.,Amir,Amazon Translate
"Позы йоги повышают силу, гибкость и равновесие.",Amir,Amazon Translate
"Атомы объединяются, образуя различные химические соединения.",Amir,Amazon Translate
Wi-Fi обеспечивает беспроводное подключение устройств.,Amir,Amazon Translate
"Дождь возникает, когда облака выделяют конденсированный водяной пар.",Amir,Amazon Translate
Деньги выступают в качестве средства обмена на рынках.,Amir,Amazon Translate
Бамбук может расти на метр в день в идеальных условиях.,Amir,Amazon Translate
В целях безопасности водители должны соблюдать правила дорожного движения.,Amir,Amazon Translate
Медоносные пчелы производят мед из растительных источников сахара.,Amir,Amazon Translate
Звук быстрее всего распространяется в твердых материальных средах.,Amir,Amazon Translate
Гравитация заставляет планетные тела двигаться по эллиптическим траекториям.,Amir,Amazon Translate
Словари объясняют значения и правильное написание слов.,Amir,Amazon Translate
"В живописи используются пигменты, нанесенные кистью или ножами.",Amir,Amazon Translate
"Нейтральные цвета включают белый, черный, серый и бежевый.",Amir,Amazon Translate
Оркестры исполняют классические нотные композиции.,Amir,Amazon Translate
"Самолеты быстро перемещаются между пунктами назначения, используя реактивные двигатели.",Amir,Amazon Translate
"Рептилии регулируют температуру, греясь под солнечным светом.",Amir,Amazon Translate
Телефоны обеспечивают голосовую связь на большие расстояния.,Amir,Amazon Translate
Витамины восполняют пробелы в рационе для улучшения здоровья.,Amir,Amazon Translate
"Книги делятся знаниями, идеями или историями с читателями.",Amir,Amazon Translate
Облачная погода интенсивно рассеивает естественный солнечный свет.,Amir,Amazon Translate
Джаз зародился в афроамериканских сообществах.,Amir,Amazon Translate
Стоматологи уделяют особое внимание зубам и деснам.,Amir,Amazon Translate
Солнечные панели преобразуют энергию фотонов в электричество.,Amir,Amazon Translate
Демократия позволяет гражданам голосовать за лидеров.,Amir,Amazon Translate
Сыр образуется путем ферментации ферментов животного молока.,Amir,Amazon Translate
Фермеры выращивают сельскохозяйственные культуры для потребления в пищу или для домашнего скота.,Amir,Amazon Translate
"Дроби описывают числа, меньшие целых значений.",Amir,Amazon Translate
Опера сочетает вокальное исполнение и драматическое повествование.,Amir,Amazon Translate
Водяные лилии плавают по прудам с широкими листьями.,Amir,Amazon Translate
Олимпийские игры во всем мире проводятся каждые четыре года.,Amir,Amazon Translate
Температура измеряет тепловую энергию веществ.,Amir,Amazon Translate
Лимоны придают пище кислотность и аромат.,Amir,Amazon Translate
"В Антарктиде нет постоянных жителей, кроме ученых.",Amir,Amazon Translate
"В дневниках записываются личные переживания, мысли и чувства.",Amir,Amazon Translate
Рыболовство поставляет пищевые ресурсы с высоким содержанием белка.,Amir,Amazon Translate
Стекло производится путем плавления песка и кальцинированной соды.,Amir,Amazon Translate
Смычки для скрипки используют конский волос для воспроизведения звука.,Amir,Amazon Translate
"Жирафы питаются деревьями акации, используя высокую шею.",Amir,Amazon Translate
Железо лучше всего противостоит коррозии при покрытии краской.,Amir,Amazon Translate
"Звезды объединяют атомы водорода в ядра гелия, высвобождая энергию.",Amir,Amazon Translate
"Грамматика описывает, как языки логически структурируют предложения.",Amir,Amazon Translate
"Молния возникает, когда противоположные заряды выравниваются в атмосфере.",Amir,Amazon Translate
Цифровые камеры записывают фотографии в виде электронных изображений.,Amir,Amazon Translate
"Инжиниринг разрабатывает машины, дороги, устройства или конструкции.",Amir,Amazon Translate
"Тюльпаны — луковичные цветы, произрастающие в регионах Центральной Азии.",Amir,Amazon Translate
"Морковь содержит бета-каротин, который организм превращает в витамин А.",Amir,Amazon Translate
"Яблоки растут на лиственных деревьях, которые ежегодно теряют листья.",Amir,Amazon Translate
Наука включает в себя постановку вопросов и методическое проведение экспериментов.,Amir,Amazon Translate
Публичные библиотеки бесплатно предоставляют книги и мультимедийные материалы.,Amir,Amazon Translate
"Закаты меняют цвет неба, рассеивая солнечные лучи.",Amir,Amazon Translate
Костры сжигают большее количество дров на открытом воздухе.,Amir,Amazon Translate
Лекарства помогают облегчить симптомы болезни или инфекции.,Amir,Amazon Translate
Благодаря полосатому камуфляжу зебры прекрасно сочетаются с лугами.,Amir,Amazon Translate
Зима приносит снежные бури в холодные климатические зоны.,Amir,Amazon Translate
Учителя поддерживают цели обучения в учебных заведениях.,Amir,Amazon Translate
Археологи изучают артефакты прошлых обществ.,Amir,Amazon Translate
"Футболисты забивают голы, забивая мяч.",Amir,Amazon Translate
Ураганы вызывают серьезные повреждения от ветра и наводнения.,Amir,Amazon Translate
Бумага изготавливается из обработанных древесных волокон.,Amir,Amazon Translate
"Шоколад начинается с какао-бобов, выращенных в тропическом климате.",Amir,Amazon Translate
Кулинарные книги содержат рецепты и инструкции по технике приготовления.,Amir,Amazon Translate
Спортсмены тренируются для повышения уровня физической работоспособности.,Amir,Amazon Translate
"В Риме жили такие императоры, как Юлий Цезарь.",Amir,Amazon Translate
Для электрогитар требуются усилители для увеличения громкости.,Amir,Amazon Translate
"Острова образуются, когда вулканы поднимаются над линией воды.",Amir,Amazon Translate
Семена прорастают при увлажнении и нагревании окружающей средой.,Amir,Amazon Translate
Психология научно изучает психические процессы и поведение.,Amir,Amazon Translate
Климат влияет на типы растительности в географических точках.,Amir,Amazon Translate
"Айсберги отрываются от больших ледников, плавающих в океане.",Amir,Amazon Translate
"Шекспир написал пьесы, в том числе «Гамлет» и «Макбет».",Amir,Amazon Translate
"Сбалансированная диета включает белки, овощи и злаки.",Amir,Amazon Translate
Атмосфера Земли состоит в основном из азота и кислорода.,Amir,Amazon Translate
Каждую осень яблоневые сады приносят плоды.,Amir,Amazon Translate
"Соль сохраняет мясо до того, как появились холодильники.",Amir,Amazon Translate
Многоугольники представляют собой замкнутые формы только с прямыми сторонами.,Amir,Amazon Translate
Радио передает звуковые волны на расстояние по беспроводной сети.,Amir,Amazon Translate
Для вброд по воде журавли используют длинные ноги.,Amir,Amazon Translate
Монеты служат валютой для небольших транзакций.,Amir,Amazon Translate
Осенью листья меняют цвет из-за температуры.,Amir,Amazon Translate
Медицинские работники диагностируют и лечат заболевания.,Amir,Amazon Translate
В шахматах используются стратегические ходы на клетчатой игровой доске.,Amir,Amazon Translate
Врачи назначают пациентам лекарства и методы лечения.,Amir,Amazon Translate
Комары — частые переносчики различных заболеваний.,Amir,Amazon Translate
Логика составляет основу рациональной аргументации.,Amir,Amazon Translate
"Математика анализирует закономерности, величины и структуры.",Amir,Amazon Translate
Актеры исполняют роли в театральных постановках.,Amir,Amazon Translate
Учителя обучают учеников в классах по всему миру.,Amir,Amazon Translate
Фрида Кало писала выразительные автопортреты.,Amir,Amazon Translate
"Эйфелева башня находится в Париже, Франция.",Amir,Amazon Translate
В баскетболе команды из пяти игроков соревнуются за очки.,Amir,Amazon Translate
Бульдозеры перемещают землю во время строительных работ.,Amir,Amazon Translate
Кавычки обозначают речь или цитаты в тексте.,Amir,Amazon Translate
Компьютеры обрабатывают информацию в электронном виде с высокой скоростью.,Amir,Amazon Translate
В грозовую погоду случаются вспышки молнии.,Amir,Amazon Translate
Пирамиды олицетворяют древние архитектурные достижения.,Amir,Amazon Translate
Витамины помогают поддерживать функции организма и обмен веществ.,Amir,Amazon Translate
В классической музыке используются структурированные композиции с оркестровыми инструментами.,Amir,Amazon Translate
Чертежи помогают инженерам проектировать здания.,Amir,Amazon Translate
Во время противостояния Марс виден невооруженным глазом.,Amir,Amazon Translate
Прогнозы погоды предсказывают будущие атмосферные условия на местном уровне.,Amir,Amazon Translate
Рис является основным зерном в азиатской диете.,Amir,Amazon Translate
"Кукольное искусство воплощает истории в жизнь, используя фигурки, управляемые вручную.",Amir,Amazon Translate
Рак описывает группу заболеваний с аномальным ростом клеток.,Amir,Amazon Translate
Поисковая система Google ежедневно индексирует миллионы веб-страниц.,Amir,Amazon Translate
Сыр получают из правильно хранимого простокваши.,Amir,Amazon Translate
Крокодилы обитают на берегах рек и теплых водно-болотных угодьях.,Amir,Amazon Translate
В Антарктиде шесть месяцев непрерывного светового дня в год.,Amir,Amazon Translate
"Инженеры проектируют машины, здания и инфраструктуру.",Amir,Amazon Translate
"Скрипачи исполняют мелодии, точно кланяя струны.",Amir,Amazon Translate
Острова полностью окружены водоемами.,Amir,Amazon Translate
Бег трусцой повышает устойчивость к сидячему образу жизни.,Amir,Amazon Translate
"Лед образуется естественным образом, когда температура опускается ниже нуля.",Amir,Amazon Translate
В футболе для каждой команды используются сферический мяч и вратарские стойки.,Amir,Amazon Translate
Скульпторы создают трехмерные работы из каменных или металлических блоков.,Amir,Amazon Translate
Здоровое питание способствует укреплению иммунной системы.,Amir,Amazon Translate
Электричество питает электронные устройства повсюду.,Amir,Amazon Translate
Врачи ежедневно лечат травмы и болезни.,Amir,Amazon Translate
Библиотечные полки упорядочивают книги по темам или авторам.,Amir,Amazon Translate
История изучает прошлых людей и события.,Amir,Amazon Translate
Землетрясения возникают в результате движения вдоль разломов под землей.,Amir,Amazon Translate
"Йога включает в себя техники осанки, дыхания и концентрации.",Amir,Amazon Translate
Артисты балета изящно исполняют хореографированные движения.,Amir,Amazon Translate
Географы изучают пространственное распределение и местоположение.,Amir,Amazon Translate
Фермеры выращивают зерно и овощи для потребления.,Amir,Amazon Translate
Медоносные пчелы производят мед в ульях.,Amir,Amazon Translate
Древние греки строили храмы в честь своих богов.,Amir,Amazon Translate
Общественные автобусы обеспечивают общий транспорт по городам.,Amir,Amazon Translate
"Тюлени живут как на суше, так и в холодных морях.",Amir,Amazon Translate
После Второй мировой войны Берлинская стена разделила Восточный и Западный Берлин.,Amir,Amazon Translate
У больших белых акул несколько рядов зубов.,Amir,Amazon Translate
"Если их не трогать, желуди превращаются в дубы.",Amir,Amazon Translate
Арахис растет под землей в стручках.,Amir,Amazon Translate
У киви коричневая пушистая кожура и зеленая мякоть.,Amir,Amazon Translate
"Атомы образуют все типы твердого, жидкого и газообразного вещества.",Amir,Amazon Translate
Вирусы вызывают грипп и простуду.,Amir,Amazon Translate
"Человеческая память хранит факты, навыки и опыт.",Amir,Amazon Translate
"Супермаркеты продают продукты, товары для дома и личные товары.",Amir,Amazon Translate
Самолеты быстро перевозят пассажиров между континентами.,Amir,Amazon Translate
Александр Великий завоевал большую часть древнего мира.,Amir,Amazon Translate
Bluetooth беспроводно соединяет цифровые устройства.,Amir,Amazon Translate
Художники визуально выражают свои идеи с помощью различных средств массовой информации.,Amir,Amazon Translate
Мытье фруктов и овощей удаляет грязь и бактерии.,Amir,Amazon Translate
Исчисление находит области под кривыми и темпами изменений.,Amir,Amazon Translate
На картах географические области визуально представлены символами и линиями.,Amir,Amazon Translate
Сбалансированная диета поддерживает сильную иммунную функцию.,Amir,Amazon Translate
"В музеях представлены экспонаты искусства, истории и науки.",Amir,Amazon Translate
Гравитация удерживает объекты на поверхности Земли.,Amir,Amazon Translate
"Фотография снимает изображения с помощью камер, пленки или датчиков.",Amir,Amazon Translate
Кролики обнаруживают хищников своими большими чувствительными ушами.,Amir,Amazon Translate
Компьютеры обрабатывают данные с помощью двоичных систем счисления.,Amir,Amazon Translate
Монеты служат валютой для коммерческих транзакций.,Amir,Amazon Translate
Скрипачи играют высокие ноты в оркестрах и ансамблях.,Amir,Amazon Translate
Самолеты перевозят пассажиров между отдаленными городами мира.,Amir,Amazon Translate
Врачи диагностируют заболевания и рекомендуют лечение.,Amir,Amazon Translate
"Журавли бродят по мелководью, охотясь на рыбу и насекомых.",Amir,Amazon Translate
Статуи увековечивают память известных людей или событий в общественных местах.,Amir,Amazon Translate
"Учащиеся изучают академические предметы, такие как математика, естественные науки и язык.",Amir,Amazon Translate
Системы глобального позиционирования (GPS) помогают ориентироваться на открытом воздухе.,Amir,Amazon Translate
"Летние температуры обычно выше, чем в зимние месяцы.",Amir,Amazon Translate
В озерах есть водоемы со стоячей пресной или соленой водой.,Amir,Amazon Translate
Облака состоят из холодных конденсированных капель водяного пара.,Amir,Amazon Translate
"Футбольные команды соревнуются, забивая голы мячом.",Amir,Amazon Translate
Наука опирается на данные наблюдений и экспериментов.,Amir,Amazon Translate
"Очки исправляют проблемы со зрением, такие как близорукость.",Amir,Amazon Translate
"Арифметика включает сложение, вычитание, умножение и деление.",Amir,Amazon Translate
Часы точно измеряют временные интервалы.,Amir,Amazon Translate
Пенициллин был открыт в качестве антибиотика Александром Флемингом.,Amir,Amazon Translate
НАСА исследует космическое пространство с помощью телескопов и космических аппаратов.,Amir,Amazon Translate
"Плотоядные животные получают питание в основном, поедая других животных.",Amir,Amazon Translate
"Мозг обрабатывает мысли, эмоции и контролирует функции организма.",Amir,Amazon Translate
Автомобили быстро перевозят людей и товары по дорогам.,Amir,Amazon Translate
Венера — самая горячая планета в нашей Солнечной системе.,Amir,Amazon Translate
Азия — самый большой из континентов Земли.,Amir,Amazon Translate
Фрида Кало писала автопортреты под влиянием мексиканской культуры.,Amir,Amazon Translate
"Карты упрощают рельеф, расстояния и политические границы.",Amir,Amazon Translate
Здоровый сон поддерживает иммунную функцию и регулирует настроение.,Amir,Amazon Translate
Врачи лечат болезни с помощью диагностики и лекарств.,Amir,Amazon Translate
"Йога сочетает растяжку с дыханием, что полезно для здоровья.",Amir,Amazon Translate
Осенью растения теряют листья в умеренном климате.,Amir,Amazon Translate
"Пингвины — птицы, которые плавают, но не летают.",Amir,Amazon Translate
Океаны покрывают более двух третей поверхности Земли.,Amir,Amazon Translate
Пластик сохраняется в природе сотни лет.,Amir,Amazon Translate
Публичные библиотеки бесплатно предоставляют книги владельцам карт.,Amir,Amazon Translate
"Выходя на поверхность для дыхания, киты выбрасывают воздушные носики.",Amir,Amazon Translate
Кролики используют большие уши для улавливания звуков окружающей среды.,Amir,Amazon Translate
"Высказывания мнения отражают убеждения, а не универсальные факты.",Amir,Amazon Translate
Инженеры разрабатывают технологические решения для практических задач.,Amir,Amazon Translate
Художники визуально выражают чувства через творческие работы.,Amir,Amazon Translate
Логика находит верные выводы на основе формальных предпосылок.,Amir,Amazon Translate
Рассказы структурируют истории как последовательности событий.,Amir,Amazon Translate
В словарях в алфавитном порядке перечислены определения и произношения слов.,Amir,Amazon Translate
Геологи изучают состав и историю горных пород.,Amir,Amazon Translate
Спутники вращаются вокруг планет для передачи сигналов по всему миру.,Amir,Amazon Translate
Кузнечики сильно прыгают по сравнению с размером своего тела.,Amir,Amazon Translate
"Рынки — это места, где покупатели и продавцы взаимодействуют.",Amir,Amazon Translate
Во время извержений вулканы испускают горячую лаву.,Amir,Amazon Translate
Африка — второй по величине континент.,Amir,Amazon Translate
Сердце обеспечивает циркуляцию крови для доставки кислорода тканям.,Amir,Amazon Translate
"Балет требует силы, гибкости и точного баланса.",Amir,Amazon Translate
Река Янцзы протекает через восточный Китай.,Amir,Amazon Translate
Рост мышц является результатом постоянных упражнений с отягощениями.,Amir,Amazon Translate
Вакцины помогают снизить передачу вирусных инфекций.,Amir,Amazon Translate
Солнцезащитный крем помогает предотвратить солнечные ожоги в яркие летние дни.,Amir,Amazon Translate
Белые медведи хорошо плавают и охотятся на льдины.,Amir,Amazon Translate
"Курды населяют регионы, охватывающие Турцию, Сирию, Ирак и Иран.",Amir,Amazon Translate
Картофель растет в виде клубней ниже уровня земли.,Amir,Amazon Translate
Публичные библиотеки бесплатно предоставляют книги членам сообщества.,Amir,Amazon Translate
В древнеримской архитектуре впервые появились арки и купола.,Amir,Amazon Translate
Мосты Keystone Arch эффективно распределяют вес по долинам.,Amir,Amazon Translate
"Горы возникают в результате тектонических сдвигов, поднимающих землю вверх.",Amir,Amazon Translate
"Футбол — командный вид спорта, в котором используются только ноги и мяч.",Amir,Amazon Translate
"Сыр — это кисломолочное молоко, высушенное в разном возрасте.",Amir,Amazon Translate
"Яблоки созревают красными, зелеными или желтыми в зависимости от сорта.",Amir,Amazon Translate
Ледники медленно формируют горы в результате медленного движения.,Amir,Amazon Translate
Железные дороги перевозят пассажиров между городами на большие расстояния.,Amir,Amazon Translate
В супермаркетах продаются самые разные продукты: от мяса до чистящих средств.,Amir,Amazon Translate
Ветровые турбины вырабатывают электроэнергию без сжигания ископаемого топлива.,Amir,Amazon Translate
"Клубника — один из первых фруктов, собираемых каждую весну.",Amir,Amazon Translate
Климат описывает общие тенденции погоды в течение более длительных периодов времени.,Amir,Amazon Translate
Грибы лучше всего растут во влажной затененной среде.,Amir,Amazon Translate
"Инженеры строят конструкции, способные противостоять землетрясениям и наводнениям.",Amir,Amazon Translate
Соль защищает мясо рыбы от гниения.,Amir,Amazon Translate
"Облака рассеивают солнечный свет, создавая пастельное вечернее небо.",Amir,Amazon Translate
Врачи лечат болезни с помощью доказательной медицины.,Amir,Amazon Translate
"Стоматологи чистят зубы, чтобы предотвратить кариес.",Amir,Amazon Translate
"Математика включает такие разнообразные области, как геометрия и статистика.",Amir,Amazon Translate
В хоккее используются клюшки для направления небольших круглых шайб.,Amir,Amazon Translate
"Кролики используют свои сильные ноги, чтобы убежать от прыжков.",Amir,Amazon Translate
Пластиковая упаковка защищает скоропортящиеся продукты от порчи.,Amir,Amazon Translate
Валюта облегчает коммерческие транзакции и обмен.,Amir,Amazon Translate
Джазовые музыканты исполняют соло в меняющихся гармониях.,Amir,Amazon Translate
"Скульпторы вырезают каменные фигуры, изображающие исторических людей.",Amir,Amazon Translate
Гравитация вызывает периодическое изменение приливов и отливов вдоль прибрежных берегов.,Amir,Amazon Translate
Вспышки молнии ненадолго освещают ночное небо.,Amir,Amazon Translate
Антарктида почти весь год покрыта льдом.,Amir,Amazon Translate
Аэрозольная краска создает фрески в стиле поп-арт на городских стенах.,Amir,Amazon Translate
Пенициллин был обнаружен случайно в результате заражения плесенью.,Amir,Amazon Translate
Логика разбивает аргументы на предпосылки и рациональные выводы.,Amir,Amazon Translate
Весенняя листва появляется после холодных зимних сезонов.,Amir,Amazon Translate
"Печенье выпекается быстрее в конвекционных печах, чем в обычных.",Amir,Amazon Translate
Книги эффективно передают истории и информацию.,Amir,Amazon Translate
"На фотографиях запечатлены визуальные моменты, чтобы потом насладиться ими.",Amir,Amazon Translate
Технологии быстро развиваются благодаря глобальному научному сотрудничеству.,Amir,Amazon Translate
Стеклянные бутылки можно мыть и использовать повторно несколько раз.,Amir,Amazon Translate
"Алгебра решает уравнения, включающие переменные и арифметические операции.",Amir,Amazon Translate
"В планшетах можно портативно интегрировать экраны, процессоры, батареи и динамики.",Amir,Amazon Translate
"Жирафы пасут высокие деревья, до которых другие травоядные животные не могут добраться.",Amir,Amazon Translate
"Часы точно отображают часы, минуты и секунды.",Amir,Amazon Translate
Моне рисовал знаменитые сцены с водяными лилиями.,Amir,Amazon Translate
Гора Эверест — самая высокая точка на Земле.,Amir,Amazon Translate
Питьевая вода помогает регулировать температуру тела.,Amir,Amazon Translate
Древний Египет строил грандиозные пирамиды для фараонов.,Amir,Amazon Translate
Абстрактное искусство использует формы вместо реализма.,Amir,Amazon Translate
Аргентина находится к югу от Бразилии в Южной Америке.,Amir,Amazon Translate
Употребление овощей поддерживает здоровую иммунную систему.,Amir,Amazon Translate
Скульптура вырезает или лепит трехмерные произведения искусства.,Amir,Amazon Translate
Бананы хорошо растут в тропическом климате.,Amir,Amazon Translate
Перед выпечкой хлеб должен подняться.,Amir,Amazon Translate
Солнечный свет обеспечивает энергией все живое.,Amir,Amazon Translate
Автомобили сокращают время в пути на большие расстояния.,Amir,Amazon Translate
"В книгах записаны истории, информация и история.",Amir,Amazon Translate
Яйца содержат белок и витамины A и D.,Amir,Amazon Translate
Ежегодно рис кормит миллиарды людей по всему миру.,Amir,Amazon Translate
В опере пение сочетается с оркестровым сопровождением.,Amir,Amazon Translate
В классической музыке используются струнные и духовые секции.,Amir,Amazon Translate
Электростанции вырабатывают электроэнергию для общин.,Amir,Amazon Translate
Монеты служат валютой для обмена.,Amir,Amazon Translate
Наполеон правил Францией как император.,Amir,Amazon Translate
Уитни Хьюстон была влиятельной поп-певицей.,Amir,Amazon Translate
Компьютеры обрабатывают информацию с помощью электронных схем.,Amir,Amazon Translate
"Алгебра содержит переменные, представляющие неизвестные значения.",Amir,Amazon Translate
Овцы обеспечивают волокно для теплой шерстяной одежды.,Amir,Amazon Translate
Врачи диагностируют заболевания на основе симптомов и анализов.,Amir,Amazon Translate
"На картах визуально выделены реки, города и границы.",Amir,Amazon Translate
Удары молнии чаще случаются во время летних штормов.,Amir,Amazon Translate
Джазовые музыканты непредсказуемо импровизируют мелодии.,Amir,Amazon Translate
Пластиковые обертки защищают предметы от влаги.,Amir,Amazon Translate
Фортепиано издает звук через ударные струны.,Amir,Amazon Translate
Звезды излучают свет в результате ядерного синтеза.,Amir,Amazon Translate
Астронавты носят скафандры для защиты внепланетных объектов.,Amir,Amazon Translate
"Математика включает вычисления, измерения и анализ.",Amir,Amazon Translate
Оперативные подразделения разделяют обязанности на международных мероприятиях.,Amir,Amazon Translate
У Моны Лизы загадочная мимика.,Amir,Amazon Translate
В Риме можно увидеть руины древних цивилизаций.,Amir,Amazon Translate
В памяти компьютера временно хранятся данные для обработки.,Amir,Amazon Translate
Калории измеряют доступную энергию в съеденных продуктах.,Amir,Amazon Translate
Кровь переносит питательные вещества по всей системе кровообращения.,Amir,Amazon Translate
Порции регулируют потребление питательных веществ во время еды.,Amir,Amazon Translate
"В музеях представлены произведения, представляющие историческую и художественную ценность.",Amir,Amazon Translate
Банановые деревья дают съедобные плоды и листья.,Amir,Amazon Translate
Питательный завтрак способствует концентрации внимания в школе.,Amir,Amazon Translate
Математические уравнения могут иметь одно или несколько решений.,Amir,Amazon Translate
Гравитация удерживает людей на поверхности Земли.,Amir,Amazon Translate
Река Амазонка имеет широкий водосборный бассейн.,Amir,Amazon Translate
Треугольные формы распространены в традиционных кайтах.,Amir,Amazon Translate
Шоколад получают из обработанных какао-бобов.,Amir,Amazon Translate
Врачи рекомендуют ежегодно делать прививки от гриппа.,Amir,Amazon Translate
"Культура влияет на искусство, язык и социальные обычаи.",Amir,Amazon Translate
В футболе используется сферический мяч и две сетки.,Amir,Amazon Translate
Медитация успокаивает беспокойство и повышает внимательность.,Amir,Amazon Translate
Токио густонаселен и технологически развит.,Amir,Amazon Translate
Книги передают знания из поколения в поколение.,Amir,Amazon Translate
Тренировки укрепляют определенные группы мышц.,Amir,Amazon Translate
Многоугольники — это замкнутые фигуры с несколькими сторонами.,Amir,Amazon Translate
"Соль сохраняет мясо, подавляя рост бактерий.",Amir,Amazon Translate
Производство сыра включает коагуляцию и ферментацию.,Amir,Amazon Translate
"Алмазы в основном представляют собой углерод, расположенный тетраэдрически.",Amir,Amazon Translate
Картофель содержит углеводы в различных рецептах.,Amir,Amazon Translate
Орлы ловят добычу с помощью мощных когтей.,Amir,Amazon Translate
Фотографии сохраняют визуальные воспоминания для потомков.,Amir,Amazon Translate
Ледники медленно движутся под собственным весом.,Amir,Amazon Translate
"Жирафы питаются листьями верхушек деревьев, недоступными для других.",Amir,Amazon Translate
Сверчки чирикают в основном теплыми ночами.,Amir,Amazon Translate
Правовые системы обеспечивают соблюдение правил в обществе.,Amir,Amazon Translate
Ветряные мельницы преобразуют кинетическую энергию в механическую работу.,Amir,Amazon Translate
Люди используют календари для планирования мероприятий.,Amir,Amazon Translate
Львы охотятся сообща в качестве гордости.,Amir,Amazon Translate
Вычитание определяет разницу между величинами.,Amir,Amazon Translate
"Клубнику нужно собирать, когда она созрела.",Amir,Amazon Translate
Грамотность позволяет понимать письменные инструкции.,Amir,Amazon Translate
Вакцины безопасно стимулируют иммунный ответ.,Amir,Amazon Translate
Круговые диаграммы визуально представляют доли целого.,Amir,Amazon Translate
"Морские черепахи возвращаются на пляжи, чтобы гнездиться.",Amir,Amazon Translate
Газеты информируют читателей о текущих новостях.,Amir,Amazon Translate
"На полях для гольфа есть лужайки, фарватеры и песчаные бункеры.",Amir,Amazon Translate
Свет отражается от зеркал под равными углами.,Amir,Amazon Translate
В густых лесах больше разнообразия животных.,Amir,Amazon Translate
Нейроны передают сигналы по всей нервной системе.,Amir,Amazon Translate
"Зрение зависит от света, поступающего через линзы.",Amir,Amazon Translate
В гибридных автомобилях используются электродвигатели и газовые двигатели.,Amir,Amazon Translate
"Мышцы сокращаются, вызывая движение тела.",Amir,Amazon Translate
Словари слов четко определяют термины.,Amir,Amazon Translate
В баскетболе команды стреляют в обручи за очки.,Amir,Amazon Translate
Классические произведения часто требуют оркестровой аранжировки.,Amir,Amazon Translate
Интернет обеспечивает глобальный доступ к информации.,Amir,Amazon Translate
Кости поддерживают мягкие органы и ткани.,Amir,Amazon Translate
Окаменелости показывают структуры древних животных.,Amir,Amazon Translate
Живопись варьируется от реалистического до абстрактного стиля.,Amir,Amazon Translate
"Физика исследует материю, силы и движение.",Amir,Amazon Translate
Математики разрабатывают теории чисел и пространств.,Amir,Amazon Translate
"Пение птиц говорит о намерениях, связанных с территорией или достопримечательностью.",Amir,Amazon Translate
Базовая арифметика поддерживает повседневные вычисления.,Amir,Amazon Translate
На компакт-дисках хранятся цифровые аудиоданные.,Amir,Amazon Translate
