statement,committer,elicitation
বিড়ালদের সাধারণত গৃহস্থালী পোষা প্রাণী,Amir,Amazon Translate
আলো শব্দের চেয়ে দ্রুত ভ্রমণ করে।,Amir,Amazon Translate
চিনি পানিতে দ্রবীভূত হয়।,Amir,Amazon Translate
শীতের দিনগুলি সাধারণত গ্রীষ্মের দিনগুলির চেয়ে শীতল হয়।,Amir,Amazon Translate
সালোকসংশ্লেষণের জন্য উদ্ভিদের সূর,Amir,Amazon Translate
বেশিরভাগ প্রাপ্তবয়স্কদের দাঁত,Amir,Amazon Translate
বই কাগজ থেকে তৈরি করা যেতে পারে।,Amir,Amazon Translate
ঘনীভূত জলের বাষ্প থেকে বৃষ্টি তৈরি হয়।,Amir,Amazon Translate
গাড়ি চালানোর জন্য জ্বালানী প্রয়োজন।,Amir,Amazon Translate
দাবা একটি বর্গবোর্ডে খেলা হয়।,Amir,Amazon Translate
রুটি উন্মোচিত হয়ে গেলে বাসি হয়ে যায়।,Amir,Amazon Translate
চাঁদ পৃথিবীর চারপাশে।,Amir,Amazon Translate
আর্দ্রতার সংস্পর্শে আয়রন জংস হয়।,Amir,Amazon Translate
মাকড়সার আটটি পা আছে।,Amir,Amazon Translate
হাতি হলো সবচেয়ে বড় ভূমি প্রাণী।,Amir,Amazon Translate
একটি ত্রিভুজের তিন দিক রয়েছে।,Amir,Amazon Translate
দুধ প্রায়শই পনির তৈরিতে ব্যবহৃত হয়।,Amir,Amazon Translate
কয়েন সাধারণত ধাতু দিয়ে তৈরি হয়।,Amir,Amazon Translate
ফ্রিজে খাবার ঠান্ডা রাখে।,Amir,Amazon Translate
মাধ্যাকর্ষণ বস্তুগুলিকে পৃথিবীর দিকে,Amir,Amazon Translate
পায়ে মোজা পরা হয়।,Amir,Amazon Translate
মৌমাছি ফুল থেকে অমৃত সংগ্রহ করে।,Amir,Amazon Translate
মাছ পানির নিচে শ্বাস নিতে গিলস ব্যবহার করে।,Amir,Amazon Translate
আগুন তাপ এবং আলো তৈরি করে।,Amir,Amazon Translate
মেঘ হল পানির ফোঁটা দৃশ্যমান জমা।,Amir,Amazon Translate
হীরা মূল্যবান রত্নপাথর হিসাবে বিবেচিত,Amir,Amazon Translate
আগ্নেয়গিরিগুলি গলিত লাভা দিয়ে বিস্ফোরিত হতে পারে।,Amir,Amazon Translate
ভাত অনেক দেশে একটি প্রধান খাদ্য।,Amir,Amazon Translate
অ্যামাজন একটি বড় বৃষ্টিপাত।,Amir,Amazon Translate
পাখিরা ডিম দেওয়ার জন্য বাসা তৈরি করে।,Amir,Amazon Translate
এক সপ্তাহে সাত দিন থাকে।,Amir,Amazon Translate
টেলিফোন কল দূরত্বের উপর ভয়েস প্রেরণ,Amir,Amazon Translate
কিছু সুবিধার মধ্যে প্লাস্টিক পুনর্ব্যবহৃত হতে পারে।,Amir,Amazon Translate
গাছের উপর আপেল বৃদ্ধি পায়।,Amir,Amazon Translate
ক্যাঙ্গারু অস্ট্রেলিয়ার স্থানীয়।,Amir,Amazon Translate
উইন্ডমিলগুলি বিদ্যুৎ উৎপাদন করতে পারে,Amir,Amazon Translate
গণতান্ত্রিক নির্বাচনে মানুষ ভোট দেয়,Amir,Amazon Translate
গ্রন্থাগার জনগণের কাছে বই ঋণ দেয়।,Amir,Amazon Translate
ট্রেনগুলি রেলে ভ্রমণ করে।,Amir,Amazon Translate
বেশিরভাগ পেন্সিলে গ্রাফাইট থাকে।,Amir,Amazon Translate
ক্যামেরা ছবি ক্যাপচার করে।,Amir,Amazon Translate
একটি ডিম্বাকৃতি বল দিয়ে ফুটবল খেলা হয়।,Amir,Amazon Translate
তাপের সংস্পর্শে আসলে আইসক্রিম গলে যায়।,Amir,Amazon Translate
টেলিভিশন চলমান চিত্র প্রদর্শন করে,Amir,Amazon Translate
বিমান ডানা ব্যবহার করে উড়ে যায়।,Amir,Amazon Translate
আলু ভূগর্ভস্থ হয়।,Amir,Amazon Translate
চিনির স্বাদ বেশিরভাগ লোকের কাছে মিষ্টি।,Amir,Amazon Translate
জুতা আপনার পা রক্ষা করে।,Amir,Amazon Translate
"ডলফিন মাছ নয়, স্তন্যপায়ী প্রাণী।",Amir,Amazon Translate
কীগুলি দরজা আনলক করতে ব্যবহৃত হয়।,Amir,Amazon Translate
প্যারিস হলো ফ্রান্সের রাজধানী।,Amir,Amazon Translate
উপগ্রহগুলি মহাকাশে গ্রহগুলির কক্ষপথ।,Amir,Amazon Translate
পাইন গাছ সারা বছর সবুজ থাকে।,Amir,Amazon Translate
জেলিফিশ মহাসাগরে বাস করে।,Amir,Amazon Translate
সাহারা একটি বিশাল মরুভূমি।,Amir,Amazon Translate
বিদ্যুৎ বন্ধ করে বিদ্যুৎ প্রবাহ বন্ধ করে,Amir,Amazon Translate
সূর্যাকুমারী সূর্যের আলোর,Amir,Amazon Translate
স্ট্যাচু অফ লিবার্টি অবস্থিত নিউ ইয়র্ক হারবারে।,Amir,Amazon Translate
জলের ফোঁটার মধ্য দিয়ে আলো তখন রেইনবোস গঠিত হয়।,Amir,Amazon Translate
বেশিরভাগ ব্যাঙ দীর্ঘ দূরত্ব লাফাতে পারে।,Amir,Amazon Translate
নেকড়ে প্যাকগুলিতে শিকার করে।,Amir,Amazon Translate
কচ্ছপের শক্ত শেল থাকে।,Amir,Amazon Translate
ভূমিকম্পের ফলে টেকটোনিক প্লেট স্থানান্তর হয়,Amir,Amazon Translate
প্রজাপতি রূপান্তর করে।,Amir,Amazon Translate
ঘড়িগুলি সময় পরিমাপ করে।,Amir,Amazon Translate
সোনার একটি হলুদ ধাতব চমক রয়েছে।,Amir,Amazon Translate
একটি কম্পাস কার্ডিনাল দিক দেখায়।,Amir,Amazon Translate
পেঁচা হল নিশাচার পাখি।,Amir,Amazon Translate
নৌকা পানিতে ভাসছে।,Amir,Amazon Translate
পিজ্জা একটি জনপ্রিয় খাবার।,Amir,Amazon Translate
জিরাফের দীর্ঘ ঘাড় থাকে।,Amir,Amazon Translate
মোমবাতি পুড়ে গেলে আলো সরবরাহ করে।,Amir,Amazon Translate
বাঁশ দ্রুত বৃদ্ধি পায়।,Amir,Amazon Translate
একটি বৃত্তাকার বল দিয়ে ফুটবল খেলা হয়।,Amir,Amazon Translate
"মাশরুম ছত্রাক, গাছপালা নয়।",Amir,Amazon Translate
লেজারগুলি আলোর ফোকাসড বিম নির্গত করে।,Amir,Amazon Translate
গ্রেট ওয়াল চীনে অবস্থিত।,Amir,Amazon Translate
মশা রক্ত খাওয়ার জন্য কামড় দেয়।,Amir,Amazon Translate
ডিম একটি সাধারণ প্রাতঃরাশের খাবার।,Amir,Amazon Translate
ঘোড়াদের হাঁটা আছে।,Amir,Amazon Translate
সাবান ত্বক থেকে ময়লা দূর করে।,Amir,Amazon Translate
অনেক পোকামাকড় সম্পূর্ণ রূপান্তর করে।,Amir,Amazon Translate
আর্কটিক পোলার ভালুকের বাড়ি।,Amir,Amazon Translate
মানচিত্র জায়গাগুলির অবস্থান দেখায়।,Amir,Amazon Translate
রেইনকোটগুলি আপনাকে শুকনো রাখে।,Amir,Amazon Translate
বজ্রপাত লম্বা বস্তুগুলিকে আঘ,Amir,Amazon Translate
শূন্য ডিগ্রি সেলসিয়াসে জল জমে যায়।,Amir,Amazon Translate
কুকুর সাধারণ ঘরোয়া প্রাণী।,Amir,Amazon Translate
শরত্কালে পাতা রঙ পরিবর্তন করে।,Amir,Amazon Translate
কাগজ কাঠের পাল্প থেকে তৈরি করা হয়।,Amir,Amazon Translate
বেশিরভাগ পাখি ডিম দেয়।,Amir,Amazon Translate
টমেটোতে ভিটামিন সি থাকে,Amir,Amazon Translate
কম্পিউটার ডিজিটাল তথ্য প্রক্রিয়া,Amir,Amazon Translate
গরু দুগ্ধজাত পণ্যের জন্য দুধ উত্পাদন করে।,Amir,Amazon Translate
ট্রেন যাত্রী বা কার্গো বহন করে।,Amir,Amazon Translate
সাইকেল পেডালিং দ্বারা চালিত হয়।,Amir,Amazon Translate
মধু তৈরি করা হয় মৌমাছি।,Amir,Amazon Translate
মহাসাগর পৃথিবীর বেশিরভাগ পৃষ্ঠকে আবরণ করে।,Amir,Amazon Translate
পর্বতমালা স্থানীয় আবহাওয়াকে প্র,Amir,Amazon Translate
বেশিরভাগ ঘড়ি সময় প্রদর্শন করে।,Amir,Amazon Translate
মস্তিষ্ক শরীরের কাজ নিয়ন্ত্রণ করে।,Amir,Amazon Translate
আনারসের স্পাইক বাইরের ত্বক থাকে।,Amir,Amazon Translate
বেশিরভাগ গাছের সবুজ পাতা থাকে।,Amir,Amazon Translate
জিরাফ সবচেয়ে লম্বা প্রাণী।,Amir,Amazon Translate
প্লাস্টিক পেট্রোলিয়াম থেকে তৈরি হয়।,Amir,Amazon Translate
কফিতে ক্যাফিন থাকে।,Amir,Amazon Translate
যন্ত্র দ্বারা সংগীত তৈরি করা যেতে পারে।,Amir,Amazon Translate
সিংহ গর্বের মধ্যে বাস করে।,Amir,Amazon Translate
হীরা উচ্চ চাপের অধীনে গঠিত হয়।,Amir,Amazon Translate
লন্ডন যুক্তরাজ্যে অবস্থিত।,Amir,Amazon Translate
সরীসৃপ ঠান্ডা রক্তের প্রাণী।,Amir,Amazon Translate
বেশিরভাগ মানুষ প্রতিদিন তিন খাবার খায়।,Amir,Amazon Translate
পালক বেশিরভাগ পাখিকে আচ্,Amir,Amazon Translate
গাজরে বিটা ক্যারোটিন বেশি থাকে।,Amir,Amazon Translate
চিনাবাদাম ভূগর্ভস্থ,Amir,Amazon Translate
জুতা আপনার পায়ে জুতা নিরাপদ করে।,Amir,Amazon Translate
মঙ্গলকে লাল গ্রহ নামে পরিচিত।,Amir,Amazon Translate
বাস্কেটবল বাড়িতে বা বাইরে খেলা হয়।,Amir,Amazon Translate
তিমিরা ব্লহোলের মাধ্যমে বাতাস শ্বাস নেয়।,Amir,Amazon Translate
মানচিত্র নেভিগেশনে সহায়তা করে।,Amir,Amazon Translate
ইস্পাত আয়রন এবং কার্বনের একটি মিশ্রণ।,Amir,Amazon Translate
কিছু ছত্রাক মৃত গাছপালা পচন করে।,Amir,Amazon Translate
কীবোর্ড টাইপ করতে ব্যবহৃত হয়।,Amir,Amazon Translate
বাঘের স্ট্রাইপযুক্ত পশম রয়েছে।,Amir,Amazon Translate
বেশিরভাগ বিমানের দুটি ডানা থাকে।,Amir,Amazon Translate
কিছু মরুভূমিতে বালির ডান রয়েছে।,Amir,Amazon Translate
গাড়ির ইঞ্জিনগুলি চালাতে জ্বলন ব্যবহার করে।,Amir,Amazon Translate
রংধনু একাধিক দৃশ্যমান রঙ রয়েছে।,Amir,Amazon Translate
পেঙ্গুইন শীতল জলবায়ুতে বাস করে।,Amir,Amazon Translate
হাইড্রোজেন সবচেয়ে হালকা উপাদান।,Amir,Amazon Translate
বেশিরভাগ স্তন্যপায়ীদের চুল বা পশম থাকে,Amir,Amazon Translate
লাইব্রেরি তথ্য সংস্থান সংরক্ষণ করে।,Amir,Amazon Translate
কমলা সরস সাইট্রাস ফল।,Amir,Amazon Translate
তারকারা আলো এবং তাপ হিসাবে শক্তি নির্গত করে।,Amir,Amazon Translate
বানররা প্রাইমেট।,Amir,Amazon Translate
পেঙ্গুইন উড়তে পারে না।,Amir,Amazon Translate
একটি নদী নিম্ন উচ্চতার দিকে প্রবাহিত হয়।,Amir,Amazon Translate
হাঙ্গরের ধারালো দাঁত থাকে।,Amir,Amazon Translate
আখ ক্রান্তীয় অঞ্চলে বৃদ্ধি পায়।,Amir,Amazon Translate
আপনি ঠান্ডা বাতাসে নিজের শ্বাস দেখতে পাবেন।,Amir,Amazon Translate
সমুদ্র সৈকতে পাওয়া যায়।,Amir,Amazon Translate
ইন্টারনেট বিশ্বব্যাপী কম্পিউটার,Amir,Amazon Translate
অনেক ল্যাপটপে টাচপ্যাড রয়েছে।,Amir,Amazon Translate
তোতা মানুষের বক্তৃতা অনুকরণ করতে পারে।,Amir,Amazon Translate
চিতা দ্রুততম ভূমির প্রাণী।,Amir,Amazon Translate
তীব্র ঝড়ে টর্নেডো গঠিত হয়।,Amir,Amazon Translate
ময়র রঙিন লেজের পালক প্রদর্শন করে।,Amir,Amazon Translate
বৃষ্টি নদী ও হ্রদ পূরণ করতে পারে।,Amir,Amazon Translate
টুথপেস্ট দাঁত পরিষ্কার করে,Amir,Amazon Translate
আঙ্গুরকে ওয়াইন তৈরি করা যেতে পারে।,Amir,Amazon Translate
গোলাপ ফুল গাছপালা।,Amir,Amazon Translate
কোয়োটস বন্য কুকুর।,Amir,Amazon Translate
ডলফিনগুলি ক্লিক এবং হুইসিলের সাথে যোগাযোগ করে।,Amir,Amazon Translate
স্পাইডার ওয়েব পোকামাকড়কে,Amir,Amazon Translate
কিছু বাস বিদ্যুৎ দ্বারা চালিত হয়।,Amir,Amazon Translate
কোয়ালা ইউক্যালিপটাস পাতা খায়।,Amir,Amazon Translate
ঘোড়া রাইডিং একটি বহিরঙ্গন ক্রিয়া,Amir,Amazon Translate
ডেস্কগুলি কাজ করার জন্য একটি পৃষ্ঠ সরবরাহ করে।,Amir,Amazon Translate
বিমানবন্দর থেকে ফ্লাইট চলে যায়।,Amir,Amazon Translate
ক্রিকেট রাতে চিরপিং শব্দ তৈরি করে।,Amir,Amazon Translate
তিমিরা দীর্ঘ দূরত্বে যোগাযোগ করতে পারে।,Amir,Amazon Translate
ত্রিভুজ মৌলিক জ্যামিতিক আকার।,Amir,Amazon Translate
শ্যাম্পু আপনার চুল পরিষ্কার করে।,Amir,Amazon Translate
পেঙ্গুইনরা হাঁটতে গেলে ঘুরিয়ে যায়।,Amir,Amazon Translate
স্প্যাগেটি এক ধরণের পাস্তা।,Amir,Amazon Translate
ক্যামেরা ভিডিও এবং স্থির চিত্র রেকর্ড করতে পারে।,Amir,Amazon Translate
ইঁদুর ছোট ইঁদুর।,Amir,Amazon Translate
বেশিরভাগ শহরের বাস একটি সময়সূচী অনু,Amir,Amazon Translate
অগ্ন্যাশয় ইনসুলিন তৈরি করে।,Amir,Amazon Translate
টিউলিপস বসন্ত ফুল।,Amir,Amazon Translate
রেইনফরেস্ট গাছ দ্রুত বৃদ্ধি পায়।,Amir,Amazon Translate
মশা স্থায়ী পানিতে আকৃষ্ট হয়।,Amir,Amazon Translate
দাবা টুকরা নির্দিষ্ট উপায়ে চলাচল করে।,Amir,Amazon Translate
প্রবাল ভাত বিভিন্ন সামুদ্রিক জীবন ধারণ করে।,Amir,Amazon Translate
ভালুক শীতকালে হাইবারনেট করে।,Amir,Amazon Translate
মানচিত্র ডিজিটাল বা কাগজ হতে পারে।,Amir,Amazon Translate
ল্যাপটপগুলি ব্যাটারিতে চালাতে পারে।,Amir,Amazon Translate
কাঠ পানিতে ভাসছে।,Amir,Amazon Translate
পাতা শক্তির জন্য সূর্যের আলো ধারণ করে।,Amir,Amazon Translate
বাতাসে পতঙ্গল উড়ে যায়।,Amir,Amazon Translate
বাঘ বড় শিকার করে।,Amir,Amazon Translate
আলো মানুষকে তাদের পরিবেশ দেখতে দেয়।,Amir,Amazon Translate
অধিকাংশ স্তন্যপায়ী প্রাণী যুবকভাবে,Amir,Amazon Translate
লবণ অনেক খাবারের স্বাদ বাড়ায়।,Amir,Amazon Translate
মিল্কিওয়ে পৃথিবীযুক্ত একটি ছায়াপথ।,Amir,Amazon Translate
বিড়ালরা তাদের আশেপাশের অনুভূতি করতে হুইস্কার ব্যবহার করে।,Amir,Amazon Translate
পৃথিবী প্রতি 24 ঘন্টায় একবার ঘোরানো হয়।,Amir,Amazon Translate
কয়েন ছোট ক্রয়ের জন্য অর্থ প্রদানের জন্য ব্যবহার করা যেতে পারে।,Amir,Amazon Translate
ঘরের তাপমাত্রায় মাখন গলে যায়।,Amir,Amazon Translate
মেইল ডাক পরিষেবা দ্বারা সরবরাহ করা হয়।,Amir,Amazon Translate
কুকুরকে আদেশ মেনে চলার প্রশিক্ষণ দেওয়া যেতে পারে।,Amir,Amazon Translate
খরগোশ মূলত উদ্ভিদ এবং শাকসবজি খায়।,Amir,Amazon Translate
সূর্য পৃথিবীর বাস্তুতন্ত্রের জন্য শক্তি সরবরাহ করে।,Amir,Amazon Translate
অনেক হ্রদ হিমবাহ দ্বারা গঠিত।,Amir,Amazon Translate
চিনি দাঁত ক্ষয় সৃষ্টি করতে পারে।,Amir,Amazon Translate
বাতাস উচ্চ থেকে নিম্ন চাপে বাতাস সরিয়ে দেয়।,Amir,Amazon Translate
গরম পানিতে পাতা ঢেকে চা তৈরি করা হয়।,Amir,Amazon Translate
নেকড়ে ঘরোয়া কুকুরের সাথে সম্পর্কিত।,Amir,Amazon Translate
অতিবেগুনী রশ্মির কারণে সানবার্ন হয়।,Amir,Amazon Translate
অক্টোপাসের আটটি বাহু রয়েছে।,Amir,Amazon Translate
একটি ম্যারাথন দীর্ঘ ৪২ কিলোমিটার।,Amir,Amazon Translate
কিছু পাখি মানুষের কণ্ঠস্বর অনুকরণ করতে পারে।,Amir,Amazon Translate
শরত্কালে গাছ থেকে পাতা পড়ে।,Amir,Amazon Translate
কয়লা একটি জীবাশ্ম জ্বালানী।,Amir,Amazon Translate
শিয়ালের ঝোপযুক্ত লেজ রয়েছে।,Amir,Amazon Translate
সাইকেল বায়ু দূষণ কমাতে সহায়তা,Amir,Amazon Translate
জেব্রাগুলির কালো এবং সাদা স্ট্রাইপ রয়েছে।,Amir,Amazon Translate
ভূমিকম্প ত্রুটি বরাবর চলাচল,Amir,Amazon Translate
বেশিরভাগ জাহাজ পানি স্থানান্তরিত করে ভাসছে।,Amir,Amazon Translate
চকোলেটে কোকো রয়েছে।,Amir,Amazon Translate
মেঘগুলি পরিবর্তিত আবহাওয়ার পূর্বা,Amir,Amazon Translate
কিছু মাকড়সা শিকারকে নিহত করতে বিষ ব্যবহার করে।,Amir,Amazon Translate
গরু খাবার হজম করতে কাড চিবায়।,Amir,Amazon Translate
গোলাপের কাঁটা থাকে।,Amir,Amazon Translate
অনেক পেঁচা রাতে শিকার করে।,Amir,Amazon Translate
আলু একাধিক উপায়ে প্রস্তুত করা যেতে পারে।,Amir,Amazon Translate
পাতা কার্বন ডাই অক্সাইড গ্রহণ করে।,Amir,Amazon Translate
নেকড়ে প্যাকগুলিতে একসাথে ভ্রমণ করে।,Amir,Amazon Translate
মশা ম্যালেরিয়ার মতো রোগ প্রেরণ করতে পারে।,Amir,Amazon Translate
সীল সামুদ্রিক স্তন্যপায়ী,Amir,Amazon Translate
রানওয়ে থেকে বিমান উড়ে যায়।,Amir,Amazon Translate
ক্রেয়নগুলি রঙিন মোম দিয়ে তৈরি।,Amir,Amazon Translate
রাতে তারকা দৃশ্যমান।,Amir,Amazon Translate
ব্রোকলি একটি পুষ্টিকর সবজি।,Amir,Amazon Translate
জল হিমায়িত হলে বরফ তৈরি হয়।,Amir,Amazon Translate
জিরাফের খাওয়ানোর জন্য একটি দীর্ঘ ঘাড় রয়েছে।,Amir,Amazon Translate
ক্লক টাওয়ারগুলি জনসাধারণের কাছে সময় প্রদর্শন করে।,Amir,Amazon Translate
ম্যাগনিফাইং চশমা বস্তুগুলিকে বড় দেখায়।,Amir,Amazon Translate
মানচিত্র ল্যান্ডমার্কের জন্য প্রতীক ব্যবহার করে।,Amir,Amazon Translate
তোতা তাদের উজ্জ্বল পালকের জন্য পরিচিত।,Amir,Amazon Translate
জ্যাকখরগোশের দীর্ঘ কান থাকে।,Amir,Amazon Translate
সিশেলগুলি সামুদ্রিক প্রাণী দ্বারা তৈরি করা হয়।,Amir,Amazon Translate
সূর্য পৃথিবী থেকে প্রায় ৯৩ মিলিয়ন মাইল দূরে।,Amir,Amazon Translate
আগুন জ্বলতে অক্সিজেন দরকার।,Amir,Amazon Translate
ক্যাটারপিলার প্রজাপতিতে রূপান্তর হয়।,Amir,Amazon Translate
কমলা খাওয়ার আগে খোসা ছাড়ানো হয়।,Amir,Amazon Translate
প্লুটোকে বামন গ্রহ হিসাবে শ্রেণিবদ্ধ করা হয়েছে।,Amir,Amazon Translate
ঝলকিয়ে চোখ আর্দ্র রাখে।,Amir,Amazon Translate
শসা বেশিরভাগ পানি।,Amir,Amazon Translate
অনেক মাছ পানিতে ডিম দেয়।,Amir,Amazon Translate
কম্পাস উত্তর খুঁজে পেতে চৌম্বকতা ব্যবহার করে।,Amir,Amazon Translate
বজ্রপাত আগুন সৃষ্টি করতে পারে।,Amir,Amazon Translate
সাবান বুদবুদ গোলাকার।,Amir,Amazon Translate
অনেক মাশরুম ভেজা বনে বৃদ্ধি পায়।,Amir,Amazon Translate
বিমানগুলি মেঘের উপরে উড়ে যায়।,Amir,Amazon Translate
হারমিট কাঁকড়া বাস করার জন্য খালি শেল খুঁজে পায়।,Amir,Amazon Translate
কব্জি ঘড়ি বর্তমান সময় দেখায়।,Amir,Amazon Translate
তিমির গান পানির নিচের দিকে দীর্ঘ,Amir,Amazon Translate
বিড়ালরা তাদের নখ প্রত্যাহার করতে পারে।,Amir,Amazon Translate
ভায়োলিন ধনুক দিয়ে বাজানো হয়।,Amir,Amazon Translate
অর্কিড গ্রীষ্মমন্ডলীয় ফুল,Amir,Amazon Translate
বৃষ্টি গরমের দিনে বাতাস শীতল করে।,Amir,Amazon Translate
ঈগলদের দৃষ্টিশক্তি দুর্দান্ত।,Amir,Amazon Translate
মৌমাছি গুরুত্বপূর্ণ পরাগণকারী।,Amir,Amazon Translate
পাইন গাছের সুই মতো পাতা থাকে।,Amir,Amazon Translate
বেশিরভাগ অ্যাপার্টমেন্ট ভবনগুলিতে একাধিক,Amir,Amazon Translate
ক্রেনগুলি নির্মাণ সাইটে ভারী উপকরণ উত্তোলন করে।,Amir,Amazon Translate
উট তাদের হাঁপে চর্বি সংরক্ষণ করে।,Amir,Amazon Translate
মানচিত্র মানুষকে দিক খুঁজে পেতে সহায়তা,Amir,Amazon Translate
খরগোশের দীর্ঘ কান থাকে।,Amir,Amazon Translate
ঘুম মানুষ এবং প্রাণীদের শক্তি পুনরুদ্ধার করে।,Amir,Amazon Translate
কবুতর সারা বিশ্বের শহরগুলিতে বসবাস করে।,Amir,Amazon Translate
ছুরি খাবার কাটাতে ব্যবহৃত হয়।,Amir,Amazon Translate
রেভেন অত্যন্ত বুদ্ধিমান পাখি।,Amir,Amazon Translate
রোপিত বীজ থেকে চারা বৃদ্ধি পায়।,Amir,Amazon Translate
অ্যালুমিনিয়াম ক্যানে ব্যবহৃত একটি লাইটওয়েট ধাতু।,Amir,Amazon Translate
পাহাড়গুলি শীর্ষে কম বায়ুচাপ অনুভব করে।,Amir,Amazon Translate
নদীগুলি শিলা এবং মাটি ক্ষয় করতে পারে।,Amir,Amazon Translate
পিঁপড়া সংগঠিত উপনিবেশে থাক,Amir,Amazon Translate
শিশুরা সাধারণত বারো বয়সে শিশুর দাঁত হারায়,Amir,Amazon Translate
পাখিদের উড়তে সাহায্য করার জন্য ফাঁকা হাড় থাকে।,Amir,Amazon Translate
গয়না তৈরিতে সোনা ব্যবহৃত হয়।,Amir,Amazon Translate
সাইট্রিক অ্যাসিডের কারণে লেবুর স্বাদ টক।,Amir,Amazon Translate
লাল রক্ত কোষগুলি অক্সিজেন বহন,Amir,Amazon Translate
কিছু বাদুড় নেভিগেট করতে ইকোলোকেশন ব্যবহার করে।,Amir,Amazon Translate
সবুজ একটি গৌণ রঙ।,Amir,Amazon Translate
জল হাইড্রোজেন এবং অক্সিজেনের যৌগ।,Amir,Amazon Translate
কিছু পেঁচা তাদের মাথা 270 ডিগ্রি ঘোরাতে পারে।,Amir,Amazon Translate
ত্রিভুজগুলির সর্বদা তিন কোণ থাকে।,Amir,Amazon Translate
সাপ পর্যায়ক্রমে তাদের ত্বক ফেলে।,Amir,Amazon Translate
ফার্মেন্টেড দুধ থেকে পনির তৈরি করা হয়।,Amir,Amazon Translate
মানচিত্র প্রতীক ব্যাখ্যা করতে একটি কিংবদন্তি ব্যবহার,Amir,Amazon Translate
বেশিরভাগ মানুষের প্রাথমিক দাঁত ২০ জন,Amir,Amazon Translate
বাতাস আকাশ জুড়ে মেঘ সরিয়ে দেয়।,Amir,Amazon Translate
ঘড়িগুলি ব্যাটারি বা স্প্রিংস দ্বারা চালিত হয়।,Amir,Amazon Translate
কিছু মাছ ক্যামোফ্লেজ হিসাবে রঙ পরিবর্তন করে।,Amir,Amazon Translate
খামির বা বেকিং পাউডার ব্যবহার করে রুটি বাড়ে।,Amir,Amazon Translate
হুমকি দেওয়ার সময় একটি অক্টোপাস কালি ছড়িয়ে দেয়।,Amir,Amazon Translate
কিছু প্রাণী শীতকালে হাইবারনেট করে।,Amir,Amazon Translate
ছোট বিস্ফোরণের জন্য চিতাহ উচ্চ গতিতে পৌঁছাতে পারে।,Amir,Amazon Translate
পূর্বে সূর্যোদন ঘটে।,Amir,Amazon Translate
সমুদ্রঘোড়রা প্রিহেনসিল লেজ দিয়ে নিজেদের অ্যাঙ্কর করে।,Amir,Amazon Translate
চকোলেট অনেক প্রাণীর জন্য বিষাক্ত।,Amir,Amazon Translate
মৌমাছি হাইভে মধু সংরক্ষণ করে।,Amir,Amazon Translate
তামা একটি ভাল বৈদ্যুতিক কন্ডাক্টর।,Amir,Amazon Translate
বালি সুরক্ষার জন্য উটের দীর্ঘ চোখের পাতা থাকে।,Amir,Amazon Translate
আটলান্টিক মহাসাগর বেশ কয়েকটি ম,Amir,Amazon Translate
টর্নেডোর একটি ফানেল আকৃতির চেহারা রয়েছে।,Amir,Amazon Translate
গোলাপের বাড়তে সূর্যের আলো এবং জল প্রয়োজন।,Amir,Amazon Translate
পোস্ট অফিস মেল বিতরণ পরিচালনা করে।,Amir,Amazon Translate
বেশিরভাগ আধুনিক ফোন স্মার্টফোন।,Amir,Amazon Translate
চাঁদের মাধ্যাকর্ষণ পৃথিবীতে জোয়ারের কারণ হয়।,Amir,Amazon Translate
এন্টার্কটিকা বেশিরভাগই বরফে,Amir,Amazon Translate
মাটির কৃমি মাটির কাঠামো উন্নত করতে সহায়তা,Amir,Amazon Translate
বেশিরভাগ মাকড়সা মানুষের জন্য ক্ষতিহীন।,Amir,Amazon Translate
ফ্যানগুলি একটি ঘরে বায়ু সঞ্চালন করে।,Amir,Amazon Translate
কিউই নিউজিল্যান্ডের উড়ানহীন পাখি।,Amir,Amazon Translate
বেশিরভাগ কাপড় থ্রেড থেকে বোনা হয়।,Amir,Amazon Translate
মেঘে বৈদ্যুতিক স্রাবের কারণে বজ্রপাত হয়,Amir,Amazon Translate
পেঙ্গুইন পানির নিচে মাছ শিকার করে,Amir,Amazon Translate
চিতা তার স্প্রিন্টিং গতির জন্য পরিচিত।,Amir,Amazon Translate
বিষয়বস্তু হওয়ার সময় বিড়ালগুলি প্রায়শই পি,Amir,Amazon Translate
কোয়ালা দীর্ঘ সময়ের জন্য ঘুমায়।,Amir,Amazon Translate
গাছ ছায়া এবং আশ্রয় সরবরাহ করে।,Amir,Amazon Translate
পান্ডা মূলত বাঁশ খায়।,Amir,Amazon Translate
ফ্রিজার খাবার হিমায়িত রাখে।,Amir,Amazon Translate
বরফ ভাসছে কারণ এটি পানির চেয়ে কম ঘন।,Amir,Amazon Translate
মানচিত্র ভ্রমণকারীদের ভ্রমণ পরিকল্,Amir,Amazon Translate
লাভা কঠিন শিলায় শীতল হয়।,Amir,Amazon Translate
ক্রেন উত্তোলনের জন্য ব্যবহৃত মেশিন।,Amir,Amazon Translate
টিকটিকি উষ্ণ হওয়ার জন্য সূর্যের আলোতে উষ্ণ করে।,Amir,Amazon Translate
চালের প্যাডিগুলির স্থায়ী জল প্রয়োজন।,Amir,Amazon Translate
ধোঁয়া সনাক্তকারীরা আগুনের কণা,Amir,Amazon Translate
ফায়ারফ্লাইগুলি তাদের পেট থেকে আলো নির্গত করে।,Amir,Amazon Translate
স্পঞ্জ সমুদ্রে বাস করে।,Amir,Amazon Translate
ডিম দেওয়ার জন্য সালমন আপস্ট্রিমে সাঁতার করে।,Amir,Amazon Translate
বেশিরভাগ স্তন্যপায়ীদের রক্ত উষ্ণ,Amir,Amazon Translate
স্ট্রাইপগুলি জিব্রাকে ঘাসে ছদ্মবেশে সহায়তা করে।,Amir,Amazon Translate
"শিলা পলসিডেন্টারি, ইগনিয়াস বা রূপান্তর হতে পারে।",Amir,Amazon Translate
পেঙ্গুইন সাঁতার কাটার জন্য ফ্লিপার ব্যবহার করে।,Amir,Amazon Translate
মেঘগুলি মেঘের দিনে সূর্যের আলো বন্ধ করে।,Amir,Amazon Translate
স্নোফ্লেক্সের ছয়টি দিক রয়েছে।,Amir,Amazon Translate
বাচ্চারা হাঁটার আগে ক্রল করে।,Amir,Amazon Translate
পাতা ক্লোরোফিল হারায় এবং শরত্কালে বিবর্ণ হয়।,Amir,Amazon Translate
দ্রবীভূত খনিজগুলির কারণে মহাসাগর লবণ,Amir,Amazon Translate
পেঁচা রাতে নীরবে শিকার করে।,Amir,Amazon Translate
বীজে ভ্রূণ গাছপালা থাকে।,Amir,Amazon Translate
মানচিত্রগুলি প্রায়শই ত্রিভুজ সহ পর্বতমালা,Amir,Amazon Translate
অস্ট্রিচ সবচেয়ে বড় পাখি।,Amir,Amazon Translate
শিশুরা পুষ্টির জন্য দুধ পান করে।,Amir,Amazon Translate
অগ্নিনির্বাপক জলের হোস দিয়ে আগুন নিক্ষেপ করে,Amir,Amazon Translate
মানচিত্র শীর্ষে উত্তর দিয়ে ভিত্তিক।,Amir,Amazon Translate
জোয়ার বেড়ে যায় এবং প্রতিদিন দুইবার পড়ে।,Amir,Amazon Translate
ওটাররা খোলা শেল ফাটতে পাথর ব্যবহার করে।,Amir,Amazon Translate
বৃষ্টির পানি নদী এবং হ্রদ পূরণ করে।,Amir,Amazon Translate
বজ্রপাত বিদ্যুৎ বিচ্ছিন্ন হতে পারে।,Amir,Amazon Translate
সিলগুলি সাঁতার কাটার জন্য ফ্লিপার ব্যবহার করে।,Amir,Amazon Translate
ব্যাকটেরিয়া দ্রুত গুণ করতে পারে।,Amir,Amazon Translate
ওক গাছগুলি অ্যাকর্ন উত্পাদন করে।,Amir,Amazon Translate
ক্রিকেট ডানা ঘষে শব্দ তৈরি করে।,Amir,Amazon Translate
গেকোস দেয়ালে আটকে থাকতে পারে।,Amir,Amazon Translate
মেরু ভালুক শক্তিশালী সাঁতারু।,Amir,Amazon Translate
গ্রহ সৌরজগতে নক্ষত্রের কক্ষপথ।,Amir,Amazon Translate
খাবারের জন্য চিংড়গুলি খরচ করে।,Amir,Amazon Translate
বেয়োলিন একটি স্ট্রিং যন্ত্র।,Amir,Amazon Translate
ছাগল খাড়া ভূখণ্ডে উঠতে,Amir,Amazon Translate
আগুন স্পর্শে গরম।,Amir,Amazon Translate
মহাসাগর অনেক প্রাণীর আবাসস্থল।,Amir,Amazon Translate
সূর্যের আলো বিচ্ছিন্ন হলে বৃষ্টির পরে একটি রংধনু উপস্থিত,Amir,Amazon Translate
স্মার্টফোনে ছবি তোলার জন্য অন্তর্নির্মিত ক্যামেরা রয়েছে,Amir,Amazon Translate
বেশিরভাগ গাড়ি জ্বালানী হিসাবে পেট্রল বা ডিজেল ব্যবহার করে,Amir,Amazon Translate
মাছ পানিতে সাঁতার কাটার জন্য পাখা ব্যবহার করে।,Amir,Amazon Translate
কফি প্রায়ই গরম পরিবেশন করা হয়।,Amir,Amazon Translate
মাকড়সা শিকার ধরার জন্য জাল স্পিন করে।,Amir,Amazon Translate
মধু মৌমাছি উপনিবেশে বাস,Amir,Amazon Translate
হিলিয়াম বায়ুর চেয়ে হালকা হওয়ায় বেলুনগুলি উঠে।,Amir,Amazon Translate
পাইন গাছ বীজ হিসাবে শঙ্কু উত্পাদন করে।,Amir,Amazon Translate
বৃষ্টি সাধারণত মাটিকে ভিজা করে তোলে।,Amir,Amazon Translate
ব্যাঙ্গগুলি চারদিকে ঘুরে যেতে লাফ দেয়।,Amir,Amazon Translate
বিমান দীর্ঘ দূরত্বে উড়তে পারে,Amir,Amazon Translate
প্রজাপতির রঙিন ডানা রয়েছে।,Amir,Amazon Translate
"আপেল লাল, সবুজ বা হলুদ হতে পারে।",Amir,Amazon Translate
ট্রেন ধাতব ট্র্যাকগুলিতে ভ্রমণ করে।,Amir,Amazon Translate
জিরাফরা লম্বা গাছের পাতা খায়।,Amir,Amazon Translate
পায়ে জুতা পরা হয়।,Amir,Amazon Translate
নদী মহাসাগর বা হ্রদের দিকে প্রবাহ,Amir,Amazon Translate
আগ্নেয়গিরিগুলি বিস্ফোরণের সময় ছাই এবং লাভা ছাড়ে।,Amir,Amazon Translate
ক্যাঙ্গারু দীর্ঘ দূরত্ব পড়তে পারে।,Amir,Amazon Translate
ব্রোকলি সবুজ এবং ভোজ্য।,Amir,Amazon Translate
কমলা ভিটামিন সি এর উত্স।,Amir,Amazon Translate
বাষ্পীভূত জলের বাষ্প থেকে মেঘ গঠিত হয়।,Amir,Amazon Translate
বিড়ালরা তাদের ভাষা দিয়ে নিজেকে পরিষ্কার করে।,Amir,Amazon Translate
ঘাস সবুজ এবং মাটি থেকে বৃদ্ধি পায়।,Amir,Amazon Translate
শীত শীতল তাপমাত্রা দ্বারা চিহ্নিত করা,Amir,Amazon Translate
কুকুর যোগাযোগ করতে হাঁকা দিতে পারে।,Amir,Amazon Translate
হাতির বড় কান এবং ট্রাঙ্ক রয়েছে।,Amir,Amazon Translate
গরম বায়ু শীতল বাতাসের উপরে উঠে,Amir,Amazon Translate
হরিণের অ্যান্টলার রয়েছে যা বার্ষিক ঝড়ে যায়।,Amir,Amazon Translate
তিমিরা হচ্ছে সবচেয়ে বড় সামুদ্রিক স্তন্যপায়ী,Amir,Amazon Translate
কয়লা জ্বালানীর উৎস হিসাবে ব্যবহৃত হয়।,Amir,Amazon Translate
চাঁদ সমুদ্রের জোয়ারকে প্রভাবি,Amir,Amazon Translate
ক্রেনগুলি লম্বা ঘাড়যুক্ত লম্বা পাখি।,Amir,Amazon Translate
বানররা ভারসাম্যের জন্য লেজ ব্যবহার করে।,Amir,Amazon Translate
বায়ু গাছের শাখা সরায়।,Amir,Amazon Translate
ভেড়া প্রতি বছর উল জন্মায়।,Amir,Amazon Translate
জ্বালানী বেশিরভাগ গাড়িকে শক্তি,Amir,Amazon Translate
মরুভূমি সাধারণত শুষ্ক পরিবেশ।,Amir,Amazon Translate
লবণ নির্দিষ্ট খাবার সংরক্ষণ করে।,Amir,Amazon Translate
বেগুন গাছগুলিতে বৃদ্ধি পায়।,Amir,Amazon Translate
চক ব্ল্যাকবোর্ডে লেখেন।,Amir,Amazon Translate
ওটাররা নদী এবং হ্রদে বসবাস করে।,Amir,Amazon Translate
মশা মানুষ এবং প্রাণীদের কামড় দেয়।,Amir,Amazon Translate
ল্যাপটপগুলি পোর্টেবল কম্পিউটার,Amir,Amazon Translate
মানচিত্র সীমানা এবং দেশ দেখায়।,Amir,Amazon Translate
সানব্লক ত্বককে সানবার্ন থেকে রক্ষা করে।,Amir,Amazon Translate
কার্যকরভাবে খেলার জন্য ফুটবলের জন্য দলবদ্ধ,Amir,Amazon Translate
মাংসভোগী মাংস খায়।,Amir,Amazon Translate
পোকামাকড়ের তিন শরীরের অংশ রয়েছে,Amir,Amazon Translate
দুধ অনেক সংস্কৃতিতে একটি প্রধান পানীয়।,Amir,Amazon Translate
স্নোফ্লেক্সের অনন্য নিদর্শন রয়েছে।,Amir,Amazon Translate
গ্রাসশপারস দীর্ঘ দূরত্ব লাফ দিতে,Amir,Amazon Translate
মাধ্যাকর্ষণ বস্তুকে গ্রাউন্ড রাখে,Amir,Amazon Translate
শূকর খামারের প্রাণী।,Amir,Amazon Translate
রেডিও সংগীত এবং সংবাদ সম্প্রচার করে।,Amir,Amazon Translate
মুরগি খাবারের জন্য ডিম দেয়।,Amir,Amazon Translate
মানচিত্র বিভিন্ন স্কেলে আঁকা যেতে পারে।,Amir,Amazon Translate
বৃষ্টির পানি গাছ এবং গাছকে জল দেয়,Amir,Amazon Translate
ইস্পাত লোহার চেয়ে শক্তিশালী।,Amir,Amazon Translate
সকল পরিচিত জীবনের জন্য জল অপরিহার্য।,Amir,Amazon Translate
ব্যাঙ্গগুলি জোরে আঁকতে পারে।,Amir,Amazon Translate
গ্রীষ্মের শেষের দিকে ভুট্টা কাটা হয়।,Amir,Amazon Translate
ডলফিনগুলি বন্য প্রাণীর সামাজিক প্রাণী।,Amir,Amazon Translate
শামুকগুলিতে সর্পিল শেল থাকে।,Amir,Amazon Translate
পিঁপড়া তাদের শরীরের চেয়ে ভারী লোড বহন করে।,Amir,Amazon Translate
টিউলিপস মাটিতে বাল্ব থেকে উত্পাদিত হয়।,Amir,Amazon Translate
সূর্য দিনের বেলায় আলো সরবরাহ করে।,Amir,Amazon Translate
মেঘ স্যাচুরেটেড হয়ে গেলে বৃষ্টি তৈরি হয়।,Amir,Amazon Translate
বিড়ালরা ভারসাম্যের জন্য তাদের লেজ ব্যবহার করে।,Amir,Amazon Translate
ফুটন্ত জল অনেক জীবাণু হত্যা করে।,Amir,Amazon Translate
কলা গাছগুলিতে গোলাপে বৃদ্ধি পায়।,Amir,Amazon Translate
বৈদ্যুতিক ফ্যানগুলি কক্ষগুলি শীতল,Amir,Amazon Translate
নেকড়ে হাঁস করে যোগাযোগ করে।,Amir,Amazon Translate
ভুট্টা একটি সাধারণ সিরিয়াল ফসল।,Amir,Amazon Translate
বিমান দীর্ঘ দূরত্বে যাত্রীদের পরিবহন করে,Amir,Amazon Translate
বেশিরভাগ মাছের ত্বকে স্কেল থাকে।,Amir,Amazon Translate
খরগোশ আশ্রয়ের জন্য বর খনন করে।,Amir,Amazon Translate
টেলিভিশন বিভিন্ন অনুষ্ঠান সম্প্রচার করে।,Amir,Amazon Translate
মালিকদের সতর্ক করতে কুকুর হাঁকা,Amir,Amazon Translate
পেঙ্গুইন জমিতে ঘুরছে।,Amir,Amazon Translate
তরমুজে বেশিরভাগ জল থাকে।,Amir,Amazon Translate
বানর প্রায়শই গাছের শাখা থেকে ঝুঁ,Amir,Amazon Translate
প্রজাপতি ক্যাটারপিলার থেকে বৃদ্ধি পায়।,Amir,Amazon Translate
ফ্রান্স ইউরোপে অবস্থিত।,Amir,Amazon Translate
ঘোড়া দ্রুত দৌড়াতে গড়ে।,Amir,Amazon Translate
ডলফিন লবণাক্ত জলের পরিবেশে বাস করে।,Amir,Amazon Translate
কাগজে লেখার জন্য কলম ব্যবহৃত হয়।,Amir,Amazon Translate
চাঁদের পৃষ্ঠে অনেক গর্ত রয়েছে।,Amir,Amazon Translate
দুধ ক্যালসিয়ামের উত্স।,Amir,Amazon Translate
বনের আগুন সৃষ্টি করতে পারে।,Amir,Amazon Translate
শসা আচারযুক্ত করা যেতে পারে।,Amir,Amazon Translate
বেশিরভাগ শার্টের হাতা থাকে।,Amir,Amazon Translate
বাঘ মাংসাহী স্তন্যপায়ী প্রাণী।,Amir,Amazon Translate
রুটি ওভেনে বেক করা হয়।,Amir,Amazon Translate
জেব্রাগুলির স্ট্রিপযুক্ত লুকানো রয়েছে।,Amir,Amazon Translate
গ্রীষ্মের শেষের দিকে আপেল পাকা হয়।,Amir,Amazon Translate
সাবান গ্রিস এবং ময়লা দ্রবীভূত,Amir,Amazon Translate
মাউন্ট। এভারেস্ট একটি জনপ্রিয় আরোহণের গন্তব্য।,Amir,Amazon Translate
বই কাল্পনিক গল্প বলতে পারে।,Amir,Amazon Translate
বাল্ড ঈগল উত্তর আমেরিকার স্থানীয়।,Amir,Amazon Translate
হাঙ্গর মহাসাগরের শীর্ষ শিকারী।,Amir,Amazon Translate
পিয়ানোতে কালো এবং সাদা কী রয়েছে।,Amir,Amazon Translate
ডিজিটাল ঘড়িগুলি সংখ্যাগরিকভাবে সময় দেখায়।,Amir,Amazon Translate
চেয়ার বসার জন্য ডিজাইন করা হয়।,Amir,Amazon Translate
ভোরে রুস্টারস কাকে দেয়।,Amir,Amazon Translate
গোলাপ অনেক রঙে আসে।,Amir,Amazon Translate
হিপ্পোরা আফ্রিকান নদী এবং হ্রদে বাস করে।,Amir,Amazon Translate
"ক্যালেন্ডারগুলি দিন, সপ্তাহ এবং মাস দেখায়।",Amir,Amazon Translate
প্যারাশুটগুলি উচ্চতা থেকে ধীর উত্তরকে সহায়তা করে।,Amir,Amazon Translate
সিংহ “জঙ্গলের রাজা” নামে পরিচিত।,Amir,Amazon Translate
চিনাবাদাম এলার্জি প্রতিক্রিয়া সৃষ্টি,Amir,Amazon Translate
গাজর দৃষ্টি স্বাস্থ্যের জন্য ভাল।,Amir,Amazon Translate
ভি গঠনে হাঁস উড়ে যায়।,Amir,Amazon Translate
পাইন গাছগুলি শীতকালে তাদের সূঁচ রাখে।,Amir,Amazon Translate
আঙ্গুর ক্লাস্টারে বৃদ্ধি পায়।,Amir,Amazon Translate
ফ্রিজারে আইস কিউব গঠিত হয়।,Amir,Amazon Translate
জেলিফিশ তাদের টেনটেকলস দিয়ে স্টিং করে।,Amir,Amazon Translate
ঘোড়া সার সার হিসাবে ব্যবহৃত হয়।,Amir,Amazon Translate
রেইনকোটগুলি ভিজা মৌসুমে পরা হয়।,Amir,Amazon Translate
টেকটোনিক চলাচলের কারণে ভূমিকম্প মাটি কাঁপে,Amir,Amazon Translate
লেজার দ্রুত বারকোড স্ক্যান করতে পারে।,Amir,Amazon Translate
কয়েন পরিবর্তন করতে ব্যবহৃত হয়।,Amir,Amazon Translate
স্ট্রবেরি পরিপক্ক হলে লাল হয়।,Amir,Amazon Translate
টেবিল লবণ সোডিয়াম ক্লোরাইড।,Amir,Amazon Translate
গণ্ডার এক বা দুটি শিং থাকে।,Amir,Amazon Translate
অক্টোপাসের নমনীয় বাহু রয়েছে।,Amir,Amazon Translate
কাঠোড়ালি শীতের জন্য বাদাম সংগ্রহ করে।,Amir,Amazon Translate
লাভা আগ্নেয়গিরির শিলায় শক্ত হয়।,Amir,Amazon Translate
জুচিনি এক ধরণের স্কোয়াশ।,Amir,Amazon Translate
"টর্নেডো সহিংস, ঘুরিয়ে যাওয়া বাতাস।",Amir,Amazon Translate
ফার্নগুলি স্পোর ব্যবহার করে প্রজনন করে।,Amir,Amazon Translate
মানচিত্র উচ্চতা পরিবর্তন নির্দেশ করতে পারে।,Amir,Amazon Translate
প্রশান্ত মহাসাগর পৃথিবীর বড় এলাকা জুড়ে।,Amir,Amazon Translate
কুকুর পরিচিত মানুষকে চিনতে পারে।,Amir,Amazon Translate
গাছের শিকড় মাটিতে গাছটিকে অ্যাঙ্কর করে।,Amir,Amazon Translate
পাখির দাঁতের পরিবর্তে চামড়ি থাকে।,Amir,Amazon Translate
শূন্য সেলসিয়াসের উপরে তাপমাত্রায় বরফ,Amir,Amazon Translate
বৃষ্টি ফসল বাড়তে সহায়তা করে।,Amir,Amazon Translate
চকোলেট উষ্ণ অবস্থায় গলে যায়।,Amir,Amazon Translate
ইঁদুরগুলি ছোট নিশাচর ইঁদুর।,Amir,Amazon Translate
ফুটন্ত জল থেকে বাষ্প বেড়ে যায়।,Amir,Amazon Translate
চাঁদ রাতে সূর্যের আলো প্রতিফলিত করে।,Amir,Amazon Translate
বাদুড় উল্টো ঝুলিয়ে ঘুমায়,Amir,Amazon Translate
দই ব্যাকটেরিয়া সংস্কৃতি দিয়ে তৈরি করা হয়।,Amir,Amazon Translate
বই পড়ার জন্য রাখা হয়।,Amir,Amazon Translate
স্ট্রবেরি মাটির কাছাকাছি বৃদ্ধি পায়।,Amir,Amazon Translate
ঠান্ডা বায়ু উষ্ণ বাতাসের চেয়ে ঘন।,Amir,Amazon Translate
উট তাদের শরীরে জল সংরক্ষণ করতে পারে।,Amir,Amazon Translate
স্বর্ণ জংস করে না।,Amir,Amazon Translate
উদ্ভিদ সালোকসংশ্লেষণের সময় অক্সি,Amir,Amazon Translate
সিংহ আফ্রিকান সাভানায় বসবাস করে।,Amir,Amazon Translate
লেটুস প্রায়শই সালাদে ব্যবহৃত হয়।,Amir,Amazon Translate
বাঁশ একটি ঘাসের প্রজাতি।,Amir,Amazon Translate
আলু মেশানো বা ভাজা হতে পারে।,Amir,Amazon Translate
অতিরিক্ত পাকা হলে কলা বাদামী হয়ে যায়।,Amir,Amazon Translate
আর্কটিক সার্কেলে শীতের দীর্ঘ রাত রয়েছে।,Amir,Amazon Translate
জেলিফিশের দেহগুলি বেশিরভাগ পানি।,Amir,Amazon Translate
কিউই ফলের ভিতরে কালো বীজ থাকে।,Amir,Amazon Translate
কুমিরের শক্তিশালী চোয়াল থাকে।,Amir,Amazon Translate
উপত্যকার চেয়ে পর্বতের শীর্ষে তাপমাত্রা কম থাকে।,Amir,Amazon Translate
প্লাস্টিক প্যাকেজিংয়ে সাধারণ।,Amir,Amazon Translate
"গণ্ডের পুরু, প্রতিরক্ষামূলক ত্বক রয়েছে।",Amir,Amazon Translate
বাস্কেটবল একটি কোর্টে খেলা হয়।,Amir,Amazon Translate
শ্বাসযন্ত্রের জন্য তাজা বাতাস গুরুত্বপূর্ণ।,Amir,Amazon Translate
পান্ডান পাতা এশিয়ান রান্নায় ব্যবহৃত হয়।,Amir,Amazon Translate
গাজর ভূগর্ভস্থ হয়।,Amir,Amazon Translate
গুল্মের উপর কফি মটরশুটি বৃদ্ধি,Amir,Amazon Translate
ছাগল পাতা এবং ঘাস খায়।,Amir,Amazon Translate
পনির স্বাদের জন্য বয়স্ক হয়।,Amir,Amazon Translate
নিরাপত্তার জন্য জেব্রা পাঁড়ে চালায়।,Amir,Amazon Translate
অটারদের নিরোধক জন্য ঘন পশম রয়েছে।,Amir,Amazon Translate
চিনাবাদাম আসলে লেবু।,Amir,Amazon Translate
শরত্কালে ওক গাছ থেকে অ্যাকর্ন পড়ে।,Amir,Amazon Translate
নেকড়ের হাঁকা দীর্ঘ দূরত্ব ভ্রমণ করে।,Amir,Amazon Translate
হেলিকপ্টার উল্লম্বভাবে উঠতে পারে।,Amir,Amazon Translate
মশা মানুষের শ্বাসের প্রতি আকৃষ্ট হয়।,Amir,Amazon Translate
বৃষ্টির পানি ব্যারেলে সংগ্রহ করা যেতে পারে।,Amir,Amazon Translate
কম্পিউটার মাউস অন-স্ক্রিন চলাচল,Amir,Amazon Translate
স্টারফিশ হারিয়ে যাওয়া অস্ত্র পুনরায় বাড়াতে,Amir,Amazon Translate
গাছের মধ্য দিয়ে ধীরে ধীরে সরে যায়।,Amir,Amazon Translate
পেঙ্গুইনগুলি উষ্ণতা সংরক্ষণের জন্য ঝুঁকিয়ে যায়।,Amir,Amazon Translate
বেশিরভাগ কমলা শীতকালে কাটা হয়।,Amir,Amazon Translate
ক্যাটারপিলাররা পুপ্যাটিং করার আগে পাতা খায়।,Amir,Amazon Translate
লাইটহাউস সমুদ্রে জাহাজ গাইড করে।,Amir,Amazon Translate
কচ্ছপ শেল ব্যবহার করে নিজেদের রক্ষা করে।,Amir,Amazon Translate
নদীগুলি সময়ের সাথে চ্যানেল খোদাই করে।,Amir,Amazon Translate
কুমড়ো পাইয়ের জন্য ব্যবহৃত হয়।,Amir,Amazon Translate
সূর্যাকুমারী ভোজ্য বীজ,Amir,Amazon Translate
গেকোস বিশেষ পায়ের প্যাড দিয়ে পৃষ্ঠের সাথে আটকে থাকে।,Amir,Amazon Translate
শুক্কে পৃথিবীর যমজ গ্রহ বলা হয়।,Amir,Amazon Translate
পেপারক্লিপগুলি বাঁকা তার থেকে তৈরি করা হয়।,Amir,Amazon Translate
হিমায়িত জলের বাষ্প থেকে তুষার তৈরি হয়।,Amir,Amazon Translate
পাহাড়গুলি প্রায়শই টেকটোনিক প্লেট দ্বারা গঠিত হয়।,Amir,Amazon Translate
সিংহ গর্জনের মাধ্যমে যোগাযোগ করে।,Amir,Amazon Translate
দাবা দুটি সেনাবাহিনীর টুকরো ব্যবহার করে।,Amir,Amazon Translate
ময়দা তৈরির জন্য গম গ্রাউন্ড করা হয়।,Amir,Amazon Translate
বাঁশের অঙ্গুর ভোজ্য।,Amir,Amazon Translate
ধোঁয়া আগুনের উপরে উঠে।,Amir,Amazon Translate
রাডার রেডিও তরঙ্গ ব্যবহার করে বস্তু সনাক্ত,Amir,Amazon Translate
আইসবার্গগুলি মেরু মহাসাগরে ভাসছে।,Amir,Amazon Translate
বেশিরভাগ সাপ ডিম দেয়।,Amir,Amazon Translate
পিঁপড়া যোগাযোগের জন্য ফেরোমোন ব্যবহার করে।,Amir,Amazon Translate
বজর একাধিক বার আঘাত করতে পারে।,Amir,Amazon Translate
ট্যাডপোলগুলি ব্যাঙে রূপান্তরিত হয়।,Amir,Amazon Translate
হৃদয় অনিচ্ছায় বীট করে।,Amir,Amazon Translate
টিকড়ি শিকারীদের থেকে বাঁচতে লেজ ফেলে দিতে পারে।,Amir,Amazon Translate
ফলগুলিতে প্রায়শই প্রজননের জন্য বীজ থাকে।,Amir,Amazon Translate
লাইট বাল্ব বিদ্যুৎ দৃশ্যমান আলোতে রূপান্ত,Amir,Amazon Translate
গাড়িতে স্থিতিশীলতার জন্য চারটি চাকা রয়েছে।,Amir,Amazon Translate
পাই সাধারণত প্যাস্ট্রি ক্রাস্ট দিয়ে তৈরি করা হয়।,Amir,Amazon Translate
বাইসাইকেলকে এগিয়ে যেতে পেডেলিং প্রয়োজন।,Amir,Amazon Translate
কাগজ লেখা এবং মুদ্রণের জন্য ব্যবহৃত হয়।,Amir,Amazon Translate
ভাজা মটরশুটি থেকে কফি তৈরি করা হয়।,Amir,Amazon Translate
চিতাহ অন্যান্য প্রাণীর তুলনায় দ্রুত দৌড়াতে পারে।,Amir,Amazon Translate
নেকড়ে প্যাক নামক পারিবারিক গোষ্ঠীতে থাকে,Amir,Amazon Translate
টুথব্রাশ দাঁত এবং মাড়ি পরিষ্কার করে।,Amir,Amazon Translate
ডেন্টিস্ট দিনে দুবার ব্রাশ করার পরামর্শ দেন।,Amir,Amazon Translate
ভেড়া তাদের উলের জন্য রাখা হয়।,Amir,Amazon Translate
কম্পিউটার তথ্য সংরক্ষণ এবং প্রক্রিয়া করে।,Amir,Amazon Translate
গাছের বৃদ্ধির জন্য জল অপরিহার্য।,Amir,Amazon Translate
বৃষ্টির পরে অনেক মাশরুম বৃদ্ধি পায়।,Amir,Amazon Translate
মৌমাছি অনেক ফুলের গাছকে পরাগিত করে।,Amir,Amazon Translate
বিড়ালরা যখন স্বাচ্ছন্দ্য বোধ করে তখন ঘুঁ,Amir,Amazon Translate
আপেল পাইতে জনপ্রিয়।,Amir,Amazon Translate
বেশিরভাগ সরীসৃপ ডিম দেয়,Amir,Amazon Translate
সাপ স্লিদারিং করে পা ছাড়াই চলাচল করে।,Amir,Amazon Translate
পাখিদের নিরোধক জন্য পালক থাকে।,Amir,Amazon Translate
বৃষ্টি মাটিতে পুষ্টি বহন করে।,Amir,Amazon Translate
বাছাই হওয়ার পরে কলা পাকা হয়।,Amir,Amazon Translate
ঘাস একটি সাধারণ গ্রাউন্ড কভার।,Amir,Amazon Translate
সূর্যাস্ত দিনের শেষের সংকেত দেয়।,Amir,Amazon Translate
শীতকালে মাটিকে বরফ ঢেকে রাখে।,Amir,Amazon Translate
স্তন্যপায়ী প্রাণী তাদের তরুণদের দুধ খা,Amir,Amazon Translate
দাবা একটি দুই খেলোয়াড়ের বোর্ড খেলা।,Amir,Amazon Translate
স্পাইডার ওয়েলগুলি সিল্ক থেকে তৈরি।,Amir,Amazon Translate
দুধ প্রাণী প্রাণী থেকে আসে।,Amir,Amazon Translate
চিনাবাদাম মাখন তৈরিতে ব্যবহৃত হয়।,Amir,Amazon Translate
ইস্পাত আয়রনে কার্বন যুক্ত করে তৈরি হয়।,Amir,Amazon Translate
রেইনবোগুলি রঙিন আলোর চাপ।,Amir,Amazon Translate
পোলার ভালুকদের উষ্ণতার জন্য পুরু পশম থাকে।,Amir,Amazon Translate
আর্কটিক বছরের বেশিরভাগ সময় ঠান্ডা থাকে।,Amir,Amazon Translate
উদ্ভিদ সালোকসংশ্লেষণের জন্য কার্বন ডাই,Amir,Amazon Translate
শহরগুলি ঘন জনবহুল শহুরে এলাকা।,Amir,Amazon Translate
ক্যাঙ্গারু তরুণদের পাউচে বহন করে।,Amir,Amazon Translate
মিষ্টি আলু ফাইবার সমৃদ্ধ।,Amir,Amazon Translate
মানচিত্র কনট্যুর লাইন দিয়ে উচ্চতা দেখাতে পারে।,Amir,Amazon Translate
গাড়ির নিয়মিত রক্ষণাবেক্ষণ,Amir,Amazon Translate
চৌম্বকের উত্তর ও দক্ষিণ মেরু রয়েছে।,Amir,Amazon Translate
বাদুড় শব্দ ব্যবহার করে অন্ধকারে নেভিগেট,Amir,Amazon Translate
পেঙ্গুইনের জলরোধী পালক রয়েছে।,Amir,Amazon Translate
মধু প্রায়শই মিষ্টি হিসাবে ব্যবহৃত হয়।,Amir,Amazon Translate
গ্লাস বালি এবং তাপ থেকে তৈরি করা হয়।,Amir,Amazon Translate
তিমিরা কম ফ্রিকোয়েন্সি শব্দের সাথে যোগাযোগ করে।,Amir,Amazon Translate
পেপারক্লিপগুলি কাগজের শীটগুলি একসাথে রাখে।,Amir,Amazon Translate
মেয়োনিজ ডিম এবং তেল থেকে তৈরি করা হয়।,Amir,Amazon Translate
পনির অনেক জাতে আসে।,Amir,Amazon Translate
চক চিহ্নগুলি মুছে ফেলা যেতে পারে।,Amir,Amazon Translate
স্যুপ সাধারণত গরম পরিবেশন করা হয়।,Amir,Amazon Translate
মানচিত্র দৃশ্যত তথ্য প্রদর্শন করে।,Amir,Amazon Translate
আগুন খাবার রান্না করার জন্য ব্যবহৃত হয়।,Amir,Amazon Translate
সোনা একটি মূল্যবান ধাতু হিসাবে বিবেচিত হয়।,Amir,Amazon Translate
বৃষ্টি ভূগর্ভস্থ জলের উত্সগুলি পূরণ করতে,Amir,Amazon Translate
অধিকাংশ প্রাপ্তবয়স্কদের আট ঘণ্টা,Amir,Amazon Translate
শসা সালাদে খাওয়া হয়।,Amir,Amazon Translate
স্যুপ অনেক উপাদান দিয়ে তৈরি করা যেতে পারে।,Amir,Amazon Translate
কচ্ছপ বালুকালো সৈকতে ডিম দেয়।,Amir,Amazon Translate
কোয়ার্টজ একটি সাধারণ খনিজ।,Amir,Amazon Translate
কীবোর্ড কী কম্পিউটারে তথ্য ইনপুট করে।,Amir,Amazon Translate
ওয়ালরুস ঠান্ডা সামুদ্রিক পরিবেশে বাস করে।,Amir,Amazon Translate
অ্যাকর্নগুলি কাঠোড়ালি খায়।,Amir,Amazon Translate
স্ট্যাপলাররা কাগজগুলি একসাথে সংযুক্ত করে।,Amir,Amazon Translate
বৃষ্টি মাটির আর্দ্রতা বাড়ায়।,Amir,Amazon Translate
কুকুরকে পরিষেবা প্রাণী হিসাবে ব্যবহৃত হয়।,Amir,Amazon Translate
গাড়িগুলি প্রশস্ত রাস্তায় ভ্রমণ করে।,Amir,Amazon Translate
রুটি গমের আটা থেকে তৈরি করা হয়।,Amir,Amazon Translate
বিড়ালরা মিউয়িং এবং পিরিংয়ের মাধ্যমে যোগাযোগ করে।,Amir,Amazon Translate
ডিম ডায়েটে প্রোটিন সরবরাহ করে।,Amir,Amazon Translate
উষ্ণ তাপমাত্রায় বরফ গলে যায়,Amir,Amazon Translate
বাস একবারে একাধিক যাত্রী পরিবহন করে,Amir,Amazon Translate
জল জীবিত জীবকে হাইড্রেট করে।,Amir,Amazon Translate
গরু খোলা মাঠে চরছে।,Amir,Amazon Translate
ক্যামেরা চলমান চিত্র রেকর্ড করতে পারে।,Amir,Amazon Translate
বইগুলিতে লিখিত তথ্য রয়েছে।,Amir,Amazon Translate
বাঘের ছদ্মবেশের জন্য স্ট্রাইপ রয়েছে।,Amir,Amazon Translate
মশা পানিতে ডিম দেয়।,Amir,Amazon Translate
গোলাপ বসন্তে ফুল ফোটে।,Amir,Amazon Translate
মাটি গাছের শিকড় সমর্থন করে,Amir,Amazon Translate
সাবান জীবাণু দূর করতে সহায়তা,Amir,Amazon Translate
বৈদ্যুতিক ফ্যানগুলি শীতল বায়ু,Amir,Amazon Translate
মানচিত্র ভৌগলিক স্থান উপস্থাপন করে,Amir,Amazon Translate
বসন্তে ঘাস দ্রুত বৃদ্ধি পায়।,Amir,Amazon Translate
বিড়ালরা গাছে উঠতে পারে।,Amir,Amazon Translate
রেইনবুটগুলি ভিজা অবস্থায় পরা হয়।,Amir,Amazon Translate
ফুটবল খেলা হয় একটি মাঠে।,Amir,Amazon Translate
পেন্সিল কাঠ এবং গ্রাফাইট দিয়ে তৈরি।,Amir,Amazon Translate
মোজা পা গরম রাখে।,Amir,Amazon Translate
পাখি ডানা ব্যবহার করে উড়ে যায়।,Amir,Amazon Translate
পানি নিচে প্রবাহিত হয়।,Amir,Amazon Translate
সূর্যোদয়ের সময় সূর্য বড় দেখায়,Amir,Amazon Translate
বাতাস আবহাওয়ার নিদর্শনকে,Amir,Amazon Translate
বাঁশ নির্মাণে ব্যবহৃত হয়।,Amir,Amazon Translate
তিমিরা স্তন্যপায়ী প্রাণী।,Amir,Amazon Translate
ফ্রিজে রেখে দেওয়া হলে দুধ নষ্ট হয়।,Amir,Amazon Translate
কয়েন একটি শখ হিসাবে সংগ্রহ করা যেতে পারে।,Amir,Amazon Translate
বালিশ মাথা সমর্থন সরবরাহ করে।,Amir,Amazon Translate
মধু মধু সংরক্ষণ করা হয়।,Amir,Amazon Translate
মানচিত্র রাজনৈতিক সীমানা তুলে,Amir,Amazon Translate
হাঁস দীর্ঘ দূরত্ব স্থানান্তর,Amir,Amazon Translate
ম্যাপেল গাছ থেকে স্যাপ প্রবাহিত হয়।,Amir,Amazon Translate
গাড়িগুলি পেট্রল বা বিদ্যুৎ দ্বারা জ্বালানো হয়।,Amir,Amazon Translate
ঝরনা মানুষের শরীর পরিষ্কার করে।,Amir,Amazon Translate
টর্নেডোগুলি বায়ুর দ্রুত ঘূর্ণমান কলাম।,Amir,Amazon Translate
শরত্কালে আপেল বেছে নেওয়া হয়।,Amir,Amazon Translate
বজ্রপাত অনেক বজ্রঝড়ের সাথে থাকে।,Amir,Amazon Translate
ঈগল ছোট প্রাণী শিকার করে।,Amir,Amazon Translate
দরজা প্রবেশ এবং প্রস্থান প্রদান করে।,Amir,Amazon Translate
ডলফিন জাম্পিং করতে সক্ষম।,Amir,Amazon Translate
প্লাস্টিকের ব্যাগ পুনর্ব্যবহৃত হতে পারে।,Amir,Amazon Translate
ভুট্টা তাজা বা পপকর্ন হিসাবে খাওয়া হয়।,Amir,Amazon Translate
ম্যাগনিফায়ার ছোট বস্তু বড় করে।,Amir,Amazon Translate
পাস্তা ডুরাম গম থেকে তৈরি করা হয়।,Amir,Amazon Translate
কুমড়োতে ভোজ্য বীজ থাকে।,Amir,Amazon Translate
রেডিওগুলি সম্প্রচার সংকেত গ্রহণ করে।,Amir,Amazon Translate
তোতা সহজ কৌশল শিখতে পারে।,Amir,Amazon Translate
ওটাররা খাবার খোলার জন্য সরঞ্জাম ব্যবহার করে।,Amir,Amazon Translate
টিকটিকড়ি স্কেলযুক্ত ত্বক থাকে।,Amir,Amazon Translate
সূর্য আমাদের সৌরজগতের কেন্দ্রে একটি নক্ষত্র।,Amir,Amazon Translate
গরু দুধ এবং মাংসের জন্য বড় করা হয়।,Amir,Amazon Translate
শরত্কালে পাতা হলুদ হয়ে যায়।,Amir,Amazon Translate
বেশিরভাগ নদী সমুদ্রের দিকে প্রবাহিত,Amir,Amazon Translate
গাছের বেঁচে থাকার জন্য জল প্রয়োজন।,Amir,Amazon Translate
পেন্সিল লেখা বা অঙ্কনের জন্য ব্যবহৃত হয়।,Amir,Amazon Translate
দুধ একটি ফ্রিজে ঠান্ডা রাখা হয়।,Amir,Amazon Translate
ঝড়ের সময় বজ্রপাত হতে পারে।,Amir,Amazon Translate
অন্ধকারে পেঁচা ভাল দেখতে পারে।,Amir,Amazon Translate
তোতাদের বাঁকা চোখি থাকে।,Amir,Amazon Translate
প্রশান্ত মহাসাগর পৃথিবীর বৃহত্তম সমুদ্,Amir,Amazon Translate
মানচিত্র রাস্তা এবং শহর দেখাতে পারে।,Amir,Amazon Translate
সুখী হলে কুকুর লেজ হাঁটছে।,Amir,Amazon Translate
শেলফিশ মহাসাগরে বাস করে।,Amir,Amazon Translate
বইগুলি কল্পকাহিনী বা ননফিকশন হতে পারে।,Amir,Amazon Translate
হীরা পৃথিবীর গভীরে গঠিত হয়।,Amir,Amazon Translate
সিংহ বিড়াল পরিবারের অংশ।,Amir,Amazon Translate
ব্যাঙ পানিতে বা তার কাছাকাছি বাস করে।,Amir,Amazon Translate
ঘোড়ার খোড়ার নিয়মিত যত্ন প্রয়োজন।,Amir,Amazon Translate
শীত প্রায়শই ঠান্ডা তাপমাত্রা,Amir,Amazon Translate
বিমানগুলি রানওয়েতে অবতরণ করে।,Amir,Amazon Translate
শহর ও শহরের মধ্যে ট্রেন ভ্রমণ করে।,Amir,Amazon Translate
গাড়িগুলির নিয়মিত জ্বালানী রিফিল প্রয়োজন।,Amir,Amazon Translate
টমেটো ভিলের উপর বৃদ্ধি পায়।,Amir,Amazon Translate
মানচিত্র পাহাড়ের উচ্চতা দেখাতে পারে।,Amir,Amazon Translate
প্রজাপতি কোকন থেকে বেড়ে যায়।,Amir,Amazon Translate
কয়েন বিভিন্ন মান আছে।,Amir,Amazon Translate
তিমিরা মহাসাগরে বাস করে।,Amir,Amazon Translate
শরতের মৌসুমে পাতা পড়ে।,Amir,Amazon Translate
ক্লাব এবং বল দিয়ে গল্ফ খেলা হয়।,Amir,Amazon Translate
মৌমাছি অনেক ধরণের ফুল দেখে।,Amir,Amazon Translate
গাজর মূল শাকসবজি।,Amir,Amazon Translate
পনির প্রাণীর দুধ থেকে উত্পাদিত হয়।,Amir,Amazon Translate
অনেক কারণে কুকুর হাঁকছে।,Amir,Amazon Translate
পাহাড়গুলি ভূতাত্ত্বিক শক্তি দ্বারা গঠিত।,Amir,Amazon Translate
নক্ষত্রগুলি পারমাণবিক সংযোজনের মাধ্যমে শক্তি,Amir,Amazon Translate
ক্রিকেট তাদের চিরপিংয়ের জন্য পরিচিত।,Amir,Amazon Translate
প্লাস্টিক অনেক পণ্যের জন্য ব্যবহৃত হয়।,Amir,Amazon Translate
"ক্যাসোয়ারি বড়, উড়ানহীন পাখি।",Amir,Amazon Translate
বন্যার মাঠে চাল বৃদ্ধি পায়।,Amir,Amazon Translate
ক্রোসাররা ফল এবং শাকসবজি বিক্রি করে।,Amir,Amazon Translate
ম্যাগপিস চকচকে বস্তু সংগ্রহ করে,Amir,Amazon Translate
মানচিত্র বৈশিষ্ট্য প্রদর্শন করতে চিহ্ন ব্যবহার করে,Amir,Amazon Translate
ডলফিনগুলি বুদ্ধিমান সামুদ্রিক প্রাণী।,Amir,Amazon Translate
বিমান গাড়ির চেয়ে দ্রুত ভ্রমণ করে।,Amir,Amazon Translate
পলসিন্টারি শিলায় জীবাশ্ম পাওয়া যায়।,Amir,Amazon Translate
আঙ্গুর দ্রাক্ষের উপর গুচ্ছায় বৃদ্ধি পায়।,Amir,Amazon Translate
উষ্ণ রুটিতে মাখন গলে যায়।,Amir,Amazon Translate
কিউই এক ধরণের ফল।,Amir,Amazon Translate
ধাতু ভাল বিদ্যুৎ পরিচালনা করে।,Amir,Amazon Translate
সৌর প্যানেলের কাজ করার জন্য সূর্যের আলো প্রয়োজন,Amir,Amazon Translate
"প্যারাকিটস ছোট, রঙিন পাখি।",Amir,Amazon Translate
বেশিরভাগ চা ক্যামেলিয়া সিনেনসিস পাতা থেকে আসে।,Amir,Amazon Translate
মানচিত্র নেভিগেশনের জন্য মূল্যবান।,Amir,Amazon Translate
সমুদ্র সমতলে একশ ডিগ্রি সেলসিয়াসে জল ফুটে যায়।,Amir,Amazon Translate
বিড়ালদের আরোহণ এবং শিকারের জন্য প্রত্যাহারযোগ্য নখ রয়েছে।,Amir,Amazon Translate
মরুভূমিতে বছরে দশ ইঞ্চি কম বৃষ্টি পায়।,Amir,Amazon Translate
মধুমৌমাছি নাচের নিদর্শন ব্যবহার করে যোগা,Amir,Amazon Translate
মহাকর্ষীয় শক্তির কারণে গ্রহগুলি সূর্যের কক্ষপথ করে।,Amir,Amazon Translate
ব্যাটারিগুলি ভবিষ্যতের ব্যবহারের জন্য বৈদ্যুতিক শক্তি সং,Amir,Amazon Translate
হৃদয় পুরো মানুষের শরীরে রক্ত সঞ্চালন করে।,Amir,Amazon Translate
হাঙ্গরকে শ্বাস নিতে সাঁতার কাটাতে হবে।,Amir,Amazon Translate
ব্যাঙ্গগুলি জলজ ট্যাডপোল হিসাবে জীবন শুরু করে।,Amir,Amazon Translate
লবণ পানিতে সহজে দ্রবীভূত হয়।,Amir,Amazon Translate
পেঙ্গুইনগুলি শীতল জলবায়ুর সাথে খাপ খাইয়ে নিয়ে উড়ানহীন,Amir,Amazon Translate
"আগুনের জন্য তাপ, জ্বালানী এবং অক্সিজেন প্রয়োজন।",Amir,Amazon Translate
জেলিফিশ তাদের শরীরকে সংকুচিত করে এবং শিথিল করে চলে।,Amir,Amazon Translate
টিকটিকি বড় হওয়ার সাথে সাথে তাদের ত্বক ছড়িয়ে দেয়।,Amir,Amazon Translate
বেশিরভাগ সাপ মাংসাহী।,Amir,Amazon Translate
"মানচিত্র দেশ, শহর এবং ভৌগলিক বৈশিষ্ট্য প্রদর্শন করে।",Amir,Amazon Translate
শস্য নামক বীজ থেকে ঘাস জন্ম হয়,Amir,Amazon Translate
গরু ঘাস খায় এবং দুধ উত্পাদন করে।,Amir,Amazon Translate
বিমানের টেকঅফ এবং অবতরণের জন্য রানওয়ে প্রয়োজন।,Amir,Amazon Translate
পিঁপড়া উপনিবেশগুলিতে শ্রমের বিভাজন রয়েছে।,Amir,Amazon Translate
বৃষ্টিপালগুলিতে উচ্চ জীববৈচিত্র্য রয়েছে।,Amir,Amazon Translate
ইগ্লুস বরফের ব্লক থেকে নির্মিত আশ্রয়।,Amir,Amazon Translate
গ্রীষ্মমন্ডলীয় জলবায়ুতে খেজুর,Amir,Amazon Translate
"শ্যাস আর্দ্র, ছায়াযুক্ত পরিবেশে বৃদ্ধি পায়।",Amir,Amazon Translate
অক্টোপাসের তিন হৃদয় এবং নীল রক্ত রয়েছে।,Amir,Amazon Translate
সূর্যের আলো পৃথিবীর শক্তির প্রধান উৎস।,Amir,Amazon Translate
বায়ু পকেটের কারণে ক্র্যানবেরি পানিতে ভাসছে।,Amir,Amazon Translate
হিমবাহ ধীরে ধীরে জমি জুড়ে চলে,Amir,Amazon Translate
ইরেজার কাগজ থেকে পেন্সিল চিহ্ন সরিয়ে দে,Amir,Amazon Translate
চিনি গরম তরলে দ্রুত দ্রবীভূত হয়।,Amir,Amazon Translate
ক্যাঙ্গারু তাদের শক্তিশালী পিছনের পা ব্যবহার করে হাপ করে।,Amir,Amazon Translate
বৃষ্টির পানি ফসল এবং উদ্ভিদের পুষ্টি,Amir,Amazon Translate
বইগুলো তথ্য ও গল্পের উৎস।,Amir,Amazon Translate
ম্যাগমা পৃথিবীর পৃষ্ঠে পৌঁছালে আগ্নেয়গিরিগুলি ফুটে যায়।,Amir,Amazon Translate
সিঁড়ি মানুষকে উচ্চ বস্তুতে পৌঁছাতে সহায়তা করে,Amir,Amazon Translate
মেঘলা আবহাওয়া মাটিতে সূর্যের আলো কমায়,Amir,Amazon Translate
নদী উঁচু থেকে নিচের মাটিতে প্রবাহিত হয়,Amir,Amazon Translate
তুরকি স্বল্প দূরত্বে উড়তে পারে।,Amir,Amazon Translate
পেঁয়াজ এমন বাল্ব যা ভূগর্ভস্থ হয়।,Amir,Amazon Translate
স্যান্ডক্যাসলগুলি ভিজা বালি দিয়ে সৈকতে নির্মিত হয়।,Amir,Amazon Translate
স্নাইলগুলি পেশী পা ব্যবহার করে চলে।,Amir,Amazon Translate
বজ্রপাত হল ঝড়ের সময় বিদ্যুতের স্রাব।,Amir,Amazon Translate
পা ঘষে শব্দ উত্পাদন করে তৃণ্ডলী।,Amir,Amazon Translate
সাবান বুদবুদগুলি শুকিয়ে গেলে পড়ে।,Amir,Amazon Translate
রেইন জ্যাকেট ভিজা আবহাওয়ায় পোশাক রক্ষা,Amir,Amazon Translate
বিড়ালরা তাদের পশম চাটায় নিজেকে বড়ে দেয়।,Amir,Amazon Translate
মহাকর্ষের কারণে নদীগুলি নীচে প্রবাহিত হয়,Amir,Amazon Translate
গাছের বৃদ্ধির জন্য পাতাগুলি সূর্যের আলো,Amir,Amazon Translate
পেঙ্গুইন মূলত দক্ষিণ মেরুর কাছে বসবাস করে।,Amir,Amazon Translate
মানচিত্র ভৌগলিক তথ্য সরবরাহ করে।,Amir,Amazon Translate
বায়ু টারবাইন বায়ু শক্তি থেকে বিদ্যুৎ উৎপন্ন করে,Amir,Amazon Translate
চকোলেট আপনার মুখে গলে যায়।,Amir,Amazon Translate
অনেক স্তন্যপায়ীর গরম থাকার জন্য পশম থাকে।,Amir,Amazon Translate
পালক পাখিদের উড়তে সহায়তা করে,Amir,Amazon Translate
চাকা গাড়িগুলিকে দক্ষতার সাথে চলাচল করতে,Amir,Amazon Translate
হিমবাহ বিশাল ধীরে চলমান বরফের দেহ।,Amir,Amazon Translate
আতশবাজি উজ্জ্বল আলো এবং রং প্রদর্শন,Amir,Amazon Translate
কুকুর মানুষের প্রতি আনুগত্য জন্য পরিচিত।,Amir,Amazon Translate
বৃষ্টিপাণ্ডগুলিতে ঘন উদ্ভিদ এবং উচ্চ আর্দ্রতা রয়েছে।,Amir,Amazon Translate
বাদুড় হল স্তন্যপায়ী প্রাণী সত্য উড়ে,Amir,Amazon Translate
বাঘের স্বতন্ত্র কমলা এবং কালো স্ট্রাইপ রয়েছে।,Amir,Amazon Translate
কয়েন লেনদেনে অর্থ হিসাবে ব্যবহৃত হয়।,Amir,Amazon Translate
হাঙ্গর বিশ্বজুড়ে মহাসাগরে বাস করে।,Amir,Amazon Translate
ওরকাস ডলফিন পরিবারের বৃহত্তম সদস্য।,Amir,Amazon Translate
নখগুলি নির্মাণের জন্য কাঠে বাঁধা করা হয়।,Amir,Amazon Translate
ঘড়ি সময়ের উপর নজর রাখে।,Amir,Amazon Translate
সঙ্গীদের আকর্ষণ করতে ক্রিকেটস চরিপ করে।,Amir,Amazon Translate
"মাশরুম ভিজা, অন্ধকার জায়গায় বৃদ্ধি",Amir,Amazon Translate
নিরাপত্তার জন্য কচ্ছপগুলি তাদের শেলগুলিতে মাথা প্রত্যাহার করে।,Amir,Amazon Translate
সূর্য যখন দিগন্তের নিচে পড়ে তখন সূর্যাস্ত হয়।,Amir,Amazon Translate
বায়ুমণ্ডে মেঘ থেকে বৃষ্টি পড়ে।,Amir,Amazon Translate
কাঁকড়ের সুরক্ষার জন্য একটি শক্ত এক্সোস্কেলেটন রয়েছে।,Amir,Amazon Translate
"গাড়িগুলি পেট্রল, বিদ্যুৎ বা ডিজেলে চালায়।",Amir,Amazon Translate
পাহাড়গুলি হাইকিং এবং স্কিইংয়ের জন্য পর্যটকদের,Amir,Amazon Translate
মানচিত্র বিশ্বজুড়ে জায়গা সনাক্ত করতে সহায়তা করে।,Amir,Amazon Translate
রুটি স্যান্ডউইচের জন্য কাটা হয়।,Amir,Amazon Translate
মাঠে লম্বা ডালে ভুট্টা বৃদ্ধি পায়।,Amir,Amazon Translate
মটরশুটি প্রোটিনের একটি ভাল উত্স।,Amir,Amazon Translate
কীগুলি সুরক্ষার জন্য লক খুলে।,Amir,Amazon Translate
প্লাস্টিকের বোতল প্রায়ই পুনর্ব্যবহারযোগ্য।,Amir,Amazon Translate
কুকুর গৃহপালা স্তন্যপায়ী প্রাণী,Amir,Amazon Translate
ঘাস সাধারণত লনগুলিতে পাওয়া যায়।,Amir,Amazon Translate
সূর্য একটি নক্ষত্র।,Amir,Amazon Translate
গাছের শক্তির জন্য পাতা আলোকসংশ্লেষণ করে।,Amir,Amazon Translate
উল ভেড়া থেকে আসে।,Amir,Amazon Translate
টায়ার গাড়ির জন্য ট্র্যাকশন সরবরাহ করে।,Amir,Amazon Translate
গাছ বার্ষিক রিং বাড়ায়।,Amir,Amazon Translate
মাটি বেশিরভাগ স্থল গাছকে সমর্থন,Amir,Amazon Translate
মোটরসাইকেলের দুটি চাকা আছে।,Amir,Amazon Translate
পেঙ্গুইন পাখি।,Amir,Amazon Translate
শুকনো বাতাসে পেইন্ট দ্রুত শুকিয়ে যায়।,Amir,Amazon Translate
বালি ছোট পাথর দিয়ে তৈরি।,Amir,Amazon Translate
ক্রেনগুলির দীর্ঘ পা রয়েছে।,Amir,Amazon Translate
আলু একটি প্রধান খাবার।,Amir,Amazon Translate
সকালে সূর্যামুখী পূর্ব দিকে মুখ করে।,Amir,Amazon Translate
মানচিত্রগুলি কার্ডিনাল দিকনির্দেশ,Amir,Amazon Translate
শ্যাস ছায়াময় স্থানে বৃদ্ধি পায়।,Amir,Amazon Translate
মাশরুম স্পোর দিয়ে প্রজনন করে।,Amir,Amazon Translate
বেগুনগুলি বেগুনি শাকসবজি।,Amir,Amazon Translate
পেঁয়াজের ফলে চোখ ছিঁড়ে।,Amir,Amazon Translate
লেখার জন্য ডেস্ক ব্যবহার করা হয়।,Amir,Amazon Translate
হাঙ্গরগুলির কার্টিলাজিনাস কঙ্কাল রয়েছে।,Amir,Amazon Translate
কবুতর সাধারণ শহরের পাখি।,Amir,Amazon Translate
গাজর কমলা এবং মিষ্টি।,Amir,Amazon Translate
ফোঁটা জল থেকে আইসিকলস তৈরি হয়।,Amir,Amazon Translate
বীজ থেকে তেল নিষ্কাশন করা হয়।,Amir,Amazon Translate
ট্রেনগুলো ট্র্যাকগুলোতে চলে,Amir,Amazon Translate
এপ্রিকট স্ন্যাকসের জন্য শুকানো যেতে পারে।,Amir,Amazon Translate
রেইনকোটগুলি জল-প্রতিরোধী।,Amir,Amazon Translate
মরিচ মশলাদার হতে পারে।,Amir,Amazon Translate
স্পিকার শব্দ তরঙ্গ নির্গত করে,Amir,Amazon Translate
নারকেলের শক্ত শেল থাকে।,Amir,Amazon Translate
টেপ দুটি পৃষ্ঠকে একসাথে আটকে রাখে।,Amir,Amazon Translate
লক সুরক্ষিত দরজা এবং গেট।,Amir,Amazon Translate
কাঁকড়া পাশের দিকে চলে।,Amir,Amazon Translate
টিউলিপসের ফুল ফুটতে ঠান্ডা আবহা,Amir,Amazon Translate
ক্যাক্টি ডালে জল সংরক্ষণ করে।,Amir,Amazon Translate
ঘাস একটি সাধারণ উদ্ভিদ।,Amir,Amazon Translate
হিলিয়াম বেলুন ভাসমান।,Amir,Amazon Translate
সীল মাছ খায়।,Amir,Amazon Translate
কিউইফ্রুটের ত্বক অস্পষ্ট।,Amir,Amazon Translate
পাহাড়ের উঁচু উচ্চতা আছে।,Amir,Amazon Translate
মানচিত্র একটি স্কেল বার ব্যবহার করে।,Amir,Amazon Translate
ঈগলগুলির তীক্ষ্ণ ট্যালন রয়েছে।,Amir,Amazon Translate
বায়ু আবহাওয়া সিস্টেমকে সরানো,Amir,Amazon Translate
টমেটোতে বীজ থাকে।,Amir,Amazon Translate
বইগুলোতে মুদ্রিত পৃষ্ঠা আছে।,Amir,Amazon Translate
বেশিরভাগ সাপ ইঁদুর খায়।,Amir,Amazon Translate
নখ ইস্পাত দিয়ে তৈরি।,Amir,Amazon Translate
রেইনবোগুলি সাতটি রঙ দেখায়।,Amir,Amazon Translate
টানেল ভূগর্ভস্থ হয়।,Amir,Amazon Translate
পশ্চিমে সূর্যাস্ত ঘটে।,Amir,Amazon Translate
মানচিত্রে একটি কম্পাস গোলাপ রয়েছে।,Amir,Amazon Translate
মরুভূমিতে খুব কম বৃষ্টি হয়।,Amir,Amazon Translate
ক্রেন দীর্ঘ দূরত্ব উড়তে পারে।,Amir,Amazon Translate
আম গ্রীষ্মমন্ডলীয় ফল।,Amir,Amazon Translate
ওটাররা শিলাগুলি সরঞ্জাম হিসাবে ব্যবহার করে।,Amir,Amazon Translate
বাগগুলি ফসল আক্রান্ত করতে পারে।,Amir,Amazon Translate
সৈকতে বালি বা কনুড়ি রয়েছে।,Amir,Amazon Translate
বৃষ্টির পানি ফোঁটায় সংগ্রহ হয়,Amir,Amazon Translate
বিড়ালরা খাবারের জন্য ছোট প্রাণী শিকার করে,Amir,Amazon Translate
সরঞ্জামগুলি মানুষকে ম্যানুয়াল কাজ সম্পূর্ণ করতে সহায়তা,Amir,Amazon Translate
কুকুর প্রায়শই পোষা প্রাণী হিসাবে রাখা হয়,Amir,Amazon Translate
ঘাস বিশ্বব্যাপী অনেক পরিবেশে জন্মায়।,Amir,Amazon Translate
পাতা দিনের দিকে সালোকসংশ্লেষণ করে,Amir,Amazon Translate
বড় বড় ভেষজ গাছগুলিতে কলা বৃদ্ধি পায়।,Amir,Amazon Translate
গাজর মূল শাকসবজি যা ভিটামিন এ বেশি থাকে।,Amir,Amazon Translate
উইন্ডমিলগুলি বাতাসকে ঘূর্ণন শক্তিতে রূপান্তর,Amir,Amazon Translate
ক্রিকেটরা তাদের ডানা ঘষে চিৎকার করে।,Amir,Amazon Translate
বাদুড় একমাত্র উড়ন্ত স্তন্যপায়ী প্রাণী,Amir,Amazon Translate
মরিচ বিভিন্ন রঙ এবং শক্তিতে আসে।,Amir,Amazon Translate
ফায়ার ইঞ্জিনগুলি অগ্নিনির্বাপক এবং সরঞ্,Amir,Amazon Translate
গাছ বায়ুমণ্ডল থেকে কার্বন ডাই অক্সাই,Amir,Amazon Translate
কুকুরের গন্ধের একটি উন্নত অনুভূতি রয়েছে।,Amir,Amazon Translate
মানচিত্রে সাধারণত একটি স্কেল এবং কী অন্তর্ভুক্ত থাকে।,Amir,Amazon Translate
টর্নেডোতে অত্যন্ত দ্রুত ঘূর্ণমান বাতাস রয়েছে।,Amir,Amazon Translate
মানচিত্র রাস্তার জন্য লাইন এবং প্রতীক ব্যবহার করে।,Amir,Amazon Translate
বিদ্যুৎ শক্তি লাইট এবং ইলেকট্রনিক ডিভাইস,Amir,Amazon Translate
উল্ট্যতা ব্যবহার করে ওটাররা পানিতে ভাসতে থাকে।,Amir,Amazon Translate
আপেল কাঁচা বা রান্না করা হয়।,Amir,Amazon Translate
ল্যাম্প পোস্টগুলি রাতে রাস্তার আলো সরবরাহ করে।,Amir,Amazon Translate
বিমানের নিরাপদ অবতরণের জন্য বিমানবন্দর,Amir,Amazon Translate
ফালকনগুলি দ্রুত ডাইভের জন্য পরিচিত পাখি।,Amir,Amazon Translate
ছোট ফুলের গাছ থেকে স্ট্রবেরি বৃদ্ধি পায়।,Amir,Amazon Translate
ডুমুর পাতল গাছগুলিতে বৃদ্ধি পায়,Amir,Amazon Translate
হেডফোন সরাসরি কানে শব্দ সরবরাহ করে।,Amir,Amazon Translate
পেঁয়াজ অনেক রান্না করা খাবারে ব্যবহৃত হয়।,Amir,Amazon Translate
পেঙ্গুইন উড়ানহীন জলজ পাখি।,Amir,Amazon Translate
"কয়েন অর্থের ছোট, ধাতব রূপ।",Amir,Amazon Translate
বিমান দ্রুত ভ্রমণ করে অনেক দূরত্ব দিয়ে।,Amir,Amazon Translate
"ফেরেটগুলি গৃহপালিত, কৌতুকপূর্ণ প্রাণী।",Amir,Amazon Translate
মাশরুম ছত্রাক যা ছায়ায় বৃদ্ধি পায়।,Amir,Amazon Translate
বাসা বাড়ি পাখির ডিম এবং হ্যাচলিংস।,Amir,Amazon Translate
গাছগুলি তাদের শিকড়ের মাধ্যমে জল শোষণ করে,Amir,Amazon Translate
সোনা মুদ্রা হিসেবে ব্যবহার করা হয়েছে।,Amir,Amazon Translate
সীলগুলি শীতের সাথে খাপ খাইয়ে নেওয়া স্তন্য,Amir,Amazon Translate
মানচিত্র আপেক্ষিক এবং পরম দূরত্ব নির্দেশ,Amir,Amazon Translate
নদীরা সমুদ্রে জল বহন করে।,Amir,Amazon Translate
লবণ খাবারের মরসুমে ব্যবহৃত হয়।,Amir,Amazon Translate
ফ্যালকনগুলি দ্রুত উড়ন্ত শিকারী পাখি।,Amir,Amazon Translate
টিউলিপস অনেক রঙে আসে।,Amir,Amazon Translate
রুটি প্রায়শই খাবারে পরিবেশন করা হয়।,Amir,Amazon Translate
শিকারের জন্য ঈগলদের দুর্দান্ত দৃষ্টি রয়েছে,Amir,Amazon Translate
গাছ বন্যজীবীদের জন্য গুরুত্বপূর্ণ আবাস সরবরাহ করে,Amir,Amazon Translate
খনিজ গঠন দ্বারা শিলা শ্রেণিবদ্ধ করা যেতে পারে,Amir,Amazon Translate
হাঁসের সাঁতার কাটার জন্য ওয়েবযুক্ত পা রয়েছে।,Amir,Amazon Translate
"ছাগল দুধ, মাংস এবং ফাইবার সরবরাহ করে।",Amir,Amazon Translate
গ্লাস সাধারণত উইন্ডোপ্যানের জন্য ব্যবহৃত হয়।,Amir,Amazon Translate
বইগুলি ইলেকট্রনিক এবং মুদ্রিত আকারে আসে।,Amir,Amazon Translate
ম্যাপেল সিরাপ স্যাপ থেকে তৈরি করা হয়।,Amir,Amazon Translate
জেলিফিশ ওজন অনুসারে ৯৫% পানি।,Amir,Amazon Translate
আয়রন একটি সাধারণ বিল্ডিং ধাতু।,Amir,Amazon Translate
বাতাস পানি জুড়ে সেলবোটগুলিকে চালিয়ে,Amir,Amazon Translate
পাহাড় হাইকার এবং স্কিয়ারদের একইভাবে আকর্ষণ করে।,Amir,Amazon Translate
বিড়ালগুলি ছোট ইঁদুরের পিছ,Amir,Amazon Translate
মানচিত্র ভৌগলিক ভূগোল দেখায়,Amir,Amazon Translate
পাকা হলে কলা হলুদ হয়।,Amir,Amazon Translate
আলু কন্দ সবজি।,Amir,Amazon Translate
"কয়েন সমতল, বৃত্তাকার মুদ্রা।",Amir,Amazon Translate
পাহাড় সমুদ্রপৃষ্ঠ থেকে উঠে।,Amir,Amazon Translate
সিকাডাস জোরে ঝাঁকুনি শব্দ করে।,Amir,Amazon Translate
ঝড়ে বজ্রপাত বজ্রপাত হয়।,Amir,Amazon Translate
পিঁপড়া ভূগর্ভস্থ উপনি,Amir,Amazon Translate
ম্যাগপিগুলি চমৎকার পাখি।,Amir,Amazon Translate
ডলফিনগুলি নেভিগেট করতে ইকোলোকেশন ব্যবহার করে।,Amir,Amazon Translate
সীলগুলি স্থল এবং সমুদ্রে সময় ব্যয় করে।,Amir,Amazon Translate
ওটাররা শেল খোলার জন্য সরঞ্জাম ব্যবহার করে।,Amir,Amazon Translate
অগ্নিনির্বাপক প্রতিরক্ষামূলক,Amir,Amazon Translate
মানচিত্র মহাদেশ এবং দেশকে উপস্থাপন করে।,Amir,Amazon Translate
গরু দুধ এবং চামড়া সরবরাহ করে।,Amir,Amazon Translate
মানচিত্র দূরত্ব পরিমাপের জন্য স্কেল দেখায়,Amir,Amazon Translate
রবিনরা সাধারণ গানপাখি।,Amir,Amazon Translate
বৃষ্টির বৃষ্টির পরে রেইনবোগুলি উপস্থিত হয়।,Amir,Amazon Translate
কাগা সহজ ধাঁধা সমাধান করে।,Amir,Amazon Translate
বেকিংয়ে রুটি ক্রাস্ট তৈরি হয়।,Amir,Amazon Translate
বাসা অনেক পাখি দ্বারা নির্মিত হয়।,Amir,Amazon Translate
কলা গুচ্ছায় বৃদ্ধি পায়।,Amir,Amazon Translate
টমেটো সালাদে ব্যবহৃত হয়।,Amir,Amazon Translate
চক পৃষ্ঠকে চিহ্নিত করে,Amir,Amazon Translate
জল তাপের অধীনে বাষ্প হয়।,Amir,Amazon Translate
ব্যাঙ পানিতে ডিম দেয়।,Amir,Amazon Translate
মানচিত্র শহরের নাম দেখায়।,Amir,Amazon Translate
বৃষ্টি উদ্ভিদ জীবন পুষ্টি দেয়,Amir,Amazon Translate
প্রজাপতি অমৃত খায়।,Amir,Amazon Translate
মানচিত্র নদীর জন্য প্রদর্শন প্রতীক।,Amir,Amazon Translate
দুই প্লাস দুই চার সমান।,Amir,Amazon Translate
ক্রেনগুলি বড় ওয়েডিং পাখি।,Amir,Amazon Translate
আয়রন একটি চৌম্বকীয় উপাদান।,Amir,Amazon Translate
আলু মূল শাকসবজি।,Amir,Amazon Translate
কাগা অত্যন্ত বুদ্ধিমান পাখি।,Amir,Amazon Translate
রুটি টোস্ট করা যেতে পারে।,Amir,Amazon Translate
পাহাড়ে ঠান্ডা তাপমাত্রা,Amir,Amazon Translate
ঘোড়া ঘোড়া পরেন।,Amir,Amazon Translate
গম একটি প্রধান শস্য।,Amir,Amazon Translate
আগুন জ্বলতে তিন উপাদান প্রয়োজন।,Amir,Amazon Translate
হাঁস পানির পৃষ্ঠে স্লাইড করে।,Amir,Amazon Translate
পাউডলে বৃষ্টির পানি সংগ্রহ করা হয়।,Amir,Amazon Translate
মানচিত্র জনসংখ্যার তথ্য দেখাতে পারে।,Amir,Amazon Translate
মরিচ হালকা বা গরম হতে পারে।,Amir,Amazon Translate
মানচিত্র সড়ক এবং ভূখণ্ডের বৈশিষ্ট্য,Amir,Amazon Translate
পর্বতমালা পৃথিবীর উঁচু অঞ্চল।,Amir,Amazon Translate
মানচিত্র দূরত্ব সম্পর্কে তথ্য সরবরাহ করে।,Amir,Amazon Translate
উষ্ণ বায়ু শীতল হলে মেঘ তৈরি হয়।,Amir,Amazon Translate
প্রজাপতি ক্রিসালাইডস থেকে উদ্ভূত হয়।,Amir,Amazon Translate
মানচিত্র শহরের আপেক্ষিক অবস্থান দেখায়।,Amir,Amazon Translate
টমেটো পাকা হলে লাল হয়।,Amir,Amazon Translate
মানচিত্র সমুদ্র এবং সমুদ্রের অবস্থান দেখা,Amir,Amazon Translate
ক্রেনগুলি অভিবাসী পাখি।,Amir,Amazon Translate
মানচিত্রে একটি উত্তর তীর রয়েছে।,Amir,Amazon Translate
মানচিত্র ভৌগলিক অধ্যয়নের জন্য গুরুত্বপূর্ণ।,Amir,Amazon Translate
মানচিত্র প্রাকৃতিক দৃশ্য প্রদর্শন,Amir,Amazon Translate
জিরাফগুলির প্যাটার্নযুক্ত কোট রয়েছে।,Amir,Amazon Translate
ডিমের রোলগুলি একটি জনপ্রিয় খাবার।,Amir,Amazon Translate
চক ব্ল্যাকবোর্ডগুলিতে ধুলো ফেলে।,Amir,Amazon Translate
মানচিত্র মাইল বা কিলোমিটার দেখায়।,Amir,Amazon Translate
মানচিত্র প্রায়শই নদী এবং হ্রদকে চিহ,Amir,Amazon Translate
পাতা খাবার তৈরি করতে সূর্যের আলো ব্যবহার করে।,Amir,Amazon Translate
মানচিত্র অবস্থান এবং নির্দেশাবলী সঠিকভাবে,Amir,Amazon Translate
রুটি ময়দা এবং খামির থেকে বেক করা হয়।,Amir,Amazon Translate
ব্যাঙ্গগুলি পরিপক্ক হওয়ার সাথে সাথে রূপান্তর করে।,Amir,Amazon Translate
উদ্ভিদের পাতায় সালোকসংশ্লেষণ ঘটে।,Amir,Amazon Translate
"কনুড়ি ছোট, বৃত্তাকার পাথর।",Amir,Amazon Translate
খরগোশ খাবারের জন্য শাকসব্জি খায়।,Amir,Amazon Translate
ক্রেনগুলি মাছ ধরার জন্য চোখের ব্যবহার করে।,Amir,Amazon Translate
মানচিত্র পাহাড় এবং নদী দেখাতে পারে।,Amir,Amazon Translate
রুটির ক্রাস্ট ক্রাম্বের চেয়ে শক্ত।,Amir,Amazon Translate
মানচিত্র শহরগুলি লেবেল করতে অক্ষর ব্যবহার করে।,Amir,Amazon Translate
জেলিফিশের জেলেটিনাস ছাতা আকৃতির দেহ রয়েছে।,Amir,Amazon Translate
মশা সাধারণ পোকার কীটপতঙ্গ।,Amir,Amazon Translate
ফন্ডু তৈরি করতে চকোলেট গলিত হয়।,Amir,Amazon Translate
পাহাড়ের আবহাওয়া পাহাড়ের চেয়ে ধীর,Amir,Amazon Translate
মানচিত্র রাজ্য বা দেশের সীমানা লেবেল করে।,Amir,Amazon Translate
বই তথ্য ও বিনোদন প্রদান করে।,Amir,Amazon Translate
মানচিত্র হাইকারদের হারিয়ে যাওয়া এড়াতে সহায়তা করে।,Amir,Amazon Translate
মানচিত্র রোড ট্রিপ পরিকল্পনা করতে সহায়তা,Amir,Amazon Translate
ফায়ার ট্রাক জরুরী প্রতিক্রিয়া পরিবহন করে,Amir,Amazon Translate
মানচিত্রে সঠিক দূরত্বের জন্য স্কেল প্রয়োজন,Amir,Amazon Translate
মানচিত্র বিমানবন্দর এবং সমুদ্রবন্দর দেখায়।,Amir,Amazon Translate
মাটি গাছের জন্য পুষ্টি সরবরাহ করে।,Amir,Amazon Translate
শরত্কালে টিউলিপ বাল্ব রোপণ করা হয়।,Amir,Amazon Translate
মানচিত্র এক্সপ্লোরারদের জন্য গুরুত্বপূর্ণ।,Amir,Amazon Translate
ফ্ল্যামিঙ্গোগুলির গোলাপী পালক রয়েছে।,Amir,Amazon Translate
চিনাবাদাম প্রযুক্তিগতভাবে সত্য বাদাম,Amir,Amazon Translate
পর্বতমালা বন্যপ্রাণীদের বাসস্থান,Amir,Amazon Translate
টমেটো প্রযুক্তিগতভাবে ফল।,Amir,Amazon Translate
ঘাসের টুফটগুলি ফুটবল মাঠকে কভার করে।,Amir,Amazon Translate
ব্রেডস্টিকগুলি অ্যাপেটিজার হিসাবে পরিবেশন করা হয়।,Amir,Amazon Translate
মানচিত্র ভূগোলের পাঠে ব্যবহৃত হয়।,Amir,Amazon Translate
এগলস বায়ু স্রোতের উপর স্লাইড করে।,Amir,Amazon Translate
মাংস সংরক্ষণের জন্য লবণ ব্যবহৃত হয়।,Amir,Amazon Translate
মানচিত্র পানির শরীর দেখায়।,Amir,Amazon Translate
হীরা সবচেয়ে শক্ত প্রাকৃতিক পদার্থ।,Amir,Amazon Translate
কোভিড -19 একটি করোনাভাইরাস দ্বারা সৃষ্ট।,Amir,Amazon Translate
দুধে ক্যালসিয়াম এবং ভিটামিন ডি থাকে।,Amir,Amazon Translate
হাঁস প্রায়শই ভি-আকৃতির গঠনে স্থানান্তর করে।,Amir,Amazon Translate
মহাসাগরে বেশিরভাগ পৃথিবীকে আচ্ছাদিত,Amir,Amazon Translate
মৌমাছি গাছকে পরাগিত করে এবং মধু উত্পাদন,Amir,Amazon Translate
বিদ্যুৎ কারেন্ট হিসাবে তারের মাধ্যমে ভ্রমণ করে,Amir,Amazon Translate
টিকগুলি মানুষের কাছে লাইম রোগ সংক্রমণ করতে পারে।,Amir,Amazon Translate
আসবাবপত্র পৃষ্ঠ এবং আসন সরবরাহ করে।,Amir,Amazon Translate
বিড়ালরা প্রায়শই অনেক ঘন্টা ঘুমায়।,Amir,Amazon Translate
মানচিত্র রাজনৈতিক বা ভৌত তথ্য প্রদর্শন করতে পারে।,Amir,Amazon Translate
ট্রেন দক্ষতার সাথে পণ্য এবং মানুষ পরিবহন করে।,Amir,Amazon Translate
বন্ধুদের আকর্ষণ করতে ব্যাঙ্গগুলি ক্রুক করে।,Amir,Amazon Translate
মাছির যৌগিক চোখ থাকে।,Amir,Amazon Translate
দুধ বিক্রি হওয়ার আগে পেস্টুরাইজ করা হয়।,Amir,Amazon Translate
মানচিত্র ওরিয়েন্টেশনের জন্য কম্পাস দিক,Amir,Amazon Translate
"বাঘ একা, আঞ্চলিক বিড়াল।",Amir,Amazon Translate
পাতায় শিরা থাকে যা জল সরবরাহ করে।,Amir,Amazon Translate
মানচিত্র উচ্চতা দেখানোর জন্য রং ব্যবহার করে।,Amir,Amazon Translate
"মেঘগুলি বৃষ্টি, তুষারপাত বা কাঁচা নিয়ে আসে",Amir,Amazon Translate
কুকুর ট্র্যাকিংয়ের জন্য তাদের নাক ব্যবহার করে।,Amir,Amazon Translate
মানচিত্র স্থানিক সচেতনতার জন্য গুরুত্বপূর্ণ।,Amir,Amazon Translate
নদীগুলি হ্রদে তাজা জল বহন করে,Amir,Amazon Translate
মানচিত্র টপোগ্রাফি এবং অঞ্চলগুলি কল্পনা করতে সহায়তা,Amir,Amazon Translate
তুষার হিমায়িত বৃষ্টিপাত।,Amir,Amazon Translate
মানচিত্র ভৌগলিক সীমা প্রদর্শন,Amir,Amazon Translate
মানচিত্রগুলিতে প্রায়শই একটি কিংবদন্তি,Amir,Amazon Translate
ফায়ারফ্লাইগুলি বায়োলুমিনেসেন্সের মাধ্যমে আলো উত্পাদন করে।,Amir,Amazon Translate
রুটি বিশ্বব্যাপী একটি প্রধান খাবার।,Amir,Amazon Translate
ব্যাটারি রাসায়নিক শক্তি সংরক্ষণ করে,Amir,Amazon Translate
অগ্নিনির্বাপক আগুন দূর করতে পানি ব্যবহার করে।,Amir,Amazon Translate
ব্রোকলি বাঁধাকপি পরিবারের অংশ।,Amir,Amazon Translate
তারকারা তাদের নিজস্ব আলো নির্গত করে।,Amir,Amazon Translate
পোলার ভালুক উত্তর মেরুর কাছাকাছি বাস করে।,Amir,Amazon Translate
একটি থার্মোমিটার তাপমাত্রা মাপ,Amir,Amazon Translate
বিড়ালরা পায়ে অবতরণ করে।,Amir,Amazon Translate
স্ফটিকগুলি পারমাণবিক কাঠামোকে,Amir,Amazon Translate
কয়েন রূপালী বা তামা হতে পারে।,Amir,Amazon Translate
কুকুর গৃহপালিত প্যাক প্রাণী।,Amir,Amazon Translate
মানচিত্র প্রায়ই বৈশিষ্ট্যগুলির জন্য রঙ ব্যবহার করে।,Amir,Amazon Translate
ব্যাঙ লাপিং শিকারীদের পালাতে সহায়তা করে।,Amir,Amazon Translate
গোলাপ বিশ্বব্যাপী বাগানে ফুল ফোটে।,Amir,Amazon Translate
পাতাগুলিতে সালোকসংশ্লেষণের জন্য ক্লোরোফিল,Amir,Amazon Translate
বিড়ালগুলি স্বাচ্ছন্দ্য দেওয়ার সময় প্রায়শই পি,Amir,Amazon Translate
ফুল প্রাণবন্ত রঙের সাথে পরাগণকারীদের আকর্ষণ,Amir,Amazon Translate
প্রজাপতি ক্যাটারপিলার হিসাবে জীবন শুরু করে।,Amir,Amazon Translate
কুমড়ো শরত্কালে কাটা হয়।,Amir,Amazon Translate
গরু ঘাস এবং খাবার খায়।,Amir,Amazon Translate
লবণ খাদ্য সংরক্ষণকারী হিসাবে ব্যবহৃত হয়।,Amir,Amazon Translate
রুটি প্রায়শই রুটিতে বেক করা হয়।,Amir,Amazon Translate
মানচিত্র আবহাওয়া দেখাতে পারে।,Amir,Amazon Translate
মানচিত্র স্থানিক সম্পর্ক কল্পনা করতে সহায়তা করে।,Amir,Amazon Translate
বৃষ্টি প্রায়শই ঘন মেঘের ফলে।,Amir,Amazon Translate
মানচিত্র আবহাওয়া এবং উদ্ভিদ প্রদর্শন করতে পারে।,Amir,Amazon Translate
পাখি মৌসুমে উষ্ণ অঞ্চলে স্থানান্তর করে।,Amir,Amazon Translate
রুটি প্রায়শই খাওয়ার আগে কাটা হয়।,Amir,Amazon Translate
পর্বতমালা জলবায়ু এবং বৃষ্টিপাতের উপর,Amir,Amazon Translate
ডিম প্রয়োজনীয় প্রোটিন সরবরাহ করে।,Amir,Amazon Translate
ক্লাসরুমের ব্ল্যাকবোর্ডগুলিতে চক ব্যবহৃত হয়।,Amir,Amazon Translate
রুটিতে গম থেকে গ্লুটেন থাকে।,Amir,Amazon Translate
মানচিত্র রুট পরিকল্পনায় সহায়তা করে।,Amir,Amazon Translate
কাঁকড়ার শক্ত প্রতিরক্ষামূলক শেল থাকে।,Amir,Amazon Translate
সমুদ্রগুলিতে লবণাক্ত জল এবং সামুদ্রিক জীবন রয়েছে,Amir,Amazon Translate
দুধ দইতে প্রক্রিয়া করা যেতে পারে।,Amir,Amazon Translate
মানচিত্র মাঝে মাঝে ত্রাণের জন্য কনট্যুর,Amir,Amazon Translate
ফায়ারফ্লাইস সঙ্গীদের আকৃষ্ট করতে আলো নির্গত করে।,Amir,Amazon Translate
মানচিত্রগুলি মাঝে মাঝে জনসংখ্যার ঘনত্বের জন্য,Amir,Amazon Translate
ডলফিনগুলি স্তন্যপায়ী প্রাণী যারা মহাসাগরে,Amir,Amazon Translate
মানচিত্র অক্ষাংশ এবং দ্রাঘিমাংশ রেখা,Amir,Amazon Translate
ক্রেয়নগুলি ছবি রঙিন করার জন্য ব্যবহৃত হয়।,Amir,Amazon Translate
"ডিম স্ক্র্যাম্বল করা, ভাজা বা সিদ্ধ করা যেতে পারে।",Amir,Amazon Translate
মানচিত্র আগ্রহের পয়েন্ট সনাক্ত করতে সহায়তা করে।,Amir,Amazon Translate
"জলের শরীরের মধ্যে হ্রদ, নদী এবং মহাসাগর অন্তর্ভুক্ত",Amir,Amazon Translate
মেঘগুলি জলের ফোঁটা বা বরফ স্ফটিক ধারণ করে,Amir,Amazon Translate
মানচিত্র ভোটিং প্যাটার্ন দেখাতে পারে।,Amir,Amazon Translate
ফায়ারফ্লাইস যোগাযোগের জন্য আলো তৈরি করে।,Amir,Amazon Translate
কয়েন প্রায়শই নেতাদের চিত্র থাকে।,Amir,Amazon Translate
সূর্যাস্ত এবং রাতের মাঝে টুইলাইট ঘটে।,Amir,Amazon Translate
বৃষ্টির দিন বহিরঙ্গন দৃশ্যমানতা,Amir,Amazon Translate
মানচিত্রে সময় অঞ্চল অন্তর্ভুক্ত হতে পারে।,Amir,Amazon Translate
তোতা গ্রীষ্মমন্ডলীয় অঞ্চলে বাস করে।,Amir,Amazon Translate
রুটি বাদ দেওয়ার সময় ছাঁচ বৃদ্ধি করে।,Amir,Amazon Translate
গাড়িগুলি জ্বলন বা বৈদ্যুতিক ইঞ্জিন ব্যবহার করে চ,Amir,Amazon Translate
ক্রেয়ন রঙিন অঙ্কন সরঞ্জাম।,Amir,Amazon Translate
সোনা একটি মূল্যবান নরম ধাতু।,Amir,Amazon Translate
মানচিত্রে রোড এবং ট্র্যাফিক তথ্য অন্তর্ভুক্ত থাকতে পারে,Amir,Amazon Translate
মুরগি ডিম এবং মাংসের জন্য উত্থাপন করা হয়।,Amir,Amazon Translate
ঘোড়া পরিবহন এবং খেলাধুলার জন্য ব্যবহৃত হয়।,Amir,Amazon Translate
মানচিত্র জলবায়ু অঞ্চল চিত্রিত করতে,Amir,Amazon Translate
প্রজাপতি তাদের পা দিয়ে স্বাদ পায়।,Amir,Amazon Translate
মানচিত্র অবস্থানের জন্য গ্রিড রেফারেন্স ব্যবহার করে।,Amir,Amazon Translate
মুদ্রার মান প্রতিটি টুকরোতে মুদ্রিত হয়।,Amir,Amazon Translate
মানচিত্র শারীরিক এবং মানবিক উভয় বৈশিষ্ট্য,Amir,Amazon Translate
ক্লোরোফিলের কারণে পাতা সবুজ হয়।,Amir,Amazon Translate
বৃষ্টিপাত মেঘ তৈরি করে।,Amir,Amazon Translate
বাতাস বাতাস চলাচল করছে।,Amir,Amazon Translate
শেলগুলি মহাসাগরে মলাস্ককে রক্ষা করে।,Amir,Amazon Translate
প্রজাপতির চারটি ডানা রয়েছে।,Amir,Amazon Translate
কয়েন সাধারণত তাদের উপর মুখ থাকে।,Amir,Amazon Translate
মানচিত্র জমি এবং জল উভয়ই চিত্রিত করে।,Amir,Amazon Translate
শিশুরা বিল্ডিংয়ের জন্য ব্লক ব্যবহার করে।,Amir,Amazon Translate
মানচিত্র মাঝে মাঝে জলবায়ু তথ্য,Amir,Amazon Translate
মানচিত্র জরুরি অবস্থায় সহায়ক।,Amir,Amazon Translate
মানচিত্র ফোনে ডাউনলোড করা যাবে।,Amir,Amazon Translate
টিউলিপস ফুলের বাল্ব হিসাবে জনপ্রিয়।,Amir,Amazon Translate
মানচিত্র রেফারেন্সের জন্য বিশ্বের রাজধানী দেখায়,Amir,Amazon Translate
সীলগুলিতে সাঁতার কাটার জন্য সুবিধা দেহ রয়েছে।,Amir,Amazon Translate
দুধ শক্ত হাড়ের জন্য ক্যালসিয়াম সরবরাহ করে।,Amir,Amazon Translate
কাঁকড়ের প্রতিরক্ষা এবং খাওয়ানোর জন্য নখ থাকে।,Amir,Amazon Translate
মানচিত্র প্রাকৃতিক সম্পদ প্রদর্শন করতে পারে।,Amir,Amazon Translate
আলু সবচেয়ে বেশি খাওয়া সবজিগুলির মধ্যে একটি।,Amir,Amazon Translate
মাউন্ট এভারেস্ট হিমালয়ে অবস্থিত।,Amir,Amazon Translate
গাজর কমলা শিকড় সাধারণত কাঁচা খাওয়া হয়,Amir,Amazon Translate
কুকুরের জাতের আকারে ব্যাপকভাবে পৃথক হয়।,Amir,Amazon Translate
মশার কামড় চুলকানি হতে পারে।,Amir,Amazon Translate
ক্রিকেটস নাশচরের পোকামাকড়।,Amir,Amazon Translate
ডিম সাধারণত বিভিন্ন উপায়ে রান্না করা হয়।,Amir,Amazon Translate
চক সহজেই ব্ল্যাকবোর্ড থেকে মুছে ফেলা যায়।,Amir,Amazon Translate
তাজা হলে রুটি কাটা সহজ।,Amir,Amazon Translate
মানচিত্রে নির্দেশিকা জন্য মানচিত্র কী অন্তর্ভুক্ত,Amir,Amazon Translate
সুরক্ষিত না হলে রুটি বাসি হয়ে যায়।,Amir,Amazon Translate
মানচিত্র প্রাকৃতিক দুর্যোগের প্রভাব দেখাতে পারে।,Amir,Amazon Translate
মানচিত্র বিভিন্ন রঙ ব্যবহার করে ডেটা প্রদর্শন করে।,Amir,Amazon Translate
নেকড়ে দলে বাস করে এবং শিকার করে।,Amir,Amazon Translate
রুটি প্রাচীনতম খাবারগুলির মধ্যে একটি।,Amir,Amazon Translate
মানচিত্র জাহাজের জন্য প্রয়োজনীয় নেভিগেশন সরবরাহ করে,Amir,Amazon Translate
টমেটো ফুলের গাছ থেকে বৃদ্ধি পায়।,Amir,Amazon Translate
বৃষ্টি একটি গেজ ব্যবহার করে পরিমাপ করা যেতে পারে।,Amir,Amazon Translate
মানচিত্র পরিবহন নেটওয়ার্ক চিত্রিত করতে,Amir,Amazon Translate
মানচিত্র নগর পরিকল্পনার জন্য গুরুত্বপূর্ণ।,Amir,Amazon Translate
শীতল জলবায়ুতে টিউলিপস সবচেয়ে ভাল,Amir,Amazon Translate
মানচিত্র ঐতিহাসিক ভূমি পরিবর্তন প্রকাশ করতে,Amir,Amazon Translate
মানচিত্রগুলি আধুনিক নেভিগেশনের জন্য গুরুত্বপূর্ণ।,Amir,Amazon Translate
ডিম পাখি এবং সরীসৃপ দ্বারা উত্পাদিত হয়।,Amir,Amazon Translate
বাতাসের জন্য তিমিদের পৃষ্ঠ দিতে হবে।,Amir,Amazon Translate
মানচিত্র বিভিন্ন ধরণের বৈশিষ্ট্য প্রদর্শন করে।,Amir,Amazon Translate
মানচিত্র প্রায়শই পার্থক্য জন্য রঙ ব্যবহার করে।,Amir,Amazon Translate
মানচিত্র প্রায়শই পরিমাপের জন্য স্কেল ব্যবহার করে।,Amir,Amazon Translate
ম্যাপেল গাছ সিরাপ উত্পাদন করে।,Amir,Amazon Translate
মানচিত্র ভ্রমণকারীদের হারিয়ে যেতে সহায়তা করে।,Amir,Amazon Translate
মানচিত্র শহুরে এবং গ্রামীণ অঞ্চল দেখায়,Amir,Amazon Translate
হাঁস প্রতি বছর গ্রুপে স্থানান্তরিত হয়।,Amir,Amazon Translate
মানচিত্র রাজধানী এবং বড় শহরগুলি সনাক্ত করে,Amir,Amazon Translate
মানচিত্র স্থানের একটি ভিজ্যুয়াল উপস্থাপনা সরবরাহ করে।,Amir,Amazon Translate
সালোকসংশ্লেষণ প্রাণী এবং মানুষের জন্য অক্সি,Amir,Amazon Translate
পাতা সূর্যের আলো শোষণ করে এবং সালোকসংশ্লেষ,Amir,Amazon Translate
বেশিরভাগ হাঙ্গর কেবল লবণাক্ত জলে বাস করে।,Amir,Amazon Translate
গরু বিশ্বব্যাপী মানুষকে দুধ এবং গরুর মাংস সরবরাহ করে,Amir,Amazon Translate
মাউন্ট এভারেস্ট সমুদ্রপৃষ্ঠ থেকে পৃথিবীর সবচেয়ে উঁচু পর্বত।,Amir,Amazon Translate
রেইনবো রং সর্বদা একই ক্রমে পর্যবেক্ষণ করা হয়।,Amir,Amazon Translate
বেশিরভাগ জমি গাছপালা বাড়ানোর জন্য মাটি অপরিহার্,Amir,Amazon Translate
চিনাবাদাম গাছগুলি ভূগর্ভস্থ ভোজ,Amir,Amazon Translate
মাছ পানির নিচে গিলস ব্যবহার করে দ্রবীভূত অক্সি,Amir,Amazon Translate
জেলিফিশের জেলেটিনাস দেহ এবং স্টিং টেনট্যাকলস রয়েছে।,Amir,Amazon Translate
"স্ট্রবেরি লাল, মিষ্টি ফলে পাকা হয়।",Amir,Amazon Translate
কোয়োটস শহুরে পরিবেশের সাথে ভালভাবে মানিয়ে নেয়।,Amir,Amazon Translate
প্লাস্টিকের ব্যাগগুলি পুরোপুরি পচে যেতে কয়েক দশক সময়,Amir,Amazon Translate
পণ্য ও পরিষেবার জন্য অর্থ বিনিময় করা হয়।,Amir,Amazon Translate
"মানচিত্র সঠিকভাবে সড়ক, শহর এবং শারীরিক ল্যান্ডমার্ক",Amir,Amazon Translate
পান্ডা প্রায় একচেটিয়াভাবে বাঁশের অঙ্গুরে খাওয়ায়,Amir,Amazon Translate
আপেলসস রান্না করে এবং আপেল ম্যাশ করে তৈরি করা হয়।,Amir,Amazon Translate
মানচিত্রগুলি ভ্রমণকারীদের অপরিচিত গন্তব্যগুলির,Amir,Amazon Translate
তুলা উদ্ভিদের ফ্লফি বীজ মাথা থেকে আসে।,Amir,Amazon Translate
গাড়ির ইঞ্জিনগুলি কাজ করতে পেট্রোলের উপর নির্ভর করে,Amir,Amazon Translate
জিব্রা ঘোড়া পরিবারের অন্তর্গত এবং এর স্ট্রিপযুক্ত কোট রয়েছে।,Amir,Amazon Translate
স্কুলগুলি বয়স এবং বিষয় ক্ষেত্র অনুসারে ক্লাস সংগঠিত করে।,Amir,Amazon Translate
পেঁয়াজ রান্না করা খাবারে শক্ত স্বাদ নিয়ে আসে,Amir,Amazon Translate
ঘরের তাপমাত্রায় পেট্রল দ্রুত বাষ্প হয়।,Amir,Amazon Translate
এয়ারোডাইনামিক্সের জন্য ডিজাইন করা ডানা ব্যবহার করে বিমানগুলি,Amir,Amazon Translate
মাউস ফাঁদ ঘরে ইঁদুরের উপস্থিতি নিয়ন্ত্রণ করতে সেট করা হয়।,Amir,Amazon Translate
বইগুলি লিখিত মুদ্রণ বা ডিজিটাল বিন্যাসে তথ্য সরবরাহ করে।,Amir,Amazon Translate
সমর্থনের চারপাশে ডাল মোড়ানোর মাধ্যমে আঙ্গুর,Amir,Amazon Translate
বিছানার চাদর সাধারণত সুতির ফ্যাব্রিক থেকে তৈরি হয়।,Amir,Amazon Translate
ভিড় সীমিত স্থানে শব্দের মাত্রা বাড়ায়।,Amir,Amazon Translate
কাগজ কাপড় বা প্লাস্টিকের চেয়ে সহজেই অশ্রু দেয়।,Amir,Amazon Translate
সামঞ্জস্যপূর্ণ লক দিয়ে লাগানো দরজা আনলক,Amir,Amazon Translate
চিংড়গুলি জীবিত শিকার করার পরিবর্তে ক্যারিয়নকে সরিয়ে দেয়।,Amir,Amazon Translate
বিপদ থেকে সুরক্ষার জন্য শামুক শেলের ভিতরে পিছিয়ে যায়।,Amir,Amazon Translate
প্রধান খাবারের পরে মিষ্টান্ন খাওয়া হয়।,Amir,Amazon Translate
প্রায় ৬৫ মিলিয়ন বছর আগে ডাইনোসর বিলুপ্ত হয়েছিল।,Amir,Amazon Translate
ছাতা ব্যবহারকারীদের ভারী বৃষ্টি থেকে রক্ষা করে।,Amir,Amazon Translate
টমেটো গাছগুলির সাফল্যের জন্য উষ্ণ তাপমাত্র,Amir,Amazon Translate
ব্যাকপ্যাকগুলি বই এবং সরবরাহ স্বাচ্ছন্দ্যভাবে বহন,Amir,Amazon Translate
সুইংগুলি বহিরঙ্গন খেলার মাঠগুলিতে সাধারণ ফিক্স,Amir,Amazon Translate
মধুমৌমাছি সরাসরি উদ্ভিদ পরাগায়নের প্রচেষ্,Amir,Amazon Translate
স্যুটকেসগুলিতে ভ্রমণের উদ্দেশ্যে কাপড় এবং জিনিসপত্র থাকে,Amir,Amazon Translate
চাঁদের আলোর ফলে সূর্যের আলো চাঁদের থেকে প্রতিফলিত হয়,Amir,Amazon Translate
বেল্টগুলি প্যান্ট এবং স্কার্টের ফিট সমন্বয় করে।,Amir,Amazon Translate
গ্লাভস আঙ্গুলগুলি ঠান্ডা অবস্থা থেকে রক্ষা,Amir,Amazon Translate
ডোরবেলগুলি প্রবেশপথে দর্শকদের সংকেত দেয়।,Amir,Amazon Translate
সোনা অত্যন্ত ভালভাবে বিদ্যুৎ পরিচালনা,Amir,Amazon Translate
অ্যাঙ্কররা নৌকাগুলি পানিতে এক অবস্থানে সুরক্ষিত করে।,Amir,Amazon Translate
পৃথক অংশ পরিবেশন করার আগে পিজা কাটা হয়।,Amir,Amazon Translate
"কাঁচি কাগজ, ফ্যাব্রিক বা স্ট্রিং দক্ষতার সাথে কাটা।",Amir,Amazon Translate
স্নোম্যান শীতকালে ঘূর্ণিত তুষারবল থেকে নির্মিত হয়।,Amir,Amazon Translate
স্প্রিংকলারগুলি লন বা বাগানে সমানভাবে জল বিতরণ করে।,Amir,Amazon Translate
দাবা অনন্য খেলার টুকরা কৌশলগত চলাচল জড়িত।,Amir,Amazon Translate
"ক্যালেন্ডার দিন, সপ্তাহ এবং মাসগুলি নিয়মিতভাবে ট্র্যাক করে।",Amir,Amazon Translate
স্কুল বাস বাড়ি এবং স্কুলের মধ্যে বাচ্চাদের পরিবহন,Amir,Amazon Translate
মধু মৌমাছি ফুলের অমৃত থেকে মধু তৈরি করে।,Amir,Amazon Translate
কুকুর বিভিন্ন আবেগ সংকেত দেওয়ার জন্য লেজ ব্যবহার করে।,Amir,Amazon Translate
মাশরুম আর্দ্র পরিবেশে বাড়তে পছন্,Amir,Amazon Translate
মাকড়সা সিল্কি ওয়েব ব্যবহার করে পোকামাকড় ধর,Amir,Amazon Translate
বিরলতা এবং চেহারাটির কারণে সোনা মূল্যবান।,Amir,Amazon Translate
আলু হল ভূগর্ভস্থ জন্মের ভোজ্য,Amir,Amazon Translate
বইগুলি জ্ঞান এবং গল্পগুলি লিখিত আকারে সংরক্ষণ করে।,Amir,Amazon Translate
শিংযুক্ত প্রাণী শিকারীদের বিরুদ্ধে নিজেদের রক্ষা করতে পারে।,Amir,Amazon Translate
ঈগলস মানুষের চেয়ে দূরবর্তী বস্তুগুলি অনেক স্পষ্টভাবে দেখে,Amir,Amazon Translate
শহরগুলিতে লম্বা ভবনগুলিকে আকাশচুম্বী বলা হয়।,Amir,Amazon Translate
সেতু জল বা বাধা দ্বারা পৃথক জমিকে সংযুক্ত করে।,Amir,Amazon Translate
বজ্রঝড়ের সময় বাজর প্রাকৃতিকভাবে ঘটে,Amir,Amazon Translate
মটরশুটি ডায়েটে উদ্ভিদ ভিত্তিক প্রোটিন সরবরাহ,Amir,Amazon Translate
দুর্লভ জলের সাথে মরুভূমির অবস্থায় উট বৃদ্ধি পায়।,Amir,Amazon Translate
অ্যালার্ম ঘড়িগুলি শব্দ বা কম্পন সংকেত ব্যবহার করে লোকদের জাগিয়ে,Amir,Amazon Translate
কুকিজ বিশ্বব্যাপী জনপ্রিয় মিষ্টি বেকড পণ্য।,Amir,Amazon Translate
কীগুলি ম্যাচিং লক দিয়ে সুরক্ষিত দরজা আনল,Amir,Amazon Translate
রেফ্রিজারেটরগুলি ধ্বংস হওয়া খাবারকে,Amir,Amazon Translate
বেল্ট কোমরের চারপাশে প্যান্ট বা স্কার্ট সুরক্ষিত,Amir,Amazon Translate
মোমবাতিগুলি মোমে উইক জ্বলন করে আলো নির্গত করে।,Amir,Amazon Translate
ক্যালেন্ডার তারিখ এবং প্রাসঙ্গিক বার্ষিক ইভেন্ট,Amir,Amazon Translate
ইউনিকর্নস পৌরাণিক প্রাণী যা অস্তিত্ব প্রমাণিত নয়,Amir,Amazon Translate
মাউন্টেন বাইকগুলি রুক্ষ অফ-রোড টেরিনগুলি সহজে,Amir,Amazon Translate
মানচিত্রে প্রায়শই নির্দেশিকা নির্দেশিত কম্পাস,Amir,Amazon Translate
কম্পিউটারগুলি বৈদ্যুতিনভাবে বাইনারি কোড,Amir,Amazon Translate
গ্লাভস হাতের জন্য সুরক্ষা এবং উষ্ণতা সরবরাহ করে।,Amir,Amazon Translate
ডেন্টিস্টরা স্বাস্থ্যকর দাঁতের জন্য মৌখিক স্বাস্থ্যকর,Amir,Amazon Translate
ট্যাবলেটগুলি পোর্টেবল বৈদ্যুতিন কম্পিউটিং,Amir,Amazon Translate
গ্লাস স্বচ্ছ এবং দৃশ্যমান আলোকে পাস করতে দেয়।,Amir,Amazon Translate
ঘরোয়া ঘরগুলি অভ্যন্তরীণ বায়ুর গুণমান এবং,Amir,Amazon Translate
আবহাওয়ার পূর্বাভাস আসন্ন বৃষ্টিপাত এবং তাপমাত্রা,Amir,Amazon Translate
ব্যাকপ্যাকগুলি কাঁধে সমানভাবে ওজন বিতরণ করে।,Amir,Amazon Translate
স্প্রিংকলার সিস্টেমগুলি লন এবং বাগানগুলি স্বয়ংক্রিয়ভাবে সেচ করে।,Amir,Amazon Translate
লিফটগুলি লম্বা ভবনের মধ্যে লোকদের বাড়ায় এবং নিম্ন করে।,Amir,Amazon Translate
আয়না উপস্থিতির সঠিক প্রতিচ্ছবি সরবরাহ করে।,Amir,Amazon Translate
ওয়াল ঘড়িগুলি এক নজরে সময় দেখায়।,Amir,Amazon Translate
স্কুটারগুলিতে ব্যক্তিগত পরিবহনের জন্য দুটি চাকা রয়েছে।,Amir,Amazon Translate
টিউলিপস প্রতি বছর বসন্ত মাসগুলিতে ফুল ফোটে।,Amir,Amazon Translate
ভেড়া পশম উত্পাদন করে যা সুতার পরিণত হয়।,Amir,Amazon Translate
প্লাস্টিকের বোতলগুলি প্রাকৃতিকভাবে পচে যেতে বছর সময় নেয়।,Amir,Amazon Translate
পাদির নামক মাঠগুলিতে চাল জন্মায়।,Amir,Amazon Translate
হুমকি সনাক্ত করার জন্য খরগোশের লম্বা কান থাকে।,Amir,Amazon Translate
জেলিফিশে প্রতিরক্ষার জন্য ব্যবহৃত স্টিং টেনট্যাকল রয়েছে।,Amir,Amazon Translate
গুলাপের কাঁটা থাকে যাতে উদ্ভিজ্জদের খাওয়া থেকে বিরত রাখে।,Amir,Amazon Translate
"আপেল লাল, সবুজ এবং হলুদ জাতগুলিতে আসে।",Amir,Amazon Translate
জিরাফরা উচ্চ গাছের পাতায় পৌঁছানোর জন্য দীর্ঘ ঘাড় ব্যবহার করে।,Amir,Amazon Translate
ছোট হুক এবং লুপ ব্যবহার করে ভেলক্রো লাঠি।,Amir,Amazon Translate
ট্রেনগুলি ইঞ্জিন শক্তি ব্যবহার করে ট্র্যাকের পাশাপাশি,Amir,Amazon Translate
মরুভূমি বনের তুলনায় সামান্য বার্ষিক বৃষ্টিপাত পায়,Amir,Amazon Translate
আগ্নেয়গিরিগুলি বিস্ফোরণের সময় গলিত লাভা এবং ছাই বের করে।,Amir,Amazon Translate
ঘর্ষণ বা রাসায়নিক বিক্রিয়া দ্বারা হালকা অগ্নির সাথে,Amir,Amazon Translate
বইগুলি একসাথে সংযুক্ত পৃষ্ঠাগুলির সংগ্রহ।,Amir,Amazon Translate
দাঁত চিবানোর সময় খাবার ভেঙে দিতে সহায়তা করে।,Amir,Amazon Translate
"ঘাস সমভূমি, লন এবং বিভিন্ন ল্যান্ডস্কেপ কভার করে।",Amir,Amazon Translate
বাটিগুলিতে তরল বা আলগা কঠিন খাবার থাকে।,Amir,Amazon Translate
দাঁতের ফ্লস দাঁতের মধ্যে পরিষ্কার করে যেখানে ব্রাশগুলি পৌঁছাতে,Amir,Amazon Translate
ডিটারজেন্ট পোশাকের কাপড় থেকে দাগ দূর করতে সহায়তা,Amir,Amazon Translate
পিজ্জাতে টপিংস যুক্ত করা বেকড ময়দা রয়েছে।,Amir,Amazon Translate
সঠিক ওয়াশিং রুটিনের সময় হাতের সাবান জীবাণু হত্যা করে,Amir,Amazon Translate
পৃষ্ঠতল পরিষ্কার হলে আয়নাগুলি সঠিকভাবে চিত্রগুলি,Amir,Amazon Translate
উপনিবেশের বেঁচে থাকার কাজের জন্য পিঁপড়া,Amir,Amazon Translate
জেব্রা আফ্রিকান সাভানা জুড়ে পাঁড়ে বাস করে।,Amir,Amazon Translate
রেডিও বৈদ্যুতিন চৌম্বকীয় তরঙ্গের মাধ্যমে অডিও,Amir,Amazon Translate
স্যুটকেসগুলি ভ্রমণ আইটেমগুলি বহন করতে আরও সুবি,Amir,Amazon Translate
ক্রেনগুলি কেবল সিস্টেম ব্যবহার করে ভারী লোড উত্তোলন করে।,Amir,Amazon Translate
ঘোড়া দ্রুত চলাচল করে এবং মানব রাইডারদের,Amir,Amazon Translate
ছাতা বৃষ্টি বা শক্তিশালী সূর্যের আলো বিরুদ্ধে,Amir,Amazon Translate
ট্যাবলেটগুলি বহনযোগ্যতার জন্য টাচস্ক্রিন এবং কম্পিউটিং পাওয়ার,Amir,Amazon Translate
ভক্তরা বদ্ধ স্থানগুলি শীতল করার জন্য বায়ু স,Amir,Amazon Translate
অ্যালার্ম ঘড়ি নির্দিষ্ট সময়ে ব্যক্তিদের জাগিয়ে তোলে।,Amir,Amazon Translate
পায়ে চালিত পেডাল ব্যবহার করে সাইকেল পরিবহন রাইডাররা।,Amir,Amazon Translate
ঘূর্ণমান ব্লেডের জন্য হেলিকপ্টার উলম্বভাবে,Amir,Amazon Translate
আরামদায়ক ঘুমের অবস্থানগুলির জন্য বালিশ কুশন,Amir,Amazon Translate
পর্দা কক্ষগুলিতে হালকা প্রবেশকে ব্লক করে।,Amir,Amazon Translate
ভ্যাকুয়াম ক্লিনার মেঝে থেকে ধুলো এবং ধ্বংসাবশেষ,Amir,Amazon Translate
ডোরবেলগুলি আগত দর্শকদের সম্পর্কে বাড়ির বাসিন্দাদের সত,Amir,Amazon Translate
বেঞ্চগুলি পাবলিক বা ব্যক্তিগত জায়গায় বসন সরবরাহ করে।,Amir,Amazon Translate
পেইন্ট রোলগুলি দেয়ালে সমানভাবে রঙ যুক্ত করে।,Amir,Amazon Translate
শপিং কার্ট দোকানে মুদি কেনাকে সহজ করে তোলে।,Amir,Amazon Translate
"ওয়ালেটগুলিতে সনাক্তকরণ কার্ড, অর্থ এবং রসিদ রয়েছে।",Amir,Amazon Translate
নোটবুক ব্যবহারকারীদের নোট লিখতে এবং সংগঠিত করতে দেয়।,Amir,Amazon Translate
বাতাসের সংস্পর্শের পরে রুটি বাসি হয়ে যায়।,Amir,Amazon Translate
তোতা অনেক পরিবেশগত শব্দ অনুকরণ করতে পারে।,Amir,Amazon Translate
পিঁপড়া বিশেষ ভূমিকা সহ উপনিবেশ তৈরি করে।,Amir,Amazon Translate
জেব্রা অনন্য কালো-সাদা স্ট্রিপিং প্রদর্শন করে।,Amir,Amazon Translate
মেঘলা আবহাওয়া বৃষ্টি বা ঝড় নির্দেশ করতে পারে।,Amir,Amazon Translate
পেঙ্গুইনগুলি উড়তে পারে না তবে দক্ষতার সাথে সাঁতার কাটতে পারে না,Amir,Amazon Translate
কোমোডো ড্রাগনগুলি বৃহত্তম জীবন্ত টিকটিকি।,Amir,Amazon Translate
ছত্রাক মাটিতে জৈব পদার্থ পচন করে।,Amir,Amazon Translate
আতশবাজি উচ্চ শব্দ এবং রঙিন আলো প্রদর্শন তৈরি করে।,Amir,Amazon Translate
পোলার ভালুক আর্কটিক সমুদ্রের বরফ অঞ্চলে বাস,Amir,Amazon Translate
সূর্যাস্ত পরিষ্কার আকাশে আরও স্পষ্ট দেখায়।,Amir,Amazon Translate
রুক্ষ পৃষ্ঠে চক সহজেই লেখে থাকে।,Amir,Amazon Translate
চিনাবাদাম পৃষ্ঠের নীচে লেবুর মতো বৃদ্ধি,Amir,Amazon Translate
কফি মটরশুটি কফি চেরি থেকে ভাজা বীজ।,Amir,Amazon Translate
ব্রোকলিতে ভিটামিন এবং ডায়েটরি ফাইবার বেশি থাকে।,Amir,Amazon Translate
মানচিত্রগুলি প্রায়শই ভূখণ্ডের ধরণের প্রতিনিধিত্ব করতে,Amir,Amazon Translate
প্লাস্টিক দূষণ সমুদ্রের বন্যপ্রাণী,Amir,Amazon Translate
তৃণভূমি বড় প্রাণীর চরচার পালকে সমর্থন করে।,Amir,Amazon Translate
"সামুদ্রিক জীবনে মাছ, কাঁকড়া এবং অক্টোপাসের মতো প্রাণী অন্তর্ভুক্ত রয়েছে।",Amir,Amazon Translate
হিমবাহ ধীরে ধীরে ধীরে শতাব্দী ধীরে,Amir,Amazon Translate
গাড়ীগুলি সাধারণত অভ্যন্তরীণ জ্বলন ইঞ্,Amir,Amazon Translate
শপিং কার্ট মুদিখানা পরিবহনে সহায়তা করে।,Amir,Amazon Translate
আয়না চিত্র দেখানোর জন্য আলো প্রতিফলিত করে,Amir,Amazon Translate
বয়ঃসন্ধির পূর্বে বাছুরা অল্প বয়সী,Amir,Amazon Translate
ওয়ালেটগুলি সনাক্তকরণ কার্ড এবং অর্থ নিরাপদে,Amir,Amazon Translate
সংবাদপত্রগুলি প্রতিদিন সাম্প্রতিক ঘটনা এবং তথ্য জানা,Amir,Amazon Translate
আঠালো বিভিন্ন উপকরণগুলি একসাথে শক্তভাবে বন্ধ করে।,Amir,Amazon Translate
বাসা নিরাপদে ডিম এবং হ্যাচলিংকে আশ্রয়,Amir,Amazon Translate
শক্তিশালী প্রভাব ফেলে গ্লাস ভেঙে যায়।,Amir,Amazon Translate
কলা শক্তির জন্য পটাসিয়াম এবং প্রাকৃতিক শর্করা সরবরাহ করে।,Amir,Amazon Translate
প্লাস্টিকের পাত্রে খাবার নিরাপদে এবং সুবিধাজনকভাবে,Amir,Amazon Translate
কমলায় প্রতিরোধের জন্য গুরুত্বপূর্ণ ভিটামিন সি থাকে।,Amir,Amazon Translate
মৌমাছিরা মধু তৈরি করে যা মধু নামে পরিচিত সংগঠিত,Amir,Amazon Translate
ভাত ভিজা পরিবেশে জন্মগ্রহণকারী একটি প্রধান খাদ্য।,Amir,Amazon Translate
ব্যাঙগুলি পা বিকাশের আগে ট্যাডপোল হিসাবে শুরু হয়।,Amir,Amazon Translate
চক প্রায়শই শিক্ষাগত লেখার উদ্দেশ্যে ব্যবহৃত হয়।,Amir,Amazon Translate
মরুভূমিতে প্রতি বছর সামান্য বৃষ্টিপাত হয় এবং শুষ্ক থাকে।,Amir,Amazon Translate
মানচিত্র কনট্যুর লাইন ব্যবহার করে উচ্চতা পরিবর্তনগুলি,Amir,Amazon Translate
ঠান্ডা সমুদ্রের জলে সিলগুলি সুন্দরভাবে চলে যায়,Amir,Amazon Translate
টমেটো গাছগুলির ফল পাকা করার জন্য উষ্ণতা এবং রোদ প্রয়োজন।,Amir,Amazon Translate
আঠালো কাগজের টুকরো পৃষ্ঠের সাথে শক্তিশালভাবে,Amir,Amazon Translate
শপিং কার্ট বড় মুদিখানার দোকানে গ্রাহকদের সহায়তা করে,Amir,Amazon Translate
সঠিকভাবে ম্যাচিং লকগুলি ফিট করার জন্য কীগুলি কাটা হয়।,Amir,Amazon Translate
বিমান উচ্চতায় দীর্ঘ দূরত্ব ভ্রমণ করে।,Amir,Amazon Translate
সুতির কাপড় নরম এবং অত্যন্ত শোষক উপকরণ।,Amir,Amazon Translate
ব্যবহারকারীদের জাগিয়ে দেওয়ার জন্য প্রিসেট সময়ে অ্যালার্ম ঘড়িগুলি শব্দ করে।,Amir,Amazon Translate
ব্যাকপ্যাকগুলি কাঁধে স্বাচ্ছন্দ্যে সরবরাহ বহন,Amir,Amazon Translate
আখরোট গাছগুলিতে শক্ত প্রতিরক্ষামূলক শেলগুলিতে বৃদ্ধি,Amir,Amazon Translate
কাঁচি বিভিন্ন কাগজ এবং পাতলা নমনীয় উপকরণ কাটা।,Amir,Amazon Translate
ঘোড়া প্রায়শই খোলা জমিতে দ্রুত ঘোড়ায়।,Amir,Amazon Translate
বিছানা ঘুম এবং রাতারাতি স্বাচ্ছন্দ্যে বিশ্রা,Amir,Amazon Translate
সিঁড়ি ভবনের ভিতরে উলম্বভাবে মেঝে,Amir,Amazon Translate
আবহাওয়া দূরে রাখার সময় উইন্ডোজ আলো দিতে দেয়।,Amir,Amazon Translate
বেল্টগুলি কোমরের চারপাশে লুপ দিয়ে ট্রাউজারগুলি ধরে,Amir,Amazon Translate
কমলার রস পাকা কমলা চাপার থেকে আসে।,Amir,Amazon Translate
পর্দা সূর্যের আলো ব্লক করে এবং ভিতরের ভিতরে,Amir,Amazon Translate
টেলিভিশন ভিডিও এবং অডিও বিনোদন সংকেত প্রেরণ করে।,Amir,Amazon Translate
শিশুরা প্রাপ্তবয়স্কদের দাঁত বাড়ানোর আগে শিশু,Amir,Amazon Translate
দক্ষ গণ ট্রানজিটের জন্য ট্রেনগুলি ট্র্যাকগুলিতে ভ্র,Amir,Amazon Translate
মানচিত্র অজানা স্থান বা শহরগুলি সহজেই নেভিগেট করতে,Amir,Amazon Translate
ডিমে পেশী বৃদ্ধির জন্য প্রয়োজনীয় প্রোটিন থাকে।,Amir,Amazon Translate
কয়েন ধাতব ফাঁকা স্তরে স্ট্যাম্প করে উত্পাদিত হয়।,Amir,Amazon Translate
নেকড়ে সমন্বিত প্যাকে ছোট স্তন্যপায়ী,Amir,Amazon Translate
সীলগুলি জমি এবং পানিতে উভয় ক্ষেত্রেই দক্ষতার সাথে,Amir,Amazon Translate
ভেড়া বিশ্বব্যাপী বস্ত্রগুলিতে ব্যাপকভাবে ব্যবহৃত পশম,Amir,Amazon Translate
গাড়িগুলি চালানোর জন্য দহন ইঞ্জিন বা বৈদ্যুতিক মোটর,Amir,Amazon Translate
চিনাবাদাম প্রাকৃতিকভাবে বায়োডেগ্রেডেবল শেলের ভিতরে ভূ,Amir,Amazon Translate
চক অন্ধকার স্লেট পৃষ্ঠগুলিতে দৃশ্যমানভাবে লিখে।,Amir,Amazon Translate
লাইকোপিন পিগমেন্টগুলির কারণে টমেটো লাল পাকা হয়।,Amir,Amazon Translate
ঘরের বাড়ির বাড়ির ভিতরে নিয়মিত জল এবং পরোক্ষ,Amir,Amazon Translate
চালের ক্ষেত্রগুলিকে প্যাডিজ বলা হয় এবং সাধারণত বন্যা হয়।,Amir,Amazon Translate
"এগলগুলি বিস্তৃত, শক্তিশালী পালকযুক্ত ডানা ব্যবহার করে উঁচু উ",Amir,Amazon Translate
বই মুদ্রিত বা ডিজিটাল পৃষ্ঠাগুলিতে তথ্য সংগঠিত করে।,Amir,Amazon Translate
কম্পিউটার বাইনারি বৈদ্যুতিক সংকেতের মাধ্যমে,Amir,Amazon Translate
ম্যাস্টিকেশন প্রক্রিয়া চলাকালীন দাঁত শক্ত খাবার ভেঙে দেয়।,Amir,Amazon Translate
"থার্মোমিটারগুলি পারদ, অ্যালকোহল বা ইলেকট্রনিক্স দিয়ে তাপমাত্রা পরি",Amir,Amazon Translate
ওটাররা পাঁয়ায় ধরে থাকা শিলা দিয়ে খোলা শেলফিশ ফাটল করে।,Amir,Amazon Translate
বজ্রঝড়ের সময় স্থির বিদ্যুৎ থেকে বজ্রপাত হয়,Amir,Amazon Translate
নোটবুকগুলি নোট এবং অনুস্মারক লেখার জন্য লাইন পৃষ্ঠা সরবরাহ করে।,Amir,Amazon Translate
পেইন্টব্রাশগুলি মসৃণভাবে পৃষ্ঠগুলিতে তরল পেইন্ট,Amir,Amazon Translate
আয়নাগুলি পিছনে পালিশ কাচের পৃষ্ঠগুলি ব্যবহার করে চিত্রগুলি,Amir,Amazon Translate
বেঞ্চ একই সাথে বেশ কয়েকজন লোকের জন্য বসন দেয়,Amir,Amazon Translate
আখরোট হ'ল স্বাস্থ্যকর চর্বি সমৃদ্ধ কঠোর শেলযুক্ত,Amir,Amazon Translate
ভ্যাকুয়াম ক্লিনাররা দক্ষতার সাথে মেঝে থেকে ধুলো কণ,Amir,Amazon Translate
ল্যাম্পগুলি রাতে পড়ার জন্য নির্দেশিত আলো সরবরাহ করে।,Amir,Amazon Translate
লিফটগুলি সুবিধাজনকভাবে বহুতলা বিল্ডিং স্তরের মধ্যে বাসিন্দাদের উত্,Amir,Amazon Translate
এয়ার কন্ডিশনার গরম গ্রীষ্মে অভ্যন্তরীণ,Amir,Amazon Translate
কীবোর্ডগুলি সঠিকভাবে কম্পিউটিং ডিভাইসে লিখিত অক্ষর,Amir,Amazon Translate
ঘড়িগুলি দিন এবং রাতের চক্র জুড়ে ধারাবাহিকভাবে সময় রাখে।,Amir,Amazon Translate
বেলচারা বাগান বা ল্যান্ডস্কেপিং প্রকল্পগুলির জন্য কার্যকরভাবে মাটি,Amir,Amazon Translate
সাইক্লিং বা মোটরসাইক্লিং ক্রিয়াকলাপের সময় হেলমেট মাথায়,Amir,Amazon Translate
সাবান ধোয়ার সময় অপসারণের জন্য গ্রিস অণুগুলি ভেঙে,Amir,Amazon Translate
ডিমে প্রোটিন এবং বৃদ্ধির জন্য গুরুত্বপূর্ণ অন্যান্য পুষ্টি থাকে।,Amir,Amazon Translate
দুধের প্রোটিনগুলি কার্ডিলিং করে পনির উত্পাদিত হয়।,Amir,Amazon Translate
প্লাস্টিকের বাইরে প্রাকৃতিকভাবে পচে যেতে কয়েক শতাব্দ,Amir,Amazon Translate
রেফ্রিজারেটর কম তাপমাত্রা বজায় রেখে ধ্বংসযোগ্য,Amir,Amazon Translate
রুটি বেড়ে যায় কারণ খামির কার্বন ডাই অক্সাইড,Amir,Amazon Translate
চক প্রায়শই বোর্ডগুলিতে অঙ্কনের জন্য ব্যবহৃত হয়।,Amir,Amazon Translate
মেটামরফোসিসের পরে ক্রিসালিস থেকে প্রজাপতি বিস্তার হয়।,Amir,Amazon Translate
রেইনকোটগুলি পরিধানকারীদের বৃষ্টিতে ভিজিয়ে যাওয়া থেকে রক্ষা করে।,Amir,Amazon Translate
আণবিক কাঠামোর কারণে বরফ পানিতে ভাসছে।,Amir,Amazon Translate
বৈদ্যুতিক চার্জ ভারসাম্যহীনতা থেকে বজ্রঝড়ের সময় বাজ,Amir,Amazon Translate
কয়েন দেশের মুদ্রার মান ব্যবহার করে ছোট ক্রয়ের জন্য কাজ করে।,Amir,Amazon Translate
কীগুলি দরজা খোলে যা সঠিকভাবে কাটা খাঁজগুলির,Amir,Amazon Translate
"ওয়ালেটগুলি নগদ, কয়েন এবং কার্ডগুলি নিরাপদে রাখে।",Amir,Amazon Translate
বিছানা নিয়মিত ঘুমের রুটিনের জন্য আরাম এবং সমর্থন সরবরাহ করে।,Amir,Amazon Translate
শপিং কার্টগুলি দোকানের ভিতরে মুদি সংগ্রহের অনুমতি দেয়।,Amir,Amazon Translate
"ট্যাবলেটগুলি ব্যবহারকারীদের ডিজিটালভাবে ব্রাউজ করতে, পড়তে এবং টাইপ",Amir,Amazon Translate
ঘড়িগুলি সারা দিন এবং রাত সঠিক সময় প্রদর্শন করে।,Amir,Amazon Translate
"ক্যালেন্ডারগুলি মাস, সপ্তাহ, ছুটির দিন এবং অ্যাপয়েন্টমেন্টগুলি",Amir,Amazon Translate
ব্যাকপ্যাকগুলি কাঁধের স্ট্র্যাপ দিয়ে আইটেম বহন করা সহজ করে,Amir,Amazon Translate
বিনোদন খেলার জন্য সুইংগুলি পিছনে এবং পিছনে চলে।,Amir,Amazon Translate
স্লিপারদের নির্ভরযোগ্যভাবে জাগানোর জন্য অ্যালার্ম ঘড়ি জোরে,Amir,Amazon Translate
নাতিশীতোষ্ণ জলবায়ুতে পাতল গাছগুলিতে আপেল,Amir,Amazon Translate
লবণ স্বাদ বাড়ায় এবং সংরক্ষণের জন্য ব্যবহৃত হয়।,Amir,Amazon Translate
খরগোশ সবুজ গাছপালা খায় এবং দীর্ঘ কান থাকে।,Amir,Amazon Translate
"পিঁপড়া উপনিবেশগুলিতে শ্রমিক, সৈন্য এবং রানী রয়েছে।",Amir,Amazon Translate
চিনাবাদাম প্রতিরক্ষামূলক শেলের ভিতরে জমির,Amir,Amazon Translate
বইগুলি সংগ্রহ করা তথ্য লিখিত রেকর্ডে সংগঠিত করে,Amir,Amazon Translate
"টমেটো ফল বিভিন্ন ধরণের উপর নির্ভর করে লাল, হলুদ বা গোলাপী পাকা হয়।",Amir,Amazon Translate
মধু মৌমাছি ওয়াগল নাচের মাধ্যমে যোগাযোগ,Amir,Amazon Translate
সাবান দক্ষতার সাথে হাত থেকে ময়লা এবং তেল দূর করতে সহায়তা করে,Amir,Amazon Translate
কম্পিউটার বা ডিজিটাল ডিভাইসের জন্য কীবোর্ড ইনপুট অক্ষ,Amir,Amazon Translate
"কাঁচি কাগজ, ফ্যাব্রিক বা পাতলা শীট সঠিকভাবে কাটা",Amir,Amazon Translate
"ক্যালেন্ডার পৃষ্ঠাগুলি সময়কে দিন, সপ্তাহ এবং মাসগুলিতে বিভক্ত করে।",Amir,Amazon Translate
"পেইন্টব্রাশগুলি কাঠ, দেয়াল বা ক্যানভাসে অভিন্ন সমাপ্তি ছড়িয়ে দেয়।",Amir,Amazon Translate
সিনেমাগুলি ক্রমাগত চলমান চিত্র ব্যবহার করে গল্প উপস্থাপন করে,Amir,Amazon Translate
আঠালো শুকানোর সময় দ্রুত এবং স্থায়ীভাবে উপকরণগুলিকে,Amir,Amazon Translate
গরম বায়ু বেলুনগুলি উঠে কারণ গরম বায়ু ঠান্ডার চেয়ে কম ঘন।,Amir,Amazon Translate
ব্যক্তিগত গ্রুমিংয়ের জন্য আয়না স্পষ্টভাবে দৃশ্যমান আলোকে,Amir,Amazon Translate
"ওয়ালেটগুলি অর্থ, কার্ড এবং গুরুত্বপূর্ণ কাগজপত্র সংগঠিত রাখে।",Amir,Amazon Translate
পেটে সহজ হজমের জন্য দাঁত খাবার চিবায়।,Amir,Amazon Translate
কুকুর উত্তেজনা বা সতর্ক বিপদ জানাতে হাঁকা,Amir,Amazon Translate
কলা পেশী কাজের জন্য প্রয়োজনীয় পটাসিয়াম সরবরাহ করে।,Amir,Amazon Translate
পিঁপড়া উপনিবেশগুলি স্বতন্ত্র সামাজিক বর্ণের সাথে,Amir,Amazon Translate
ট্রেন দূরবর্তী গন্তব্যগুলির মধ্যে ট্র্যাক দিয়ে ভ্রমণ,Amir,Amazon Translate
গরু লক্ষ লক্ষ মানুষের দ্বারা খাওয়া দুধ সরবরাহ করে।,Amir,Amazon Translate
জেলিফিশ সমুদ্রের স্রোত ব্যবহার করে নিষ্ক্রিয়ভাবে চলে,Amir,Amazon Translate
স্ট্রবেরি সাদা শুরু হয় এবং পাকা হলে উজ্জ্বল লাল হয়ে যায়।,Amir,Amazon Translate
"আপেল বিশ্বব্যাপী শীতল, নাতিশীতোষ্ণ আবহাওয়ায় সেরা",Amir,Amazon Translate
চক অন্ধকার লেখার বোর্ড চিহ্নিত করার জন্য ভাল কাজ,Amir,Amazon Translate
ক্যাঙ্গারু পেটের পাউচগুলির ভিতরে তরুণ আনন্দের পরিবহন করে।,Amir,Amazon Translate
বায়ুমণ্ডলীয় অক্সিজেন শ্বাস নিতে তিমি,Amir,Amazon Translate
ইগলস ব্যতিক্রমী দৃষ্টিশক্তি ব্যবহার করে শিকার চিহ,Amir,Amazon Translate
হাতুড়ি সরঞ্জামগুলি নিরাপদে কাঠে নখ,Amir,Amazon Translate
ওটাররা শেলফিশের খাবারগুলি খোলা করতে পাথর ব্যবহার করে।,Amir,Amazon Translate
সর্বোত্তম উদ্ভিদ উন্নয়নের জন্য চালের ক্ষেত বন্যা হয়।,Amir,Amazon Translate
ব্যাকপ্যাকগুলি লোকদের স্বাচ্ছন্দ্যে হ্যান্ডস-ফ্রি জিনিসপত্র,Amir,Amazon Translate
স্প্রিংকলার সিস্টেমগুলি নির্ধারিত ব্যবধানে স্বয়ংক্রিয়ভাবে লনগুলিতে জল,Amir,Amazon Translate
"বিদ্যুৎ বাড়ি, অফিস এবং রাস্তা আলোকিত করে।",Amir,Amazon Translate
গরু মাংস এবং দুধের উভয় পণ্য সরবরাহ করে।,Amir,Amazon Translate
চক বোর্ডগুলি চিহ্নিত করে এবং মুছে ফেলা সহজ।,Amir,Amazon Translate
পান্ডা প্রায় একচেটিয়াভাবে প্রতিদিন বাঁশ খায়।,Amir,Amazon Translate
জেলিফিশ অবাধে ভাসছে এবং প্রতিরক্ষার জন্য স্টিং করে।,Amir,Amazon Translate
রুটি বাড়ে কারণ খামির গ্যাসের বুদবুদ তৈরি করে।,Amir,Amazon Translate
বসন্তে ফুল দিয়ে গাছগুলিতে আপেল বিকাশ করে।,Amir,Amazon Translate
"পনির গরু, ছাগল বা ভেড়ার দুধ গাঁজতে ফলে।",Amir,Amazon Translate
পোলার ভালুক কেবল আর্কটিক আবাসস্থলে বাস করে,Amir,Amazon Translate
ডলফিনগুলি পানির নিচে নেভিগেশনের জন্য সোনার ক্লি,Amir,Amazon Translate
চিনাবাদাম মাটির উপরের চেয়ে মাটির ভিতরে পরিপক্ক।,Amir,Amazon Translate
চেয়ারগুলি মানুষকে ভিতরে সহায়ক বসার আরাম,Amir,Amazon Translate
বইগুলিতে কাগজের পৃষ্ঠাগুলিতে মুদ্রিত তথ্য এবং গল্প রয়েছে।,Amir,Amazon Translate
দরজার মাধ্যমে প্রবেশের অনুমতি দেওয়ার জন্য কী লকগুলিতে ফিট,Amir,Amazon Translate
বেঞ্চ আসনগুলি একাধিক লোককে বাইরে বিশ্রাম দেওয়ার,Amir,Amazon Translate
আখরোট হ'ল কঠোর শেল এবং কুস্ক দ্বারা আবৃত বাদাম।,Amir,Amazon Translate
স্যুপ সাধারণত বাটিতে গরম পাইপ করে পরিবেশন করা হয়।,Amir,Amazon Translate
বিছানা মানুষকে প্রতিটি রাতে স্বাচ্ছন্দ্যে ঘুমাতে সহায়তা,Amir,Amazon Translate
ভ্যাকসিন বিভিন্ন সংক্রামক রোগ থেকে রক্ষা করে,Amir,Amazon Translate
মানুষ বাড়ি থেকে দূরে যাওয়ার সময় স্যুটকেসগুলি কাপড় সংরক্ষণ করে,Amir,Amazon Translate
স্ট্যাপলাররা ধাতব স্টেপল ব্যবহার করে আলগা কাগজের শীট সংযুক্ত করে।,Amir,Amazon Translate
পানির নিচে পাওয়া শিলা ব্যবহার করে ওটাররা শেলফিশ খোলে।,Amir,Amazon Translate
ফ্ল্যাশলাইটগুলি ব্যাটারি ব্যবহার করে অন্ধকার জায়গাগুলি,Amir,Amazon Translate
বেঞ্চগুলি পাবলিক আউটডোর বিশ্রামের আসবা,Amir,Amazon Translate
সাইকেল চালানোর সময় এবং অনুরূপ ক্রিয়াকলাপের সময় হেলমেটগুলি,Amir,Amazon Translate
ভ্যাকুয়ামগুলি ধুলো এবং ধ্বংসাবশেষ পরিষ্কার করতে সাকশন বল ব্যবহার করে।,Amir,Amazon Translate
শেক্সপিয়ার অনেক বিখ্যাত নাটক লিখেছেন,Amir,Amazon Translate
মোনা লিসা লুভর জাদুঘরে ঝুলিয়ে যায়।,Amir,Amazon Translate
লিওনার্দো দা ভিঞ্চি দ্য লাস্ট ডিপার আঁকেন।,Amir,Amazon Translate
ফ্রিদা কাহলো ছিলেন একজন মেক্সিকান চিত্রশিল্পী।,Amir,Amazon Translate
এথেন্স প্রথম আধুনিক অলিম্পিকের আয়োজন করে।,Amir,Amazon Translate
দৌড়ানো কার্ডিওভাসকুলার স্বাস্থ,Amir,Amazon Translate
র্যাপ সঙ্গীতের উৎপত্তি যুক্তরাষ্ট্রে।,Amir,Amazon Translate
ভেনিস তার খালের জন্য পরিচিত।,Amir,Amazon Translate
ভিটামিন সি প্রতিরোধ ক্ষমতা বাড়ায়।,Amir,Amazon Translate
প্রাচীন পিরামিড মিশরে পাওয়া যায়।,Amir,Amazon Translate
জাপান চারটি প্রধান দ্বীপ নিয়ে গঠিত।,Amir,Amazon Translate
পানীয় জল ডিহাইড্রেশন রোধ করে,Amir,Amazon Translate
রেনেসাঁর সময়কাল শুরু হয়েছিল ইতালিতে।,Amir,Amazon Translate
ফুটবল বিশ্বব্যাপী জনপ্রিয়।,Amir,Amazon Translate
অস্ট্রেলিয়ায় ক্যাঙ্গারুর মতো অনন্য মার্সুপিয়াল রয়েছে।,Amir,Amazon Translate
কাশি এয়ারওয়েস থেকে বিরক্তিগুলি বের করে দেয়।,Amir,Amazon Translate
শিল্পীরা কীভাবে আলো ব্যবহার করেছিলেন তা ইমপ্রেশনিজম,Amir,Amazon Translate
কানাডা যুক্তরাষ্ট্রের সাথে একটি সীমান্ত ভাগ করে নেয়।,Amir,Amazon Translate
ধূমপান ফুসফুসের টিস্যুকে,Amir,Amazon Translate
আলেকজান্ডার গ্রাহাম বেল টেলিফোন আবি,Amir,Amazon Translate
আমাজন রেইনফরেস্ট নয়টি দেশে বিস্তৃত।,Amir,Amazon Translate
হাইকু জাপানি কবিতার এক রূপ।,Amir,Amazon Translate
আমেরিকা-কানাডা সীমান্তে নায়াগারা জলপ্রপাত,Amir,Amazon Translate
ভাস্কর্যে পাথর বা ধাতুর মতো উপকরণ আকার দেওয়া হয়।,Amir,Amazon Translate
আফ্রিকায় ৫০টিরও বেশি দেশ রয়েছে।,Amir,Amazon Translate
লন্ডনের বিগ বেন একটি বিখ্যাত ঘড়ি টাওয়ার।,Amir,Amazon Translate
ব্যায়াম পেশী এবং হাড়কে শক্তিশালী করে,Amir,Amazon Translate
হাঁপানি শ্বাস নেওয়ার ক্ষমতাকে,Amir,Amazon Translate
শাস্ত্রীয় সঙ্গীত প্রায়ই অর্কেস্ট্রা ব্যবহার করে,Amir,Amazon Translate
রোমে কলোসিয়ামের বাড়ি।,Amir,Amazon Translate
কমিক বই ছবি এবং শব্দ ব্যবহার করে গল্প বলে।,Amir,Amazon Translate
আইসল্যান্ড ভূতাপীয় ক্রিয়াকলাপের জন্য পরিচিত।,Amir,Amazon Translate
উপ-সাহারান আফ্রিকার বিভিন্ন সংস্কৃতি এবং ভাষা অন্তর্ভুক্ত,Amir,Amazon Translate
"ব্যালে সুনির্দিষ্ট, আনুষ্ঠানিক চলন ব্যবহার করে",Amir,Amazon Translate
আব্রাহাম লিঙ্কন আমেরিকায় দাসত্ব,Amir,Amazon Translate
বাস্কেটবলের জন্য ড্রিবলিং এবং শুটিং দক্ষতা প্রয়োজন।,Amir,Amazon Translate
গ্রীসের হাজার হাজার দ্বীপ রয়েছে।,Amir,Amazon Translate
ধূমপান ত্যাগ করা ক্যান্সারের ঝুঁকি,Amir,Amazon Translate
ফ্লোরাইড দাঁত সুস্থ রাখতে সহায়তা করে।,Amir,Amazon Translate
তাজমহল ভারতে অবস্থিত।,Amir,Amazon Translate
রক্তাল্পতা কম লাল রক্তকণিকা থেকে ফলে,Amir,Amazon Translate
ক্যালিগ্রাফি আলংকারিক হস্তাক্ষর শৈলী।,Amir,Amazon Translate
কেনিয়া বন্যপ্রাণী সাফারির জন্য বিখ্যাত।,Amir,Amazon Translate
"চলচ্চিত্র নির্মাণ স্ক্রিপ্ট লেখা, অভিনয় এবং সম্পাদনার একত্রিত হয়।",Amir,Amazon Translate
ব্রাজিল বৃহত্তম কার্নিভাল উত্সব আয়োজন,Amir,Amazon Translate
পুশ-আপগুলি শরীরের উপরের শক্তি তৈরি করে।,Amir,Amazon Translate
ব্রোঞ্জ তামা এবং টিন মিশ্রিত করে তৈরি করা হয়।,Amir,Amazon Translate
জাজের উৎপত্তি নিউ অরলিন্স থেকে।,Amir,Amazon Translate
নেপাল চীন ও ভারতের মধ্যে অবস্থিত।,Amir,Amazon Translate
স্ট্রোক মস্তিষ্কের রক্ত প্রবাহ ব্যাহত করে,Amir,Amazon Translate
অপেরা গান এবং থিয়েটার অভিনয়ের একত্রিত করে।,Amir,Amazon Translate
দক্ষিণ আমেরিকায় বৃষ্টিপাত এবং উচ্চ পর্বত রয়েছে,Amir,Amazon Translate
মাচু পিচু পেরুর একটি প্রাচীন স্থান।,Amir,Amazon Translate
সাঁতার চমৎকার এরোবিক ব্যায়াম।,Amir,Amazon Translate
সর্দি ভাইরাস দ্বারা সৃষ্ট।,Amir,Amazon Translate
স্পেন ফ্লেমেনকো নাচের জন্য পরিচিত।,Amir,Amazon Translate
মেরি কুরি তেজস্ক্রিয় উপাদান আবিষ্কার করেছিলেন,Amir,Amazon Translate
হাইকিং ক্যালোরি পোড়ায় এবং পায়ের পেশীকে টোন করে,Amir,Amazon Translate
জীবাশ্ম প্রাগৈতিহাসিক জীবনের প্রমাণ প্রদান করে,Amir,Amazon Translate
ক্যারিবিয়ান দ্বীপগুলি সৈকতের জন্য পর্যটক,Amir,Amazon Translate
ধ্যান চাপের মাত্রা হ্রাস করতে পারে।,Amir,Amazon Translate
সামন্ত জাপানে সামুরাই যোদ্ধা ছিল।,Amir,Amazon Translate
ইন্দোনেশিয়ায় হাজার হাজার দ্বীপ রয়েছে।,Amir,Amazon Translate
রক্তচাপ নিয়মিত পর্যবেক্ষণ করা উচিত।,Amir,Amazon Translate
কিউবিজম একটি বিমূর্ত শিল্প আন্দোলন।,Amir,Amazon Translate
নিউ ইয়র্ক সিটিতে পাঁচটি বরো রয়েছে।,Amir,Amazon Translate
ওজন উত্তোলন পেশী শক্তি তৈরি করে।,Amir,Amazon Translate
মশার কামড়ের মাধ্যমে ম্যালেরিয়া ছড়ি,Amir,Amazon Translate
ফার্সি কার্পেট হ'ল হাতে বোনা শিল্পকর্ম।,Amir,Amazon Translate
আলাস্কার যুক্তরাষ্ট্রের সবচেয়ে দীর্ঘতম উপকূল রয়েছে,Amir,Amazon Translate
স্বাস্থ্যকর ঘুম মেমরি এবং মেজাজ উন্নত,Amir,Amazon Translate
মধ্যযুগীয় দুর্গ ছিল প্রতিরক্ষামূলক,Amir,Amazon Translate
বৌদ্ধ ধর্ম ভারত থেকে এশিয়ায় ছড়িয়ে,Amir,Amazon Translate
সেন্ট পিটারস বেসিলিকা ভ্যাটিকান সিটিতে অবস্থিত।,Amir,Amazon Translate
টাইফুন প্রায়শই পূর্ব এশিয়ার উপকূলে আঘাত করে।,Amir,Amazon Translate
সবজি ডায়েটরি ফাইবার সরবরাহ করে।,Amir,Amazon Translate
স্মিথসোনিয়ান ইনস্টিটিউশন মার্কিন ইতিহাস সংরক্ষণ,Amir,Amazon Translate
নরওয়েতে উপকূলীয় অঞ্চলে ফ্জর্ড রয়েছে।,Amir,Amazon Translate
ট্যাঙ্গো নাচের উদ্ভব আর্জেন্টিনায়।,Amir,Amazon Translate
বার্লিন প্রাচীর পতন হয় ১৯৮৯ সালে,Amir,Amazon Translate
অরিগামি জাপানের ঐতিহ্যগত কাগজ ভাঁজ শিল্প।,Amir,Amazon Translate
থাইল্যান্ডে ভাসমান বাজার রয়েছে।,Amir,Amazon Translate
দ্বিতীয় বিশ্বযুদ্ধ শেষ হয় ১৯৪৫ সালে।,Amir,Amazon Translate
খুব বেশি চিনি খাওয়ার ফলে স্থূলত্ব হয়।,Amir,Amazon Translate
ফ্রান্স মদ উৎপাদনের জন্য বিখ্যাত।,Amir,Amazon Translate
ফটোগ্রাফ স্থায়ীভাবে বাস্তব জীবনের মুহুর্ত,Amir,Amazon Translate
জেরুজালেম বিভিন্ন ধর্মের জন্য গুরুত্বপূর্ণ।,Amir,Amazon Translate
তুরস্ক ইউরোপ ও এশিয়াকে সেতুর,Amir,Amazon Translate
মায়ান সভ্যতা পিরামিড মন্দির তৈরি,Amir,Amazon Translate
যোগব্যায়াম মন এবং শরীর উভয়ই উপকার করে।,Amir,Amazon Translate
বারোক সঙ্গীত অত্যন্ত সজ্জিত।,Amir,Amazon Translate
টেসলা বিকল্প কারেন্ট প্রযুক্তি তৈরি করেছিল,Amir,Amazon Translate
"ব্রিক্সের দেশগুলো হল ব্রাজিল, রাশিয়া, ভারত, চীন, দক্ষিণ আফ্রিকা।",Amir,Amazon Translate
তীর্থযাত্রীরা প্লামাউথ রকে অবতরণ,Amir,Amazon Translate
সাইবেরিয়া উত্তর রাশিয়ার বিশাল অঞ্চলকে আ,Amir,Amazon Translate
শিলা আরোহণ গ্রিপ শক্তি বিকাশ করে,Amir,Amazon Translate
ক্লিওপেট্রা প্রাচীন মিশর শাসন করেছিল,Amir,Amazon Translate
পক্ষপাত সামাজিক গবেষণার ফলাফ,Amir,Amazon Translate
কনফুসিয়ানিজম চীনা দর্শনকে প্রভাবিত,Amir,Amazon Translate
সৌর শক্তি কিছু বাড়িকে শক্তি দেয়।,Amir,Amazon Translate
ভারত প্রতিবছর দীপালী উদযাপন করে।,Amir,Amazon Translate
জিকা ভাইরাস জন্মগত ত্রুটি সৃষ্টি করতে পারে।,Amir,Amazon Translate
ঐতিহ্যবাহী চাইনিজ ওষুধ,Amir,Amazon Translate
মাইকেলঅ্যাঞ্জেলো রেনেসাঁর সময় ডেভিডকে ভাস্কর্য,Amir,Amazon Translate
মিসিসিপি নদী মার্কিন যুক্তরাষ্ট্রকে পূর্ব থেকে পশ্চিমে ভাগ,Amir,Amazon Translate
হিপ-হপ সংস্কৃতি শহুরে সম্প্রদায়ের মধ্যে উদ্ভূত,Amir,Amazon Translate
সিঁড়ি আরোহণ একটি ওজন বহনকারী অনুশীলন।,Amir,Amazon Translate
নেপচুন সূর্য থেকে অষ্টম গ্রহ।,Amir,Amazon Translate
জুডো থ্রো এবং হোল্ডের উপর জোর,Amir,Amazon Translate
ওয়াল্ট ডিজনি অ্যানিমেশনে বিপ্লব,Amir,Amazon Translate
"সিঙ্গাপুর মালয়, চীনা এবং ভারতীয় ঐতিহ্যের মিশ্রণ করে।",Amir,Amazon Translate
প্লেটো প্রাচীন গ্রীসে অ্যারিস্টটলকে,Amir,Amazon Translate
ইসরায়েলি কিবুটজিমরা সাম্প্রদায়িক জীবনযাপন,Amir,Amazon Translate
বনক্ষয় জীববৈচিত্র্যের হুমকি দেয়।,Amir,Amazon Translate
স্টোনহেঞ্জ প্রাগৈতিহাসিক ব্রিটেনের দিনের।,Amir,Amazon Translate
চিলি দক্ষিণ আমেরিকার পশ্চিম উপকূল বরাবর,Amir,Amazon Translate
রক্ত পরীক্ষা অঙ্গের কার্যকারিতা পরীক্ষা করে,Amir,Amazon Translate
তাইকো ড্রামিং শক্তিশালী জাপানি মঞ্চ অভিনয়।,Amir,Amazon Translate
আমিশ সংস্কৃতি সহজ জীবনযাপন করে।,Amir,Amazon Translate
আইফেল টাওয়ার প্যারিসের প্রতীক।,Amir,Amazon Translate
পিজ্জার উৎপত্তি ইতালিতে।,Amir,Amazon Translate
মিশরের মধ্য দিয়ে প্রবাহিত হয় নীল নদী,Amir,Amazon Translate
দৈনিক হাইড্রেশন কিডনির স্বাস্থ্য,Amir,Amazon Translate
প্রথম বিশ্বযুদ্ধ শুরু হয় ১৯১৪ সালে।,Amir,Amazon Translate
চিত্রকর্ম সৃজনশীল অভিব্যক্তির একটি রূপ।,Amir,Amazon Translate
টোকিও জাপানের রাজধানী।,Amir,Amazon Translate
সাইকেল চালানো কার্ডিওভাসকুলার,Amir,Amazon Translate
রোমে জুলিয়াস সিজারকে হত্যা করা হয়।,Amir,Amazon Translate
কৃষি অনেক সমাজের জন্য খাদ্য সরবরাহ করে।,Amir,Amazon Translate
আবেগ ব্যক্তিগত সিদ্ধান্ত নেওয়ার প্রভাব,Amir,Amazon Translate
নীতিশাস্ত্র নৈতিক বিচার এবং আচরণকে,Amir,Amazon Translate
ক্যাথলিক ধর্মের বাপ্তিস্মের মতো ধর্ম রয়েছে।,Amir,Amazon Translate
গণতন্ত্র নাগরিকদের আইন বা নেতাদের উপর ভোট দেওয়ার জড়,Amir,Amazon Translate
স্মার্টফোনগুলি সংকেত দিয়ে যেকোনো জায়গা থেকে তথ্য,Amir,Amazon Translate
ক্যান্সার কোষ শরীরের ভিতরে অনিয়ন্ত্রণভাবে বৃদ্ধি পায়,Amir,Amazon Translate
মধ্যযুগীয় ইউরোপ দুর্গ এবং নাইট দেখেছ,Amir,Amazon Translate
জাতীয় উদ্যানগুলিতে হাইকিং ট্রেলগুলি পাওয়া যায়।,Amir,Amazon Translate
কানাডা ম্যাপেল সিরাপের জন্য বিখ্যাত।,Amir,Amazon Translate
হায়ারোগ্লিফিক্স প্রাচীন মিশরীয়রা ব্যবহার করত।,Amir,Amazon Translate
ব্যালে নৃত্যশিল্পী নাচের জন্য পয়েন্ট জুতা পরেন।,Amir,Amazon Translate
অস্ট্রেলিয়া প্রশান্ত মহাসাগর ও ভারত মহাসাগর দ্বারা,Amir,Amazon Translate
প্রোটিন ওয়ার্কআউটের পরে পেশী পুনরুদ্ধার,Amir,Amazon Translate
নেপোলিয়ন বোনাপার্ট ১৮০০ এর দশকের শুরুতে ফ্রান্স শাসন করেছিলেন,Amir,Amazon Translate
রান্না করা তাপ ব্যবহার করে কাঁচা উপাদানগুলির একত্রিত,Amir,Amazon Translate
প্রাইম সংখ্যাগুলির মাত্র দুটি কারণ রয়েছে।,Amir,Amazon Translate
পরমাণুগুলি একত্রিত হয়ে অণু তৈরি করে।,Amir,Amazon Translate
আত্ম-সম্মান মানসিক সুস্থতাকে,Amir,Amazon Translate
যুক্তি যৌক্তিকভাবে জটিল সমস্যা সমাধান করতে সহায়তা,Amir,Amazon Translate
ইসলামে পাঁচ স্তম্ভ নামক চর্চা,Amir,Amazon Translate
অর্থনীতি সম্পদ উত্পাদন এবং বিতরণ অধ্যয়ন করে।,Amir,Amazon Translate
3D প্রিন্টার ডিজিটাল ডিজাইন থেকে শারীরিক মডেল তৈরি,Amir,Amazon Translate
পাখির অভিবাসন বিশ্বব্যাপী মৌসুমী,Amir,Amazon Translate
অরিগামি কাগজকে আলংকারিক চিত্রগুলিতে পরিণত,Amir,Amazon Translate
মাচু পিচু ইনকাস দ্বারা নির্মিত হয়েছিল।,Amir,Amazon Translate
চীন শতাব্দী আগে গানপাউডার উদ্ভাবন,Amir,Amazon Translate
কেনাকাটা স্থানীয় অর্থনীতিকে উন্নত করে,Amir,Amazon Translate
গুণগুণ বারবার সংযোজন হয়।,Amir,Amazon Translate
সিগমন্ড ফ্রয়েড মনোবিশ্লেষণ তৈরি করেছিলেন।,Amir,Amazon Translate
উপযোগিতাবাদ সামগ্রিকভাবে সর্বাধিক সুখের লক্ষ্য,Amir,Amazon Translate
হিন্দু ধর্ম কর্ম এবং পুনর্জন্মের ধারণাগুলিকে অন্তর্,Amir,Amazon Translate
সামাজিক নিয়মগুলি গ্রুপ আচরণকে,Amir,Amazon Translate
কৃত্রিম বুদ্ধি কিছু মানব চিন্তাভাবনা প্রক্রিয়া অনুকরণ করে,Amir,Amazon Translate
গোড়ালি হাঁটা এবং দৌড়ানো চলাচল সমর্থন,Amir,Amazon Translate
বার্লিনে একটি বড় আন্তর্জাতিক চলচ্চিত্র উৎসব,Amir,Amazon Translate
অ্যামাজন জঙ্গল কয়েক মিলিয়ন বর্গ কিলোমিটার,Amir,Amazon Translate
দেশের পতাকা জাতীয় পরিচয়ের প্রতিনিধিত্ব করে।,Amir,Amazon Translate
দাঁত ব্রাশ করা গহ্বর এবং মাড়ির রোগ প্রতি,Amir,Amazon Translate
অ্যাপোলো ১১ মানুষকে চাঁদে অবতরণ করেছে।,Amir,Amazon Translate
ইতালিয়ান রেনেসাঁ বিখ্যাত শিল্পী এবং চিন্তাবিদ,Amir,Amazon Translate
মিশরের পিরামিডগুলি ফারাওদের সমাধি হিসাবে কাজ করে।,Amir,Amazon Translate
মাছ ধরা খাবার এবং বিনোদন সরবরাহ করে।,Amir,Amazon Translate
"সংখ্যাগুলি প্রাকৃতিক, সম্পূর্ণ, পূর্ণসংখ্যা বা যুক্তিযুক্ত হতে পারে।",Amir,Amazon Translate
অ্যান্টিবায়োটিকগুলি ব্যাকটেরিয়া সংক্রমণের চিকিত্,Amir,Amazon Translate
মানসিক স্বাস্থ্য দৈনন্দিন জীবনের কার্যক্রমে,Amir,Amazon Translate
দ্বৈততা অস্তিত্বকে মন এবং পদার্থে বিভক্ত করে।,Amir,Amazon Translate
ফৌজদারি বিচার ব্যবস্থা আইনী কোডগুলি,Amir,Amazon Translate
স্যাটেলাইট রিলে টেলিভিশন আন্তর্জাতিক,Amir,Amazon Translate
টিকা সাধারণ সংক্রামক রোগ প্রতিরোধ করে,Amir,Amazon Translate
জিরাফরা মূলত আফ্রিকান সাভানায় বাস করে।,Amir,Amazon Translate
সিম্ফোনিগুলি সম্পূর্ণ রচনা সম্পাদন করার জন্য অর্কেস্ট্রার প্রয়োজন।,Amir,Amazon Translate
মার্শাল আর্ট আত্মরক্ষার দক্ষতা বিকাশ,Amir,Amazon Translate
গ্রেট ওয়াল উত্তর চীনের উপর প্রসারিত।,Amir,Amazon Translate
গ্লুটেন মুক্ত খাবারগুলি সিলিয়াক রোগে আক্রান্ত,Amir,Amazon Translate
ফরাসি বিপ্লব রাজতন্ত্র শাসন শেষ,Amir,Amazon Translate
নাচ শারীরিক গতিবিধি মাধ্যমে আবেগ,Amir,Amazon Translate
গ্যালাক্সিতে কোটি কোটি নক্ষত্র রয়েছে।,Amir,Amazon Translate
শরীরের ভাষা অকথিত অনুভূতি প্রকাশ করে।,Amir,Amazon Translate
যুক্তিযুক্ত চিন্তাভাবনা যৌক্তিকভাবে প্রমাণ,Amir,Amazon Translate
বৌদ্ধরা অনুশীলনের মাধ্যমে আলোচনা চায়।,Amir,Amazon Translate
ভোট দেয়া নাগরিকদের রাজনৈতিক,Amir,Amazon Translate
ক্লাউড কম্পিউটিং বাহ্যিক সার্ভারগুলিতে ফাইলগুলি সং,Amir,Amazon Translate
ক্রুসেডগুলিতে মধ্যযুগীয় সময়ে ধর্মীয় যুদ্ধের সাথে,Amir,Amazon Translate
ক্যাম্পিং অস্থায়ীভাবে বাইরে ঘুমানো,Amir,Amazon Translate
সমীকরণের ভেরিয়েবলগুলি অজানা মানগুলির অর্থ।,Amir,Amazon Translate
গ্রহের কক্ষপথ সূর্যের চারপাশে উপবৃত্তাকার পথ অনুসরণ,Amir,Amazon Translate
সুয়েজ খাল ভূমধ্যসাগর এবং লাল সাগরকে সংযুক্ত করে।,Amir,Amazon Translate
আমাজন নদী বিশ্বের বেশিরভাগ নদীর চেয়ে দীর্ঘ।,Amir,Amazon Translate
দাবা আট-বাই-আট গ্রিডে খেলা হয়।,Amir,Amazon Translate
শ্বাসের অনুশীলন শরীরকে শান্ত করে,Amir,Amazon Translate
ভাইকিংস কাঠের নৌকায় সমুদ্র জুড়ে যাত্রা,Amir,Amazon Translate
ফ্যাশন প্রবণতাগুলি সাংস্কৃতিক পরিবর্তনের সাথে,Amir,Amazon Translate
"জ্যামিতি আকার, কোণ এবং পৃষ্ঠ অধ্যয়ন করে।",Amir,Amazon Translate
পদার্থবিজ্ঞান ব্যাখ্যা করে যে শক্তি কীভাবে পদার্থের সাথে,Amir,Amazon Translate
কৈশোর বয়স্কতায় রূপান্তর,Amir,Amazon Translate
সহানুভূতি অন্যের দৃষ্টিভঙ্গি বোঝার,Amir,Amazon Translate
অগ্নোস্টিকবাদ দেবতাদের সম্পর্কে জ্ঞানের নিশ্চয়তাকে প্রশ্ন করে।,Amir,Amazon Translate
মাউন্ট ফুজি জাপানের সবচেয়ে উঁচু পর্বত।,Amir,Amazon Translate
হিপ হপের উৎপত্তি নিউ ইয়র্কের ব্রঙ্কসে।,Amir,Amazon Translate
সাহারা মরুভূমি উত্তর আফ্রিকার বেশিরভাগ অংশকে আ,Amir,Amazon Translate
476 খ্রিস্টাব্দে রোমান সাম্রাজ্য পতন,Amir,Amazon Translate
শপিং মলগুলি এক ছাদের নিচে একাধিক দোকান সরবরাহ করে।,Amir,Amazon Translate
পাই ব্যাস দ্বারা বিভক্ত বৃত্তের পরিধি উপস্থাপন করে।,Amir,Amazon Translate
অন্তর্মুখীরা একাকীত্ব থেকে শক্তি পুনরুদ্ধার করে।,Amir,Amazon Translate
সমালোচনামূলক চিন্তাভাবনা অনুমান এবং প্রমাণ,Amir,Amazon Translate
হিন্দু উৎসব দেবতা ও মৌসুমী ঘট,Amir,Amazon Translate
সামাজিক শ্রেণীগুলি মর্যাদা অনুযায়ী,Amir,Amazon Translate
বৈদ্যুতিক গাড়িগুলি পেট্রল ইঞ্জিনের পরিবর্তে ব্যাটারি,Amir,Amazon Translate
জ্যাজ সঙ্গীতে ইমপ্রাইভেশন রয়েছে।,Amir,Amazon Translate
নীল নদী আফ্রিকার দীর্ঘতম নদী।,Amir,Amazon Translate
দ্বিতীয় বিশ্বযুদ্ধ শুরু হয় ১৯৩৯ সালে।,Amir,Amazon Translate
বাড়িতে রান্না করা অর্থ সাশ্রয় করে।,Amir,Amazon Translate
বীজগণিত অজানা ভেরিয়েবলগুলির জন্য সমাধান,Amir,Amazon Translate
ব্যক্তিগত মূল্যবোধ সিদ্ধান্ত গ্রহণের,Amir,Amazon Translate
বিতর্ক বিশ্লেষণমূলক চিন্তাকে,Amir,Amazon Translate
তোরাতে ইহুদি ধর্মীয় গ্রন্থ রয়েছে।,Amir,Amazon Translate
সরকার দেশগুলোতে আইন বাস্তবায়ন করে।,Amir,Amazon Translate
ল্যাপটপগুলি ভ্রমণের সময় কম্পিউটিং,Amir,Amazon Translate
অ্যাভোকাডো মেক্সিকোর স্থানীয় গাছগুলিতে জন্মায়।,Amir,Amazon Translate
কিউবিজম কীভাবে শিল্প স্থানকে উপস্থাপন করে তা পরিবর্তন করে,Amir,Amazon Translate
ইয়েলোস্টোন আমেরিকার প্রথম জাতীয় উদ্যান।,Amir,Amazon Translate
অনুশীলন করার সময় সঠিক হাইড্রেশন হিটস্ট্রোক,Amir,Amazon Translate
নেপোলিয়ন ওয়াটারলুতে পরাজিত হন।,Amir,Amazon Translate
বাগান চাপ মাত্রা হ্রাস করতে পারে।,Amir,Amazon Translate
একটি বহুভুজের তিন বা ততোধিক দিক রয়েছে।,Amir,Amazon Translate
কপার ভাল বিদ্যুৎ পরিচালনা করে।,Amir,Amazon Translate
স্ব-নিয়ন্ত্রণ দীর্ঘমেয়াদী লক্ষ্যগুলিতে,Amir,Amazon Translate
ছাড় সাধারণ নীতি থেকে বিশেষ উল্লেখ করে।,Amir,Amazon Translate
কনফুসিয়ানিজম নৈতিক বিকাশের উপর জোর,Amir,Amazon Translate
ভোট গণতন্ত্রের জনমত দেখায়।,Amir,Amazon Translate
ওয়াই-ফাই বেতার ইন্টারনেট অ্যাক্সেস,Amir,Amazon Translate
রেনেসাঁর সময় ইতালিতে অপেরা শুরু হয়েছিল।,Amir,Amazon Translate
মস্কো রাশিয়ার বৃহত্তম শহর।,Amir,Amazon Translate
শক্তি প্রশিক্ষণ পেশী টিস্যু তৈরি করে।,Amir,Amazon Translate
চেচপক্স টিকা বিশ্বব্যাপী এই রোগটি নির্মূল করে দেয়।,Amir,Amazon Translate
১৮৮৯ সালে আইফেল টাওয়ার সমাপ্ত হয়।,Amir,Amazon Translate
ব্রেকডান্সিংয়ের মধ্যে রয়েছে অ্যাক্রোব্যাটিক মুভ এবং স্পিন।,Amir,Amazon Translate
ভিক্টোরিয়া জলপ্রপাত জিম্বাবুয়ে এবং জাম্বিয়ার মধ্যে,Amir,Amazon Translate
জগিং দক্ষতার সাথে ক্যালোরি পোড়ায়,Amir,Amazon Translate
ক্যাথরিন দ্য গ্রেট রাশিয়ান অঞ্চলকে প্র,Amir,Amazon Translate
পিকনিক বহিরঙ্গন অবসর সঙ্গে খাবার একত্রিত করে,Amir,Amazon Translate
গণিত সমীকরণের উত্তর থাকতে হবে যা বিবৃতিগুলি সন্তুষ্ট করে।,Amir,Amazon Translate
দল কাজ সহযোগিতা এবং যোগাযোগ দক্ষতার উপর নির্ভর করে,Amir,Amazon Translate
বিশ্লেষণাত্মক যুক্তি সমস্যাগুলি ছোট অংশে,Amir,Amazon Translate
কর্ম হিন্দু বিশ্বাস ব্যবস্থায় পুনর্জন্মের প্রভাব,Amir,Amazon Translate
পরিবারের কাঠামো সমাজের মধ্যে পৃথক।,Amir,Amazon Translate
সাইকেল গিয়ারগুলি রাইডারদের বিভিন্ন ভূখণ্ড পরিচালনা,Amir,Amazon Translate
কিউই ফল ভিটামিন সি সমৃদ্ধ।,Amir,Amazon Translate
আধুনিক পপ সঙ্গীত অনেক সংগীত শৈলীর মিশ্রিত,Amir,Amazon Translate
পর্তুগাল ইউরোপে কেবল স্পেনের সীমান্ত,Amir,Amazon Translate
দীর্ঘ হাঁটা হৃদয়ের স্বাস্থ্যকে,Amir,Amazon Translate
গৃহযুদ্ধ অভ্যন্তরীণভাবে,Amir,Amazon Translate
লন্ড্রি জল এবং সাবান ব্যবহার করে কাপড় পরিষ্কার করে,Amir,Amazon Translate
প্রিক্যালকুলাস ছাত্রদের ক্যালকুলাস ধারণার জন্য প্রস্তুত করে।,Amir,Amazon Translate
স্ট্রেস ম্যানেজমেন্ট সামগ্রিক স্থিতিস্থাপক,Amir,Amazon Translate
লজিক পাজল পদ্ধতিগত যুক্তি ক্ষমতা পরীক্ষা,Amir,Amazon Translate
ধর্মীয় রোজা সাধারণত কিছু খাবার সীমাবদ্ধ,Amir,Amazon Translate
বিশ্বায়ন বিশ্বব্যাপী বাজারকে সংযুক্ত,Amir,Amazon Translate
রোবট স্বয়ংক্রিয়ভাবে মেঝে পরিষ্কার করে।,Amir,Amazon Translate
গ্রাফিটিকে নগর রাস্তার শিল্প হিসাবে বিবেচিত,Amir,Amazon Translate
"স্ক্যান্ডিনেভিয়ার মধ্যে রয়েছে সুইডেন, নরওয়ে এবং ডেনমার্ক",Amir,Amazon Translate
ঘুম মেমরি একীকরণে সহায়তা করে,Amir,Amazon Translate
মধ্যযুগীয় নাইটরা রাইলারির কোড অনুসরণ করেছিল,Amir,Amazon Translate
তিমির জাহাজ আর্কটিক এবং অ্যান্টার্কটিক জল অন্বে,Amir,Amazon Translate
কুইলটিং ফ্যাব্রিক স্ক্র্যাপকে কম্বল এবং শিল্পে পরিণত করে,Amir,Amazon Translate
গোল্ডেন গেট ব্রিজ সান ফ্রান্সিসকো উপসাগ,Amir,Amazon Translate
শারীরিক থেরাপি আঘাতের পরে চলাচল,Amir,Amazon Translate
হ্যারিয়েট টুবম্যান দাসী মানুষকে স্বাধীনতার দিকে পরিচালিত করেছ,Amir,Amazon Translate
মৃৎশিল্প তৈরিতে কাদামাটি আকার দেওয়া এবং ফা,Amir,Amazon Translate
লগারিদম গুণন এবং বিভাজন গণনা সহজ করে।,Amir,Amazon Translate
চরিত্রের বৈশিষ্ট্যগুলি একজন ব্যক্তির ব্যক্তিত্বকে গঠন,Amir,Amazon Translate
সন্দেহবাদ পর্যাপ্ত প্রমাণ ছাড়াই দাবিতে সন্,Amir,Amazon Translate
ইসলামী নামাজ মক্কার দিকে মুখ,Amir,Amazon Translate
পাবলিক ট্রাফিক পরিবহন কমায়।,Amir,Amazon Translate
ক্লাউড স্টোরেজ ব্যক্তিগত ডিভাইস থেকে ডেটা বন্ধ করে,Amir,Amazon Translate
জলপাই মূলত ভূমধ্যসাগরীয় অঞ্চলে জলানো হয়,Amir,Amazon Translate
রেনেসাঁ শিল্পীদের উন্নত দৃষ্টি,Amir,Amazon Translate
স্নোরকেলিং পৃষ্ঠের কাছে পানির নিচে অনুসন্ধানের,Amir,Amazon Translate
জৈব রসায়ন কার্বন-ভিত্তিক অণুগুলি,Amir,Amazon Translate
সামাজিক ভূমিকা আচরণের প্রত্যাশা সংজ্ঞায়,Amir,Amazon Translate
ফায়ারওয়ালগুলি অননুমোদিত অ্যাক্সেস থেকে কম্পিউটার,Amir,Amazon Translate
ভিটামিন ডি হাড়ের স্বাস্থ্যের জন্য ক্যালসিয়াম শোষণ করতে,Amir,Amazon Translate
সামন্ত প্রভু মধ্যযুগীয় ইউরোপীয় জমিগুলি,Amir,Amazon Translate
লোকগল্পগুলি প্রজন্মের মধ্য দিয়ে সাংস্কৃতিক,Amir,Amazon Translate
এশিয়ায় বিশ্বের সবচেয়ে বড় জনসংখ্যা রয়েছে।,Amir,Amazon Translate
"অ্যাথলেটিকস ইভেন্টগুলির মধ্যে রয়েছে দৌড়ানো, জাম্পিং এবং",Amir,Amazon Translate
তালিকা বোঝাপড়া প্রোগ্রামিং কোড কাঠামো,Amir,Amazon Translate
সুপারনোভাস বিশাল তারার মৃত্যুকে চিহ্নিত করে।,Amir,Amazon Translate
মানসিক বুদ্ধি স্বাস্থ্যকর সম্পর্ক উত্সাহ,Amir,Amazon Translate
রূপবিজ্ঞান শারীরিক জগতের বাইরে বাস্তবতা পরীক্ষা করে।,Amir,Amazon Translate
পুনর্জন্ম পরামর্শ দেয় আত্মা নতুন দেহে ফিরে,Amir,Amazon Translate
মোজার্ট শাস্ত্রীয় যুগে সিম্ফোনি রচনা করেছিলেন।,Amir,Amazon Translate
ইন্দোনেশিয়া বিশ্বের বৃহত্তম দ্বীপ দেশ।,Amir,Amazon Translate
আফ্রিকায় যেকোনো মহাদেশের সবচেয়ে বেশি দেশ রয়েছে।,Amir,Amazon Translate
প্রতিদিন হাঁটা রক্তচাপ হ্রাস করতে পারে।,Amir,Amazon Translate
জুলিয়াস সিজার নিজেকে আজীবন একনায়ক ঘোষণ,Amir,Amazon Translate
"ভাস্কররা উপকরণ হিসাবে কাদামাটি, পাথর, কাঠ বা ধাতু ব্যবহার করেন।",Amir,Amazon Translate
কিলিমঞ্জারো মাউন্ট আফ্রিকার সর্বোচ্চ অবস্থান করে।,Amir,Amazon Translate
ওজন তোলা হাড়ের ঘনত্ব বাড়ায়।,Amir,Amazon Translate
স্বাধীনতা দিবস উপনিবেশিক শাসন থেকে মুক্,Amir,Amazon Translate
মিল্কিওয়ে আমাদের বাড়ির ছায়াপথ।,Amir,Amazon Translate
আত্মবিশ্বাস ইতিবাচক সামাজিক মি,Amir,Amazon Translate
ডিকটিভ যুক্তি প্রাঙ্গন থেকে সিদ্ধান্তে পৌঁ,Amir,Amazon Translate
অনেক পূর্ব ধর্মে ধ্যান অনুশীলন বিদ্যমান।,Amir,Amazon Translate
বিবাহ সমাজ দ্বারা স্বীকৃত আনুষ্ঠানিক অংশীদারিত্ব।,Amir,Amazon Translate
লোক সংগীত গানের আকারে ঐতিহ্যবাহী গল্প,Amir,Amazon Translate
লেক সুপিরিয়র উত্তর আমেরিকার বৃহত্তম হ্রদ।,Amir,Amazon Translate
এরোবিক অনুশীলনের জন্য ক্রমাগত অক্সিজেন,Amir,Amazon Translate
প্রথম বিশ্বযুদ্ধ ভার্সাই চুক্তির মাধ্যমে শেষ হয়।,Amir,Amazon Translate
বারবিকিউং সরাসরি তাপ ব্যবহার করে খাবার রান্না করে।,Amir,Amazon Translate
অ্যাসিডের পিএইচ 7 এর নিচে থাকে।,Amir,Amazon Translate
ব্যক্তিগত বিকাশ প্রায়শই মানে নতুন দক্ষতা শেখা,Amir,Amazon Translate
নৈতিক দ্বিধাগুলির বিভিন্ন পক্ষে যুক্তি রয়েছে।,Amir,Amazon Translate
ইসলামে প্রতিদিন নির্দিষ্ট সময়ে নামাজ প্রয়োজন।,Amir,Amazon Translate
সামাজিক নেটওয়ার্কগুলি বিশ্বব্যাপী অনলাইনে লো,Amir,Amazon Translate
ই-বই সাহিত্যে পোর্টেবল অ্যাক্সেস দেয়।,Amir,Amazon Translate
পেপায়া গ্রীষ্মমন্ডলীয় জলবায়ুতে সর্বোত্তম,Amir,Amazon Translate
অ্যাররিলিজম শিল্পে স্বপ্নের মতো দৃশ্যগুলিকে,Amir,Amazon Translate
বাগদাদ টাইগ্রিস নদীর কাছে অবস্থিত।,Amir,Amazon Translate
ফাইবার হজম সিস্টেমের স্বাস্থ্যের উন্নতি করে।,Amir,Amazon Translate
নাগরিক অধিকার আইন জাতিগত বৈষম্য নিষিদ্ধ করে।,Amir,Amazon Translate
ওয়ার্কিং আউট এন্ডোরফিন প্রকাশ করে যা মেজাজ উন্নত,Amir,Amazon Translate
অ্যালবার্ট আইনস্টাইন সাধারণ আপেক্ষিক তত্ত্ব তৈরি,Amir,Amazon Translate
নগর বাগান শহরগুলির ভিতরে গাছপালা,Amir,Amazon Translate
মূল সংখ্যা দিতে প্রাইম ফ্যাক্টরগুলি গুণ করে।,Amir,Amazon Translate
তখন বৈদ্যুতিক চার্জ হঠাৎ স্রাব হয়,Amir,Amazon Translate
সহানুভূতি শক্তিশালী সম্প্রদায় তৈরি করতে,Amir,Amazon Translate
সাদৃশ্য থেকে যুক্তি পরিস্থিতির মধ্যে তুলনা করে।,Amir,Amazon Translate
তাওবাদ প্রকৃতির সাথে সাদৃশ্য সন্তুষ্টি নিয়ে আসে।,Amir,Amazon Translate
জনমত নীতিগত সিদ্ধান্তকে প্রভাবিত,Amir,Amazon Translate
ড্রোন উপরে থেকে ল্যান্ডস্কেপ ছবি তোলে,Amir,Amazon Translate
অপেরা গায়করা কঠোর ভোকাল প্রশিক্ষণ,Amir,Amazon Translate
অ্যান্ডিস পর্বতমালা দক্ষিণ আমেরিকার পশ্চিমে,Amir,Amazon Translate
কফির উদ্ভব ইথিওপিয়ায়।,Amir,Amazon Translate
মাঝারি কফি ব্যবহার সতর্কতা বাড়িয়ে তুলতে,Amir,Amazon Translate
রাজা হেনরি অষ্টম ইংল্যান্ডের চার্চ প্রতিষ্ঠা করেন।,Amir,Amazon Translate
ফুটবল ম্যাচগুলি সময়কে দুইভাগে ভাগ করে দেয়।,Amir,Amazon Translate
সুডোকু ধাঁধা যৌক্তিক চিন্তাভাবনার ক্ষমতা,Amir,Amazon Translate
রসায়নের শাখাগুলির মধ্যে জৈব এবং অজৈব ধরণের অন্তর্ভ,Amir,Amazon Translate
পরমাণু স্ফটিকগুলিতে পুনরাবৃত্তি নিদর্শনে,Amir,Amazon Translate
কৃতজ্ঞতা মানসিক সুস্থতা বাড়ায়,Amir,Amazon Translate
যুক্তিগত বিবৃতি অবশ্যই সত্য বা মিথ্যা হতে হবে।,Amir,Amazon Translate
দেবতা ঈশ্বরের উপর বিশ্বাস করে কিন্তু সংগঠিত ধর্ম নয়।,Amir,Amazon Translate
বিবাহবিচ্ছেদ পারিবারিক আইনি সম্পর্ককে,Amir,Amazon Translate
সার্চ ইঞ্জিন দ্রুত ডিজিটাল তথ্য সনাক্ত করতে সহায়তা,Amir,Amazon Translate
ফুলের গাছের প্রজাতির উপর চেরি বৃদ্ধি পায়।,Amir,Amazon Translate
সোনাটাস একক যন্ত্রের জন্য সংগীত রচনা।,Amir,Amazon Translate
সাউনাস শিথিল করার জন্য ঘাম প্রচার,Amir,Amazon Translate
সভ্যতাগুলি মেসোপটেমিয়ায় কিউনিফর্ম লেখা তৈরি করেছিল।,Amir,Amazon Translate
রোয়িং প্রধান পেশী গোষ্ঠীগুলিকে স,Amir,Amazon Translate
দ্বীপপুঞ্জ দ্বীপগুলির চেইন বর্ণনা,Amir,Amazon Translate
প্রাকৃতিক গ্যাস দক্ষতার সাথে ঘরগুলি গর,Amir,Amazon Translate
"প্রজ্ঞা অভিজ্ঞতা, জ্ঞান এবং ভাল বিচার নিয়ে গঠিত।",Amir,Amazon Translate
বায়াস মেঘ গবেষণা উদ্দেশ্যমূলকতা,Amir,Amazon Translate
গ্রীক অর্থোডক্স খ্রিস্টান ধর্ম,Amir,Amazon Translate
আদমশুমারি নিয়মিত জনসংখ্যার তথ্য,Amir,Amazon Translate
স্মার্টওয়াচগুলি ফিটনেস এবং ক্যালেন্ডার ইভেন্ট ট্র্যাক,Amir,Amazon Translate
শতাব্দী ধীরে ধীরে ধীরে নদীগুলি উপ,Amir,Amazon Translate
স্ট্রিট আর্টে সর্বজনীন স্থানে মুরাল এবং ইনস্টলেশন অন্তর্ভুক্ত,Amir,Amazon Translate
ক্যালিফোর্নিয়ার য়োসেমাইট ভ্যালি বহিরঙ্গন উত্সাহীদের,Amir,Amazon Translate
প্রোটিন পাউডার অ্যাথলিটদের জন্য পরিপূরক,Amir,Amazon Translate
জোয়ান অফ আর্ক ইংরেজ বাহিনীর বিরুদ্ধে ফরাসী,Amir,Amazon Translate
"মিষ্টান্নগুলিতে প্রায়শই চিনি, চকোলেট বা ফলের স্বাদ থাকে।",Amir,Amazon Translate
এক্সপোনেন্টগুলি সংখ্যার বারবার গুণ দেখায়।,Amir,Amazon Translate
মহাসাগরের জোয়ার মূলত চন্দ্র মহাকর্ষীয় টানের কারণে,Amir,Amazon Translate
পরীক্ষায় ভেরিয়েবলগুলি পদ্ধতিগতভাবে ফলা,Amir,Amazon Translate
সৃজনশীল অভিব্যক্তি স্বতন্ত্রতাকে,Amir,Amazon Translate
অযৌক্তিকতা দার্শনিক দৃষ্টিভঙ্গিতে অর্থ,Amir,Amazon Translate
শিন্টো জাপানে কামি নামক আত্মাকে সম্মান করে।,Amir,Amazon Translate
নাগরিক স্বাধীনতা ব্যক্তিগত স্বাধীনতার অধি,Amir,Amazon Translate
ক্রিপ্টোগ্রাফি জটিল অ্যালগরিদমের মাধ্যমে ডিজিটাল যোগাযোগ সু,Amir,Amazon Translate
ক্লাউড কম্পিউটিং ইন্টারনেট সংযোগের মাধ্যমে প্রসেসিং,Amir,Amazon Translate
ভূমধ্যসাগরীয় এবং উপক্রান্তীয় জলবায়ুতে কমলা ফুল,Amir,Amazon Translate
মোজাইক আর্টওয়ার্ক একসাথে ছোট টাইলস বা পাথর,Amir,Amazon Translate
অ্যান্টার্কটিকা সবচেয়ে শুষ্ক এবং শীতলতম মহাদেশ।,Amir,Amazon Translate
মাউন্টেন বাইকিংয়ের জন্য দক্ষ ভারসাম্য এবং সমন্বয় প্রয়োজন।,Amir,Amazon Translate
প্রাচীন জীব বোঝার জন্য প্রাচীন প্রাণিজমিক অধ্যয়ন করে প্রাণি,Amir,Amazon Translate
রাজনৈতিক দলগুলি ভাগ করে নেওয়া বিশ্বাসের চারপাশে,Amir,Amazon Translate
ফায়ারওয়াল সফ্টওয়্যার কম্পিউটার সিস্টেমে প্রবেশ করা থেকে অ,Amir,Amazon Translate
ভিটামিন বি 12 স্নায়ু কার্যকারিতা এবং লাল রক্তকণিকা,Amir,Amazon Translate
রোমের পতনের পরে চার্লম্যাগন পশ্চিম ইউরোপ শাসন করেছিলেন।,Amir,Amazon Translate
মহাকাব্য কবিতায় বীরত্বপূর্ণ ক্রিয়া এবং গ্র্যান্ড থি,Amir,Amazon Translate
এশিয়া অন্যান্য মহাদেশের তুলনায় বেশি ভূমি জমির,Amir,Amazon Translate
পেন্টাথলন পাঁচটি ক্রীড়া ইভেন্ট,Amir,Amazon Translate
বুলিয়ান যুক্তি মানগুলিকে সত্য বা মিথ্যা অবস্থাগুলিতে সীমাবদ্ধ করে।,Amir,Amazon Translate
গ্যালাক্সিগুলি তাদের বিশাল কেন্দ্রের চারপাশে,Amir,Amazon Translate
নৈতিকতা নির্ধারণ করে যা সঠিক এবং ভুল হিসাবে বিবেচিত,Amir,Amazon Translate
প্যান্থেইজম মহাবিশ্বের সকল দিকগুলিতে দেবীত্ব দেখে।,Amir,Amazon Translate
পিকাসো শিল্পে কিউবিস্ট আন্দোলন প্রতিষ্ঠা করেছিলেন।,Amir,Amazon Translate
গ্রিনল্যান্ড পৃথিবীর বৃহত্তম দ্বীপ।,Amir,Amazon Translate
মার্কিন যুক্তরাষ্ট্র একাধিক সময় অঞ্চলে বিস্তৃত।,Amir,Amazon Translate
দ্বিতীয় বিশ্বযুদ্ধ জাপানের আত্মসমর্পণের সাথে শেষ হয়,Amir,Amazon Translate
নালীর একটি নেটওয়ার্কের মাধ্যমে রক্ত প্রবাহিত হয়।,Amir,Amazon Translate
মানুষ কীভাবে নিজেকে দেখে তা পরিচয় করে।,Amir,Amazon Translate
সিলজিজমগুলি ডিডাকটিভ যুক্তির জন্য যুক্তি ব্যবহার করে।,Amir,Amazon Translate
নাস্তিকতা হল দেবতাদের অস্তিত্বের প্রতি অবিশ্বাস।,Amir,Amazon Translate
ধর্মনিরপেক্ষ সমাজ সরকারী বিষয় থেকে ধর্মকে,Amir,Amazon Translate
ব্লুটুথ স্বল্প দূরত্বের উপর ওয়্যারলেসভাবে ডিভাইসগুলি,Amir,Amazon Translate
হারলেম রেনেসাঁ কালো আমেরিকান শিল্পকে উত্সাহ,Amir,Amazon Translate
মাদ্রিদ স্পেনের রাজধানী এবং বৃহত্তম শহর।,Amir,Amazon Translate
সুইমিং ল্যাপ এরোবিক ফিটনেস তৈরি,Amir,Amazon Translate
চুক্তিগুলি দেশগুলির মধ্যে শান্তি আনুষ্ঠানিক করে।,Amir,Amazon Translate
ফ্রাইং গরম তেলে খাবার রান্না করে।,Amir,Amazon Translate
ক্যালকুলেটর গাণিতিক কাজকে গতি দেয়।,Amir,Amazon Translate
সমস্ত পদার্থ পরমাণু নিয়ে গঠিত।,Amir,Amazon Translate
রুটিন ঘুম মানসিক স্বাস্থ্যের উন্নতি,Amir,Amazon Translate
ইন্ডাক্টিভ লজিক প্রমাণ থেকে সাধারণীকরণ আঁকছে।,Amir,Amazon Translate
"তাওবাদীরা অনায়াস কর্মের জন্য প্রচেষ্টা করে, বা উ ওয়ে।",Amir,Amazon Translate
দাতব্য সংস্থাগুলি প্রয়োজনীয় সম্প্রদায়কে সহায়তা,Amir,Amazon Translate
স্বয়ংক্রিয় কারখানাগুলি দক্ষতার সাথে পণ্য আউ,Amir,Amazon Translate
কিউইগুলি নাতিশীতোষ্ণ জলবায়ুতে সর্বোত্তম,Amir,Amazon Translate
"পপ ব্যান্ডগুলি প্রায়শই গিটার, বাস এবং ড্রাম ব্যবহার করে।",Amir,Amazon Translate
ম্যাটারহর্ন সুইজারল্যান্ড এবং ইতালির অঞ্চলে।,Amir,Amazon Translate
ধীরে ধীরে খাওয়া ক্যালোরি গ্রহণ কমাতে পারে,Amir,Amazon Translate
চীনা রাজবংশগুলি শাসক পরিবারগুলির দ্বারা ঐতিহাসিক সময়কাল,Amir,Amazon Translate
রোলার স্কেটিং ভারসাম্য এবং সমন্বয় দক্ষতা সংযুক্ত করে,Amir,Amazon Translate
প্রোট্রাক্টর জ্যামিতি সমস্যার জন্য কোণের আকার পরিমাপ করে,Amir,Amazon Translate
কন্ডাক্টরগুলি সহজেই বৈদ্যুতিক,Amir,Amazon Translate
মাইন্ডফুলনেস বর্তমানের দিকে মনোযোগ নিবদ্ধ করতে,Amir,Amazon Translate
সাদৃশ্য অসম্পর্কিত বিষয়গুলির মধ্যে মিল তুলনা করে।,Amir,Amazon Translate
"মানবতাবাদ যুক্তি, বিজ্ঞান এবং মানব মর্যাদাকে মূল্য দেয়।",Amir,Amazon Translate
পবিত্র গ্রন্থগুলি ধর্মীয় শিক্ষাকে,Amir,Amazon Translate
বিচারপতি আদালত ব্যবস্থার মধ্যে আইনগুলির ব্যাখ্যা,Amir,Amazon Translate
হাইব্রিড যানবাহন পেট্রল এবং বৈদ্যুতিক,Amir,Amazon Translate
আম এশিয়ার স্থানীয় পাথরের ফল।,Amir,Amazon Translate
ডিজিটাল কোলাজ একাধিক ভিজ্যুয়াল উপাদান,Amir,Amazon Translate
ব্যাগপাইপস সংযুক্ত রিড ব্যবহার করে সঙ্গীত উত্পাদন করে।,Amir,Amazon Translate
আমালফি উপকূল মনোরম সৌন্দর্যের জন্য বি,Amir,Amazon Translate
নিয়মিত জগিং হৃদরোগের ঝুঁকি হ্রাস করে।,Amir,Amazon Translate
ক্রিমিয়ান যুদ্ধ ইউরোপীয় জোটকে পুনরায়,Amir,Amazon Translate
সেলাইয়ের ফ্যাব্রিক তৈরির জন্য সুতা এবং সুই ব্যবহার করা হয়।,Amir,Amazon Translate
সিরিজ সংমিশ্রণ একসাথে ধারাবাহিক সংখ্যা যুক্ত করে।,Amir,Amazon Translate
স্ট্যাটিক বিদ্যুৎ মাঝে মাঝে চুল দাঁড়ায়।,Amir,Amazon Translate
ভিটামিন ই অ্যান্টিঅক্সিডেন্ট হিসাবে কাজ করে।,Amir,Amazon Translate
জাতিবিদ্যা প্রতিদিনের রীতিনীতি এবং ঐতিহ্যকে প্র,Amir,Amazon Translate
লুথেরানরা প্রোটেস্ট্যান্ট সংস্কারের সময় প্রতিষ্ঠিত মতবাদগুলি অনুসরণ করে।,Amir,Amazon Translate
সম্মতি গ্রুপের সদস্যদের মধ্যে সাধারণ চুক্তি জড়িত,Amir,Amazon Translate
ওয়্যারলেস হেডফোনগুলি অডিও ডিভাইসের জন্য কর্ডগুলি,Amir,Amazon Translate
গাজর শিকড় হিসাবে ভূগর্ভস্থ পুষ্টিগুলি,Amir,Amazon Translate
ভেনিশিয়ান মাস্কগুলিতে বিস্তৃত সজ্জা রয়েছে,Amir,Amazon Translate
আইসল্যান্ডীয়রা ভূতাপীয় উত্তপ্ত সুইমিং,Amir,Amazon Translate
পালং শাকের মধ্যে আয়রন এবং ভিটামিন এ এবং সি রয়েছে,Amir,Amazon Translate
স্পার্টা গ্রীসে সামরিক সংস্কৃতির জন্য পরিচিত ছিল।,Amir,Amazon Translate
দাবা খেলে কৌশলগত চিন্তাভাবনার ক্ষমতা,Amir,Amazon Translate
মাধ্যাকর্ষণ পড়ে যাওয়া বস্তুগুলিকে পৃথিবীর দিকে 9.8 মি/সে²,Amir,Amazon Translate
ননডুয়ালিজম বিষয় এবং বস্তু অভিজ্ঞতার মধ্যে পার্থক্য দূর,Amir,Amazon Translate
জেন বৌদ্ধধর্ম মনশীলতা ধ্যা,Amir,Amazon Translate
গণভোট নির্দিষ্ট বিষয়ে সরাসরি ভোটিং সক্ষম করে।,Amir,Amazon Translate
ট্র্যাফিক সিগন্যালগুলি সংযোগ নিয়ন্ত্রণ,Amir,Amazon Translate
বাঘ প্রধানত এশিয়ার বন এবং তৃণভূমিতে বাস করে।,Amir,Amazon Translate
অপেরাগুলির মধ্যে একক অভিনয় দ্বারা গাওয়া আরিয়া অন্তর্ভুক্ত।,Amir,Amazon Translate
চেক ভাষায় আনুষ্ঠানিকভাবে চেক ভাষায়,Amir,Amazon Translate
মিশরীয়রা প্রাথমিক লেখার একটি ফর্ম তৈরি করেছিল।,Amir,Amazon Translate
পুডলগুলি সহচর কুকুরের জাতের অন্তর্গত।,Amir,Amazon Translate
বারবারোসা সোভিয়েত ইউনিয়নের বিরুদ্ধে নাৎসি জার্মানির,Amir,Amazon Translate
লাগেজ ভ্রমণের সময় সামগ্রী রক্ষা করে।,Amir,Amazon Translate
এলাকা গণিতে পৃষ্ঠের আকার পরিমাপ করে।,Amir,Amazon Translate
পারমাণবিক ভর প্রায় সমান প্রোটন এবং নিউট্রন মিলিত হয়।,Amir,Amazon Translate
পিয়ারদের প্রভাব কিশোরদের পছন্দগুলি,Amir,Amazon Translate
সমালোচনামূলক যুক্তিবাদ উন্নতির জন্য ধারণা পরীক্ষার উপর,Amir,Amazon Translate
ক্রস প্রতীকবাদ অনেক ধর্মে উপস্থিত হয়।,Amir,Amazon Translate
সংসদ বিতর্ক করে এবং নতুন আইনী আইন পাস করে।,Amir,Amazon Translate
গ্রিড ভূগোলবিদদের জায়গাগুলি সঠিকভাবে সনাক্ত করতে,Amir,Amazon Translate
মাটিতে গাছের বৃদ্ধির জন্য প্রয়োজনীয় প্রাণী রয়েছে।,Amir,Amazon Translate
আঙ্গুর সাইট্রাস পরিবারের অন্তর্গত।,Amir,Amazon Translate
জেড খোদাই এবং গহনার জন্য মূল্যবান।,Amir,Amazon Translate
ঘটনাগুলি সংকেত দেওয়ার জন্য বেল রিং ব্যবহৃত হয়।,Amir,Amazon Translate
ইনকা সাম্রাজ্য পশ্চিম দক্ষিণ আমেরিকা জুড়,Amir,Amazon Translate
বিচ্ছিন্নতা আমেরিকান সুবিধাগুলিকে ঐতিহাসিকভাবে,Amir,Amazon Translate
এয়ার কন্ডিশনার উষ্ণ অঞ্চলে ভবনগুলিকে ঠ,Amir,Amazon Translate
পুশ বিজ্ঞপ্তি সতর্কতা মোবাইল ডিভাইস ব্যবহারকারীদের,Amir,Amazon Translate
রেমব্র্যান্ড অনেক স্ব-প্রতিকৃতি আঁকেন।,Amir,Amazon Translate
সুমাত্রা ইন্দোনেশিয়ার অন্যতম বৃহত্তম দ্বীপ।,Amir,Amazon Translate
আইসল্যান্ড মিড-আটলান্টিক রিজে বসে।,Amir,Amazon Translate
অনুশীলনের আগে স্ট্রেচিং পেশীতে আঘাত প্রতি,Amir,Amazon Translate
ফরাসি বিপ্লব শুরু হয়েছিল ১৭৮৯ সালে।,Amir,Amazon Translate
"রান্নার শিল্পের মধ্যে রয়েছে বেকিং, গ্রিলিং, রোস্টিং এবং সটিং।",Amir,Amazon Translate
একটি ষড়ভুজ ছয়টি দিক রয়েছে।,Amir,Amazon Translate
শব্দের ভ্রমণের জন্য একটি মাধ্যম প্রয়োজন।,Amir,Amazon Translate
স্ব-প্রতিফলন ব্যক্তিগত বোঝার উন্নতি,Amir,Amazon Translate
ইন্ডাক্টিভ যুক্তি তত্ত্ব গঠনের জন্য পর্যবেক্ষণ ব্যবহার করে।,Amir,Amazon Translate
জাপানে শিন্টো মন্দিরগুলি সাধারণ।,Amir,Amazon Translate
সংবিধানগুলি সরকারী কাঠামো এবং অধিকারের রূপর,Amir,Amazon Translate
ফাইবার অপটিক তারগুলি আলো সংকেত প্রেরণ করে,Amir,Amazon Translate
ডালিম ইরান এবং উত্তর ভারতের স্থানীয়।,Amir,Amazon Translate
শাস্ত্রীয় ব্যালে রেনেসাঁর সময় ইতালিতে উৎপত্তি,Amir,Amazon Translate
মন্ট্রিল কুইবেক প্রদেশের একটি শহর।,Amir,Amazon Translate
দ্রুত হাঁটা ধীর হাঁটার চেয়ে বেশি ক্যালোরি পোড়ায়।,Amir,Amazon Translate
যুদ্ধবিরতি দিবস প্রথম বিশ্বযুদ্ধের সমাপ্তির স্মরণ করে।,Amir,Amazon Translate
স্যুপ ব্রোথি বা ক্রিমি হতে পারে।,Amir,Amazon Translate
বীজগণিত এক্সপ্রেশনগুলি সংখ্যা উপস্থাপন করতে অক্ষর ব্যবহার করে,Amir,Amazon Translate
"পদার্থ কঠিন পদার্থ, তরল বা গ্যাস হিসাবে বিদ্যমান।",Amir,Amazon Translate
ডোপামিন মেজাজ এবং অনুপ্রেরণা নিয়,Amir,Amazon Translate
যৌক্তিক যুক্তিগুলির বৈধ বা অবৈধ ফর্ম রয়েছে।,Amir,Amazon Translate
প্যান্থিজম প্রকৃতিকে ঐশ্বরিক বলে মনে করে।,Amir,Amazon Translate
পাদ্রীরা প্রায়শই ধর্মীয় অনুষ্ঠানগুলির,Amir,Amazon Translate
ড্রোন ক্যামেরা বিমান দৃষ্টিভঙ্গ,Amir,Amazon Translate
কালে শীতল জলবায়ুতে ভাল বৃদ্ধি পায়,Amir,Amazon Translate
বারোক সংগীতে হার্পসিকর্ড জনপ্রিয় ছিল।,Amir,Amazon Translate
বাইকাল লেক বিশ্বের গভীরতম।,Amir,Amazon Translate
জাম্প দড়ি হার্ট রেট এবং সমন্বয় উন্নত,Amir,Amazon Translate
অ্যাপোলো মিশন চন্দ্রপৃষ্ঠ অন্বেষণ করে,Amir,Amazon Translate
শিল্পীরা সৃজনশীল প্রভাবের জন্য মিশ্র মিডি,Amir,Amazon Translate
বিটম্যাপগুলি পিক্সেল থেকে তৈরি ডিজিটাল চিত্র।,Amir,Amazon Translate
চালের ছাদ কৃষির জন্য জল নিয়ন্ত্রণ করে।,Amir,Amazon Translate
ক্যালোরির পরিমাণ খুব কম হলে ক্ষুধার ফলে।,Amir,Amazon Translate
এনজাইমগুলি কোষগুলিতে রাসায়নিক প্রতিক্রিয়া গতি দেয়,Amir,Amazon Translate
বৃত্তাকার বস্তু সমতল পৃষ্ঠের উপর মসৃণভাবে,Amir,Amazon Translate
চা ঘরগুলি পানকারীদের এশিয়ার বন্ধুদের সাথে সামাজিক হওয়ার পরিবেশন করে।,Amir,Amazon Translate
মহাবিশ্ববিদ্যা মহাবিশ্বের উত্স এবং কাঠামো অনুসন্ধান করে।,Amir,Amazon Translate
গুণগুলি সংস্কৃতি জুড়ে নৈতিক আচরণকে,Amir,Amazon Translate
বিশ্বাস ঐতিহ্য নৈতিক পছন্দগুলি,Amir,Amazon Translate
ভোটিং শাসনে জনসাধারণের অংশগ্রহণ নিশ্চিত করে,Amir,Amazon Translate
ক্লাউড-ভিত্তিক ব্যাকআপ ডিজিটাল ডেটা অফসাইট সুরক্ষা করে,Amir,Amazon Translate
"জাজ ব্যান্ডগুলিতে বায়ু, ব্রাস এবং ছন্দ বিভাগ রয়েছে।",Amir,Amazon Translate
সিনাই উপদ্বীপ আফ্রিকা ও এশিয়ার সংযোগ করে।,Amir,Amazon Translate
ব্যাডমিন্টনের জন্য দ্রুত প্রতিফলন এবং চটপত্তা,Amir,Amazon Translate
"পরমাণুতে প্রোটন, নিউট্রন এবং ইলেকট্রন থাকে।",Amir,Amazon Translate
সেন্সরি নিউরনগুলি মস্তিষ্কে উদ্দীপনা,Amir,Amazon Translate
স্বীকৃতি কবিতা ব্যক্তিগত মানসিক অভিজ্ঞতা প্রকাশ করে।,Amir,Amazon Translate
চাদ লেক বার্ষিক আকারে ব্যাপকভাবে পরিবর্তিত হয়।,Amir,Amazon Translate
পিছনে দৌড়ানো বিভিন্ন পেশীকে চ্যালেঞ্জ করে,Amir,Amazon Translate
সৌনা থেরাপি টক্সিনগুলি ঘাম ফেলতে,Amir,Amazon Translate
ক্ষয় মাটি এবং শিলা সরিয়ে ল্যান্ডস্কেপকে আকার দেয়।,Amir,Amazon Translate
নানরা আধ্যাত্মিক সেবায় জীবন উত্সর্গ করে।,Amir,Amazon Translate
আলোর নকশা থিয়েটার এবং ইভেন্টগুলিতে পরিবেশ তৈরি করে।,Amir,Amazon Translate
ক্রসওয়ার্ড পাজল ইংরেজি শব্দভাণ্ডার,Amir,Amazon Translate
ব্রঙ্কিওলস ফুসফুসের অ্যালভিওলিতে বায়ু সরবরাহ করে।,Amir,Amazon Translate
ন্যানো প্রযুক্তি পারমাণবিক স্কেলে পদার্থকে হস্তক্ষেপ,Amir,Amazon Translate
প্রতীতিগুলি বেস শব্দের অর্থ পরিবর্তন করে।,Amir,Amazon Translate
মানুষের বিবর্তন লক্ষ লক্ষ বছর আগে থেকেই ছিলো।,Amir,Amazon Translate
স্ট্রিটকার্স একসময় নগর পরিবহন নেটওয়ার্কগুলিতে,Amir,Amazon Translate
সম্ভাবনা গণিতিকভাবে ঘটনার সম্ভাবনা অনুমান,Amir,Amazon Translate
স্ট্যান্ডার্ড বিচ্যুতি ডেটা পরিবর্তন,Amir,Amazon Translate
"ফ্রয়েড আইডি, অহংকার এবং সুপারেগো ধারণা তৈরি করেছিলেন।",Amir,Amazon Translate
আইকনোক্লাম ঐতিহাসিকভাবে ধর্মীয় চিত্রকে প্রতিরোধ করেছিল,Amir,Amazon Translate
রাজ্য সরকার স্থানীয় নীতি প্রণয়ন করে।,Amir,Amazon Translate
সুলতানরা অটোমান সাম্রাজ্য শাসন করে,Amir,Amazon Translate
দেশগুলি বিরোধ শান্তিপূর্ণভাবে সমাধানের জন্য চুক্তিতে,Amir,Amazon Translate
সারি এবং কলাম স্প্রেডশিট তথ্য সংগঠিত করে।,Amir,Amazon Translate
রিপ স্রোত সাঁতারুদের তীর থেকে দূরে টানতে,Amir,Amazon Translate
প্রজাপতি ফুলের গাছগুলিকে পরাগিত করে।,Amir,Amazon Translate
অ্যাক্টুয়ারিগুলি গণিত মডেল ব্যবহার করে আর্থিক ঝুঁকি,Amir,Amazon Translate
থার্মোডাইনামিক্স তাপ এবং কাজের সম্পর্কের বর্ণনা করে।,Amir,Amazon Translate
লিরিক কবিতা সংক্ষিপ্তভাবে শক্তিশালী আবেগ প্রকাশ,Amir,Amazon Translate
বহুধর্ম একাধিক দেবতার পূজা করে।,Amir,Amazon Translate
বহুপত্তি বিভিন্ন অংশীদারকে বিয়ের অনুমতি দেয়।,Amir,Amazon Translate
অটোমোবাইল বিংশ শতাব্দীর পরিবহনে বিপ্লব,Amir,Amazon Translate
এলইডি বাল্ব ইনক্যান্ডিসেন্ট আলোর চেয়ে কম বিদ্যুৎ খরচ করে,Amir,Amazon Translate
গভীর সমুদ্রের খাঁটি টেকটোনিক প্লেটের মধ্যে সীমানা চিহ্নিত,Amir,Amazon Translate
ক্রাউডফান্ডিং ছোট স্বতন্ত্র অনুদানের মাধ্যমে প্র,Amir,Amazon Translate
মাংসাশী প্রাথমিকভাবে প্রাণীর টিস্যু খায়।,Amir,Amazon Translate
সন্দেহজনক সত্য সত্ত্বেও শহুরে কিংব,Amir,Amazon Translate
সমালোচনামূলক বাস্তববাদ উদ্দেশ্যমূলক তথ্য এবং বিষয়গত,Amir,Amazon Translate
ফ্রেস্কো কৌশলগুলিতে ভেজা প্লাস্টারের উপর চিত্রকর্ম,Amir,Amazon Translate
চার্চ কোয়াররা সাদৃশ্যে গীতি গায়।,Amir,Amazon Translate
শোষণ বর্ণালী উপাদানগুলির গঠন সনাক্ত,Amir,Amazon Translate
জাগুয়াররা মধ্য ও দক্ষিণ আমেরিকার বৃষ্টিপালগুলিতে বসবাস করে।,Amir,Amazon Translate
২০০৮ সালে বেইজিং গ্রীষ্মকালীন অলিম্পি,Amir,Amazon Translate
ডেটা এনক্রিপশন কোড অননুমোদিত অ্যাক্সেস,Amir,Amazon Translate
বাতাসের শীতল ঠান্ডা বাতাস শীতল বোধ করে,Amir,Amazon Translate
স্পিংক্স মিশরের পিরামিডের কাছাকাছি।,Amir,Amazon Translate
মাদাগাস্কার আফ্রিকার উপকূলের একটি দ্বীপ দেশ।,Amir,Amazon Translate
জাম্পিং জ্যাকগুলি দ্রুত হার্ট রেট বাড়ায়।,Amir,Amazon Translate
ম্যাগনা কার্টা ইংরেজী রাজকীয় কর্তৃপক্ষকে,Amir,Amazon Translate
গ্রাফিটি সর্বজনীন পৃষ্ঠে আঁকা শিল্প।,Amir,Amazon Translate
একটি পেন্টাগনের পাঁচটি সোজা দিক রয়েছে।,Amir,Amazon Translate
শ্রদ্ধা ব্যক্তিদের মধ্যে ইতিবাচক স্ব-ধারণা তৈরি করে।,Amir,Amazon Translate
অভিজ্ঞতামূলক প্রমাণ যৌক্তিক সিদ্ধান্তগুলি,Amir,Amazon Translate
অনুষ্ঠানগুলি পূজকদের জন্য মূল ইভেন্টগুলি পুনরায় তৈরি করে।,Amir,Amazon Translate
ব্যক্তিগত স্বাধীনতা রক্ষার জন্য নাগরিক অধিকার,Amir,Amazon Translate
ব্লুটুথ প্রযুক্তি শারীরিক তারগুলি,Amir,Amazon Translate
পিস্তা এক ধরণের সবুজ বাদাম।,Amir,Amazon Translate
হাট কাউচার হাই-এন্ড কাস্টম ফ্যাশনের প্রতিনিধি,Amir,Amazon Translate
ক্যাসাব্লাঙ্কা জনসংখ্যা অনুসারে মরোক্কোর বৃহত্তম শহর।,Amir,Amazon Translate
সাইকেল চালানো নিয়মিত পায়ের পেশীগুলিকে,Amir,Amazon Translate
আলেকজান্ডার দ্য গ্রেট হেলেনিস্টিক সংস্কৃতি ছড়ি,Amir,Amazon Translate
ধীর রান্না গভীর স্বাদ বিকাশ করে।,Amir,Amazon Translate
একটি সমীকরণ দুটি এক্সপ্রেশনের মধ্যে সমান চিহ্ন ব্যবহার করে।,Amir,Amazon Translate
পরমাণু যখন ইলেকট্রন ভাগ করে নেয় বা স্থানান্তর করে,Amir,Amazon Translate
ধারাবাহিক রুটিনগুলি চাপ এবং উদ্বেগ কমায়।,Amir,Amazon Translate
ডিডাকটিভ লজিক নির্দিষ্ট ক্ষেত্রে সাধারণ নিয়ম প্রয়োগ করে।,Amir,Amazon Translate
মানবতাবাদ মানব কল্যাণ এবং মর্যাদাকে অগ্রাধিকার দেয়।,Amir,Amazon Translate
উপদেশ ধর্মীয় বার্তা এবং পাঠ প্রদান করে।,Amir,Amazon Translate
ফিটনেস ট্র্যাকার শারীরিক ক্রিয়াকলাপের স্তর,Amir,Amazon Translate
"আম উষ্ণ, আর্দ্র জলবায়ুতে বৃদ্ধি পায়।",Amir,Amazon Translate
বারোক পেইন্টিং আলো এবং ছায়ার নাটকীয় বৈপরীত্য দেখায়,Amir,Amazon Translate
টাস্কানি মধ্য ইতালির রোলিং পাহাড়ে অবস্থিত।,Amir,Amazon Translate
খুব বেশি স্ন্যাকিংয়ের ফলে ওজন বৃদ্ধি হয়।,Amir,Amazon Translate
রোমান সাম্রাজ্য তার উচ্চতায় তিন মহাদেশে বিস্তৃত।,Amir,Amazon Translate
ভাড়া অস্থায়ী জীবনযাপনের ব্যবস্থা,Amir,Amazon Translate
আর্দ্র পরিস্থিতিতে আয়রন নখ জং।,Amir,Amazon Translate
নিয়মিত মানসিকতা অনুশীলন আবেগজনক আচরণ,Amir,Amazon Translate
অনুরূপ সম্পর্কিত উদাহরণ ব্যবহার করে বিমূর্ত ধারণাগুলি স্পষ্ট,Amir,Amazon Translate
বাস্তবতাবাদ ব্যবহারিক ফলাফলের ভিত্তিতে কর্ম বিচার করে,Amir,Amazon Translate
পবিত্র গ্রন্থগুলি বিশ্বাসের ঐতিহ্যকে,Amir,Amazon Translate
আইনসভা আইনী আইন লিখে এবং সংশোধন করে।,Amir,Amazon Translate
সেল ফোন যোগাযোগের জন্য সেলুলার নেটওয়ার্ক ব্যবহার করে।,Amir,Amazon Translate
শালগম ভূগর্ভস্থ মূল শাকসবজি হিসেবে,Amir,Amazon Translate
দাগযুক্ত কাচ অনেক পুরানো গির্জা সজ্জিত করে।,Amir,Amazon Translate
সিঙ্গাপুর কঠোর পরিচ্ছন্নতার নিয়মের জন্য পরিচিত,Amir,Amazon Translate
পটাসিয়াম কোষগুলিতে তরল ভারসাম্য বজায় রাখ,Amir,Amazon Translate
লিঙ্গ ভূমিকা সংস্কৃতি এবং ইতিহাস দ্বারা আকৃত হয়।,Amir,Amazon Translate
আর্চবিশপ বড় খ্রিস্টান অঞ্চলগুলির তত্,Amir,Amazon Translate
সামাজিক চুক্তিগুলি ব্যাখ্যা করে যে কীভাবে আইন পাবলিক চুক্তি থেকে,Amir,Amazon Translate
অনলাইন ফোরামগুলি বিশ্বব্যাপী গ্রুপ আলোচনা,Amir,Amazon Translate
বাইজেন্টাইন মোজাইকগুলি সোনার পটভূমিতে বাইবেলের দৃশ্য,Amir,Amazon Translate
কিলিমঞ্জারো পূর্ব আফ্রিকার সমভূমির উপরে উঠেছে।,Amir,Amazon Translate
ফিল্ড হকি লাঠি এবং শক্ত বল ব্যবহার করে।,Amir,Amazon Translate
কার্বন পরমাণু সহজেই দীর্ঘ জৈব অণুতে,Amir,Amazon Translate
স্নায়ু সংকেত দ্রুত সংবেদনশীল বার্তা,Amir,Amazon Translate
মিটার মেট্রিক সিস্টেমে দৈর্ঘ্য পরিমাপ করে।,Amir,Amazon Translate
মহাকাব্য উপন্যাসগুলি প্রজন্ম জুড়ে নায়কদের,Amir,Amazon Translate
অ্যানিমিজম প্রাকৃতিক বস্তুতে আত্মাকে বসবাস করে,Amir,Amazon Translate
শরিয়া কিছু ইসলামী দেশে আইনকে প্রভাবিত করে।,Amir,Amazon Translate
কূটনীতি আন্তর্জাতিকভাবে শান্তি চুক্তি,Amir,Amazon Translate
গণভোট ইস্যুতে সরাসরি গণতন্ত্রের আমন্ত্রণ,Amir,Amazon Translate
অক্ষাংশ বিষুবস্তরের উত্তর বা দক্ষিণে দূরত্ব,Amir,Amazon Translate
পৃথিবীর কোরিওলিস প্রভাবের কারণে হারিকেনগুলি ঘোরানো হয়।,Amir,Amazon Translate
বাম্বলবিস অমৃত সন্ধানের সময় ফুলগুলিকে সার দিতে সহায়তা করে।,Amir,Amazon Translate
বিশ্লেষকরা প্রতিদিন শেয়ার বাজারের প্রবণতাগুলি,Amir,Amazon Translate
মোশন সেন্সরগুলি ভিতরে এবং বাইরে চলন সনাক্ত করে,Amir,Amazon Translate
সেতু নদী বা উপত্যকায় রাস্তা সমর্থন করে,Amir,Amazon Translate
হাঁপানি নির্দিষ্ট ট্রিগার চলাকালীন শ্বাস,Amir,Amazon Translate
গ্লিফগুলি চিত্র-ভিত্তিক চিহ্নের মাধ্যমে ভাষা প্রকাশ করে,Amir,Amazon Translate
আর্কটিক এক্সপ্লোরাররা চরম ঠান্ডা এবং বিচ্ছ,Amir,Amazon Translate
চলচ্চিত্রে গল্প বলার জন্য সিনেমাটোগ্রাফি গুরুত্বপূর্ণ,Amir,Amazon Translate
চতুর্থাংশ প্রাকৃতিকভাবে চার পায়ে হাঁটতে থাকে।,Amir,Amazon Translate
আঙুলের ছাপ অনন্য ব্যক্তিগত সনাক্তকরণ পদ্ধতি,Amir,Amazon Translate
ব্যাংসি একজন সুপরিচিত বেনামে রাস্তার শিল্পী।,Amir,Amazon Translate
তিব্বত বিশ্বের সর্বোচ্চ মালভূমিতে অবস্থিত।,Amir,Amazon Translate
ব্রাজিল চিলি এবং ইকুয়েডর ছাড়া দক্ষিণ আমেরিকার প্রতিটি,Amir,Amazon Translate
সিট-আপগুলি পেটের পেশী এবং মূল শক্তি কাজ করে।,Amir,Amazon Translate
১৯৬৯ সালে চাঁদে অবতরণ ঘটে।,Amir,Amazon Translate
রাস্তার ফটোগ্রাফি পাবলিক স্পেসে অস্পষ্ট মুহুর্তগুলি,Amir,Amazon Translate
তরলগুলি তাদের পাত্রে আকৃতি নেয়।,Amir,Amazon Translate
ব্যক্তিগত অর্জন স্ব-মূল্য এবং প্রেরণা বাড়ায়।,Amir,Amazon Translate
অন্তর্দৃষ্টি সিদ্ধান্ত গ্রহণে যৌক্তিক বিশ্লেষ,Amir,Amazon Translate
শিখ ধর্ম শুরু হয়েছিল পঞ্চদশ শতাব্দীর পাঞ্জাবে।,Amir,Amazon Translate
পাবলিক লাইব্রেরী সম্প্রদায়ের ব্যবহারের জন্য বিনামূল্যে বই,Amir,Amazon Translate
তিলের বীজ বেকিং এবং রান্নায় ব্যবহৃত হয়।,Amir,Amazon Translate
"বলিউড চলচ্চিত্রগুলি সংগীত, নাটক এবং নৃত্য",Amir,Amazon Translate
ব্যাংকক থাইল্যান্ডের রাজধানী এবং বৃহত্তম শহর।,Amir,Amazon Translate
পাওয়ার ওয়াকিং ন্যূনতম যৌথ প্রভাব সহ স্ট্যামিনা বাড়া,Amir,Amazon Translate
১৭৭৬ সালে স্বাধীনতা ঘোষণা স্বাক্ষরিত হয়।,Amir,Amazon Translate
হোম ব্রিউং নিয়ন্ত্রিত গাঁজন মাধ্যমে বিয়ার তৈরি করে।,Amir,Amazon Translate
দশমিক স্থান মান নোটেশন ব্যবহার করে ভগ্নাংশ মান প্রকাশ করে।,Amir,Amazon Translate
যে কোনও উপলব্ধ স্থান পূরণ করতে গ্যাসগুলি প্রসারিত,Amir,Amazon Translate
রুটিন বাচ্চাদের নিরাপদ এবং নিরাপদ বোধ করতে,Amir,Amazon Translate
সার্কুলার যুক্তি বৈধ প্রমাণ ছাড়াই দাবির পুনরা,Amir,Amazon Translate
ট্রান্সডেন্টেনালিজম অন্তর্দৃষ্টি এবং প্রাকৃতিক,Amir,Amazon Translate
মন্ত্রীরা খ্রিস্টান মণ্ডলী ও অনুষ্ঠ,Amir,Amazon Translate
"পরিধানযোগ্য প্রযুক্তি পদক্ষেপ, হার্ট রেট বা ঘুমের চক্র ট্র্যাক করে",Amir,Amazon Translate
পেয়ারা ক্রান্তীয় সবুজ গাছগুলিতে বৃদ্ধি পায়।,Amir,Amazon Translate
এক্সপ্রেশনিজম সাহসী রঙ এবং ফর্মের মাধ্যমে আবেগ প্রকাশ করে।,Amir,Amazon Translate
রিও ডি জেনিরোতে বিখ্যাত সৈকত এবং কার্নিভাল প্যারেড,Amir,Amazon Translate
মধ্য সকালের স্ন্যাকিং ক্ষুধা নিয়ন্ত্রণে বাধা,Amir,Amazon Translate
ইউরোপীয় যোগাযোগের আগে অ্যাজটেক সাম্রাজ্য মধ্য মেক্,Amir,Amazon Translate
রুমমেটরা একসাথে খরচ এবং পরিবারের দায়িত্ব ভাগ করে।,Amir,Amazon Translate
একটি লিপ বছর ফেব্রুয়ারিতে একটি অতিরিক্ত দিন যুক্ত করে।,Amir,Amazon Translate
অ্যালুমিনিয়াম লোহার চেয়ে ভাল ক্ষয় প্রতিরোধ করে।,Amir,Amazon Translate
বাজেট নির্ধারণ দীর্ঘমেয়াদী অপ্রয়োজনীয় ব্য,Amir,Amazon Translate
প্রতীকতা বস্তুকে গল্প বা শিল্পে বিস্তৃত অর্থ,Amir,Amazon Translate
ফেনোমোনোলজি সচেতন অভিজ্ঞতাগুলি নিয়মতা,Amir,Amazon Translate
দৃষ্টান্তগুলি ধর্মীয় গ্রন্থে নৈতিকতা শেখায়,Amir,Amazon Translate
নির্বাহী শাখা সরকারী পর্যায়ে আইন প্রয়োগ করে।,Amir,Amazon Translate
ফাইবার অপটিক্স ইন্টারনেটের গতি অনেক উন্নত করে,Amir,Amazon Translate
গ্রাফিটি শহুরে পৃষ্ঠে সামাজিক বার্তা প্রকাশ করে,Amir,Amazon Translate
যাজকরা বিশ্বাসের বিষয়ে প্যারিশদের পরামর্শ দেন।,Amir,Amazon Translate
নাগরিক মামলা অ-ফৌজদারি আইনি মত,Amir,Amazon Translate
ডিজিটাল প্ল্যাটফর্ম সহজেই বিশ্বব্যাপী,Amir,Amazon Translate
পরাগ স্থানান্তর করে উদ্ভিদের পুনরুত্পাদন করতে সহায়তা করে।,Amir,Amazon Translate
"আর্ট ডেকো আর্কিটেকচার জ্যামিতিক, সুবিধাযুক্ত ডিজাইন",Amir,Amazon Translate
রকিজ উত্তর আমেরিকার দীর্ঘতম ক্রমাগত পর্বতশ্রেণী তৈরি,Amir,Amazon Translate
বেসবলের জড়িত ব্যাট দিয়ে বল বেসের দিকে আঘাত করা।,Amir,Amazon Translate
মোটর নিউরনগুলি পুরো শরীর জুড়ে পেশী,Amir,Amazon Translate
নাটকগুলি মানসিক বিকাশ বা দ্বন্দ্বের উপর ফোকাস করে।,Amir,Amazon Translate
স্টোইসিজম পুণ্যকে জীবনের সর্বশ্রেষ্ঠ ভাল হিসাবে শেখায়।,Amir,Amazon Translate
পূজা সেবার সময় প্রচারকরা উপদেশ দেন।,Amir,Amazon Translate
বিচারকরা প্রতিষ্ঠিত আইন অনুযায়ী নিয়মের ব্যাখ্যা করেন,Amir,Amazon Translate
স্মার্টফোন মোবাইল অপারেটিং সিস্টেমে চলে।,Amir,Amazon Translate
মূলা বীজ থেকে ফসল কাটা পর্যন্ত দ্রুত পরিপক্ক হয়।,Amir,Amazon Translate
মুরালগুলি বড় আঁকা চিত্র দিয়ে ভবনগুলি সাজায়।,Amir,Amazon Translate
সিওল দক্ষিণ কোরিয়ার রাজধানী।,Amir,Amazon Translate
ফসফরাস স্বাস্থ্যকর হাড় এবং দাঁত গঠনকে,Amir,Amazon Translate
সামাজিক ভূমিকা গ্রুপগুলিতে প্রত্যাশিত আচর,Amir,Amazon Translate
সন্ন্যাসীরা প্রার্থনা ও শিক্ষার জন্য জীবন উত্সর্,Amir,Amazon Translate
পলিসি পরিবর্তনের অনুরোধের জন্য পিটিশনগুলি স্বাক্ষর,Amir,Amazon Translate
টেক্সট মেসেজিং ডিজিটালভাবে সংক্ষিপ্ত যোগা,Amir,Amazon Translate
স্থানীয় প্রজাতি শুধুমাত্র নির্দিষ্ট ভৌগলিক অঞ্চলে বাস করে।,Amir,Amazon Translate
কুকুর স্লেডিং তুষারপাত ভূমি জুড়ে সরবরাহ পরিবহন,Amir,Amazon Translate
রোমান মোজাইকগুলি ছোট টাইলস দিয়ে মেঝে এবং দেয়াল সজ্জিত।,Amir,Amazon Translate
এভারেস্ট বেস ক্যাম্প বিশ্বব্যাপী ট্রেকারদের আকর্ষণ করে।,Amir,Amazon Translate
শেফরা পেশাদারভাবে রান্না রেসিপি তৈরি,Amir,Amazon Translate
দীর্ঘ বিভাগ সংখ্যাকে পুরো অংশে পৃথক করে,Amir,Amazon Translate
জেনেটিক্স জীবিত জিনিসের উত্তরাধিকার সূত্রে প্রাপ্,Amir,Amazon Translate
ছোট কাহিনী কয়েকটি পৃষ্ঠায় সম্পূর্ণ গল্প বলে,Amir,Amazon Translate
টোটেম মেরু স্থানীয় মানুষের মধ্যে বংশের প্রতিনিধিত্ব করে।,Amir,Amazon Translate
অ্যানিমেটররা চরিত্রগুলিকে ফ্রেম-বাই-ফ্রেমে লাইফ করে আনে,Amir,Amazon Translate
"ক্রস্টেসিয়ানদের মধ্যে রয়েছে কাঁকড়া, লবস্টার এবং চিংড়ি।",Amir,Amazon Translate
হোকুসাই বিখ্যাত মুদ্রণ “দ্য গ্রেট ওয়েভ অফ কানাগাওয়া” তৈরি করেছিলেন।,Amir,Amazon Translate
তাসমানিয়া অস্ট্রেলিয়ার একটি দ্বীপ রাজ্য।,Amir,Amazon Translate
সুইজারল্যান্ড ভূগর্ভস্থ এবং পাঁচটি দেশের সীমান্ত।,Amir,Amazon Translate
পুশ-আপগুলি প্রতিরোধ প্রশিক্ষণের জন্য শরীরের ওজন ব্যবহার করে।,Amir,Amazon Translate
অ্যাপোলো ১৩ ছিল একটি নিকটবর্তী দুর্যোগের চাঁদ মিশন।,Amir,Amazon Translate
ক্যালিগ্রাফির জন্য কলম বা ব্রাশ স্ট্রোকের যত্ন সহকারে নিয়ন্ত্রণ প্রয়োজন,Amir,Amazon Translate
একটি বৃত্তের অসীম সীমা রেখা রয়েছে।,Amir,Amazon Translate
পদার্থ শারীরিক বা রাসায়নিক বিক্রিয়াগুলিতে সংরক্ষণ করা হয়,Amir,Amazon Translate
প্রতিদিনের নিশ্চিতকরণগুলি আত্মসম্মান বৃদ্ধিকে,Amir,Amazon Translate
গবেষণা পদ্ধতি পর্যবেক্ষণের মাধ্যমে অনুমান পরীক্ষা,Amir,Amazon Translate
"জেন বাগানগুলি নান্দনিকভাবে শিলা, বালি এবং গাছপালা সাজায়।",Amir,Amazon Translate
নাগরিক দায়িত্বগুলির মধ্যে ভোটিং এবং জুরি পরিষেবা অ,Amir,Amazon Translate
ওয়্যারলেস নেটওয়ার্কিং কর্ড ছাড়াই ডিভাইস সং,Amir,Amazon Translate
রোদে শুকনো টমেটো রান্না উপাদান হিসাবে ব্যবহৃত হয়।,Amir,Amazon Translate
সালসা সংগীত আফ্রো-কিউবান ছন্দ এবং জ্যাজ উপাদানগুলিকে,Amir,Amazon Translate
ভ্যাঙ্কুভার প্রশান্ত মহাসাগর এবং উপকূল পর্বতের মধ্যে,Amir,Amazon Translate
রোইং সমন্বিত বাহু এবং পিছনের শক্তি ব্যবহার করে।,Amir,Amazon Translate
নান্টেসের নির্দেশ ফরাসি ধর্মীয় স্বাধীনতার অনুমতি দেয়।,Amir,Amazon Translate
স্টিম আরও পুষ্টি ধরে রেখে শাকসবজি রান্না করে,Amir,Amazon Translate
হেক্সাডেসিমাল সিস্টেম ষোলটি সম্ভাব্য সংখ্যা ব্যবহার করে।,Amir,Amazon Translate
প্লাজমা গ্যাসের চেয়ে ভাল বিদ্যুৎ পরিচালনা করে।,Amir,Amazon Translate
সার্কেডিয়ান ছন্দ বিভিন্ন সময়ে সতর্কতাকে প্রভাবিত করে।,Amir,Amazon Translate
এনালগ সংকেত সময়ের সাথে সাথে অবিচ্ছিন্ন,Amir,Amazon Translate
কাঠামোবাদ সাংস্কৃতিক সিস্টেমের মধ্যে নিদর্শন বিশ্লেষণ,Amir,Amazon Translate
পুরোহীরা অনেক বিশ্ব ধর্মে অনুষ্ঠান করেন।,Amir,Amazon Translate
রাইড-শেয়ারিং পরিষেবাগুলি মোবাইল অ্যাপ্লিকেশনগুলির উপর,Amir,Amazon Translate
ডুরিয়ান ফলের গন্ধ শক্তিশালী তবে স্বাদ মিষ্টি।,Amir,Amazon Translate
আর্ট নুভোতে প্রবাহিত বক্ররেখা এবং প্রাকৃতিক আকার রয়েছে।,Amir,Amazon Translate
ভিয়েনা ফিলহার্মোনিক একটি বিখ্যাত শাস্ত্রীয় অর্,Amir,Amazon Translate
মাঝে মাঝে দাঁড়িয়ে খাওয়া অংশের আকার,Amir,Amazon Translate
ইনকানরা দক্ষিণ আমেরিকার বিস্তৃত সড়ক নেটওয়ার্ক,Amir,Amazon Translate
ছাত্রাগার বিশ্ববিদ্যালয়গুলিতে ভাগ করে নেওয়া আবাসন,Amir,Amazon Translate
অভ্যাস স্ট্যাকিং বিদ্যমান অভ্যাসের উপর নতুন রুটিন তৈরি করে।,Amir,Amazon Translate
ভিজ্যুয়াল রূপকগুলি শিল্পে প্রতীকী ধারণাগুলি দেখায়।,Amir,Amazon Translate
ফলাফলবাদ কর্মের ফলাফল দ্বারা নৈতিকতার বিচার করে।,Amir,Amazon Translate
লিটার্জিগুলি সর্বজনীন উপাসনার নির্ধারিত রূপ।,Amir,Amazon Translate
সিভিল কোড অ-ফৌজদারি আইন বিষয়গুলিকে,Amir,Amazon Translate
এনক্রিপশন গোপনীয়তা জন্য ডিজিটাল ডেটা স্ক্র্যাম্বল করে,Amir,Amazon Translate
র্যাডিকিও মিশ্র সালাদগুলিতে তিক্ত স্বাদ যুক্ত করে।,Amir,Amazon Translate
গ্রাফিটি ট্যাগ করা শিল্পীর সনাক্তকারী পাবলিক দেয়ালে ফেলে।,Amir,Amazon Translate
নানরা স্কুলে ক্লাস শেখাতে পারে বা অসুস্থ ব্যক্তির যত্ন নিতে পারে,Amir,Amazon Translate
পেটেন্ট আইন উদ্ভাবকদের মূল কাজগুলি সাময়িকভাবে রক্ষা,Amir,Amazon Translate
ক্রাউডফান্ডিং ছোট ব্যবসায়ীদের আর্থিক মূলধন,Amir,Amazon Translate
ফুড ওয়েব বর্ণনা করে যে বাস্তুতন্ত্রগুলিতে শক্তি কীভাবে প্রবাহ,Amir,Amazon Translate
বারোক গির্জা বেদিগুলিতে সোনার ধাতুপট্টাবৃত ভাস্কর্য,Amir,Amazon Translate
অ্যাপালাচিয়ানরা আলাবামা থেকে কানাডা পর্যন্ত প্রসারিত।,Amir,Amazon Translate
ব্যাডমিন্টন র্যাকেটের দীর্ঘ হ্যান্ডেল এবং স্ট্রিংড হেড রয়েছে,Amir,Amazon Translate
মিথেন জ্বললে তাপ ছেড়ে দেয়।,Amir,Amazon Translate
আলো অন্য যে কোনও পরিচিত ঘটনার চেয়ে দ্রুত ভ্রমণ করে।,Amir,Amazon Translate
চেয়ার কাজ বা বিশ্রামের সময় শরীরের ওজন সমর্থন করে।,Amir,Amazon Translate
মহাকাব্য কবিতা বীরী অ্যাডভেঞ্চার বা অনুসন্ধানগুলি,Amir,Amazon Translate
চুক্তি ইহুদি ঐতিহ্যে বাধ্যতামূলক প্রতিশ্রুতি স্থাপন,Amir,Amazon Translate
সাংবিধানিক আদালত সিদ্ধান্ত নেয় যে আইন কোনও জাতির সংবিধানের,Amir,Amazon Translate
ক্লাউড সিডিংয়ের লক্ষ্য কৃত্রিমভাবে বৃষ্টিপাত স,Amir,Amazon Translate
ব্রডব্যান্ড উচ্চ গতির ইন্টারনেট সংযোগ সরবরা,Amir,Amazon Translate
সহনশীলতা ইভেন্টগুলি দূরত্বের ওপর অংশগ্রহণকারীদের,Amir,Amazon Translate
নৃত্য দলগুলি সিঙ্ক্রোনাইজড পারফরম্যান্সের,Amir,Amazon Translate
ক্রুসিফেরাস শাকসব্জিতে স্বাস্থ্য উত্সাহকারী যৌ,Amir,Amazon Translate
এপিসোডিক মেমরি নির্দিষ্ট ব্যক্তিগত অভিজ্ঞতা সংরক্ষণ করে,Amir,Amazon Translate
আইকন চিত্রশিল্পীরা আধ্যাত্মিক চিত্র তৈরি,Amir,Amazon Translate
ক্যানন আইন রোমান ক্যাথলিক চার্চের অভ্যন্তরীণ,Amir,Amazon Translate
মিনারেটরা ইসলামী মসজিদগুলি দৃশ্যত,Amir,Amazon Translate
জরুরী কক্ষগুলি প্রাণঘাতী চিকিত্সা পরি,Amir,Amazon Translate
অ্যাম্বার শক্ত গাছের রজন থেকে আসে।,Amir,Amazon Translate
উদ্ভিজ্জরা শুধুমাত্র উদ্ভিদ উপাদান গ্রহণ করে।,Amir,Amazon Translate
শিক্ষানবিপগুলি ব্যবহারিক কাজের অভিজ্ঞতার সাথে শেখার একত্রিত করে।,Amir,Amazon Translate
মিডিয়া সাক্ষরতা সংবাদ বিশ্লেষণ সক্ষম করে।,Amir,Amazon Translate
বায়োস্ফিয়ারগুলি বিশ্বব্যাপী ইন্টারঅ্যাক্ট করে এমন সমস্ত জীবজন্তু,Amir,Amazon Translate
টেস্ট টিউব বিজ্ঞান পরীক্ষার সময় তরল ধারণ করে।,Amir,Amazon Translate
শব্দকোষ বইগুলিতে বিশেষ শব্দগুলি সংজ্ঞায়িত করে,Amir,Amazon Translate
অরিগামি ক্রেন আশা এবং নিরাময়ের প্রতীক।,Amir,Amazon Translate
বাম-মস্তিষ্কের ফাংশন যুক্তি এবং বিস্তারিত ওরিয়ে,Amir,Amazon Translate
ব্যাংক্সির মুরালগুলি প্রায়শই রাজনৈতিক থিমগুলিকে সম্বোধন,Amir,Amazon Translate
সিসিলি বৃহত্তম ভূমধ্যসাগরীয় দ্বীপ।,Amir,Amazon Translate
গ্রিনউইচ শূন্য দ্রাঘিমাংশে প্রাইম মেরিডিয়ানকে,Amir,Amazon Translate
লাঞ্জ পা এবং গ্লুটসকে শক্তিশালী করে।,Amir,Amazon Translate
রাইট ব্রাদার্স প্রথম বিমান উড়েন।,Amir,Amazon Translate
স্টপ-মোশন অ্যানিমেশন গতি তৈরি করতে স্থির চিত্র ব্যবহার করে।,Amir,Amazon Translate
চতুর্ভুজগুলোর চারটি দিক রয়েছে।,Amir,Amazon Translate
সমাধানগুলি পদার্থের একজাতীয় মিশ্রণ।,Amir,Amazon Translate
সময় ব্যবস্থাপনা শিক্ষার্থীদের স্ব-কার্যকারিতা বাড়ায়।,Amir,Amazon Translate
হিউরিস্টিক্স জটিল সিদ্ধান্ত প্রক্রিয়াকে গতি দেয়।,Amir,Amazon Translate
তীর্থযাত্রা বিশ্বাসীদের পবিত্র স্থানে আকর্ষণ করে,Amir,Amazon Translate
অলাভজনক সংস্থাগুলি লভ্যাংশ হিসাবে লাভ বিতরণ না করে কাজ করে,Amir,Amazon Translate
স্মার্ট থার্মোস্ট্যাটগুলি স্বয়ংক্রিয়ভাবে গরম,Amir,Amazon Translate
পোলকা মধ্য ইউরোপ থেকে উৎপন্ন হয়েছিল।,Amir,Amazon Translate
বার্লিন স্প্রি নদীর পাশে বসে।,Amir,Amazon Translate
১৯২০ সালে মার্কিন যুক্তরাষ্ট্রের ভোটাধিকার লাভ,Amir,Amazon Translate
বারিস্টা পেশাদারভাবে কফি পানীয় প্রস্তুত,Amir,Amazon Translate
শতাংশগুলি একশের মধ্যে মান প্রকাশ করে।,Amir,Amazon Translate
ডিস্টিলেশন ফুটন্ত পয়েন্ট দ্বারা তরল পৃথক করে।,Amir,Amazon Translate
পুষ্টি লেবেল স্বাস্থ্যকর খাবারের পছন্দ,Amir,Amazon Translate
বৈধতা বোঝায় কোনও পরীক্ষা কতটা ভালভাবে কিছু পরিমাপ করে।,Amir,Amazon Translate
যৌক্তিক প্যারাডক্স অনিচ্ছাকৃত দ্বন্দ্ব,Amir,Amazon Translate
অর্থোডক্স খ্রিস্টধর্ম উপাসনা অনুশীলনে,Amir,Amazon Translate
নির্বাহী আদেশ সরকারী সংস্থাগুলির ক্রিয়াকে সরাসরি,Amir,Amazon Translate
ব্লুটুথ হেডসেট হ্যান্ডস-ফ্রি ফোন কল সক্ষম করে,Amir,Amazon Translate
হলুদ খাবারগুলিতে হলুদ রঙ এবং মাটির স্বাদ যুক্ত করে।,Amir,Amazon Translate
কমিক স্ট্রিপগুলি চিত্রগুলির সাথে ক্রমাগত গল্প বলে।,Amir,Amazon Translate
আলহাম্ব্রা প্রাসাদ স্পেনের ইসলামী স্থাপত্য প্রতিফ,Amir,Amazon Translate
গ্রিল করা চিকেন ডায়েটের জন্য পাতলা প্রোটিন সরবরাহ করে,Amir,Amazon Translate
অটোমান সাম্রাজ্য তিন মহাদেশের অংশ বিস্তৃত ছিল,Amir,Amazon Translate
অ্যাপার্টমেন্ট ভাড়া দেওয়ার সময় ভাড়াটেরা ইজারা স্বা,Amir,Amazon Translate
পেরিমিটার বহুভুজ প্রান্ত চারপাশে মোট দূর,Amir,Amazon Translate
কোয়ার্টজ ঘড়িগুলি স্ফটিক কম্পন ব্যবহার করে সঠিক সময় রাখে,Amir,Amazon Translate
ইম্পালস নিয়ন্ত্রণ শিশুদের ঝুঁকিপূর্ণ আচরণ,Amir,Amazon Translate
অস্তিত্বমূলক দর্শন মানুষের স্বাধীনতা এবং উদ্দেশ্যকে,Amir,Amazon Translate
কাহিনী প্রাণীকে নৈতিক পাঠ শেখানোর জন্য ব্যবহার করে।,Amir,Amazon Translate
মেয়ররা শহরের নেতা হিসেবে কাজ করেন।,Amir,Amazon Translate
অ্যামাজন কিন্ডল বিশ্বব্যাপী ডিজিটাল ই-রিডিং জনপ্রিয় করে,Amir,Amazon Translate
পার্সনিপস গাজরের সাদৃশ্য তবে ফাঁকা এবং মিষ্টি।,Amir,Amazon Translate
চিয়রোস্কুরো শিল্পে নাটকীয়ভাবে আলো এবং ছায়াকে বিপরীত করে।,Amir,Amazon Translate
লচ নেস উত্তর স্কটল্যান্ডে অবস্থিত।,Amir,Amazon Translate
"পিকলবল টেনিস, ব্যাডমিন্টন এবং পিং পং নিয়মগুলি একত্রিত করে।",Amir,Amazon Translate
নিকেল ক্ষয় প্রতিরোধ করে এবং সহজেই মিশ্রণ গঠন করে।,Amir,Amazon Translate
বিভিন্ন স্বচ্ছ উপকরণের মধ্য দিয়ে ভ্রমণ করে হালকা,Amir,Amazon Translate
ফিল্ম অভিযোজনগুলি বইগুলিকে ভিজ্যুয়াল গল্প,Amir,Amazon Translate
কনফুসিয়ান শিক্ষাদান পারিবারিক আনুগত্যকে,Amir,Amazon Translate
পুলিশ স্থানীয়ভাবে ফৌজদারি আইন,Amir,Amazon Translate
মোবাইল অ্যাপস স্মার্টফোনে বিশেষ ইউটিলিটি সরবরাহ,Amir,Amazon Translate
মুলা তাজা সালাদের জন্য দ্রুত পরিপক্ক হয়।,Amir,Amazon Translate
ওরিগামি পেপার ক্রেন জাপানি সংস্কৃতিতে আশার প্রতিনিধিত্ব,Amir,Amazon Translate
ট্যাপ নাচের বৈশিষ্ট্য সিঙ্ক্রোনাইজ করা,Amir,Amazon Translate
কুমকোয়াটগুলি ছোট সাইট্রাস ফল যা পুরো খাওয়া হয়।,Amir,Amazon Translate
স্ব-বাস্তবতা শীর্ষ মনস্তাত্ত্বিক পরিপূর্ণ,Amir,Amazon Translate
রোল মডেলগুলি যুবকদের বিকাশকে ইতি,Amir,Amazon Translate
চ্যাপ্লেইনরা হাসপাতালে আধ্যাত্মিক সহায়তা,Amir,Amazon Translate
ধর্মীয় আইনী বিষয়ে ধর্মীয় আদালত রায় দেয়।,Amir,Amazon Translate
জিমগুলি প্রতিরোধ এবং কার্ডিও প্রশিক্ষণের জন্য সুবিধা সরবরাহ করে।,Amir,Amazon Translate
পোর্টফোলিও পর্যালোচনা বা উপস্থাপনার জন্য আর্টওয়ার্ক সংগ্রহ,Amir,Amazon Translate
গ্রাফ তত্ত্ব সংযুক্ত নোডগুলির মধ্যে সম্পর্ক অধ্যয়ন করে।,Amir,Amazon Translate
মানব সম্পদ সংস্থাগুলির মধ্যে কর্মসংস্থান সম্পর্ক পরিচালনা করে,Amir,Amazon Translate
"উপাসনায় ভক্তিপূর্ণভাবে প্রার্থনা, গান এবং অনুষ্ঠান অন্তর্ভ",Amir,Amazon Translate
ক্যাথেড্রালগুলিতে ভলটেড সিলিং এবং দাগযুক্ত কাচের জানালা রয়েছে।,Amir,Amazon Translate
ইমপ্রেশনবাদী চিত্রশিল্পীরা দ্রুত ব্রাশস্ট্রোক এবং ব,Amir,Amazon Translate
হালাল খাবার ইসলামিক খাদ্যতালিকাগত মান মেনে চলে।,Amir,Amazon Translate
প্রবীণদের যত্ন বয়স্কদের প্রতিদিনের জীবনযাপনের,Amir,Amazon Translate
বোটানিক্যাল গার্ডেন বিভিন্ন ধরণের উদ্ভিদ প্রজাতি প্রদর্শন,Amir,Amazon Translate
মঙ্গল মিশন জীবনের প্রমাণ অনুসন্ধান করে।,Amir,Amazon Translate
লিটমাস পেপার পদার্থের অম্লতা বা ক্ষারতা পরীক্ষা করে,Amir,Amazon Translate
ব্যক্তিগত স্বাস্থ্যবিধি অসুস্থতা এবং সংক্রমণ থেকে,Amir,Amazon Translate
কাউন্সেলিং ব্যক্তিগত এবং মানসিক সমস্যাগুলি সমাধান করতে,Amir,Amazon Translate
গ্রাফিক উপন্যাসগুলি ছবি এবং লিখিত গল্প গল্প,Amir,Amazon Translate
পাই একটি অযৌক্তিক গাণিতিক কনস্ট্যান্ট।,Amir,Amazon Translate
কৃষি শিল্প মাটির উর্বরতা এবং ফসলের ফলনকে,Amir,Amazon Translate
ক্যাথলিক গির্জাগুলিতে ট্যাবার্নাকলস পবিত্র রুটি সংরক্ষণ করে।,Amir,Amazon Translate
প্রত্নতত্ত্ব বস্তুগত অবশিষ্টাংশের মাধ্যমে অ,Amir,Amazon Translate
শিন্টো টোরি গেটগুলি মন্দিরের প্রবেশদ্বার চিহ্,Amir,Amazon Translate
কার্বনেশন কোমল পানীয়গুলিতে বুদবুদ তৈরি করে।,Amir,Amazon Translate
অনুরূপ “মত” বা “হিসাবে” ব্যবহার করে জিনিসগুলির বিপরীতে তুলনা করে।,Amir,Amazon Translate
ম্যাগনেটাইট একটি প্রাকৃতিকভাবে ঘটে যাওয়া চৌম্বকীয়,Amir,Amazon Translate
সাধারণ রেফারেন্স বই অনেক বিষয়ের সংক্ষিপ্ত বিবরণ সরবরাহ করে।,Amir,Amazon Translate
অভিধান শব্দ এবং তাদের ব্যবহার সংজ্ঞায়িত করে।,Amir,Amazon Translate
এনসাইক্লোপিডিয়াস একাধিক শাখায় জ্ঞান সংকলন,Amir,Amazon Translate
অ্যাটলাস রেফারেন্সের জন্য মানচিত্রের সংগ্রহ প্রদর্শন করে,Amir,Amazon Translate
রেফারেন্স লাইব্রেরিগুলি জনসাধারণের ব্যবহারের জন্য উপকরণগুলি,Amir,Amazon Translate
পরিসংখ্যান বড় পরিমাণে সংখ্যাগত তথ্যের সংক্ষিপ্ত,Amir,Amazon Translate
গ্রন্থাগারগুলি পদ্বিতীয় কাজে উল্লেখ করা উত্সগুলির তালিকা করে।,Amir,Amazon Translate
সূচকগুলি কোনও বইয়ের মধ্যে নির্দিষ্ট বিষয় সনাক্ত করতে সহায়তা করে।,Amir,Amazon Translate
শব্দকোষ পাঠ্যে ব্যবহৃত শব্দগুলি স্পষ্ট করে,Amir,Amazon Translate
অ্যালম্যানাকস বার্ষিক তথ্য এবং তথ্য উপস্থাপন করে।,Amir,Amazon Translate
উদ্ধৃতি বিন্যাস একাডেমিক লেখার স্বচ্ছতা,Amir,Amazon Translate
কালানুক্রমিক অনুক্রমে ইভেন্টগুলির রূপরেখা করে।,Amir,Amazon Translate
ক্যাটালগ প্রাসঙ্গিক বিভাগ দ্বারা আইটেম বা পণ্য সংগঠিত করে।,Amir,Amazon Translate
গাইডবুকগুলি স্থান বা ক্রিয়াকলাপ সম্পর্কে ব্যবহারিক পরামর্শ দেয়।,Amir,Amazon Translate
থিসরাসগুলি বিকল্প শব্দ পছন্দ সরবরাহ করে।,Amir,Amazon Translate
বিমূর্তগুলি গবেষণা কাগজপত্রের বিষয়বস্তুর,Amir,Amazon Translate
ম্যানুয়ালগুলি কীভাবে বিভিন্ন ডিভাইস পরিচালনা করবেন তা ব্যাখ্যা করে,Amir,Amazon Translate
কম্পেন্ডিয়ামগুলি জ্ঞানের বেশ কয়েকটি সংগঠন এক উত্সে একত্রিত করে।,Amir,Amazon Translate
সময়সূচী কালানুক্রমিকভাবে কাজ বা ইভেন্ট,Amir,Amazon Translate
অফিসিয়াল নথিগুলি গুরুত্বপূর্ণ লেনদেন বা চুক্তিগুলি,Amir,Amazon Translate
"শিল্প জাদুঘর শিল্পকর্ম সংগ্রহ, সংরক্ষণ এবং প্রদর্শন করে।",Amir,Amazon Translate
ব্যালে গল্প বলতে আন্দোলন এবং সংগীত ব্যবহার করে।,Amir,Amazon Translate
কবিতা সাবধানে বেছে নেওয়া ভাষার মাধ্যমে অনুভূতি,Amir,Amazon Translate
উপন্যাসগুলি পাঠকদের জন্য কল্পিত বিশ্ব তৈরি করে,Amir,Amazon Translate
লোকগানগুলি সাংস্কৃতিক পরিচয় এবং ঐতিহ্যকে,Amir,Amazon Translate
ভাস্কর্যটি উপকরণগুলিকে ত্রিমাত্রিক আকারে রূ,Amir,Amazon Translate
আর্কিটেকচার ডিজাইন করা কাঠামোর মাধ্যমে মানব,Amir,Amazon Translate
কমিকস আখ্যান প্রভাবের জন্য ভিজ্যুয়াল এবং সংলাপ,Amir,Amazon Translate
সিম্ফোনিগুলি জটিল অর্কেস্ট্রাল সংগীত রচনা।,Amir,Amazon Translate
চলচ্চিত্রগুলি গল্প বলতে চলমান চিত্র ব্যবহার করে।,Amir,Amazon Translate
মুরাল চিত্রগুলি শৈল্পিক দৃশ্য দিয়ে বড় দেয়াল,Amir,Amazon Translate
নাটক কথ্য সংলাপ ও কর্মের মাধ্যমে দ্বন্দ্ব চিত্রিত,Amir,Amazon Translate
ফ্যাশন ডিজাইন বিশ্বব্যাপী পোশাকের প্রবণতা,Amir,Amazon Translate
ফটোগ্রাফি ক্যামেরা দিয়ে মুহূর্তগুলি,Amir,Amazon Translate
সিরামিক কাদামাটিকে কার্যকরী বা আলংকারিক বস্ত,Amir,Amazon Translate
পারফর্মিং আর্টকে শ্রোতাদের সামনে লাইভ উপস্থাপনা,Amir,Amazon Translate
"বুকবাইন্ডিং লিখিত উপস্থাপনার টেকসই, অ্যাক্সেসযোগ্য ভলি",Amir,Amazon Translate
সাংস্কৃতিক ঐতিহ্য বিভিন্ন জাতিগোষ্ঠীর মধ্যে পৃথক,Amir,Amazon Translate
উৎসব উল্লেখযোগ্য সামাজিক বা ধর্মীয়,Amir,Amazon Translate
কারুশিল্প হাতে দক্ষ সৃষ্টির উপর জোর দেয়।,Amir,Amazon Translate
পেইন্টিং কৌশলগুলিতে জল রঙ বা তেল জড়িত হতে পারে।,Amir,Amazon Translate
সাহিত্য কল্পনা বা কবিতার মাধ্যমে সমাজ বিশ্লেষণ,Amir,Amazon Translate
নাচ কথিত শব্দ ব্যবহার না করেই অর্থ প্রকাশ করে।,Amir,Amazon Translate
পৌরাণিক কাহিনী প্রাকৃতিক ঘটনার প্রচলিত ব্যা,Amir,Amazon Translate
ডিজিটাল আর্ট সৃজনশীল অভিব্যক্তির জন্য প্রযুক্তি ব্যবহার করে।,Amir,Amazon Translate
জাদুঘর আর্টিফ্যাক্ট প্রদর্শনের মাধ্যমে ইতিহা,Amir,Amazon Translate
বিশ্ব রাজধানীগুলি দেশগুলির প্রশাসনিক কেন্দ্র হিসাবে কাজ করে।,Amir,Amazon Translate
দ্বীপপুঞ্জ হল জল দ্বারা বেষ্টিত ভূমি।,Amir,Amazon Translate
রেইনফরেস্টগুলিতে ঘন উদ্ভিদ এবং বৈচিত্র্যময় বন্য,Amir,Amazon Translate
প্লেটাউসের উচ্চ উচ্চতায় সমতল ভূখণ্ড রয়েছে।,Amir,Amazon Translate
বনগুলি অসংখ্য প্রজাতির আবাস সরবরাহ করে।,Amir,Amazon Translate
দীর্ঘস্থায়ী ক্ষয় প্রক্রিয়া থেকে ক্যানিয়নগুলি ফলে,Amir,Amazon Translate
সীমান্তগুলি ভৌগোলিকভাবে দেশ বা অঞ্চলকে পৃথক করে।,Amir,Amazon Translate
হ্রদ অভ্যন্তরীণ মিষ্টি জল,Amir,Amazon Translate
উপত্যকা পাহাড় বা পাহাড়ের মধ্যে পাওয়া যায়।,Amir,Amazon Translate
উপদ্বীপগুলি বৃহত্তর জলের মধ্যে প্রসারিত হয়।,Amir,Amazon Translate
ডেল্টাস তৈরি হয় যেখানে নদীগুলি বড় জলের সাথে মিলিত হয়,Amir,Amazon Translate
নগর কেন্দ্রগুলি জনসংখ্যা এবং অবকাঠামো,Amir,Amazon Translate
ইহুয়ারিগুলি লবণাক্ত জল এবং মিষ্টির জলের বাস্তু,Amir,Amazon Translate
গুহা প্রাকৃতিকভাবে ভূগর্ভে,Amir,Amazon Translate
জলাভূমিগুলি স্যাচুরেটেড মাটির সাথে খাপ খাইয়ে নেওয়া,Amir,Amazon Translate
ব্যায়াম কার্ডিওভাসকুলার ফিটনেস,Amir,Amazon Translate
হাইড্রেশন ডিহাইড্রেশন এবং তাপ ক্লান্তি,Amir,Amazon Translate
ঘুম পুনরুদ্ধার স্বাস্থ্যকর রোগ প্রতিরোধ,Amir,Amazon Translate
ভিটামিন প্রয়োজনীয় বিপাকীয় প্রক্রিয়াগুলিতে অবদান,Amir,Amazon Translate
হ্যান্ডওয়াশিং সংক্রামক রোগের সংক্রমণ হ্র,Amir,Amazon Translate
সুষম ডায়েটে প্রতিদিন ফল এবং শাকসবজি অন্তর্ভুক্ত থাকে।,Amir,Amazon Translate
রুটিন চেকআপ স্বাস্থ্য সমস্যার প্রাথমিক সনাক্তকরণের,Amir,Amazon Translate
শারীরিক ক্রিয়াকলাপ ওজন বাড়াতে সহায়তা,Amir,Amazon Translate
ডেন্টিস্টরা দাঁতের ক্ষয় এবং মাড়ির রোগ প্রতিরোধ করেন।,Amir,Amazon Translate
হাঁটাচলা শারীরিক এবং মানসিক উভয় সুস্থ,Amir,Amazon Translate
সঠিক ভঙ্গি জয়েন্ট ব্যথা এবং আঘাত এড়া,Amir,Amazon Translate
মানসিক শিথিলকরণ স্ট্রেস হরমোনগুলি,Amir,Amazon Translate
ভ্যাকসিনগুলি কিছু ভাইরাল অসুস্থতা থেকে রক্ষা,Amir,Amazon Translate
স্বাস্থ্যকর খাওয়ার অভ্যাস দীর্ঘস্থায়ী রোগের,Amir,Amazon Translate
প্রাতঃরাশ খাওয়া সকালের শক্তির মাত্রা বাড়ায়।,Amir,Amazon Translate
অ্যালার্জি ঘটে যখন প্রতিরোধ ব্যবস্থা ক্ষতিহীন পদার্থের,Amir,Amazon Translate
১৯১৮ সালে প্রথম বিশ্বযুদ্ধ শেষ হয়।,Amir,Amazon Translate
লন্ডনের গ্রেট ফায়ার ঘটেছিল ১৬৬৬ সালে।,Amir,Amazon Translate
প্রাচীন গ্রীস পশ্চিমা সভ্যতায় ব্যাপকভাবে,Amir,Amazon Translate
রোম সাম্রাজ্য হওয়ার আগে একটি প্রজাতন্ত্র হয়ে ওঠে।,Amir,Amazon Translate
ম্যাগনা কার্টা ১২১৫ সালে স্বাক্ষরিত হয়েছিল।,Amir,Amazon Translate
ক্রিস্টোফার কলম্বাস ১৪৯২ সালে আমেরিকা,Amir,Amazon Translate
মহাত্মা গান্ধী ভারতের স্বাধীনতা আন্দোল,Amir,Amazon Translate
মধ্যযুগীয় ইউরোপে সামন্তবাদ প্রচলিত ছিল।,Amir,Amazon Translate
১৮৬৫ সালে মার্কিন যুক্তরাষ্ট্রে দাসত্ব বিলুপ্ত হয়।,Amir,Amazon Translate
মহাকাশ অনুসন্ধান শুরু হয় বিংশ শতকের মাঝামাঝি,Amir,Amazon Translate
নেলসন ম্যান্ডেলা দক্ষিণ আফ্রিকায় বর্ণবাদের বিরু,Amir,Amazon Translate
প্রিন্টিং প্রেস আবিষ্কার যোগাযোগের বিপ্লব,Amir,Amazon Translate
শিল্প বিপ্লব যান্ত্রিকীকরণ এবং শহুরে বৃদ্ধি করেছিল।,Amir,Amazon Translate
বিংশ শতাব্দীতে নারীরা বিশ্বব্যাপী ভোটাধিকার অর্জন করেছ,Amir,Amazon Translate
১৯৯০ সালের পর ইন্টারনেট বিকাশ দ্রুত গতি,Amir,Amazon Translate
রেনেসাঁ ইউরোপে শাস্ত্রীয় জ্ঞান এবং শিল্পকে পুনরায় আবি,Amir,Amazon Translate
ইংরেজি বিশ্বব্যাপী ব্যাপকভাবে কথিত,Amir,Amazon Translate
যাত্রীরা আন্তর্জাতিক ভ্রমণের জন্য পাসপোর্ট ব্যবহার করেন,Amir,Amazon Translate
খুচরা গ্রাহকদের কাছে সরাসরি পণ্য বিক্রি করে,Amir,Amazon Translate
আলোচনা দলের মধ্যে পার্থক্য সমাধান করে।,Amir,Amazon Translate
বাগান সৌন্দর্য বা খাবারের জন্য গাছপালা বাড়া,Amir,Amazon Translate
রান্না খাওয়ার জন্য উপাদান প্রস্তুত করে।,Amir,Amazon Translate
ভোটের মাধ্যমে নাগরিকদের গণতান্ত্রিকভাবে নেতা বেছে,Amir,Amazon Translate
কাজের মধ্যে রয়েছে বেতন কর্মসংস্থান বা স্ব-কর্মসংস্থান।,Amir,Amazon Translate
শপিং প্রয়োজনীয় পণ্যের জন্য অর্থ বিনিময় করে।,Amir,Amazon Translate
শিক্ষা শিক্ষার্থীদের কাছে জ্ঞান এবং দক্ষতা প্রেরণ করে।,Amir,Amazon Translate
গাড়ি চালানো পাবলিক রাস্তায় যানবাহন,Amir,Amazon Translate
সমন্বিত গতির মাধ্যমে সাঁতার জলে দক্ষতার সাথে চলে।,Amir,Amazon Translate
হাইকিং পায়ে প্রাকৃতিক পরিবেশ অনুসন্ধান করে।,Amir,Amazon Translate
রানিং রেস গতি এবং ধৈর্য পরিমাপ করে।,Amir,Amazon Translate
কাঠের সংস্থান থেকে কাঠের কারুকাজ দরকারী আইটেম।,Amir,Amazon Translate
অভিনয় নাটকীয় উপস্থাপনায় ভূমিকা গ্রহণ করে,Amir,Amazon Translate
নতুন ধারণা ধরে রাখতে বা শিখতে পর্যালোচনা উপাদান অধ্যয়ন করা,Amir,Amazon Translate
নির্মাণ ব্লুপ্রিন্ট অনুযায়ী ভবনগুলি একত্রিত করে।,Amir,Amazon Translate
"গণিত সংখ্যা, নিদর্শন এবং সম্পর্ক অধ্যয়ন করে।",Amir,Amazon Translate
সংযোজন একটি যোগফল উত্পাদন করতে মানগুলি একত্রিত করে।,Amir,Amazon Translate
বিভাজন গ্রুপগুলির মধ্যে সমানভাবে পরিমাণ ভাগ করে।,Amir,Amazon Translate
বিবরণ দুটি সংখ্যার মধ্যে পার্থক্য খুঁজে পায়।,Amir,Amazon Translate
ভগ্নাংশ পুরো অংশকে বোঝায়।,Amir,Amazon Translate
দশমিক এক ইউনিটের চেয়ে কম অংশগুলি প্রকাশ করে।,Amir,Amazon Translate
সম্ভাবনা সম্ভাব্য ফলাফলের সম্ভাবনা অনুমান করে।,Amir,Amazon Translate
ক্যালকুলাস পরিমাণগত পরিবর্তন এবং সংগ্রহের বিষয়টি সম্বোধন,Amir,Amazon Translate
যুক্তি বৈধ যুক্তির নীতিগুলি তদন্ত করে।,Amir,Amazon Translate
গ্রাফ বিশ্লেষণের জন্য ডেটা সেটগুলি কল্পনা করে।,Amir,Amazon Translate
প্রাইম সংখ্যাগুলি কেবল এক এবং নিজেদের দ্বারা বিভাজযোগ্য।,Amir,Amazon Translate
এলাকা একটি প্রদত্ত সীমান্তের ভিতরে স্থান পরি,Amir,Amazon Translate
অনুপাত সরাসরি দুটি পরিমাণের মাপের তুলনা করে।,Amir,Amazon Translate
ফাংশনগুলি ধারাবাহিকভাবে আউটপুটগুলির,Amir,Amazon Translate
সূত্রগুলি গণনা পদ্ধতিকে মানসম্পন্ন,Amir,Amazon Translate
ঘনত্ব উপাদানের প্রতি ভলিউম ভর বর্ণনা করে।,Amir,Amazon Translate
ক্ষয় পাথর এবং মাটি ফেলে।,Amir,Amazon Translate
মাধ্যাকর্ষণ সব কিছুকে গ্রহের কোরের দিকে,Amir,Amazon Translate
চুম্বক মেরুগুলির মধ্যে আকর্ষণ বা প্রতিরোধকে প্ররোচিত করে।,Amir,Amazon Translate
ধাতু সহজেই বৈদ্যুতিক প্রবাহ পরি,Amir,Amazon Translate
অক্সিজেন প্রাণী এবং মানুষের শ্বাসকষ্ট,Amir,Amazon Translate
কার্বন জৈব যৌগের ভিত্তি গঠন করে।,Amir,Amazon Translate
অ্যাসিডগুলি টক স্বাদ দেয় এবং দ্রবণে হাইড্রোজেন আয়ন,Amir,Amazon Translate
বেসগুলি পিসলিং এবং অ্যাসিডকে নিরপেক্ষ,Amir,Amazon Translate
ভাইরাস প্রজননের জন্য জীবন্ত জীবকে সংক্রামিত করে,Amir,Amazon Translate
শব্দ তরঙ্গ বাধা এবং বাধা চারপাশে,Amir,Amazon Translate
তাপ স্বতঃস্ফূর্তভাবে গরম থেকে ঠান্ডা বস্তুতে,Amir,Amazon Translate
ম্যাগনিফিকেশন পর্যবেক্ষণের জন্য মাইক্রোস্কোপিক নমুনা,Amir,Amazon Translate
পুষ্টি শারীরিক মেরামতের জন্য বিল্ডিং ব্ল,Amir,Amazon Translate
পরমাণু সংখ্যা উপাদান নিউক্লিয়াসে প্রোটন গণনা করে,Amir,Amazon Translate
"লোকেরা বক্তৃতা, দেহের ভাষা এবং মুখের অভিব্যক্তির মাধ্যমে যোগাযোগ",Amir,Amazon Translate
ভবিষ্যতের স্মৃতির জন্য স্মৃতি অতীতের অভিজ্ঞ,Amir,Amazon Translate
ব্যক্তিত্বের বৈশিষ্ট্যগুলি ব্যক্তিদের স্বতন্ত্র করে,Amir,Amazon Translate
বার্ধক্য মানুষের মধ্যে ধীরে ধীরে জৈবিক পরি,Amir,Amazon Translate
জীবনের সমস্ত পর্যায়ে বৃদ্ধির হার পৃথক।,Amir,Amazon Translate
কৌতূহল শেখা এবং অনুসন্ধানকে প্রেরণ করে,Amir,Amazon Translate
সহযোগিতা প্রায়শই একক প্রচেষ্টার চেয়ে বেশি অর্জন করে।,Amir,Amazon Translate
প্রেরণা ব্যক্তিগত লক্ষ্য অনুসরণ চালিত করে,Amir,Amazon Translate
বিশ্বাস আন্তঃব্যক্তিক সম্পর্ককে শক্তি,Amir,Amazon Translate
সমালোচনামূলক চিন্তাভাবনা উপলব্ধ প্রমাণগুলি,Amir,Amazon Translate
স্ব-প্রতিফলন শক্তি মূল্যায়ন করে এবং উন্নতি নির্দেশ,Amir,Amazon Translate
অভ্যাসগুলি দীর্ঘ সময় ধরে আচরণকে,Amir,Amazon Translate
চাপ মন এবং শারীরিক স্বাস্থ্য উভয়ই নেতিবাচক,Amir,Amazon Translate
সৃজনশীলতা মূল সমাধান বা ধারণা তৈরি করে।,Amir,Amazon Translate
মূল্যবোধগুলি নৈতিক রায় এবং প্রতিদিনের পছন্দগুলি,Amir,Amazon Translate
বিশ্বাস বিশ্বদর্শন গঠনকে জানায়,Amir,Amazon Translate
আগ্রহ বা ক্লান্তির ভিত্তিতে মনোযোগের স্পেস ওঠানামা করে।,Amir,Amazon Translate
অনুমান পর্যবেক্ষিত ক্লু থেকে সিদ্ধান্ত নেয়।,Amir,Amazon Translate
"দর্শন অস্তিত্ব, উদ্দেশ্য এবং নৈতিকতার বিতর্ক করে",Amir,Amazon Translate
কারণ সিদ্ধান্ত নেওয়ার আগে পরিণতি বিবেচনা করে।,Amir,Amazon Translate
আনয়ন পর্যবেক্ষণ থেকে সাধারণ নীতিগুলি অনুমান করে।,Amir,Amazon Translate
নৈতিকতা প্রশ্ন করে যে কোন আচরণ ভাল বা সঠিক।,Amir,Amazon Translate
ফ্রি ইচ্ছা স্বেচ্ছাসেবী পছন্দের ক্ষমতা,Amir,Amazon Translate
দ্বৈতবাদ মনকে ধারণামূলকভাবে শরীর থেকে পৃথক করে।,Amir,Amazon Translate
উদ্দেশ্যমূলকতার লক্ষ্য নিরপেক্ষতা এবং পক্ষপাতের অভাব।,Amir,Amazon Translate
জ্ঞান ন্যায়সঙ্গত সত্য বিশ্বাস চায়,Amir,Amazon Translate
নান্দনিকতা সৌন্দর্য বা শৈল্পিক,Amir,Amazon Translate
নির্ধারণবাদ সমস্ত ঘটনা কারণগত আইন অনুসরণ করে প্রস্তাব,Amir,Amazon Translate
বৈশিষ্ট্য বাহ্যিক পুরষ্কারের চেয়ে চরিত্রের শ্রেষ্ঠত্বকে,Amir,Amazon Translate
উপযোগিতাবাদ সর্বাধিক সংখ্যার জন্য সুখ সর্বাধিক বাড়ায়,Amir,Amazon Translate
অনুরূপ ধারণার মধ্যে মিল তুলনা করে।,Amir,Amazon Translate
আদর্শবাদ বলে বাস্তবতা মানসিকভাবে নির্মিত হয়।,Amir,Amazon Translate
বস্তুবাদ দাবি করে কেবল পদার্থই অস্তিত্ব,Amir,Amazon Translate
বিশ্বাস অনুভূতিগত প্রমাণের বাইরে বিশ্বাস,Amir,Amazon Translate
ডগমা শিক্ষাকে সন্দেহজনক সত্য হিসাবে গ্রহণ করে।,Amir,Amazon Translate
ধর্মগ্রন্থে অনুসারীদের দ্বারা সম্মানিত পবিত্র লেখা রয়েছে।,Amir,Amazon Translate
প্রার্থনা দেবতাদের কাছে ইচ্ছা বা কৃতজ্ঞতা জানায়।,Amir,Amazon Translate
তীর্থযাত্রা ভ্রমণের মাধ্যমে ধর্মীয়,Amir,Amazon Translate
এককতবাদ এক সর্বোচ্চ দেবতায় বিশ্বাস করে।,Amir,Amazon Translate
"অ্যানিমিজম প্রাণী, উদ্ভিদ বা বস্তুর জন্য আত্মাকে বৈশিষ্ট্য করে",Amir,Amazon Translate
আচার বারবার অনুষ্ঠানের মাধ্যমে আধ্যাত্মিক বিশ্বাস,Amir,Amazon Translate
পাদ্রীরা মণ্ডলীয় উপাসনা সেবাগুলির নে,Amir,Amazon Translate
পাপ ঐশ্বরিক আইনের বিপরীত কাজকে চিহ্নি,Amir,Amazon Translate
অপরাধের জন্য ক্ষমা করার প্রতিশ্রুতি দেয়।,Amir,Amazon Translate
মতবাদ ধর্মীয় বিশ্বাসের ব্যাখ্যাকে ব্যবস্থা,Amir,Amazon Translate
সাক্ষী অন্যদের সাথে প্রকাশ্যে বিশ্বাস ভাগ করে।,Amir,Amazon Translate
নিষিদ্ধ সাংস্কৃতিক বা আধ্যাত্মিকভাবে নির্দিষ্ট আচরণ,Amir,Amazon Translate
মুক্তি পরবর্তী জীবন পূরণ বা মুক্তির আশা প্রদান করে।,Amir,Amazon Translate
সামাজিক নিয়ম প্রত্যাশিত গোষ্ঠী আচর,Amir,Amazon Translate
গণতন্ত্র সংখ্যাগরিষ্ঠ ভোটে নেতাদের নির্বাচন,Amir,Amazon Translate
পরিবারগুলি শিশুদের প্রাথমিক বিকাশ লাভ করে।,Amir,Amazon Translate
সম্প্রদায়গুলি পারস্পরিক সুবিধার জন্য সম্পদ,Amir,Amazon Translate
অর্থনীতিগুলি মুদ্রার জন্য পণ্য এবং পরিষেবা বাণিজ্য,Amir,Amazon Translate
শিক্ষা প্রয়োজনীয় সাক্ষরতা এবং দক্ষতা প্রদান করে।,Amir,Amazon Translate
গণমাধ্যম জনগণের কাছে ব্যাপকভাবে সংবাদ প্রচার করে।,Amir,Amazon Translate
সরকার আইন কার্যকর করে এবং নাগরিক শৃঙ্খলা বজায়,Amir,Amazon Translate
অসমতা সুযোগ প্রবেশের মাধ্যমে জনগণকে ভাগ করে,Amir,Amazon Translate
স্বেচ্ছাসেবক বেতন ছাড়াই সম্মিলিত,Amir,Amazon Translate
দুর্যোগ ত্রাণ হঠাৎ সমস্যার সম্মুখীন হতা,Amir,Amazon Translate
ন্যায়বিচার সম্মত মানগুলির অধীনে ন্যায্য,Amir,Amazon Translate
পাবলিক পলিসি ব্যবহারিকভাবে ভাগ করা সমস্যাগুলির প্রতিক্রিয়া,Amir,Amazon Translate
দ্বন্দ্ব সমাধান শান্তিপূর্ণ আপত্তিকে,Amir,Amazon Translate
বাজারগুলি সরবরাহ এবং চাহিদা ব্যবহার করে দাম নির্ধারণ করে।,Amir,Amazon Translate
প্রযুক্তি বৈজ্ঞানিক নীতি ব্যবহার করে সমস্যা সমাধান করে।,Amir,Amazon Translate
ইন্টারনেট তাত্ক্ষণিকভাবে বিশ্বব্যাপী,Amir,Amazon Translate
"স্মার্টফোনগুলি ফোন কল, কম্পিউটিং এবং ক্যামেরা একত্রিত",Amir,Amazon Translate
সফ্টওয়্যার প্রোগ্রামগুলি কোডেড কমান্ড সহ কম্পিউটারগুলি,Amir,Amazon Translate
রোবোটিক্স পুনরাবৃত্তি বা বিপজ্জনক ফাংশন,Amir,Amazon Translate
উপগ্রহগুলি কক্ষপথ থেকে দূরবর্তীভাবে পৃথিব,Amir,Amazon Translate
বৈদ্যুতিক মোটর বিদ্যুৎ যান্ত্রিক কাজে রূপান্ত,Amir,Amazon Translate
3 ডি প্রিন্টিং স্তর দ্বারা অবজেক্টগুলি স্তর তৈরি করে।,Amir,Amazon Translate
ক্লাউড স্টোরেজ ওয়েব মাধ্যমে সাইট থেকে ফাইল সংরক্ষণ করে।,Amir,Amazon Translate
মেডিকেল ইমেজিং অভ্যন্তরীণ শরীরের পরিস্থিতিগুলিকে,Amir,Amazon Translate
"পুনর্নবীকরণযোগ্য শক্তি সূর্য, বায়ু বা জল শক্তি ব্যবহার করে",Amir,Amazon Translate
কৃত্রিম বুদ্ধিমত্তা একবার মানব জ্ঞানের প্রয়োজনে কাজ করে,Amir,Amazon Translate
ন্যানো টেকনোলজি ইঞ্জিনিয়ারদের আণবিক স্কেলে,Amir,Amazon Translate
জেনেটিক ইঞ্জিনিয়ারিং ইচ্ছাকৃতভাবে জীবাণুর,Amir,Amazon Translate
কোয়ান্টাম মেকানিক্স পারমাণবিক এবং উপপারমাণবিক,Amir,Amazon Translate
সাইবার সিকিউরিটি অননুমোদিত অ্যাক্সেসের বিরুদ্ধে তথ্য,Amir,Amazon Translate
বায়োডেগ্রেডেবল প্লাস্টিকগুলি পরিবেশগত দূষণ,Amir,Amazon Translate
সেমিকন্ডাক্টরগুলি কমপ্যাক্ট ইলেকট্রনিক সার্কিটরি,Amir,Amazon Translate
একটি রেসিপি ধাপে ধাপে রান্নার নির্দেশাবল,Amir,Amazon Translate
ইতিহাসবিদরা প্রসঙ্গের জন্য অতীতের ঘটনা,Amir,Amazon Translate
শাকসবজি ধোয়া পৃষ্ঠের কীটনাশক,Amir,Amazon Translate
রান্নার জড়িত তাপ ব্যবহার করে খাবার প্রস্তুত করা।,Amir,Amazon Translate
বীজগণিত সংখ্যা উপস্থাপন করতে অক্ষর ব্যবহার করে।,Amir,Amazon Translate
হাইড্রোজেন সবচেয়ে সহজ রাসায়নিক উপাদান।,Amir,Amazon Translate
ব্যক্তিত্ব সামাজিক মিথস্ক্রিয়া এবং আচরণ,Amir,Amazon Translate
সন্দেহবাদের দাবি বিশ্বাস করার আগে প্রশ্ন করা প্রয়োজন।,Amir,Amazon Translate
বৌদ্ধ ধর্ম মনশীলতা ও সহানু,Amir,Amazon Translate
পরিবারগুলি বাচ্চাদের যৌবনে পালন করে।,Amir,Amazon Translate
ইমেল দূরত্ব জুড়ে ডিজিটাল যোগাযোগ,Amir,Amazon Translate
স্বয়ংক্রিয় দরজা খুলতে সেন্সর ব্যবহার,Amir,Amazon Translate
থিসরাসগুলি সাধারণত ব্যবহৃত শব্দের প্রতিশব্দ তালিকা করে।,Amir,Amazon Translate
"অর্কেস্ট্রাগুলিতে স্ট্রিং, উডওয়াইন্ড, ব্রাস এবং পার্কশন যন্ত্র রয়েছে।",Amir,Amazon Translate
প্যারিস 'আলোর শহর' নামে পরিচিত।,Amir,Amazon Translate
দৌড়ানো উল্লেখযোগ্যভাবে পায়ের পেশী,Amir,Amazon Translate
পেইন্টিং দেয়াল একটি ঘরের চেহারা পরিবর্তন করে।,Amir,Amazon Translate
প্রাইম সংখ্যাগুলির মাত্র দুটি বিভাজক থাকে।,Amir,Amazon Translate
হাসি সাময়িকভাবে চাপ কমাতে পারে।,Amir,Amazon Translate
যুক্তি যুক্তিকে আবেগ থেকে পৃথক করে।,Amir,Amazon Translate
সাংস্কৃতিক অনুষ্ঠান সময়ের সাথে সাথে গ্রুপ পরিচয়,Amir,Amazon Translate
নির্বাচন গণতান্ত্রিকভাবে রাজনৈতিক নেতাদের নির্,Amir,Amazon Translate
বায়ু টারবাইনগুলি বায়ু দূষণ ছাড়াই বিদ্যুৎ,Amir,Amazon Translate
পাঠ্যপুস্তকগুলি পদ্ধতিগতভাবে বিষয়,Amir,Amazon Translate
আধুনিক শিল্প প্রায়শই ঐতিহ্যবাহী,Amir,Amazon Translate
সঠিক ঘুম মানসিক ফোকাস সমর্থ,Amir,Amazon Translate
টাইপিং দ্রুত অফিসের উত্পাদনশীলতা,Amir,Amazon Translate
শূন্য দ্বারা গুণিত করা শূন্য ফলন করে।,Amir,Amazon Translate
মাধ্যাকর্ষণ গ্রহকে স্থিতিশীল কক্ষপথে রাখে,Amir,Amazon Translate
সম্মান সম্পর্কের মধ্যে বিশ্বাস অর্জন করে।,Amir,Amazon Translate
বিমূর্ত চিন্তাভাবনা সুস্পষ্ট ছাড়িয়ে নিদর্শন,Amir,Amazon Translate
ইসলামের পবিত্র গ্রন্থকে কুরআন বলা হয়।,Amir,Amazon Translate
সামাজিক নিয়ম সংস্কৃতির মধ্যে পৃথক হয়।,Amir,Amazon Translate
ওয়্যারলেস ইন্টারনেট মোবাইল ডিভাইসগুলিকে,Amir,Amazon Translate
ম্যানুয়াল শ্রমের জন্য শারীরিক প্রচেষ্টা,Amir,Amazon Translate
অভিধান শব্দ সংজ্ঞা বর্ণানুক্রমে বাছাই করে।,Amir,Amazon Translate
পুশ-আপগুলি বুক এবং হাতের পেশীগুলিকে শক্তিশালী করে,Amir,Amazon Translate
"বাগান করা ফুল, ফল এবং শাকসবজি উত্পাদন করে।",Amir,Amazon Translate
বিভাগ আইটেমগুলি সমান গ্রুপে বিতরণ করে।,Amir,Amazon Translate
আত্মসম্মান ব্যক্তিগত ক্ষমতার প্রতি আত্মবিশ্,Amir,Amazon Translate
বিতর্ক যুক্তি দক্ষতা বিকাশ করে,Amir,Amazon Translate
শিন্টো প্রকৃতিতে পাওয়া আত্মাদের পূজা করে।,Amir,Amazon Translate
নগরীকরণ শহরগুলিতে মানুষকে মনোনিবেশ করে,Amir,Amazon Translate
বৈদ্যুতিক গাড়িগুলি লিথিয়াম ব্যাটারিতে চালা,Amir,Amazon Translate
এনসাইক্লোপিডিয়াগুলি বর্ণানুক্রমিক বা স্থাপীভাবে জ্ঞান সংগ্রহ করে।,Amir,Amazon Translate
প্রাচীন গ্রীক থিয়েটারগুলিতে নাটকীয় অভিনয় ছিল,Amir,Amazon Translate
আমাজন নদী দক্ষিণ আমেরিকার দীর্ঘতম নদী।,Amir,Amazon Translate
প্রিন্টিং প্রেস আবিষ্কারের সাক্ষরতার হার বৃ,Amir,Amazon Translate
ক্যালকুলেটর দ্রুত সংখ্যাসূচক ফলাফল,Amir,Amazon Translate
অন্যের সীমানা সম্মান করার সময় দৃঢ় প্রয়োজনীয়তা প্রকাশ করে।,Amir,Amazon Translate
প্রশ্নগুলি অন্তর্নিহিত অনুমানগুলিকে,Amir,Amazon Translate
ভোট প্রভাবিত করে সরকারি নীতি,Amir,Amazon Translate
"প্রকৌশল সেতু, রাস্তা এবং যানবাহন তৈরি করে।",Amir,Amazon Translate
রোড ম্যাপ মহাসড়ক এবং বিচ্ছেদ প্রদর্শন করে।,Amir,Amazon Translate
কমিক বই সংলাপের সাথে অঙ্কন একত্রিত করে,Amir,Amazon Translate
সিডনি অপেরা হাউস অস্ট্রেলিয়ার আইকনিক ভবন।,Amir,Amazon Translate
তাই চি ধীর গতি এবং শ্বাসকে একীভূত করে।,Amir,Amazon Translate
রোমান সাম্রাজ্য ইউরোপের বেশিরভাগ অংশ জুড়ে,Amir,Amazon Translate
ইস্ত্রি কাপড় থেকে রিঙ্কেল দূর,Amir,Amazon Translate
জীববিজ্ঞানীরা মিল অনুসারে প্রাণীদের শ্রেণিবদ্,Amir,Amazon Translate
ব্যক্তিগত অখণ্ডতা বিশ্বস্ত খ্যাতি উত্সাহ,Amir,Amazon Translate
যুক্তিগুলির জন্য বিশ্বাসের সমর্থনকারী প্রমাণ প্রয়োজন,Amir,Amazon Translate
কনফুসিয়ানিজম বড়দের প্রতি শ্রদ্ধা এবং সাদৃশ্য জোর,Amir,Amazon Translate
জন্ম শংসাপত্র জন্মের সময় আইনি অবস্থা নথি,Amir,Amazon Translate
সৌর প্যানেল পরিষ্কার বৈদ্যুতিক শক্তি তৈরি,Amir,Amazon Translate
রেফারেন্স গাইড দ্রুত অ্যাক্সেসের জন্য তথ্য সংগঠিত,Amir,Amazon Translate
মোজাইক আর্ট ছোট রঙিন টুকরা ব্যবহার করে,Amir,Amazon Translate
লন্ডন থেমস নদীর পাশে অবস্থিত।,Amir,Amazon Translate
প্ল্যাঙ্কগুলি মূল পেশী শক্তি বিকাশ করে।,Amir,Amazon Translate
সেলাইয়ের ইন্টারলকিং লুপ থেকে ফ্যাব্রিক তৈরি করে।,Amir,Amazon Translate
ভগ্নাংশগুলি আংশিক পরিমাণ,Amir,Amazon Translate
ঘর্ষণ পৃষ্ঠের মধ্যে গতি প্রতিরোধ করে।,Amir,Amazon Translate
অনুমান বৈজ্ঞানিক পরীক্ষাকে জ্বালান,Amir,Amazon Translate
ধর্মীয় ছুটির দিনগুলি উল্লেখযোগ্য বিশ্বাস,Amir,Amazon Translate
আইনী ব্যবস্থা সম্প্রদায়ের আচরণ নিয়ন্ত্রণ,Amir,Amazon Translate
বারকোড স্ক্যানিংয়ের জন্য পণ্য ডেটা সংরক্ষণ করে।,Amir,Amazon Translate
শব্দকোষগুলি প্রযুক্তিগত শব্দগুলিকে সংক্ষিপ্তভাবে,Amir,Amazon Translate
আর্ট গ্যালারী জনসাধারণের দেখার জন্য প্রদর্শনী সংরক্ষণ করে,Amir,Amazon Translate
পাইরেনিস ফ্রান্স এবং স্পেনের মধ্যে একটি প্রাকৃতিক সীমান্ত তৈরি করে,Amir,Amazon Translate
ডায়েটে ডায়েট প্রোটিন সরবরাহ করে।,Amir,Amazon Translate
হলোকাস্ট গণহত্যার শিকারদের স্মরণ করে।,Amir,Amazon Translate
ফটোগ্রাফি লেন্সের মাধ্যমে মুহুর্তগুলি,Amir,Amazon Translate
কোণ ঘূর্ণনের ডিগ্রি পরিমাপ করে।,Amir,Amazon Translate
ফুটন্ত রান্নাঘরের পাত্র নির্বীজন করে,Amir,Amazon Translate
ধ্যান স্বাভাবিকভাবেই রক্তচাপ,Amir,Amazon Translate
প্রাঙ্গণ যৌক্তিক যুক্তিতে পয়েন্ট স্থাপন করে।,Amir,Amazon Translate
বৈদিক গ্রন্থ হিন্দু ধর্মের প্রাচীন গ্রন্থ।,Amir,Amazon Translate
ট্রেড ইউনিয়নগুলি সম্মিলিতভাবে শ্রমিকদের স্ব,Amir,Amazon Translate
মেডিকেল রোবট সুনির্দিষ্ট সার্জারিতে সহায়তা করে।,Amir,Amazon Translate
গ্রন্থাগার উৎস উপকরণ উদ্ধৃত করে।,Amir,Amazon Translate
ইমপ্রেশনিস্ট চিত্রশিল্পীরা প্রাকৃতিক আলোর,Amir,Amazon Translate
হাওয়াই পুরোপুরি আগ্নেয়গিরির দ্বীপ,Amir,Amazon Translate
দ্বিতীয় যুদ্ধের পর শীতল যুদ্ধের উত্তেজনা বিশ্বব্যাপী,Amir,Amazon Translate
সেট তত্ত্ব গাণিতিক সংগ্রহগুলি অধ্যয়ন,Amir,Amazon Translate
শক্তি ব্যক্তিগত ক্ষমতাকে উদ্দেশ্যমূলকভাবে,Amir,Amazon Translate
ধারাবাহিকতা বলা মানগুলির সাথে ক্রিয়াগুলি সারিবদ্ধ,Amir,Amazon Translate
ডিওন্টোলজি কর্তব্য ভিত্তিক নৈতিকতার মূল্যায়ন করে।,Amir,Amazon Translate
স্কুল ইউনিফর্ম শিক্ষার্থীদের পোশাককে মান করে,Amir,Amazon Translate
সংরক্ষিত তথ্য ফাইবার-অপটিক তারের মাধ্যমে ভ্রমণ,Amir,Amazon Translate
নির্দেশাবলী ম্যানুয়ালগুলি ব্যবহারকারীদের পরি,Amir,Amazon Translate
টেপেস্ট্রিগুলি বোনা চিত্র দিয়ে অভ্যন্তরীণ সাজায়।,Amir,Amazon Translate
গ্র্যান্ড ক্যানিয়ন স্তরপূর্ণ ভূতত্ত্ব প্রদর্শন করে,Amir,Amazon Translate
প্রথম বিশ্বযুদ্ধের পরে ভার্সাইলের চুক্তি,Amir,Amazon Translate
কুকুর প্রশিক্ষণ পছন্দসই আচরণকে,Amir,Amazon Translate
নিউটনের আইন শাস্ত্রীয় যান্ত্রিক ব্যাখ্যা করে,Amir,Amazon Translate
দ্রবণগুলির অম্লতা বা ক্ষারীত্বের জন্য রসায়ন পরীক্ষা।,Amir,Amazon Translate
তীব্র ভয়ের কারণে ফোবিয়াস কার্যক্রম সীমাবদ্,Amir,Amazon Translate
মূল্যায়ন ধারণার যোগ্যতা পরীক্ষা করে।,Amir,Amazon Translate
উপাসনা কেন্দ্রগুলি আধ্যাত্মিক সমাবেশ,Amir,Amazon Translate
দেশগুলি আইনত নাগরিকত্বের প্রয়োজনীয়তা,Amir,Amazon Translate
মেশিন লার্নিং অ্যালগরিদম দিয়ে সিদ্ধান্ত গ্রহণ,Amir,Amazon Translate
ওয়েবসাইটগুলি তথ্যে দ্রুত অ্যাক্সেস সরবরাহ করে।,Amir,Amazon Translate
মানুষ যোগাযোগের জন্য ইন্টারনেট ব্যবহার করে।,Amir,Amazon Translate
দক্ষিণ এশিয়ায় হিন্দু ধর্মের উত্স,Amir,Amazon Translate
সেল ফোন বেতার প্রযুক্তির উপর নির্ভর করে।,Amir,Amazon Translate
এনসাইক্লোপিডিয়াস বিভিন্ন বিষয় সম্পর্কে জ্ঞানকে সংক্ষিপ্ত করে,Amir,Amazon Translate
আফ্রিকার তানজানিয়ায় মাউন্ট কিলিমঞ্জারো উঠেছে।,Amir,Amazon Translate
প্রতিদিনের অনুশীলন কার্ডিওভাসকুলার স্বা,Amir,Amazon Translate
প্রাচীন রোম আধুনিক আর্কিটেকচারকে,Amir,Amazon Translate
রান্না করার জন্য নিম্নলিখিত রেসিপি বা নির্দেশা,Amir,Amazon Translate
যুক্তি ধারাবাহিক যুক্তির উপর নির্ভর করে।,Amir,Amazon Translate
শিখ ধর্ম সমতা এবং সম্প্রদায় সেবা শেখায়।,Amir,Amazon Translate
ব্যালে অভিব্যক্তিক গল্পের সাথে নাচকে একত্রিত করে।,Amir,Amazon Translate
ক্রীড়া শারীরিক ক্রিয়াকলাপ এবং প্রতিযোগ,Amir,Amazon Translate
যুক্তি বৈধ যুক্তিগুলিকে অবৈধ থেকে পৃথক করে।,Amir,Amazon Translate
ইহুদি ধর্ম কাশ্রুত নামক ডায়েটরি আইন পালন করে।,Amir,Amazon Translate
আদমশুমারি গণনা সরকারগুলিকে সম্পদ,Amir,Amazon Translate
ডিজিটাল ক্যামেরাগুলি ইলেকট্রনিকভাবে,Amir,Amazon Translate
হ্যান্ডবুক ধাপে ধাপে নির্দেশিকা,Amir,Amazon Translate
অ্যামাজন রেইনফরেস্ট দক্ষিণ আমেরিকায় অবস্থিত।,Amir,Amazon Translate
নিয়মিত ঘুম স্বাস্থ্যকর মস্তিষ্কের কার্য,Amir,Amazon Translate
নাগরিক অধিকার আন্দোলন মার্কিন যুক্তরাষ্ট্রে জাতিগত,Amir,Amazon Translate
বীজগণিত সমীকরণ সমাধান করতে ভেরিয়েবল ব্যবহার করে।,Amir,Amazon Translate
পৃথিবী প্রতি বছর সূর্যের চারপাশে ঘুরে,Amir,Amazon Translate
আত্মসম্মান অনুপ্রেরণা এবং লক্ষ্য অর্জনের,Amir,Amazon Translate
ডিডাকটিভ লজিক সাধারণ নীতি দিয়ে শুরু হয়।,Amir,Amazon Translate
প্রার্থনা অনেক ধর্মে অনুশীলন করা হয়।,Amir,Amazon Translate
সামাজিক নিয়ম গ্রহণযোগ্য গ্রুপ আচরণ,Amir,Amazon Translate
ইন্টারনেটের গতি সরবরাহকারীদের মধ্যে পৃথক।,Amir,Amazon Translate
ম্যানুয়াল শ্রমের সাথে হাত দিয়ে কাজ করা জড়িত।,Amir,Amazon Translate
সমসাময়িক শিল্প ঐতিহ্যগত সৃজনশীল,Amir,Amazon Translate
সিডনি অপেরা হাউস সিডনির বন্দরে অবস্থিত।,Amir,Amazon Translate
বৈদ্যুতিক গাড়ি গ্রিনহাউস গ্যাস,Amir,Amazon Translate
ব্রেইনস্টর্মিং উদ্ভাবনী সমাধান তৈরি করে।,Amir,Amazon Translate
ইসলাম শুক্রবার একটি পবিত্র দিন হিসাবে বিবেচনা করে।,Amir,Amazon Translate
জাদুঘরগুলি জনসাধারণের দর্শনের জন্য শিল্পকর্ম,Amir,Amazon Translate
হিমালয় এশিয়ার বেশ কয়েকটি দেশে বিস্তৃত।,Amir,Amazon Translate
ফলের ব্যবহার প্রয়োজনীয় ভিটামিন সরবরাহ করে।,Amir,Amazon Translate
লুই চতুর্থ ফ্রান্সের রাজা হিসেবে রাজত্ব করেন।,Amir,Amazon Translate
নতুন ভাষা শেখা সাংস্কৃতিক বোঝার প্রসারিত,Amir,Amazon Translate
ক্যালকুলাস গণিতিকভাবে পরিবর্তন এবং গতি বিশ্লেষণ,Amir,Amazon Translate
সম্মান ইতিবাচক সামাজিক সম্পর্ক উত্সাহিত করে,Amir,Amazon Translate
দার্শনিকরা অস্তিত্ব এবং নীতিশাস্ত্র,Amir,Amazon Translate
কনফুসিয়ানিজম শাস্ত্রীয় ধর্ম্য এবং শিক্ষার মূল্য দেয়।,Amir,Amazon Translate
সম্বন্ধগুলি থিম বা যুগ অনুসারে সাহিত্যকর্ম সংগ্রহ করে।,Amir,Amazon Translate
ভাস্কর্যটি ত্রিমাত্রিক ভিজ্যুয়াল,Amir,Amazon Translate
বাইকাল লেক রাশিয়ার সবচেয়ে বড় মিষ্টির পরিমাণ ধারণ করে।,Amir,Amazon Translate
এরোবিক ক্রিয়াকলাপ ফুসফুসের ক্ষম,Amir,Amazon Translate
সম্ভাবনা ফলাফলের সম্ভাবনা পরিমাপ করে।,Amir,Amazon Translate
আনয়ন প্রমাণের ভিত্তিতে সিদ্ধান্ত নেয়।,Amir,Amazon Translate
মেশিন লার্নিং মানব বুদ্ধি প্রক্রিয়াগুলি অনুকরণ করে।,Amir,Amazon Translate
সূচকগুলি সহজ অনুসন্ধানের জন্য সামগ্রী শ্রেণিবদ্,Amir,Amazon Translate
ভ্যাটিকান সিটি একটি স্বাধীন শহর-রাষ্ট্র।,Amir,Amazon Translate
গুটেনবার্গের প্রেসের পরে মুদ্রণ যোগাযোগকে রূপান্তরিত করে।,Amir,Amazon Translate
সাইক্লিং পায়ের পেশীকে টোন করে এবং ক্যালোরি পোড়ায়,Amir,Amazon Translate
নিরপেক্তকরণ প্রতিক্রিয়া লবণ এবং জল তৈরি করে।,Amir,Amazon Translate
বিশ্বাস মনোভাব এবং দৃষ্টিভঙ্গ,Amir,Amazon Translate
সাদৃশ্য পরিষ্কার ব্যাখ্যা জন্য মিল তুলনা করে।,Amir,Amazon Translate
সম্প্রদায়গুলি অন্তর্গত বৃদ্ধির জন্য ইভেন্ট,Amir,Amazon Translate
টিম ওয়ার্ক দক্ষতার সাথে জটিল লক্ষ্যগুলি,Amir,Amazon Translate
ব্যাকরণ নিয়ম পরিষ্কার লিখিত যোগাযোগ নিশ্চিত করে।,Amir,Amazon Translate
বিমূর্ত শিল্প ধারণাগত ধারণাকে অগ্রাধিকার,Amir,Amazon Translate
রোয়িং শরীরের উপরের শক্তি ব্যায়াম,Amir,Amazon Translate
সাইন ভাষা বধির ব্যক্তিদের যোগাযোগের সুবিধা,Amir,Amazon Translate
পর্যবেক্ষণ দক্ষতা বৈজ্ঞানিক তদন্ত বাড়ায়,Amir,Amazon Translate
জেনেটিক্স জীবিত জীবের বংশগততা পরীক্ষা করে।,Amir,Amazon Translate
নোবেল পুরস্কারগুলি অসামান্য অর্জনকে,Amir,Amazon Translate
সিম্ফোনিগুলির জন্য অর্কেস্ট্রাল সহযোগিতা প্রয়োজন।,Amir,Amazon Translate
মহাদেশগুলি পৃথিবীর ভূপৃষ্ঠকে বিভক্ত করে।,Amir,Amazon Translate
বিশ্রাম ব্যায়ামের পরে পেশী পুনরুদ্ধারকে,Amir,Amazon Translate
নেপোলিয়ন বোনাপার্ট ফরাসি সামরিক অভিযানের নেতৃত্ব,Amir,Amazon Translate
দশমিক ভগ্নাংশ মান উপস্থাপন করে।,Amir,Amazon Translate
টেকটোনিক প্লেট পৃথিবীর ভূত্বকের নিচে চলে যায়।,Amir,Amazon Translate
সহানুভূতি ব্যক্তিগত ভুল বুঝু,Amir,Amazon Translate
নীতিশাস্ত্র আলোচনা করে যে কোন কর্ম নৈতিকভাবে,Amir,Amazon Translate
খ্রিস্টধর্ম যীশু খ্রিস্টের শিক্ষার,Amir,Amazon Translate
সরকারগুলি প্রতিনিধি সংস্থার মাধ্যমে নীতি প্রণয়ন করে।,Amir,Amazon Translate
স্মার্টফোনগুলি কম্পিউটিং এবং টেলিযোগাযোগ,Amir,Amazon Translate
রেফারেন্স চার্ট দৃশ্যত জটিল তথ্য সহজ,Amir,Amazon Translate
এনসাইক্লোপিডিয়া অনেক বিষয়ে সাধারণ তথ্য সংকলন করে।,Amir,Amazon Translate
থিসরাসগুলি লেখার উন্নতির জন্য শব্দের প্রতিশব্দ তালিকাভুক্ত করে।,Amir,Amazon Translate
বিশ্বব্যাপী মানচিত্র সঠিকভাবে মহাদেশ এবং মহা,Amir,Amazon Translate
যোগব্যায়াম নমনীয়তা এবং শরীরের সচেতনতা,Amir,Amazon Translate
গ্রীসের রাজধানী হল এথেন্স।,Amir,Amazon Translate
পানীয় জল কিডনি ফাংশন সমর্থন করে,Amir,Amazon Translate
কার্পেন্টারি দক্ষ কাঠের কাজ জড়িত,Amir,Amazon Translate
ব্যক্তিগত বৈশিষ্ট্য ক্যারিয়ার পছন্দ,Amir,Amazon Translate
বিশ্লেষণ ধারণাগুলি ছোট অংশে ভাগ করে।,Amir,Amazon Translate
বৌদ্ধধর্ম মানসিকতা ধ্যান,Amir,Amazon Translate
সামাজিক নিয়ম গ্রহণযোগ্য আচরণ নিয়ন্ত্রণ করে,Amir,Amazon Translate
স্মার্টফোন পোর্টেবল যোগাযোগ সরঞ্জাম,Amir,Amazon Translate
ডিজিটাল ঘড়িগুলি শুধুমাত্র সংখ্যা ব্যবহার করে সময় দেখায়।,Amir,Amazon Translate
তেল পেইন্টিং সমৃদ্ধ রঙ মিশ্রণ কৌশল অনুমতি,Amir,Amazon Translate
অস্ট্রেলিয়া একটি দেশ এবং একটি মহাদেশ উভয়ই।,Amir,Amazon Translate
রোমান সভ্যতা পরবর্তী ইউরোপীয় সংস্কৃতিগুলিকে,Amir,Amazon Translate
স্ট্রি-ফ্রাইং দ্রুত উচ্চ তাপে খাবার রান্না করে।,Amir,Amazon Translate
সুখ প্রতিরোধ ক্ষমতা বাড়ায়।,Amir,Amazon Translate
প্রাঙ্গন থেকে দাবি অনুসরণ করা হলে ডিকটিভ পদ্ধতিগুলি পরীক্ষা,Amir,Amazon Translate
অ্যানিমিজম প্রকৃতির আধ্যাত্মিক গুণাবলী,Amir,Amazon Translate
ইমেল এখন ব্যবসায়ের চিঠিপত্রের জন্য প্রয়োজনীয়।,Amir,Amazon Translate
নির্দেশিকা ম্যানুয়ালগুলি পণ্যের জন্য অপারেটিং নির্দেশা,Amir,Amazon Translate
চেম্বার সংগীতে ছোট এনসেম্বল পারফর,Amir,Amazon Translate
মাউন্ট রেইনার মার্কিন যুক্তরাষ্ট্রের ওয়াশিংটন রাজ্যে অবস্থিত।,Amir,Amazon Translate
সার্কিট প্রশিক্ষণ শক্তি এবং কার্ডিও অনুশীলনের একত্রিত হয়,Amir,Amazon Translate
নাগরিক অধিকার আইন সমান সুযোগ রক্ষা করে।,Amir,Amazon Translate
গুণগুণ সংযোজন প্রক্রিয়াগুলি দক্ষতার সাথে,Amir,Amazon Translate
"মহাদেশগুলির মধ্যে রয়েছে এশিয়া, আফ্রিকা এবং ইউরোপ।",Amir,Amazon Translate
বিশ্বাস কাজের সহযোগিতা জোরদার করে,Amir,Amazon Translate
প্রতিফলন উন্নত বোঝার জন্য অভিজ্ঞতাগুলি পুনরায়,Amir,Amazon Translate
ক্যাথলিক ধর্মের মধ্যে অনন্য সাক্রামেন্ট এবং ঐতিহ্য রয়েছে।,Amir,Amazon Translate
জনসংখ্যা গ্রুপের জনসংখ্যার পরিবর্তনগুলি ট্র্যাক করে।,Amir,Amazon Translate
কম্পিউটার চিপস দ্রুত ইলেকট্রনিক সংকে,Amir,Amazon Translate
রেফারেন্স চিঠিগুলি নিরপেক্তভাবে প্রার্থীর যোগ,Amir,Amazon Translate
মাদাগাস্কার বিভিন্ন বন্যজীবী প্রজাতির জন্য বিখ্যাত,Amir,Amazon Translate
রান্নার রান্না প্রায়ই পরিবারকে একত্রিত করে,Amir,Amazon Translate
বিভাগ আইটেমগুলিকে সমান অংশে পৃথক করে।,Amir,Amazon Translate
সহানুভূতি টিমওয়ার্ক সন্তুষ্টির হার,Amir,Amazon Translate
যুক্তিযুক্ত যুক্তিগুলি সুস্থ প্রমাণ ব্যবহার করে।,Amir,Amazon Translate
আদালত ব্যবস্থা নিরপেক্ষভাবে আইনের ব্যাখ্যা এবং প্রয়োগ করে,Amir,Amazon Translate
ওয়্যারলেস প্রযুক্তি তারের ছাড়া ডেটা প্রেরণ,Amir,Amazon Translate
গাইডবুক দর্শকদের জন্য স্থানীয় আকর্ষণ সুপারিশ করে,Amir,Amazon Translate
১৯২০ এর দশকে আর্ট ডেকো শৈলী বিকাশ লাভ করে।,Amir,Amazon Translate
দানুব নদী মধ্য ও পূর্ব ইউরোপ জুড়ে প্রবাহ,Amir,Amazon Translate
হাইড্রেশন শারীরিক ক্রিয়াকলাপের সময় ফো,Amir,Amazon Translate
১৯৪১ সালের ডিসেম্বরে পার্ল হারবার হামলা ঘটে,Amir,Amazon Translate
বীজগণিতিক ভেরিয়েবলগুলি অজানা পরিমাণকে,Amir,Amazon Translate
পোকামাকড়ের শারীরিকভাবে ছয়টি পা,Amir,Amazon Translate
ব্যক্তিগত বৃদ্ধি নিয়মিত স্ব-প্রতিফলন অনুশীলন,Amir,Amazon Translate
বৈধ সংযোগ ছাড়াই লজিক ত্রুটিগুলি ঘটে।,Amir,Amazon Translate
ইসলাম জাকাত দেওয়ার মাধ্যমে দাতকে উত্সাহ দেয়,Amir,Amazon Translate
পাবলিক ভোটিং নেতৃত্বের নিয়োগের নির্,Amir,Amazon Translate
লেক্সিকনগুলি বর্ণানুক্রমিকভাবে শব্দের অর্থগুলি সং,Amir,Amazon Translate
সংসদীয় অধিবেশনগুলি নিয়মিত জাতীয় আইন স্থাপন,Amir,Amazon Translate
ধর্ম খাদ্যতালিকাগত অভ্যাসকে,Amir,Amazon Translate
প্রতিবেশী গোষ্ঠীগুলি স্থানীয়ভাবে নিরাপত্তা,Amir,Amazon Translate
ক্যাটালগগুলি সংগঠিত পর্যালোচনার জন্য আইটেমগুলি,Amir,Amazon Translate
খোদাই করা পৃষ্ঠে চিত্র বা ডিজাইন কাটা জড়িত।,Amir,Amazon Translate
গোবি মরুভূমি উত্তর চীন এবং মঙ্গোলিয়া জুড়ে প্রস,Amir,Amazon Translate
আমেরিকান বিলুপ্তি দাসত্বের অবসান,Amir,Amazon Translate
সেলাই মেশিন পোশাক উত্পাদন গতি বাড়ায়।,Amir,Amazon Translate
দশমিক বিন্দু পূর্ণসংখ্যা এবং ভগ্নাংশকে,Amir,Amazon Translate
থার্মোডিনামিক্স তাপ শক্তি রূপান্তরগুলি অন্বে,Amir,Amazon Translate
সহানুভূতি সামাজিক বন্ধনগুলিকে,Amir,Amazon Translate
নৈতিক মানগুলি কর্মক্ষেত্রের অগ্রাধিকারগুলিকে,Amir,Amazon Translate
শিন্টো মন্দিরগুলি জাপানের ল্যান্ডস্কেপে চিন্তা,Amir,Amazon Translate
আইন সরকারি প্রস্তাবগুলিকে বৈধিক আইনে পাস করে।,Amir,Amazon Translate
মাইক্রোওয়েভ জলের অণুগুলিকে উদ্দীপিত করে খাবার রান্না করে।,Amir,Amazon Translate
অ্যাটলাস ভৌগোলিকভাবে মানচিত্র সংগ্রহগুলিকে একত্র,Amir,Amazon Translate
পাঙ্ক রক সঙ্গীত সাংস্কৃতিক প্রতিবাদ হিসাবে আ,Amir,Amazon Translate
"ভিক্টোরিয়া হ্রদ উগান্ডা, কেনিয়া এবং তানজানিয়া স",Amir,Amazon Translate
এরোবিক ক্লাস ছন্দময় বীটের সাথে চলাচল,Amir,Amazon Translate
স্প্যানিশ আর্মাডা বিখ্যাত ভাবে ১৫৮৮ সালে যাত্রা করে।,Amir,Amazon Translate
মেরামত দক্ষতা গৃহস্থালী সরঞ্জাম,Amir,Amazon Translate
শতাংশ সহজেই অনুপাতের তুলনা করে।,Amir,Amazon Translate
মিওসিস বিভাজনের মাধ্যমে প্রজনন কোষ তৈরি করে।,Amir,Amazon Translate
পদার্থবিজ্ঞান তত্ত্বগুলি মৌলিক শক্,Amir,Amazon Translate
সৃজনশীলতা নতুন পণ্য বিকাশ চালিত,Amir,Amazon Translate
বিশ্বাস বিশ্বদৃষ্টিকে গভীরভাবে প্র,Amir,Amazon Translate
উৎসব ছুটির দিন জাতীয় উদযাপনকে,Amir,Amazon Translate
অনলাইন ব্যাংকিং বৈদ্যুতিনভাবে অর্থ,Amir,Amazon Translate
সম্মানিত বিতর্ক সুন্দর সমাজকে,Amir,Amazon Translate
ব্যাকরণ ধারাবাহিকভাবে ভাষা কাঠামো,Amir,Amazon Translate
ইমপ্রেশনিস্ট শিল্প আলোক এবং বায়ুমণ্ডলের,Amir,Amazon Translate
মার্কিন যুক্তরাষ্ট্রের পশ্চিম ওয়াইমিংয়ে টেটনগুলি উত্থা,Amir,Amazon Translate
নোবেল পুরস্কার বিশ্ব বৈজ্ঞানিক অর্জনকে সম্মান,Amir,Amazon Translate
শ্রেণিবিন্যাস বৈশিষ্ট্য এবং বংশ অনুসারে জীবকে,Amir,Amazon Translate
সেট তত্ত্ব উন্নত গাণিতিক যুক্তি সমর্থ,Amir,Amazon Translate
পর্যায়ক্রমিক টেবিলগুলি উপাদানগুলিকে সঠ,Amir,Amazon Translate
সক্রিয় শ্রবণ সম্পর্কের ভুল বোঝাবুঝি সমাধান,Amir,Amazon Translate
পুণ্য নীতিশাস্ত্র নৈতিক চরিত্র বিকাশ,Amir,Amazon Translate
খ্রিস্টধর্ম চিরন্তন উদ্ধার আশা,Amir,Amazon Translate
নাগরিক দায়িত্বের মধ্যে দায়িত্বের সাথে কর,Amir,Amazon Translate
স্যাটেলাইট নেভিগেশন নির্দিষ্ট স্থানাঙ্কগুলি সঠ,Amir,Amazon Translate
হাইপারলিঙ্কগুলি ওয়েবসাইটের সামগ্রী ইন্টারঅ্যাক্টি,Amir,Amazon Translate
ইমপ্রেশনিজম চিত্রকর্মে নতুন শৈলী চালু করে,Amir,Amazon Translate
১৯২৯ সালে গ্রেট ডিপ্রেশন শুরু হয়।,Amir,Amazon Translate
ব্যাংকিং লেনদেনের মধ্যে রয়েছে আমানত এবং উত্তোলন।,Amir,Amazon Translate
বীজগণিত অজানা মানগুলির জন্য অক্ষর ব্যবহার করে।,Amir,Amazon Translate
চার্লস ডারউইন বিবর্তনীয় তত্ত্ব তৈরি,Amir,Amazon Translate
আত্ম-প্রেরণা ব্যক্তিগত বৃদ্ধিকে,Amir,Amazon Translate
স্টোইসিজম মানসিক স্থিতিস্থাপকতা শে,Amir,Amazon Translate
বিশ্বব্যাপী খ্রিস্টধর্মের অনেক সম্প্রদায় রয়েছে,Amir,Amazon Translate
জিপিএস ডিভাইস উপগ্রহ প্রযুক্তি ব্যবহার করে।,Amir,Amazon Translate
হ্যান্ডবুকগুলি প্রাথমিক তথ্যের সংক্ষিপ্ত,Amir,Amazon Translate
লেক সুপিরিয়র কানাডা এবং মার্কিন যুক্তরাষ্ট্রের স,Amir,Amazon Translate
হাইড্রেশন সরাসরি মানসিক কর্মক্ষম,Amir,Amazon Translate
ওয়ার্সাইল চুক্তির মাধ্যমে WWI শেষ হয়।,Amir,Amazon Translate
আইন অনুযায়ী স্কুলে শিশুদের উপস্থিতি প্রয়োজন।,Amir,Amazon Translate
গুণন টেবিলগুলি সমীকরণগুলি দ্রুত সমাধান করতে,Amir,Amazon Translate
জেনেটিক উত্তরাধিকার প্রজন্মের মধ্যে বৈশিষ্ট্য,Amir,Amazon Translate
শরীরের ভাষা কথ্যা ছাড়াই যোগাযোগ করে,Amir,Amazon Translate
অপহরণকারী যুক্তি সম্ভবত সিদ্ধান্তে আসে,Amir,Amazon Translate
সামাজিক শ্রেণিবিন্যাস লোকদের র্যাঙ্কযুক্ত শ্রেণ,Amir,Amazon Translate
মোবাইল অ্যাপ্লিকেশন স্মার্টফোনগুলিতে নির্দিষ্ট ফাংশন,Amir,Amazon Translate
সূচকগুলি সহজ অবস্থানের জন্য বিষয়গুলি বর্ণানুক্রমিক করে।,Amir,Amazon Translate
কিউবিজম ভিজ্যুয়াল আর্টে বিষয়গুলি খণ্ডকৃত করে।,Amir,Amazon Translate
মাউন্ট এটনা ইউরোপের সবচেয়ে সক্রিয় আগ্নেয়গিরি।,Amir,Amazon Translate
কোর প্রশিক্ষণ পিঠ এবং পেটের পেশী শক্তিশালী করে,Amir,Amazon Translate
কালানুক্রমিক ক্রম সময় অনুসারে ইভেন্টগুলি সাজায়।,Amir,Amazon Translate
সুপারমার্কেট স্ব-পরিষেবা মুদি বিকল্প সরবরাহ করে,Amir,Amazon Translate
দশমিক একটি ডট সিস্টেম ব্যবহার করে ভগ্নাংশ প্রকাশ করে।,Amir,Amazon Translate
শক্তি গতিগত বা সম্ভাব্য হতে পারে।,Amir,Amazon Translate
ইতিবাচক শক্তিশালী পুনরাবৃত্তি,Amir,Amazon Translate
দেশের মধ্যে ভোটের বয়স পরিবর্তিত হয়।,Amir,Amazon Translate
ব্লুটুথ ডিভাইসগুলিকে ওয়্যারলেসভাবে ডেটা বিনিময়,Amir,Amazon Translate
উডকাটগুলি খোদাই করা কাঠের ব্লক ব্যবহার করে প্রিন্ট তৈরি,Amir,Amazon Translate
জাম্পিং জ্যাকগুলি এরোবিক সহনশীলতা,Amir,Amazon Translate
নেপোলিয়ন নিজেকে ফ্রান্সের সম্রাট মুকু,Amir,Amazon Translate
ভ্রমণ সংস্থাগুলি পরিবহন এবং অবস্থানের ব্যবস্থ,Amir,Amazon Translate
বিভাগ খুঁজে বের করে কতবার একটি অন্যের সাথে ফিট করে।,Amir,Amazon Translate
ডিএনএ জীবন প্রক্রিয়ার নির্দেশাবলী বহন করে,Amir,Amazon Translate
স্বাস্থ্যকর আবেগগুলি প্রতিদিনের সিদ্ধান্ত,Amir,Amazon Translate
প্যারাডক্স প্রচলিত সত্যকে যৌক্তিক,Amir,Amazon Translate
ইংল্যান্ডের সংস্কারের সময়কালে অ্যাংলিকানিজম উদ্ভূত হয়েছিল।,Amir,Amazon Translate
আইন পাবলিক ক্রিয়া এবং বিরোধ নিয়ন্ত্রণ করে।,Amir,Amazon Translate
স্বাস্থ্য বীমা চিকিত্সা ব্যয়ের কভারেজ সহায়তা,Amir,Amazon Translate
ব্যবহারকারীর গাইডগুলি ধাপে ধাপে সফ্ট,Amir,Amazon Translate
জ্যাজ আফ্রিকান এবং ইউরোপীয় সংগীত ঐতিহ্যকে,Amir,Amazon Translate
প্রতিরোধ ব্যান্ডগুলি পেশী শক্তি অনুশীলনে সহায়তা,Amir,Amazon Translate
মহাদেশীয় রেলপথ ঐতিহাসিকভাবে দূরবর্তী অঞ্চল,Amir,Amazon Translate
সেট সংযোজন গাণিতিকভাবে সংগ্রহের আকার বাড়ায়,Amir,Amazon Translate
নিউট্রন কণা কোনও বৈদ্যুতিক চার্জ বহন,Amir,Amazon Translate
শেখার দক্ষতা কর্মক্ষেত্রে অভিযোজনযোগ্যতা উন্নত করে।,Amir,Amazon Translate
এলইডি সামান্য তাপ উত্পন্ন করে আলো নির্গত করে।,Amir,Amazon Translate
গ্রুপ উপাসনার জন্য ধর্মীয় গান সংগ্রহ করে।,Amir,Amazon Translate
স্টোনহেঞ্জ ইংল্যান্ডের প্রাগৈতিহাসিক স্মৃতিস্তম্ভ,Amir,Amazon Translate
স্পিনিং বাইকগুলি আউটডোর সাইক্লিং,Amir,Amazon Translate
মার্টিন লুথার প্রোটেস্ট্যান্ট সংস্কারের প্রচার,Amir,Amazon Translate
ই-কমার্স বিশ্বব্যাপী ব্যবসায়িক অনলাইন লেন,Amir,Amazon Translate
সালোকসংশ্লেষণ উদ্ভিদে সৌর শক্তি,Amir,Amazon Translate
টপোলজি বিকৃতি দ্বারা পরিবর্তিত বৈশিষ্ট্যগুলি পরীক্ষা করে।,Amir,Amazon Translate
সহানুভূতি শক্তিশালী পিয়ার সংযোগ তৈরি করে,Amir,Amazon Translate
বাস্তবতাবাদ ধারণার ব্যবহারিক ফলাফলগুলিতে মনোনিবেশ করে।,Amir,Amazon Translate
নিয়মগুলি আচরণের জন্য সামাজিক প্রত্যাশা,Amir,Amazon Translate
শব্দকোষগুলি রেফারেন্সের জন্য শর্তাবলী,Amir,Amazon Translate
সুমি-ই জাপানি কালি ওয়াশ পেইন্টিং প্রতিনিধিত্ব করে,Amir,Amazon Translate
উরাল পর্বতমালা ইউরোপ ও এশিয়াকে ভৌগলিক ভাবে,Amir,Amazon Translate
পাইলেটস ভঙ্গি এবং মূল স্থায়িত্ব বাড়ায়,Amir,Amazon Translate
উনিশ শতাব্দীতে বিলোচনাবাদীরা দাসত্বের বিরু,Amir,Amazon Translate
টেক্সটাইল ফ্যাব্রিক পণ্যগুলিতে ফাইবার বোনার জড়িত,Amir,Amazon Translate
সমীকরণগুলি গাণিতিক সম্পর্ক পরিষ্কারভাবে,Amir,Amazon Translate
বাষ্পীকরণ তরল জল গ্যাসে পরিবর্তন করে,Amir,Amazon Translate
ধারাবাহিকতা দীর্ঘমেয়াদী মিথস্ক্রিয়া,Amir,Amazon Translate
ওন্টোলজিকাল যুক্তিগুলি উচ্চ বাস্তবতার অস্তিত্বের,Amir,Amazon Translate
প্রকৃতির উপাসনায় প্রাকৃতিক শক্তির প্রতি শ্রদ্ধা রয়েছে।,Amir,Amazon Translate
পরিষদের সদস্যরা স্থানীয় সরকারের নীতি প্রণয়ন করেন।,Amir,Amazon Translate
ভ্যাকসিন গবেষণা ভাইরাল রোগের প্রাদুর্ভাব,Amir,Amazon Translate
দ্রুত শুরু মেনুগুলি ইলেকট্রনিক্স সেটআপকে,Amir,Amazon Translate
ইয়াংজি নদী চীনের দীর্ঘতম জলপথ গঠন করে।,Amir,Amazon Translate
ক্যালিস্টেনিক্স ন্যূনতম সরঞ্জাম ব্যবহার করে দেহ নিয়ন্ত্রণ বিকাশ করে,Amir,Amazon Translate
ট্রেল অফ টিয়ার্স স্থানীয় আমেরিকান সম্প্রদায়,Amir,Amazon Translate
ক্যাটারিং গ্রুপ বা ইভেন্টের জন্য খাদ্য পরিষেবা সরবরাহ করে,Amir,Amazon Translate
ভগ্নাংশগুলি পুরো ইউনিটের আংশিক পরিমাণ,Amir,Amazon Translate
কৌতূহল উদ্ভাবকদের সমস্যা সমাধানে অনুপ্রাণিত,Amir,Amazon Translate
ছাড় উপসংহারে পৌঁছানোর জন্য পরিচিত নিয়ম প্রয়োগ,Amir,Amazon Translate
সৃষ্টির পৌরাণিক কাহিনী সাংস্কৃতিকভাবে,Amir,Amazon Translate
গিল্ডস মধ্যযুগীয় কারুশিল্প এবং পেশা নিয়,Amir,Amazon Translate
ড্রোনগুলি রিমোট কন্ট্রোলের মাধ্যমে এরিয়াল ফট,Amir,Amazon Translate
এনসাইক্লোপিডিয়াস পাঠকদের জন্য যাচাই করা তথ্য উপস্থাপন,Amir,Amazon Translate
একটি ফ্যাক্টবুক দেশগুলি সম্পর্কে প্রয়োজনীয় পরিসংখ্যান সংকলন করে।,Amir,Amazon Translate
পপ সঙ্গীতে প্রায়শই পুনরাবৃত্তি কোরাস,Amir,Amazon Translate
পানির মতো চা হাইড্রেট পান করা।,Amir,Amazon Translate
শিল্প বিপ্লব শুরু হয়েছিল ব্রিটেনে।,Amir,Amazon Translate
বার্ডওয়াচিং প্রজাতির দৃষ্টিভঙ্গি এবং আচরণ রেকর্ড,Amir,Amazon Translate
গুণগুণ সমান গোষ্ঠীর মোট সন্ধান করে।,Amir,Amazon Translate
নেতিবাচক এবং ইতিবাচক চার্জ মিটিং থেকে বজ্রপাত হয়,Amir,Amazon Translate
অ্যারিস্টটল যুক্তি ও বিজ্ঞানের উপর প্রভাবশালী রচনা,Amir,Amazon Translate
টিমওয়ার্ক গ্রুপ উত্পাদনশীলতা,Amir,Amazon Translate
যুক্তিযুক্ত চিন্তা যুক্তিযুক্ত পদক্ষেপের উপর নির্ভর,Amir,Amazon Translate
"জোরোস্ট্রিয়ানিজম এক দেবতা, আহুরা মাজদার পূজা করে।",Amir,Amazon Translate
বিবাহ অংশীদারদের একটি সামাজিক চুক্তিতে যুক্ত করে,Amir,Amazon Translate
ওয়েব ব্রাউজার ইন্টারনেট ওয়েবসাইট থেকে তথ্য প্রদর্শন,Amir,Amazon Translate
ই-বই ডিজিটাল ডিভাইসের মাধ্যমে অ্যাক্সেসযোগ্য পড়,Amir,Amazon Translate
আধুনিক নৃত্য অভিব্যক্তিপূর্ণ আন্দোল,Amir,Amazon Translate
মাউন্ট এভারেস্ট নেপাল ও চীন সীমান্ত।,Amir,Amazon Translate
সাফল্যের জন্য বেকিংয়ের জন্য সুনির্দিষ্ট পরিমাপ,Amir,Amazon Translate
গ্রাফ গাণিতিক সম্পর্কগুলি কল্পনা করে,Amir,Amazon Translate
সালোকসংশ্লেষণ গাছগুলিতে শক্তি সমৃদ্ধ অণ,Amir,Amazon Translate
পারস্পরিবাদ মানে পুরস্কার প্রত্যাশা না করে অন্যকে সাহা,Amir,Amazon Translate
অনুমান প্রণয়ন আরও তদন্তকে পরিচালিত করে।,Amir,Amazon Translate
শিখ ধর্ম সৎ জীবনযাপনের বিষয়ে বিশ্বাস শেখায়।,Amir,Amazon Translate
আইন সমাজের মধ্যে শৃঙ্খলা নিশ্চিত করে।,Amir,Amazon Translate
দূরবর্তী কাজ ঐতিহ্যগত অফিসের বাইরে কর্মসংস্থান,Amir,Amazon Translate
ব্যবহারকারীর নাম ইন্টারনেট প্ল্যাটফর্মগুলিতে ব্যক্তিদের,Amir,Amazon Translate
ক্যাটালগগুলি পদ্ধতিগত ব্রাউজিংয়ের জন্য আইটেম,Amir,Amazon Translate
সিরামিক শিল্প কাদামাটিকে আকার দেয় তারপরে,Amir,Amazon Translate
ভেনিস খালের একটি নেটওয়ার্কের উপরে অবস্থিত।,Amir,Amazon Translate
শীতল যুদ্ধে পূর্ব ও পশ্চিমের মধ্যে আদর্শগত বিভক্ত হ,Amir,Amazon Translate
বাজার গবেষণা পণ্য বিকাশের কৌশলকে,Amir,Amazon Translate
অংশের পরিমাণকে ছোট ইউনিটে বিভক্ত করুন,Amir,Amazon Translate
আশ্বাস উদ্বেগের অনুভূতি হ্রাস করে।,Amir,Amazon Translate
হিউরিস্টিক্স জটিল সমস্যা সমাধানের কাজগুলিকে সহজতর করে।,Amir,Amazon Translate
তীর্থযাত্রা ধর্মীয় পরিচয় বৃদ্ধি,Amir,Amazon Translate
নৈতিক কাঠামো সঠিক কর্মের মানগুলির বিতর্ক,Amir,Amazon Translate
মিডিয়া আউটলেট বিশ্বব্যাপী সংবাদ,Amir,Amazon Translate
ব্যাটারি প্রযুক্তি পোর্টেবল ইলেকট্রনিক্স,Amir,Amazon Translate
দ্রুত রেফারেন্সের জন্য সংক্ষেপগুলি সংক্ষিপ্ত করে।,Amir,Amazon Translate
বারোক শিল্পীরা নাটকীয় দৃশ্যমান,Amir,Amazon Translate
জগিং কার্ডিওভাসকুলার সহনতা,Amir,Amazon Translate
আমেরিকান নাগরিক অধিকার ভোটারদের সুরক্ষা নি,Amir,Amazon Translate
খুচরা বিক্রেতারা সরাসরি ক্রেতাদেরকে,Amir,Amazon Translate
ভগ্নাংশ অনুপাত বা তুলনা প্রকাশ,Amir,Amazon Translate
কেপলারের আইন গ্রহের গতির ব্যাখ্যা করে।,Amir,Amazon Translate
রাসায়নিক বিক্রিয়াগুলি কেবল পারমাণবিক বন্ধনকে,Amir,Amazon Translate
মেরিট কর্মক্ষেত্রে পদোন্নতির সম্ভাবনা বাড়ায়।,Amir,Amazon Translate
তথ্য বিশ্লেষণ সিদ্ধান্ত বা প্রবণতা স্পষ্ট,Amir,Amazon Translate
প্রতিদিন পাঁচবার মুসলিম নামাজ পালন করা হয়।,Amir,Amazon Translate
সংসদ গণতান্ত্রিক ভাবে জাতীয় আইন আইন প্রণয়ন করে,Amir,Amazon Translate
ব্লুটুথ স্বল্প পরিসরে ডিভাইসগুলিকে সিঙ্ক্রো,Amir,Amazon Translate
শব্দকোষ পাঠ্যগুলিতে বিশেষায়িত পদগুলি সহজ,Amir,Amazon Translate
মুরালিস্টরা বড় আকারের চিত্রগুলির জন্য দেয়াল ব্যবহার করেন।,Amir,Amazon Translate
পশ্চিম উত্তর আমেরিকা জুড়ে প্রসারিত রকি,Amir,Amazon Translate
তাই চি মার্শাল আর্টকে ধ্যানগত ফোকাসের সাথে একত্রিত করে।,Amir,Amazon Translate
বইয়ের দোকানগুলি মুদ্রিত বা বৈদ্যুতিন বই,Amir,Amazon Translate
দশমিক পুরো সংখ্যার বাইরে প্রসারিত।,Amir,Amazon Translate
কীস্টোন প্রজাতি সামগ্রিকভাবে বাস্তুতন্ত্র,Amir,Amazon Translate
জার্নালিং ব্যক্তিগত চিন্তাভাবনা স্পষ্ট করে,Amir,Amazon Translate
আপেক্ষিকতাবাদ সত্যগুলি দৃষ্টিভঙ্গির,Amir,Amazon Translate
অ্যানিমিস্টিক অনুশীলন পূর্বপুরুষদের আত্মাকে সম্মান,Amir,Amazon Translate
পৌরসভা স্থানীয় সরকার পরিষেবা সরবরাহ করে,Amir,Amazon Translate
অ্যাপ বিকাশকারীরা স্মার্টফোনের জন্য সফ্ট,Amir,Amazon Translate
লিঙ্ক তালিকা নথিতে সম্পর্কিত বিষয়গুলি সংযুক্ত করে।,Amir,Amazon Translate
সিম্ফোনিগুলিতে একসাথে বাজানো বেশ কয়েকটি আন্দোলন রয়েছে,Amir,Amazon Translate
জলজ এরোবিক্স অনুশীলনের জন্য উত্তেজনাপূর্ণ প্রতিরোধ সরবরাহ করে।,Amir,Amazon Translate
মানবাধিকারের সার্বজনীন ঘোষণা মৌলিক স্বাধীন,Amir,Amazon Translate
পেশাদার রান্নাঘর বিভিন্ন রান্নায় বিশেষজ্ঞ।,Amir,Amazon Translate
অক্ষাংশ এবং দ্রাঘিমাংশ স্থানাঙ্কের উপর ভিত্তি করে স্থা,Amir,Amazon Translate
ইলেকট্রন অবাধে প্রবাহিত হলে বিদ্য,Amir,Amazon Translate
টেসেলেশন বিরামভাবে জ্যামিতিক নিদর্শনগুলি পুনরাবৃত্তি,Amir,Amazon Translate
রূপক বোঝা ভাষার সাবলীলতা উন্নত করে।,Amir,Amazon Translate
ফলাফলবাদ পছন্দ করার আগে ফলাফলগুলি ওজন করে।,Amir,Amazon Translate
ইহুদি ছুটির দিনগুলি একটি চন্দ্র ক্যালেন্ডারের কা,Amir,Amazon Translate
আদমশুমারি সমীক্ষা জনসংখ্যার জনসংখ্যা,Amir,Amazon Translate
অনুসন্ধান ইঞ্জিনগুলি কীওয়ার্ড ব্যবহার করে ওয়েব পৃষ্ঠাগুলি,Amir,Amazon Translate
কীভাবে গাইডগুলি পদ্ধতিগতভাবে নতুন দক্ষতা শেখায়।,Amir,Amazon Translate
ইচিং ধাতব পৃষ্ঠ কাটা করে চিত্র তৈরি করে।,Amir,Amazon Translate
ম্যানিলা ফিলিপাইনের রাজধানী।,Amir,Amazon Translate
গ্রুপ স্পোর্টস টিম ওয়ার্ক এবং ন্যায্য খেলাকে,Amir,Amazon Translate
ত্রিভুজাকার বাণিজ্য বিশ্বব্যাপী উপনিবেশ,Amir,Amazon Translate
ঘনত্ব বলে যে পদার্থ কাঠামোগতভাবে কতটা প্যাকযুক্ত,Amir,Amazon Translate
ইতিবাচক প্রতিক্রিয়া পুনরাবৃত্তি কর্ম,Amir,Amazon Translate
অবহিত সম্মতি অংশগ্রহণকারী সিদ্ধান্ত গ্রহণের,Amir,Amazon Translate
অর্থোডক্স খ্রিস্টান ঐতিহ্য,Amir,Amazon Translate
প্রচারণা জনমতাকে ক্ষতিগ্রস্ত করার চেষ্টা করে।,Amir,Amazon Translate
রেফারেন্স বই দ্রুত পরামর্শের জন্য তথ্য সরবরাহ করে।,Amir,Amazon Translate
জাদুঘর প্রকাশ্যে শিল্প এবং ঐতিহাসিক বস্ত,Amir,Amazon Translate
ইস্তাম্বুল দুটি মহাদেশে বিস্তৃত - ইউরোপ এবং এশিয়া।,Amir,Amazon Translate
সাইক্লিং কার্ডিওরেস্পিরাটারি ধৈর্য,Amir,Amazon Translate
"ডি-ডে অনুষ্ঠিত হয় ৬ জুন, ১৯৪৪ সালে।",Amir,Amazon Translate
পেশাদার চালকদের নির্দিষ্ট লাইসেন্স প্রয়োজন,Amir,Amazon Translate
ভগ্নাংশগুলি পুরো চেয়ে কম অংশগুলি দেখায়।,Amir,Amazon Translate
আশাবাদ প্রতিকূলতায় স্থিতিস্থাপকতা বাড়া,Amir,Amazon Translate
জ্ঞানীয় পক্ষপাত অচেতনভাবে রায় প্রভাবিত,Amir,Amazon Translate
দাওবাদ প্রকৃতির সাথে ভারসাম্যের উপর জোর দেয়।,Amir,Amazon Translate
ইমেল সংযুক্তি বৈদ্যুতিনভাবে ফাইল,Amir,Amazon Translate
স্মার্ট হোম ডিভাইসগুলি পরিবারের ফাংশনগুলি,Amir,Amazon Translate
হাইকু সেট সিলেবল সহ তিন লাইন ব্যবহার করে।,Amir,Amazon Translate
পেট্রা জর্ডানের একটি প্রাচীন পাথর শহর।,Amir,Amazon Translate
এরোবিক নাচ সমন্বয় এবং স্ট্যামিনা উন্নত করে,Amir,Amazon Translate
রেনেসাঁ শিল্প শাস্ত্রীয় গ্রিক কৌশল,Amir,Amazon Translate
খাবার প্রস্তুতি ব্যস্ত সময়সূচীর জন্য খাবার আয়োজন করে,Amir,Amazon Translate
ত্রিকোণমিটি ত্রিভুজ কোণের মধ্যে সম্পর্ক অন্বেষণ করে।,Amir,Amazon Translate
ব্যক্তিগত আগ্রহগুলি বিনোদনমূলক পছন্,Amir,Amazon Translate
নিশ্চিতকরণ পক্ষপাত প্রমাণের উদ্দেশ্যমূলক ব্যাখ্যাকে,Amir,Amazon Translate
শিন্টো রীতিনীতি পূর্বপুরুষদের সম্মান করে।,Amir,Amazon Translate
জুরিরা বিচারে অপরাধ বা নির্দোষতা সিদ্ধান্ত নেয়।,Amir,Amazon Translate
অ্যাপ স্টোরগুলি ডিজিটালভাবে সফ্টওয়্যার,Amir,Amazon Translate
গ্রন্থাগার একাডেমিক গবেষণায় বিশ্বাসযোগ্যতা,Amir,Amazon Translate
বাটিক ডিজাইনগুলি কাপড়ে রঙ প্রতিরোধ করতে মোম ব্যবহার করে।,Amir,Amazon Translate
মোনাকো বিশ্বের সবচেয়ে ছোট রাজত্ব।,Amir,Amazon Translate
বডি ওয়েট অনুশীলনের কোনও বিশেষ সরঞ্জামের প্রয়োজন নেই।,Amir,Amazon Translate
ফরাসি বিপ্লব রিপাবলিকান সরকার প্রতি,Amir,Amazon Translate
গ্রাহক পরিষেবা ক্লায়েন্ট উদ্বেগ এবং প্রতিক্রিয়া পরিচালনা করে,Amir,Amazon Translate
নোবেল গ্যাস রাসায়নিকভাবে অপ্রতিক্রিয়াশীল উপাদান।,Amir,Amazon Translate
অভিযোজন প্রজাতিগুলিকে পরিবেশগত পরিবর্তনে টিকে,Amir,Amazon Translate
পিয়ার চাপ কিশোর আচরণকে গভীর,Amir,Amazon Translate
লক্ষ্য সেটিং সময়ের সাথে পরিমাপযোগ্য অগ্রগতি অর্জন করে।,Amir,Amazon Translate
আপেক্ষিকতাবাদীরা সর্বজনীন নৈতিক সত্যের,Amir,Amazon Translate
পাবলিক কাজগুলি অবকাঠামো প্রকল্পের মাধ্যমে সমাজের,Amir,Amazon Translate
টাচস্ক্রিনগুলি ফিঙ্গারটিপ যোগাযোগের মাধ্যমে ব্যবহারকারীর ইন,Amir,Amazon Translate
গ্রন্থাগাররা তথ্য সংস্থানগুলি সংগঠিত এবং বজায়,Amir,Amazon Translate
রোমানেস্ক স্থাপত্যে গোলাকার খিলান এবং পুরু দেয়াল,Amir,Amazon Translate
আমাজন নদী ব্রাজিল এবং পেরুর মধ্য দিয়ে যায়।,Amir,Amazon Translate
পালস রেট প্রতি মিনিটে হার্টবিট মাপ করে।,Amir,Amazon Translate
চুক্তি চুক্তিগুলি দেশগুলির মধ্যে বিরোধ সমাধান করে।,Amir,Amazon Translate
ই-কমার্স অনলাইনে সরাসরি বিক্রয়,Amir,Amazon Translate
দশমিক সংখ্যাগতভাবে আংশিক ইউনিটকে উপস্থাপন করে,Amir,Amazon Translate
অসমোসিস প্রাকৃতিকভাবে ঝিল্লি জুড়ে জল ছড়ি,Amir,Amazon Translate
দৃঢ় মতামত সম্মানিত প্রকাশ করে।,Amir,Amazon Translate
ডিডাকটিভ লজিক সাধারণ বিবৃতি থেকে সুনির্দিষ্টতা অর্জন করে।,Amir,Amazon Translate
প্যান্থেস্টিক বিশ্বাস মহাবিশ্বের সাথে দেবীত্বকে সমান করে।,Amir,Amazon Translate
মার্কেটপ্লেস স্থানীয়ভাবে বা বিশ্বব্যাপী পণ্য বিনিময়,Amir,Amazon Translate
টেকসই পদ্ধতির লক্ষ্য প্রাকৃতিক সম্পদ সংরক্ষণ করা।,Amir,Amazon Translate
ব্যবহারকারীর নির্দেশাবলী ধাপে ধাপে পণ্য,Amir,Amazon Translate
ডিজিটাল কোলাজগুলি সম্পাদনা সরঞ্জামগুলি ব্যবহার করে চিত্রগুলি,Amir,Amazon Translate
রোয়াররা প্রতিযোগিতামূলকভাবে নৌকা প্যাডলিং করে শক্তি গড়ে তোলে।,Amir,Amazon Translate
বিশ্ব স্বাস্থ্য সংস্থা বিশ্ব স্বাস্থ্যের মান নির্ধারণ করে।,Amir,Amazon Translate
ভ্রমণ সংস্থাগুলি ভ্রমণ এবং দর্শনীয় ভ্রমণের,Amir,Amazon Translate
উঁচ্যুতি বস্তুগুলিকে তরলে উঠে রাখে।,Amir,Amazon Translate
ইতিবাচক রোল মডেলগুলি গঠনমূলক আচরণের,Amir,Amazon Translate
অভিজ্ঞতামূলক তথ্য বৈজ্ঞানিক অনুমানকে যাচাই করে।,Amir,Amazon Translate
খ্রিস্টান সেক্রমেন্টগুলি উল্লেখযোগ্য জীব,Amir,Amazon Translate
ফেডারেল সরকার ক্ষমতা স্তরের মধ্যে ভাগ করে দেয়।,Amir,Amazon Translate
ক্লাউড স্টোরেজ দূর থেকে গুরুত্বপূর্ণ ফাইলগুলি ব্যাক,Amir,Amazon Translate
অ্যানোটেটেড গ্রন্থাগার প্রতিটি উত্স সংক্ষেপে বর্ণনা করে।,Amir,Amazon Translate
কাঠের কার্ভিং কাঠের পৃষ্ঠগুলিতে আলংকারিক ডিজাইন তৈরি,Amir,Amazon Translate
লোয়ার ভ্যালি ফ্রান্সের অনেক দুর্গ আয়োজন করে।,Amir,Amazon Translate
ঔপনিবেশিক সম্প্রসারণ বিশ্বব্যাপী ভূগো,Amir,Amazon Translate
পাই চার্টগুলি পরিসংখ্যানগত তথ্যে অনুপাত কল্পনা,Amir,Amazon Translate
পড়ে যাওয়া আপেল পর্যবেক্ষণ করার পরে নিউটন মহা,Amir,Amazon Translate
সংকুচিত খনিজ স্তর থেকে পলবদ্য শিলা গঠিত হয়।,Amir,Amazon Translate
সহযোগিতা দলে সমস্যা সমাধানের গতি দেয়।,Amir,Amazon Translate
ইহুদি ধর্ম বছরে বসন্তকালে পাসভার উদযাপন করে।,Amir,Amazon Translate
জাতীয় পার্কগুলি বন্যপ্রাণী এবং অনন্য ল্যান্ডস্কেপ,Amir,Amazon Translate
লিঙ্ক সংগ্রহ দক্ষতার সাথে নেটওয়ার্ক সংযোগগুলি বান্ডিল,Amir,Amazon Translate
র্যাপ সঙ্গীত বীটের চেয়ে ছন্দময় কথিত গান,Amir,Amazon Translate
অটাওয়া কানাডার রাজধানী শহর।,Amir,Amazon Translate
বার্লিন প্রাচীর ইউরোপে শীতল যুদ্ধের বিভাগের প্রতীক।,Amir,Amazon Translate
ফ্রিল্যান্সাররা দীর্ঘমেয়াদী কর্মসংস্থান চুক্তি ছা,Amir,Amazon Translate
শতাংশগুলি একটি রেফারেন্স পয়েন্ট হিসাবে 100 এর সাথে সংখ্যাগুলির তুলনা করে।,Amir,Amazon Translate
শব্দ তরঙ্গ সংক্রমণের জন্য একটি মাধ্যম প্রয়োজন।,Amir,Amazon Translate
মেরি কুরি রেডিওঅ্যাক্টিভিটি ব্যাপকভাবে গবেষণা করেন,Amir,Amazon Translate
আত্ম-শৃঙ্খলা দীর্ঘমেয়াদী,Amir,Amazon Translate
"হিন্দু দেবতাদের মধ্যে রয়েছে বিষ্ণু, শিব এবং ব্রহ্মা।",Amir,Amazon Translate
বিচারকরা আদালত ব্যবস্থার মধ্যে আইনের ব্যাখ্যা,Amir,Amazon Translate
ডিজিটাল ওয়ালেট স্মার্টফোন ব্যবহার করে নগদহীন লেন,Amir,Amazon Translate
টাচস্ক্রিনগুলি বৈদ্যুতিনভাবে আঙুল বা স্টাইলাস ন,Amir,Amazon Translate
জল রঙের শিল্প জলের সাথে মিশ্রিত রঙ্গক ব্যবহার করে।,Amir,Amazon Translate
এরোবিক ফিটনেস হার্ট এবং ফুসফুসের দক্ষতা,Amir,Amazon Translate
গথিক ক্যাথেড্রালগুলিতে পয়েন্ট খিলান এবং দাগযুক্ত কাচের জানালা রয়েছে,Amir,Amazon Translate
খাবারের সময় সারা দিন শক্তি নিয়ন্ত্রণ করে।,Amir,Amazon Translate
সালোকসংশ্লেষ পৃথিবীর বায়ুমণ্ডলে,Amir,Amazon Translate
সামাজিক সহায়তা নেটওয়ার্কগুলি মানসিক সুস্থতা,Amir,Amazon Translate
মেটাকগনিশন মানে আপনার নিজের চিন্তাভাবনা সম্পর্কে চিন্তা করা।,Amir,Amazon Translate
প্যান্থিস্টরা বিশ্বাস করেন যে প্রাকৃতিক সমস্ত কিছুতে দেবীত্ব বিদ্যমান।,Amir,Amazon Translate
মেয়র নির্বাচন স্থানীয় সরকার নেতৃত্ব নিয়ন্ত্রণ করে।,Amir,Amazon Translate
টেলিভিশন ডিজিটাল প্রদর্শনে ভিডিও সংকেত স্ট্রিম,Amir,Amazon Translate
এনক্রিপ্ট করা বার্তাগুলি অনলাইন গোপনীয়তা এবং ডেটা সুরক্ষা বা,Amir,Amazon Translate
টেপেস্ট্রিগুলি বোনা ফ্যাব্রিক চিত্রের মাধ্যমে গল্প বলে।,Amir,Amazon Translate
সিঙ্গাপুর একটি শহর এবং দেশ উভয়ই।,Amir,Amazon Translate
জলজ থেরাপি জল প্রতিরোধের সাহায্যে আঘাতগুলি,Amir,Amazon Translate
ফরাসি বিপ্লব স্থায়ীভাবে রাজতন্ত্র,Amir,Amazon Translate
গ্রাহক প্রতিক্রিয়া পণ্য বিকাশের সিদ্ধান্তকে,Amir,Amazon Translate
ভাগ করে নেওয়া একাধিক প্রাপকের মধ্যে সম্পত্তি ভাগ,Amir,Amazon Translate
পদার্থ ফুটতে তরল থেকে গ্যাসে অবস্থা পরিবর্তন করে।,Amir,Amazon Translate
ট্রান্সপাইরেশন পাতা থেকে আর্দ্রতা বাতাসে সরিয়ে দেয়।,Amir,Amazon Translate
স্বাস্থ্যকর বন্ধুত্ব সামগ্রিক চাপের মাত্রা কমি,Amir,Amazon Translate
অনুরূপ পরিচিত ধারণা ব্যবহার করে অপরিচিত ধারণাগুলি চিত্রিত করে,Amir,Amazon Translate
নৈতিক কোডগুলি কর্মক্ষেত্রে অধিকার এবং মর্যাদা রক্ষা করে।,Amir,Amazon Translate
ব্যাংক শাখা স্থানীয়ভাবে আর্থিক অ্যাকাউন্ট,Amir,Amazon Translate
ডিজাইনাররা প্রোটোটাইপগুলির জন্য 3 ডি মডেলিং সফ্ট,Amir,Amazon Translate
নডেবেলে ওয়াল পেইন্টিং দক্ষিণ আফ্রিকার সাংস্কৃতিক প্রতীক।,Amir,Amazon Translate
স্কিপ দড়ি কার্যকরভাবে পায়ের গতি বাড়ায়,Amir,Amazon Translate
ভিয়েতনাম স্বাধীনতা দিবস জাতীয় মুক্তি,Amir,Amazon Translate
বড় বক্স খুচরা বিক্রেতারা বড় পরিমাণে ভোক্তা পণ্য বিক্রি,Amir,Amazon Translate
সার্কেল গ্রাফগুলি দৃশ্যত আপেক্ষিক শতাংশগুলি,Amir,Amazon Translate
পরম শূন্য হ'ল সর্বনিম্ন সম্ভাব্য তাপমাত্রা,Amir,Amazon Translate
পরীক্ষার ফলাফল বিশ্লেষণ করে বৈজ্ঞানিক সিদ্ধান্ত,Amir,Amazon Translate
সম্প্রদায় সেবা স্বেচ্ছাসেবীরা সাধারণ সুবিধার জন্য,Amir,Amazon Translate
গাড়িগুলি এখন কম্পিউটার-নিয়ন্ত্রিত ইঞ্জিন ম্যানেজমেন্ট,Amir,Amazon Translate
মাউন্ট ম্যাককিনলি (ডেনালি) উত্তর আমেরিকার সর্বোচ্চ পয়েন্ট।,Amir,Amazon Translate
ইউরোপে বিজয় দিবস ইউরোপে দ্বিতীয় যুদ্ধ যুদ্ধের শেষ।,Amir,Amazon Translate
পরামর্শদাতারা বিশেষায়িত পেশাদার বিষয়ে,Amir,Amazon Translate
দশমিক দশম বা শতদশ মান সহজভাবে প্রকাশ করে।,Amir,Amazon Translate
থেরাপি কুকুররা রোগীদের সান্ত্বনা দেওয়ার জন্য হাস,Amir,Amazon Translate
সময় অঞ্চল বিশ্বব্যাপী অবস্থান জুড়ে ঘড়ির সেটিংস,Amir,Amazon Translate
ইতিবাচক নিশ্চিতগুলি স্ব-মূল্যবান বিশ্বাসকে,Amir,Amazon Translate
অ্যাক্সিওমস যুক্তির মৌলিক প্রারম্ভিক পয়েন্ট হিসাবে কাজ করে।,Amir,Amazon Translate
বস্তুবাদী দার্শনিকরা বাস্তবতাকে কেবল শারীরিক,Amir,Amazon Translate
প্রার্থনা দেবতাদের নির্দেশিকা বা সহায়তার জন্য জিজ্ঞাসা করে।,Amir,Amazon Translate
বিধিবদ্ধ ছুটির দিন প্রতি বছর এখতিয়ার অনুসারে,Amir,Amazon Translate
ই-বই বিশ্বব্যাপী ডিজিটালভাবে লাইব্রেরি অ্যাক্সেস,Amir,Amazon Translate
স্ক্র্যাচবোর্ড ইলাস্ট্রেশন কালো পৃষ্ঠ থেকে সাদা রেখা নির্মাণ করে,Amir,Amazon Translate
ইয়োসেমাইট জাতীয় উদ্যান ক্যালিফোর্নিয়ার সিয়েরা নেভাডায় অবস্থিত,Amir,Amazon Translate
"মার্শাল আর্টস ফোকাস, শৃঙ্খলা এবং সম্মান প্রচার করে।",Amir,Amazon Translate
সাংবিধানিক কনভেনশন নতুন পরিচালনা নথি,Amir,Amazon Translate
হাইড্রোলিক মেশিনগুলি চাপযুক্ত তরলের মাধ্যমে কাজ করে।,Amir,Amazon Translate
বিচ্ছিন্নতা বৃহত্তর থেকে ছোট সংখ্যাগুলি হ্রাস করে।,Amir,Amazon Translate
ওহলোন ঐতিহাসিকভাবে ক্যালিফোর্নিয়ার মধ্য উপকূলে,Amir,Amazon Translate
আনুপাতিক প্রতিনিধিত্ব সমানভাবে রাজনৈতিক আসন বরাদ্,Amir,Amazon Translate
গ্রাফাইট রডগুলি ব্যাটারিতে দক্ষতার সাথে বিদ্যুৎ পরি,Amir,Amazon Translate
ভূমিকম্প ভূমিকম্প শক্তি ছেড়ে দেয় যা স্থল,Amir,Amazon Translate
পরামর্শদাতারা ভাগ করা অভিজ্ঞতার মাধ্যমে পরামর্শদাতা বৃদ্ধিকে,Amir,Amazon Translate
নিয়ম-ভিত্তিক নীতিশাস্ত্র কঠোরভাবে অনুসরণ নীতি,Amir,Amazon Translate
মর্মন অগ্রগণীরা উটাহের সল্ট লেক ভ্যালি ব,Amir,Amazon Translate
চেম্বারস আইন তৈরির জন্য আইন বিল পাস করে।,Amir,Amazon Translate
স্মার্ট গাড়িগুলি স্বয়ংক্রিয় নিরাপত্তা সেন্সর এবং,Amir,Amazon Translate
একটি ফোনবুক আবাসিক এবং ব্যবসায়ের যোগাযোগের তথ্য তালিকা করে।,Amir,Amazon Translate
সুইজারল্যান্ডের জুরিখ হ্রদের জুরিখ উত্তর তীরে অবস্থিত।,Amir,Amazon Translate
শিশুপালনের সাথে স্বল্পমেয়াদী শিশু যত্নের,Amir,Amazon Translate
পৃথিবীর পৃষ্ঠ বেশিরভাগ জল নিয়ে গঠিত।,Amir,Amazon Translate
আইজাক নিউটন গতির তিন আইন তৈরি করেছিলেন।,Amir,Amazon Translate
বন্ধুত্ব সময়ের সাথে সাথে মানসিক সুরক্ষা সরবরাহ করে।,Amir,Amazon Translate
বিবেচনা চয়ন করার আগে বিকল্পগুলি বিবেচনা করে।,Amir,Amazon Translate
শিখ বিশ্বাস ঈশ্বরের সামনে সমতার উপর জোর দেয়,Amir,Amazon Translate
সংসদ নতুন কর বা ব্যয় বিলকে অনুমোদন করে।,Amir,Amazon Translate
স্ট্রিমিং পরিষেবাগুলি ইন্টারনেটের মাধ্যমে ভিডিও সামগ্রী সরবরাহ করে।,Amir,Amazon Translate
বেতার কীবোর্ডগুলি রেডিও সংকেত দ্বারা কম্পিউটারের সাথে যোগাযোগ,Amir,Amazon Translate
গ্রাফিটি রাজনৈতিক প্রতিবাদ বার্তা প্রকাশ করতে পারে,Amir,Amazon Translate
মেক্সিকো সিটি সমুদ্রতল থেকে উচ্চ উচ্চতায় অবস্থিত।,Amir,Amazon Translate
শক্তি প্রশিক্ষণ হাঁটার চেয়ে বেশি দ্রুত ক্যালোরি পোড়ায়।,Amir,Amazon Translate
মধ্য মেক্সিকোতে অ্যাজটেক সভ্যতা বৃদ্ধি পেয়েছিল,Amir,Amazon Translate
স্যুপ রেসিপিগুলি তরলে সিদ্ধ উপাদানগুলিকে একত্রিত করে।,Amir,Amazon Translate
চৌম্বকতা কম্পাসের সূঁচকে চৌম্বকীয় মেরু,Amir,Amazon Translate
পুষ্টি তথ্য খাদ্য প্যাকেজ সামগ্রী লেবেল করে,Amir,Amazon Translate
ডিডাকটিভ অনুমান কোনও মামলায় নিয়ম প্রয়োগ করে।,Amir,Amazon Translate
জেন কোয়ানরা অভ্যাস চিন্তাভাবনাকে চ,Amir,Amazon Translate
কমিটিগুলি সম্ভাব্য পরিবর্তনের জন্য আইনসভা প্রস্তাব,Amir,Amazon Translate
মোবাইল অ্যাপ্লিকেশন ব্যবহারকারীদের বাড়ি থেকে ব্যাংক করতে,Amir,Amazon Translate
ম্যানুয়ালগুলি ইলেকট্রনিক ডাউনলোডের মাধ্যমে,Amir,Amazon Translate
দাগযুক্ত কাচের জানালা ক্যাথেড্রালে প্রবেশ করে সূর্যের আলো,Amir,Amazon Translate
প্যাটাগোনিয়া দক্ষিণ আর্জেন্টিনা এবং চিলির অঞ্চলগুলিকে,Amir,Amazon Translate
রোয়িং স্কুলগুলি শরীরের উপরের পেশী শক্তি বি,Amir,Amazon Translate
বার্লিন এয়ারলিফ্ট অবরোধের সময় পশ্চিম বার্লিন,Amir,Amazon Translate
ফুড কোর্টগুলি একসাথে একাধিক রেস্তোঁরা,Amir,Amazon Translate
ভগ্নাংশ সংখ্যাগুলি সমানভাবে বিভক্ত নয় তুল,Amir,Amazon Translate
লাভা শীতল হয় এবং আগ্নিয়াসী শিলা স্তর গঠন করে।,Amir,Amazon Translate
রায় সেরা ফলাফলের জন্য বিকল্পগুলি মূল্যায়ন করে।,Amir,Amazon Translate
পরিসংখ্যান জনসংখ্যা সম্পর্কে অনুমান করতে নমুনা ব্যবহার করে।,Amir,Amazon Translate
গুণ্য নীতিশাস্ত্র ভাল উদ্দেশ্যে অভিনয় তুলে ধরে।,Amir,Amazon Translate
কনস্যুলেট বিদেশের নাগরিকদের সহায়তা দেয়।,Amir,Amazon Translate
অ্যাপ আইকনগুলি প্রায়শই মূল অ্যাপ্লিকেশন ফাংশনগুলির,Amir,Amazon Translate
পাবলিক ভিউ এলাকাগুলি নিরাপদ বন্যপ্রাণী,Amir,Amazon Translate
জলের স্কিস হ্রদের পৃষ্ঠ জুড়ে দ্রুত গ্লাইড করে।,Amir,Amazon Translate
স্কেটিং কোর এবং পায়ের পেশী সমানভাবে সক্রিয় করে।,Amir,Amazon Translate
চুক্তিগুলি যুদ্ধ শেষ হওয়ার পরে জাতীয় স্বাধীনতা,Amir,Amazon Translate
হার্ডওয়্যার দোকান সরঞ্জাম এবং বিল্ডিং উপকরণ,Amir,Amazon Translate
দশমিক সুনির্দিষ্ট পরিমাপের তুলনার অনুমতি দেয়,Amir,Amazon Translate
স্যাচুরেশন পয়েন্টের নীচে বায়ু শীতল হয়ে গেলে,Amir,Amazon Translate
প্ররোচিত যুক্তিগুলি শক্তিশালী যুক্তির উপর নির্ভর করে।,Amir,Amazon Translate
মতবাদি সরকারী ধর্মীয় শিক্ষার সংক্ষিপ্,Amir,Amazon Translate
ট্রাস্টিরা উপকারীদের পক্ষ থেকে সম্পত্তি পরিচালনা করে।,Amir,Amazon Translate
নিরাপত্তা ক্যামেরা পাবলিক স্পেসে চুরি রোধ করে।,Amir,Amazon Translate
মেশিন লার্নিং বড় ডেটা সেট বিশ্লেষণ স্বয়ংক্রিয়,Amir,Amazon Translate
অধ্যায়গুলি বইয়ের সামগ্রীকে যৌক্তিক বিভাগে,Amir,Amazon Translate
সাংস্কৃতিক অনুষ্ঠানে বালি পেইন্টিং ব্যবহৃত হয়।,Amir,Amazon Translate
বেন নেভিস স্কটল্যান্ডের সবচেয়ে উঁচু পর্বত।,Amir,Amazon Translate
"পার্কুর দৌড়ানো, লাফানো এবং আরোহণ বাধা সহজেই একত্রিত করে।",Amir,Amazon Translate
প্রিন্টিং প্রেস চিরকাল গণ যোগাযোগের বিপ্লব,Amir,Amazon Translate
মেল-অর্ডার ক্যাটালগগুলি অনলাইন শপিংয়ের সুযোগের আগে।,Amir,Amazon Translate
সমতা দৃশ্যত সুষম আর্টওয়ার্ক রচনা তৈরি,Amir,Amazon Translate
প্লেট টেকটোনিক্স প্যাসিফিক রিং অফ ফায়ারে ভূমিকম্পের ব্যাখ্যা,Amir,Amazon Translate
সৌর শক্তি ছাদের প্যানেলকে দক্ষতার সাথে শক্তি দেয়,Amir,Amazon Translate
কৃতজ্ঞতা চিঠিগুলি অর্থপূর্ণভাবে প্রশংসা,Amir,Amazon Translate
সাধারণ প্রবণতা পর্যবেক্ষণ করার পরে ইন্ডাকশন তত্ত্ব,Amir,Amazon Translate
মন্যাস্টিক জীবন সরলতা এবং সম্প্রদায় সেবার উপর জোর,Amir,Amazon Translate
প্রচার দাতারা স্বেচ্ছায় নির্বাচনী কার্যক্রম,Amir,Amazon Translate
প্রোগ্রামিং কম্পিউটারের কাজগুলিকে ধাপে,Amir,Amazon Translate
বর্ণানুক্রমিক ক্রম সহজেই লাইব্রেরি বইগুলি সাজায়।,Amir,Amazon Translate
স্ক্র্যাপবুকিং সজ্জিত অ্যালবামগুলিতে কেপসেকগুলি সংরক্ষণ করে।,Amir,Amazon Translate
প্রাপ্ত আমানতের ভিত্তিতে ব্যাংক অর্থ ঋণ দেয়,Amir,Amazon Translate
কনসার্টোতে অর্কেস্ট্রাল পটভূমিতে একক যন্ত্র রয়েছে।,Amir,Amazon Translate
ফকল্যান্ড দ্বীপপুঞ্জ দক্ষিণ আমেরিকার উপকূলের পূর্,Amir,Amazon Translate
ওয়াল আরোহণের জন্য সমন্বিত চলাচল এবং গ্রিপ,Amir,Amazon Translate
মুক্তি ঘোষণা যুক্তরাষ্ট্রের বিদ্রোহী রাজ্যগুলিতে দাসত্ব,Amir,Amazon Translate
ঋণ পরিশোধের সময়সূচী সময়মত,Amir,Amazon Translate
স্থান মান অঙ্কগুলি বিভিন্ন মাত্রার অর্থ দেয়।,Amir,Amazon Translate
উজ্জ্বল বাহিনী ব্যাখ্যা করে যে কেন বস্তুগুলি তরলে ভাসছে।,Amir,Amazon Translate
প্রতিফলন আয়নাগুলি ভিজ্যুয়াল সমমিতি হিসাবে,Amir,Amazon Translate
উপযোগী চিন্তা সিদ্ধান্তগুলিতে মোট সুখ পরিমাপ করে।,Amir,Amazon Translate
অর্ডিনেশন সম্প্রদায়ের মধ্যে পাদ্রীদের কর্তৃপক্ষকে আনুষ্ঠানিক করে।,Amir,Amazon Translate
কারাগার সংস্কারের পক্ষে পুনর্বাসন প্র,Amir,Amazon Translate
সকেট রেঞ্চগুলি বোল্ট এবং বাদাম শক্তভাবে ঘুরিয়ে,Amir,Amazon Translate
সোশ্যাল মিডিয়া বিশ্বব্যাপী দ্রুত সংবাদ প্রচার,Amir,Amazon Translate
একটি স্টাইলবুক লেখার সামঞ্জস্যের জন্য নির্দেশিকা সরবরাহ,Amir,Amazon Translate
শিল্পে বাস্তববাদ দৈনন্দিন জীবনকে সঠ,Amir,Amazon Translate
কায়রো মিশরের রাজধানী নীল ডেল্টার কাছে।,Amir,Amazon Translate
মধ্যযুগীয় সময়ে ব্ল্যাক ডেথ লক্ষ লক্ষ মানুষকে,Amir,Amazon Translate
ক্যাশিয়াররা বিক্রয় পয়েন্টগুলিতে লেনদেন প্রক্রিয়া করে।,Amir,Amazon Translate
জিরো আমাদের নম্বর সিস্টেমে একটি প্লেসহোল্ডার।,Amir,Amazon Translate
ইলেকট্রনগুলি শেলগুলিতে পারমাণবিক নিউক্,Amir,Amazon Translate
মারি কিউরি দুটি নোবেল পুরস্কার লাভ করেন।,Amir,Amazon Translate
গঠনমূলক সমালোচনা কর্মক্ষমতা বা দক্ষতা,Amir,Amazon Translate
স্বল্পমেয়াদী স্মৃতিশক্তি কয়েক মিনিটের,Amir,Amazon Translate
কনফুসিয়ান শিক্ষাগুলি শ্রদ্ধা এবং শাস্ত্রীয় কর্তব্যের উপর জোর,Amir,Amazon Translate
পৌরসভা স্থানীয় পরিকল্পনা এবং পরিষেবার তদারকি,Amir,Amazon Translate
মোবাইল পেমেন্ট অ্যাপ্লিকেশন বৈদ্যুতিনভাবে,Amir,Amazon Translate
ওয়্যারলেস স্পিকার অডিও গ্রহণ করতে ব্লুটুথ ব্যবহার করে,Amir,Amazon Translate
"সিরামিক গ্লেজ একটি চকচকে, জলরোধী ফিনিস",Amir,Amazon Translate
ভেনেশিয়ানরা শহরের খালে গন্ডোলা দ্বারা ভ্রমণ করে।,Amir,Amazon Translate
ক্রস ট্রেনিং আঘাত প্রতিরোধের জন্য ওয়ার্কআউটগুলি,Amir,Amazon Translate
বারোক স্থাপত্যে অলংকারিক বিবরণ রয়েছে,Amir,Amazon Translate
খাবারের অংশ ক্যালোরি গ্রহণ এবং বিপাককে প্রভাবিত,Amir,Amazon Translate
প্রতিসরণ বিভিন্ন উপকরণের মাধ্যমে আলোকে বাঁকায়।,Amir,Amazon Translate
ইচ্ছাশক্তি ক্রমাগত প্রলোভন প্রতিরোধ করে।,Amir,Amazon Translate
সাদৃশ্য সহজভাবে নতুন ধারণাগুলি ব্যাখ্যা করতে,Amir,Amazon Translate
ট্রান্সেন্ডেন্টালিস্ট লেখকরা শিল্প সমাজের চেয়ে প্রকৃতিকে,Amir,Amazon Translate
প্যারিশনাররা একসাথে নিয়মিত উপাসনায় অংশ নেয়।,Amir,Amazon Translate
বিতর্ক নির্দিষ্ট বিষয়ে বিভিন্ন দৃষ্টিভঙ্গি উপস্থাপন করে।,Amir,Amazon Translate
টিউটোরিয়াল অনলাইনে স্ব-নির্দেশিত শেখার,Amir,Amazon Translate
প্যাটার্ন বইগুলি ধাপে ধাপে কারু,Amir,Amazon Translate
ফ্রেস্কোগুলি রঙিন প্রাচীর চিত্রগুলি দিয়ে চ্যাপেলগুলি সাজায়।,Amir,Amazon Translate
মাসাই সম্প্রদায় কেনিয়া এবং তানজানিয়া জুড়ে,Amir,Amazon Translate
মার্শাল আর্টস চরতা এবং শৃঙ্খলা তৈরি করে,Amir,Amazon Translate
জেমস্টাউন ছিল আমেরিকায় ইংল্যান্ডের প্রথম স্থায়ী বসতি।,Amir,Amazon Translate
রসিদ প্রিন্টারগুলি তাত্ক্ষণিকভাবে পেমেন্ট যাচাইকরণ,Amir,Amazon Translate
চাঁদের পর্যায়গুলি প্রতি মাসে পরিবর্তিত হয়।,Amir,Amazon Translate
অন্তর্ভুক্তি পার্থক্য নির্বিশেষে সমান চিকিত্সা নি,Amir,Amazon Translate
সম্ভাবনাগুলি গণিতিকভাবে প্রত্যাশিত ঝুঁকি,Amir,Amazon Translate
নৈতিক কোড আচরণের জন্য সম্মিলিত মান সরবরাহ করে।,Amir,Amazon Translate
রহস্যময় ঐতিহ্য সরাসরি আধ্যাত্,Amir,Amazon Translate
বিল অফ রাইটস মার্কিন মৌলিক স্বাধীনতা,Amir,Amazon Translate
ইউনিভার্সাল রিমোট কন্ট্রোলসমূহ,Amir,Amazon Translate
টিনটাইপ ফটোগ্রাফি ঐতিহাসিকভাবে ধাতব,Amir,Amazon Translate
বসপোরাস স্ট্রেইট ইস্তাম্বুলকে ইউরোপ ও এশিয়ায় বিভক্ত করে,Amir,Amazon Translate
"কায়াকিং পিঠ, বাহু এবং কোর পেশীগুলিকে শক্তিশালী করে।",Amir,Amazon Translate
জেনেভা কনভেনশন যুদ্ধকালের মানবিক নীতি,Amir,Amazon Translate
কারিগররা বিশেষ কৌশল ব্যবহার করে হস্তশিল্প বস্তু,Amir,Amazon Translate
শেয়ারযোগ্য স্প্রেডশিট টিম প্রকল্প পরিচালনায় সহায়তা,Amir,Amazon Translate
নেতিবাচক এক্সপোনেন্টগুলি সংখ্যার পারস্পরিক উপস্থাপন,Amir,Amazon Translate
সাবডকশন অঞ্চল ঘটে যেখানে টেকটোনিক প্লেটগুলি মিলিত হয়।,Amir,Amazon Translate
গ্রাফগুলি পরিবর্তনশীল সম্পর্কগুলি দৃশ্যত,Amir,Amazon Translate
চাষ দক্ষতার সাথে মাটি থেকে খাদ্য উত্পাদন করে।,Amir,Amazon Translate
পুণ্য তালিকাগুলি প্রতিদিন নৈতিক আত্মবিকাশকে,Amir,Amazon Translate
অ্যানিমিস্টিক বিশ্বাস উদ্ভিদ এবং প্রাণীর সাথে আত্মাকে সংযুক্ত করে,Amir,Amazon Translate
ইউনিফর্ম আইনগুলি ক্রস-স্টেট প্রবিধানগুলিকে,Amir,Amazon Translate
"টাইমকিপিং ঘন্টা, দিন, মাস এবং বছরগুলি সঠিকভাবে ট্র্যাক করে।",Amir,Amazon Translate
এনক্রিপশন অ্যালগরিদমগুলির মাধ্যমে গোপনে তথ্য,Amir,Amazon Translate
কবিতা স্ল্যামগুলিতে মূল কবিতার অভিনয় রয়েছে।,Amir,Amazon Translate
সিডনি হারবার ব্রিজ পানি জুড়ে শহরের জেলাগুলিকে,Amir,Amazon Translate
এল নিনো বিশ্বব্যাপী আবহাওয়ার নিদর্শনগুলি চক্রান্তভাবে পরিবর্তন করে।,Amir,Amazon Translate
"বক্সিং ম্যাচ শক্তি, কৌশল এবং ধৈর্য পরীক্ষা করে।",Amir,Amazon Translate
সংশোধনী আইনী পাঠ্যগুলি চিন্তাভাবনায় আপ,Amir,Amazon Translate
ইমপ্রেশনবাদী সংগীত শব্দে স্থায়ী মেজাজকে,Amir,Amazon Translate
জনস্বাস্থ্য প্রচারণা স্থানীয়ভাবে মহামারীকে,Amir,Amazon Translate
জীবনবৃত্তান্ত ক্যারিয়ারের হাইলাইটগুলির সংক্ষিপ্ত,Amir,Amazon Translate
মাইক্রোস্কোপগুলি পর্যবেক্ষণের জন্য ছোট নমুনাগুলি বৃদ্ধি করে,Amir,Amazon Translate
আনুগত্য প্রোগ্রামগুলি পুনরাবৃত্তি গ্রাহ,Amir,Amazon Translate
টেকটোনিক্স পৃথিবীর ক্রাস্টের গতিবিধি অধ্যয়ন করে।,Amir,Amazon Translate
সামরিক দায়িত্বের জন্য কনস্ক্রিপশন নাগরিকদের খ,Amir,Amazon Translate
সম্পদ পরিচালকরা কৌশলগতভাবে ক্লায়েন্টের,Amir,Amazon Translate
ইতিবাচক অর্থনীতি বিচার ছাড়াই সত্যগুলি,Amir,Amazon Translate
নির্ধারক কম্পিউটার প্রোগ্রামগুলিতে সর্বদা অনুমান করা আউট,Amir,Amazon Translate
নাহুল্ট ভাষার উৎপত্তি অ্যাজটেক জনগণের মধ্যে।,Amir,Amazon Translate
রোম তার প্রাচীন স্থাপত্যের জন্য পরিচিত।,Amir,Amazon Translate
আমাজন নদী দক্ষিণ আমেরিকা দিয়ে প্রবাহিত হয়,Amir,Amazon Translate
সুষম ডায়েট সামগ্রিক স্বাস্থ্য এবং শক্তি সমর্থন করে।,Amir,Amazon Translate
প্রাচীন গ্রীস পাশ্চাত্য দর্শনকে,Amir,Amazon Translate
জল পৃথিবীর বেশিরভাগ পৃষ্ঠকে ঢেকে রাখে।,Amir,Amazon Translate
অক্সিজেন পৃথিবীর বায়ুমণ্ডলের ২১%।,Amir,Amazon Translate
গণিত সমস্যা সমাধানের জন্য সংখ্যা এবং প্রতীক ব্যবহার করে।,Amir,Amazon Translate
বিচ্ছিন্নতা অন্য পরিমাণ থেকে একটি সংখ্যা সরিয়ে দেয়।,Amir,Amazon Translate
একটি বল ব্যবহার করে দুটি দল দ্বারা ফুটবল খেলা হয়।,Amir,Amazon Translate
ইমেল কম্পিউটারের মধ্যে বৈদ্যুতিনভাবে,Amir,Amazon Translate
চোখের রঙ আংশিকভাবে জেনেটিক্সের উপর,Amir,Amazon Translate
জলের বাষ্প ফোঁটায় ঘনীভূত হলে বৃষ্টি পড়ে।,Amir,Amazon Translate
শীতকালীন ঝড় তুষার বা বরফ তৈরি করে।,Amir,Amazon Translate
বসন্ত শীতকালে পৃথিবীর অক্ষ ঝুলে যায়।,Amir,Amazon Translate
পাইথাগোরাস ডান ত্রিভুজ সম্পর্কে তত্ত্ব তৈরি করেছিলেন।,Amir,Amazon Translate
কার্বন জীবন্ত জিনিসগুলির জন্য একটি মূল উপাদান।,Amir,Amazon Translate
সেন্ট পিটার্সবার্গ একসময় লেনিনগ্রাড নামে,Amir,Amazon Translate
কিছু ধর্মে ভিক্ষুরা ধর্মীয় প্রতিশ্রুতির অধীনে বসবাস করেন,Amir,Amazon Translate
ডাক্তাররা অসুস্থতা এবং আঘাতগুলি,Amir,Amazon Translate
পাইলট ফ্লাইটের সময় বিমান নিয়ন্ত্রণ করে।,Amir,Amazon Translate
জনসংখ্যার ঘনত্ব প্রতি ইউনিট এলাকায় মানুষকে,Amir,Amazon Translate
জোরে শব্দ সময়ের সাথে সাথে শ্রবণশক্তি ক্ষতি করতে পারে।,Amir,Amazon Translate
হারিকেন জোর বাতাস এবং ভারী বৃষ্টি জড়িত।,Amir,Amazon Translate
পশ্চিম আফ্রিকায় ফরাসি ভাষা ব্যাপকভাবে,Amir,Amazon Translate
মূর্তিগুলি গুরুত্বপূর্ণ ঐতিহাসিক ব্যক্তিত্ব,Amir,Amazon Translate
নীল তিমিগুলি আজ বেঁচে থাকা বৃহত্তম প্রাণী।,Amir,Amazon Translate
জীবন্ত জীবগুলি পরিবেশগত পরিবর্তনের সাথে খাপ খায়।,Amir,Amazon Translate
গাছপালা শিকড় এবং বীজে শক্তি সংরক্ষণ করে।,Amir,Amazon Translate
জ্বালানী শক্তি গাড়ি এবং যন্ত্রপাতি।,Amir,Amazon Translate
ডিএনএ পিতামাতার কাছ থেকে উত্তরাধিকার সৃষ্ট শার,Amir,Amazon Translate
পাবলিক স্কুল বিনামূল্যে শিক্ষা দেয়।,Amir,Amazon Translate
দাবের প্রয়োজন সতর্কতার পরিকল্পনা এবং দূরদ,Amir,Amazon Translate
ভূমিকম্প হঠাৎ সংরক্ষিত শক্তি,Amir,Amazon Translate
লিফটগুলি বিল্ডিংয়ের মেঝেগুলির মধ্যে উল্লম্বভাবে লোক,Amir,Amazon Translate
কৃষকরা খাদ্য উত্পাদনের জন্য ফসল চাষ করেন।,Amir,Amazon Translate
গিটার স্ট্রিংগুলি কম্পন করে শব্দ তৈরি করে।,Amir,Amazon Translate
ব্রিটিশ সংসদ যুক্তরাজ্যে আইন পাস করেছে।,Amir,Amazon Translate
নার্স রোগীর যত্নে ডাক্তারদের সহায়তা করে,Amir,Amazon Translate
সুতির তন্তুগুলি থ্রেডে ঘুরিয়ে দেওয়া হয়।,Amir,Amazon Translate
"গণিত গাণিতিক, জ্যামিতি এবং বীজগণিত জড়িত।",Amir,Amazon Translate
কেক উদযাপনের জন্য বেক করা হয়।,Amir,Amazon Translate
সাঁতার পেশী এবং সমন্বয় জোরদ,Amir,Amazon Translate
পড়া শব্দভাণ্ডার এবং বোঝার,Amir,Amazon Translate
স্যাটেলাইট পৃথিবীর বায়ুমন্ডলের উপরে,Amir,Amazon Translate
রানওয়ে লাইট রাতে বিমান অবতরণ করার গাইড করে।,Amir,Amazon Translate
শাস্ত্রীয় সংগীত কাঠামোগত ফর্ম এবং সম্মিলিত,Amir,Amazon Translate
ফসল উত্সব সফল সংগ্রহ উদযাপন করে,Amir,Amazon Translate
ব্যারোমিটার বায়ুমণ্ডলীয় বায়ু চাপ,Amir,Amazon Translate
পতাকা দেশ এবং সংগঠনের প্রতীক।,Amir,Amazon Translate
সিম্ফোনিতে সংগীতশিল্পীদের বড় দল একসাথে বাজানো হয়।,Amir,Amazon Translate
ফল খাওয়া ভিটামিন এবং ফাইবার সরবরাহ করে।,Amir,Amazon Translate
প্রোগ্রামিং কম্পিউটারগুলিকে নির্দিষ্ট কাজ সম্পূর্ণ করার নির্দেশ,Amir,Amazon Translate
গণতন্ত্র নাগরিকদের ভোটাধিকার,Amir,Amazon Translate
পানি পান করা স্বাস্থ্যের জন্য অপরিহার্য।,Amir,Amazon Translate
পড়া সাক্ষরতার দক্ষতা বাড়ায়,Amir,Amazon Translate
ভূমিকম্প টেকটোনিক আন্দোলনের কারণে ঘটে।,Amir,Amazon Translate
কার্বন ডাই অক্সাইড হল একটি গ্রিনহাউস,Amir,Amazon Translate
মেঘগুলিতে জলের ক্ষুদ্র ফোঁটা থাকে।,Amir,Amazon Translate
বিমানগুলি দ্রুত শহরের মধ্যে যাত্রীদের উড়ে যায়।,Amir,Amazon Translate
বেইজিং চীনের রাজধানী।,Amir,Amazon Translate
অর্কেস্ট্রা অনেক সঙ্গীতশিল্পীর সাথে সিম্ফোনিক সঙ্গীত পরিচালনা,Amir,Amazon Translate
ফ্রেঞ্চ ফ্রাই আলু থেকে তৈরি করা হয়।,Amir,Amazon Translate
বেতার ইন্টারনেট সংযোগের জন্য রেডিও তরঙ্গ ব্যবহার করে।,Amir,Amazon Translate
ব্যাটারি ইলেকট্রনিক ডিভাইসের জন্য শক্তি সংরক্ষণ,Amir,Amazon Translate
মশা ম্যালেরিয়া পরজীবী বহন,Amir,Amazon Translate
জাজ ব্যান্ডগুলিতে স্যাক্সোফোনগুলি সাধারণ।,Amir,Amazon Translate
বীজগণিত সংখ্যা প্রতিনিধিকারী অক্ষরগুলির সাথে সমীকরণ,Amir,Amazon Translate
মহাসাগর পৃথিবীর পৃষ্ঠের প্রায় ৭১% আচ্ছাদিত।,Amir,Amazon Translate
শুক্র সূর্য থেকে দ্বিতীয় গ্রহ।,Amir,Amazon Translate
গোল নিয়ে ঘাসের মাঠে ফুটবল খেলা হয়।,Amir,Amazon Translate
মেল শারীরিকভাবে বার্তা এবং প্যাকেজ সরবরাহ করে,Amir,Amazon Translate
বাস্কেটবল একটি বল এবং দুটি হুপ ব্যবহার করে।,Amir,Amazon Translate
ক্যালেন্ডারগুলি তারিখ এবং মাসগুলির ট্র্যাক রাখে।,Amir,Amazon Translate
"প্রকৌশলীরা বিল্ডিং, সেতু এবং যানবাহন",Amir,Amazon Translate
রান্না কাঁচা উপাদানকে খাবারে রূপান্তরিত,Amir,Amazon Translate
"পদার্থবিদ্যা পদার্থ, শক্তি এবং শক্তি অধ্যয়ন করে।",Amir,Amazon Translate
"জ্যোতির্বিজ্ঞান তারকা, গ্রহ এবং ছায়াপথগুলি অ",Amir,Amazon Translate
বৈদ্যুতিক গাড়িগুলি রিচার্জেবল ব্যাটারি উপর,Amir,Amazon Translate
বই গল্প বলে বা তথ্য দেয়।,Amir,Amazon Translate
"জিমন্যাস্টিকস শক্তি, নমনীয়তা এবং সমন্বয় সংযুক্ত",Amir,Amazon Translate
মাটির নীচে মূল শাকসবজি বৃদ্ধি পায়।,Amir,Amazon Translate
হিপ-হপ ছন্দময় বক্তৃতা এবং সঙ্গীতকে,Amir,Amazon Translate
পাখি দেখার জড়িত প্রকৃতির বন্য পাখি পর্যবেক্ষণ করা।,Amir,Amazon Translate
অ্যান্টিবায়োটিক সংক্রমণ সৃষ্টি করে এমন,Amir,Amazon Translate
গ্লো-ওয়ার্ম বায়োলুমিনেসেন্সের মাধ্যমে আলো উত্পাদন করে।,Amir,Amazon Translate
ঈগলস গাছ বা ক্লিফে উঁচু বাসা তৈরি করে।,Amir,Amazon Translate
টমেটোগুলি বোটানিকভাবে বেরি হিসাবে শ্রেণিবদ্ধ,Amir,Amazon Translate
লন্ডনে একটি ভূগর্ভস্থ রেল রয়েছে যার নাম “দ্য টিউব”।,Amir,Amazon Translate
নদী ডেল্টাস যেখানে নদীগুলি সমুদ্রের সাথে মিলিত হয় সে,Amir,Amazon Translate
গ্রহগুলি কক্ষপথে সূর্যের চারপাশে ঘোরে।,Amir,Amazon Translate
পাবলিক লাইব্রেরি ছাড়াই বই ঋণ দেয়।,Amir,Amazon Translate
প্রাচীন রোম তাজা জল সরবরাহের জন্য জলপানি নির্মাণ করেছিল।,Amir,Amazon Translate
সাইনাস নাকের কাছাকাছি খুলিতে গহ্বর।,Amir,Amazon Translate
রোমানরা তাদের সাম্রাজ্য জুড়ে রাস্তা তৈরি করেছ,Amir,Amazon Translate
আইনজীবী আইনী বিষয়ে ক্লায়েন্টদের প্রতিনিধিত্ব,Amir,Amazon Translate
তিমিরা প্রতি বছর বিশাল দূরত্ব স্থানান্তর করে।,Amir,Amazon Translate
হাইকিং ক্যালোরি পোড়ায় এবং মানসিক স্বাস্থ্যের উপকার,Amir,Amazon Translate
টেলিপোর্টেশন বর্তমানে কেবল বিজ্ঞান কল্পকাহিনীতে বিদ্যমান।,Amir,Amazon Translate
উত্তর আমেরিকার বাইরে ফুটবলকে ফুটবল বলা হয়।,Amir,Amazon Translate
পেপার ম্যাচ হালকা ভাস্কর্য এবং মডেল তৈরি করে।,Amir,Amazon Translate
রোমের কলোসিয়াম গ্ল্যাডিয়েটর লড়াইয়ের আয়োজন করেছিল।,Amir,Amazon Translate
"ভূতাত্ত্বিকরা শিলা, খনিজ এবং ভূমিকম্প অধ্যয়ন করেন।",Amir,Amazon Translate
পুতুল পুতুল এবং চিত্রগুলিতে জীবন্ত গতি নিয়ে আসে।,Amir,Amazon Translate
সুরকার নতুন যন্ত্র ও ভোকাল রচনা তৈরি করে।,Amir,Amazon Translate
একক চাকা চালানোর জন্য ইউনিসাইকেলগুলির ভারসাম্য প্রয়োজন।,Amir,Amazon Translate
সীলগুলি উপকূল বরাবর বাস করে এবং মাছ খায়।,Amir,Amazon Translate
দাবা গ্র্যান্ডমাস্টাররা কৌশল মাস্টার করে আন্তর্জাতিক টুর্,Amir,Amazon Translate
স্বাস্থ্যকর মাটি বজায় রাখার জন্য কৃষকরা ফসল ঘ,Amir,Amazon Translate
মৃৎশিল্প আকার দেওয়া হয় তারপরে ভাটিতে জ্বালানো,Amir,Amazon Translate
অভিধানগুলি ইংরেজি শব্দগুলি বর্ণমালানুক্রমে,Amir,Amazon Translate
১৯৫৫ সালে ক্যালিফোর্নিয়ায় ডিজনিল্যান্ড খোলা হয়।,Amir,Amazon Translate
সেলোস অর্কেস্ট্রায় কম পিচ খেলে।,Amir,Amazon Translate
মাংসাশী মূলত প্রাণীর মাংসের উপর নির্ভর করে।,Amir,Amazon Translate
কম বায়ুমণ্ডলীয় চাপে জল দ্রুত ফুটে,Amir,Amazon Translate
জেট স্ট্রিম পৃথিবীর পৃষ্ঠের উপরে উঁচু প্রবাহ করে।,Amir,Amazon Translate
হজম খাবারগুলি পুষ্টিতে ভেঙে দেয়।,Amir,Amazon Translate
চিড়িয়াখানাগুলি নিরাপদে বিদেশী এবং বিপন্ন প্রাণী,Amir,Amazon Translate
নাটক সংলাপ ও কর্মের মাধ্যমে গল্পের আবেগ উপস্থাপন করে,Amir,Amazon Translate
পাঠ্যক্রম নির্দিষ্ট করে যে শিক্ষার্থীদের স্কুলে কী শিখতে হবে।,Amir,Amazon Translate
পাই দিবস প্রতি চতুর্দশ মার্চ পালিত হয়।,Amir,Amazon Translate
শেক্সপিয়ার ইংরেজি সাহিত্যে নাটক ও সোনেট লিখেছেন।,Amir,Amazon Translate
হীরা অত্যন্ত সংকুচিত কার্বন দিয়ে তৈরি।,Amir,Amazon Translate
মাউন্ট এভারেস্টের উচ্চতা সমুদ্রপৃষ্ঠ থেকে ৮৮০০ মিটার ছাড়িয়ে গেছে,Amir,Amazon Translate
কলা পুষ্টির জন্য ফাইবার এবং পটাসিয়াম সরবরাহ করে।,Amir,Amazon Translate
"মানচিত্র অঞ্চল, সীমানা এবং বৈশিষ্ট্য দৃশ্যত প্রদর্শন",Amir,Amazon Translate
রোগীর স্বাস্থ্যের উন্নতি করতে চিকিত্সকরা রোগের চিকিত্সা,Amir,Amazon Translate
ত্রিভুজগুলির তিন কোণ রয়েছে যার যোগফল 180 ডিগ্রি সমান।,Amir,Amazon Translate
জ্যাজ কঠোর নোটগুলির উপর উন্নয়নের উপর জোর,Amir,Amazon Translate
জাদুঘর ভবিষ্যতের প্রজন্মের জন্য ইতিহাস ও সংস্কৃতি,Amir,Amazon Translate
"যোগব্যায়াম পোজ শক্তি, নমনীয়তা এবং ভারসাম্য বৃদ্ধি করে।",Amir,Amazon Translate
পরমাণু একত্রিত হয়ে আলাদা রাসায়নিক যৌগ তৈরি,Amir,Amazon Translate
Wi-Fi ডিভাইসগুলির জন্য ওয়্যারলেস সংযোগের অনুমতি,Amir,Amazon Translate
বৃষ্টির ফলে মেঘগুলি ঘনীভূত জলের বাষ্প ছেড়ে,Amir,Amazon Translate
অর্থ বাজারে বিনিময়ের মাধ্যম হিসাবে কাজ করে।,Amir,Amazon Translate
বাঁশ আদর্শ পরিস্থিতিতে প্রতিদিন এক মিটার বাড়তে পারে।,Amir,Amazon Translate
নিরাপত্তার জন্য ড্রাইভারদের অবশ্যই ট্র্যাফিক নিয়ম,Amir,Amazon Translate
মধু গাছের চিনির উত্স থেকে মধু তৈরি করে।,Amir,Amazon Translate
কঠিন উপাদান মাধ্যমে শব্দ দ্রুত চলে।,Amir,Amazon Translate
মাধ্যাকর্ষণ গ্রহদেহকে উপবৃত্তাকার পথ অনুসরণ করে,Amir,Amazon Translate
অভিধানগুলি শব্দের অর্থ এবং সঠিক বানান ব্যাখ্যা করে।,Amir,Amazon Translate
পেইন্টিং ব্রাশ বা ছুরি দিয়ে প্রয়োগ করা পিগমেন্ট ব্যবহার করে।,Amir,Amazon Translate
"নিরপেক্ষ রঙগুলির মধ্যে রয়েছে সাদা, কালো, ধূসর এবং বেইজ।",Amir,Amazon Translate
অর্কেস্ট্রা শাস্ত্রীয় শীট সঙ্গীত রচনা সম্পাদ,Amir,Amazon Translate
বিমান জেট ইঞ্জিন ব্যবহার করে দ্রুত গন্তব্যের মধ্যে ভ্রমণ,Amir,Amazon Translate
সরীসৃপ সূর্যের আলোতে বেঁধে তাপমাত্রা,Amir,Amazon Translate
ফোন দীর্ঘ দূরত্ব জুড়ে ভয়েস যোগাযোগ,Amir,Amazon Translate
ভিটামিনগুলি আরও ভাল স্বাস্থ্যের জন্য ডায়েটরি ফাঁকগুলি,Amir,Amazon Translate
"বইগুলি পাঠকদের সাথে জ্ঞান, ধারণা বা গল্প ভাগ করে নেয়।",Amir,Amazon Translate
মেঘলা আবহাওয়া প্রাকৃতিক সূর্যের আলো ব্যাপক,Amir,Amazon Translate
জাজের উৎপত্তি আফ্রিকান-আমেরিকান সম্প্রদায়,Amir,Amazon Translate
ডেন্টিস্ট বিশেষত দাঁত এবং মাড়ির যত্ন নেয়।,Amir,Amazon Translate
সৌর প্যানেল ফোটন শক্তিকে বিদ্যুতে রূপান্তর করে,Amir,Amazon Translate
গণতন্ত্র নাগরিকদের নেতাদের জন্য ভোট দেওয়ার ক্ষমতা,Amir,Amazon Translate
পনির প্রাণীর দুধের এনজাইমগুলি গাঁজন করে তৈরি হয়।,Amir,Amazon Translate
কৃষকরা খাবার বা প্রাণিসম্পদের জন্য ফসল গাছ উত্পাদন,Amir,Amazon Translate
ভগ্নাংশ পুরো মানগুলির চেয়ে কম সংখ্যা বর্ণনা করে।,Amir,Amazon Translate
অপেরা ভোকাল পারফরম্যান্স এবং নাটকীয় গল্প গ,Amir,Amazon Translate
প্রশস্ত পাতা ব্যবহার করে জল লিলি পুকুরে ভাসছে।,Amir,Amazon Translate
বিশ্বব্যাপী প্রতি চার বছরে অলিম্পিক গেমস ঘটে।,Amir,Amazon Translate
তাপমাত্রা পদার্থগুলিতে তাপ শক্তি পরিমাপ,Amir,Amazon Translate
লেবু খাবারে অম্লতা এবং স্বাদ যুক্ত করে।,Amir,Amazon Translate
অ্যান্টার্কটিকায় বিজ্ঞানীরা ছাড়া স্থায়ী বা,Amir,Amazon Translate
"ডায়েরিগুলি ব্যক্তিগত অভিজ্ঞতা, চিন্তাভাবনা এবং অনুভূতি রেকর্ড করে।",Amir,Amazon Translate
মাছ ধরার উচ্চ প্রোটিন খাদ্য সম্পদ সরবরাহ,Amir,Amazon Translate
গ্লাস বালি এবং সোডা ছাই গলন করে তৈরি করা হয়।,Amir,Amazon Translate
ভায়োলিন ধনুক শব্দ তৈরি করতে ঘোড়ার চুল ব্যবহার করে।,Amir,Amazon Translate
জিরাফরা লম্বা ঘাড় ব্যবহার করে অ্যাকাসিয়া গাছ খায়।,Amir,Amazon Translate
পেইন্ট দিয়ে লেপা হলে আয়রন ক্ষয় সবচেয়ে ভাল প্রতিরোধ করে।,Amir,Amazon Translate
তারকারাগুলি হাইড্রোজেন পরমাণুকে হিলিয়াম নিউক্লিয়াসে,Amir,Amazon Translate
ভাষাগুলি কীভাবে যৌক্তিকভাবে বাক্যগুলি গঠন করে,Amir,Amazon Translate
বায়ুমণ্ডলে বিরোধী চার্জগুলি সমান হলে বজ্র,Amir,Amazon Translate
ডিজিটাল ক্যামেরাগুলি ইলেকট্রনিক চিত্র হিসাবে ফটোগুলি,Amir,Amazon Translate
"ইঞ্জিনিয়ারিং মেশিন, রাস্তা, ডিভাইস বা কাঠামো তৈরি করে।",Amir,Amazon Translate
টিউলিপস হল মধ্য এশিয়া অঞ্চলের স্থানীয় বাল্ব ফুল।,Amir,Amazon Translate
গাজরে বিটা ক্যারোটিন থাকে যা শরীর ভিটামিন এ তে রূপান্ত,Amir,Amazon Translate
আপেল পাতলী গাছগুলিতে বৃদ্ধি পায় যা বছরে পাতা হারায়,Amir,Amazon Translate
বিজ্ঞানের সাথে প্রশ্ন জিজ্ঞাসা করা এবং পদ্ধতিগতভাবে পরীক্ষা করা জড়িত।,Amir,Amazon Translate
পাবলিক লাইব্রেরী অবাধে বই এবং মাল্টিমিডিয়া,Amir,Amazon Translate
সূর্যাস্ত সূর্যালোকের রশ্মি ছড়িয়ে দিয়ে আকাশের রঙ,Amir,Amazon Translate
বনফায়ারগুলি বাইরে বড় পরিমাণে কাঠ পুড়িয়ে দেয়।,Amir,Amazon Translate
ওষুধ অসুস্থতা বা সংক্রমণের লক্ষণগুলি দূর করতে,Amir,Amazon Translate
স্ট্রিপড ক্যামোফ্লেজের জন্য জিব্রাগুলি তৃণভূমিতে মিশ্রিত হয়।,Amir,Amazon Translate
শীতকালে তুষারঝড় ঠান্ডা জলবায়ু অঞ্চলে,Amir,Amazon Translate
শিক্ষকরা শিক্ষাপ্রতিষ্ঠানগুলিতে শেখার উদ্দেশ্যগুলিকে,Amir,Amazon Translate
প্রত্নতত্ত্ববিদরা অতীত সমাজের শিল্পক,Amir,Amazon Translate
ফুটবল খেলোয়াড়রা একটি বল লাত দিয়ে গোল করে।,Amir,Amazon Translate
হারিকেনগুলি বাতাসের গুরুতর ক্ষতি এবং বন্যার কারণ হয়।,Amir,Amazon Translate
কাগজ প্রক্রিয়াজাত গাছের ফাইবার থেকে আসে।,Amir,Amazon Translate
চকোলেট গ্রীষ্মমন্ডলীয় জলবায়ুতে উত্পাদিত কোকো,Amir,Amazon Translate
কুকবুকগুলি রেসিপি এবং রান্নার কৌশল নির্দেশাবলী,Amir,Amazon Translate
অ্যাথলিটরা শারীরিক পারফরম্যান্সের মাত্রা,Amir,Amazon Translate
রোম জুলিয়াস সিজারের মতো সম্রাটদের বাড়ি ছিল।,Amir,Amazon Translate
বৈদ্যুতিক গিটারের ভলিউম বৃদ্ধির জন্য এম্প্লিফায়ারের,Amir,Amazon Translate
দ্বীপগুলি যখন জলরেখার উপরে আগ্নেয়গিরিগুলি উঠে,Amir,Amazon Translate
পরিবেশ দ্বারা আর্দ্র এবং গরম হলে বীজ অঙ্গুন দেয়,Amir,Amazon Translate
মনোবিজ্ঞান বৈজ্ঞানিকভাবে মানসিক প্রক্রিয়া এবং আচ,Amir,Amazon Translate
জলবায়ু ভৌগলিক অবস্থানে পাওয়া উদ্ভিদ প্রকারগুলিকে,Amir,Amazon Translate
মহাসাগরে ভাসমান বড় হিমবাহ থেকে আইসবার্গগুলি ভেঙে যায়।,Amir,Amazon Translate
শেক্সপিয়ার হ্যামলেট এবং ম্যাকবেথ সহ নাটক লিখেছিলেন।,Amir,Amazon Translate
"সুষম ডায়েটে প্রোটিন, শাকসবজি এবং শস্য অন্তর্ভুক্ত রয়েছে।",Amir,Amazon Translate
পৃথিবীর বায়ুমণ্ডলে বেশিরভাগ নাইট্রোজেন এবং,Amir,Amazon Translate
আপেল বাগান প্রতি শরত্কালে ফল উত্পাদন করে,Amir,Amazon Translate
ফ্রিজে থাকার আগে লবণ মাংস সংরক্ষণ করে।,Amir,Amazon Translate
বহুভুজগুলি কেবল সোজা দিকযুক্ত বন্ধ আকার।,Amir,Amazon Translate
রেডিও ওয়্যারলেস দূরত্বে শব্দ তরঙ্গ প্রেরণ করে।,Amir,Amazon Translate
ক্রেনগুলি পানিতে ঘুরতে দীর্ঘ পা ব্যবহার করে।,Amir,Amazon Translate
কয়েন ছোট লেনদেনের জন্য মুদ্রা হিসাবে কাজ করে।,Amir,Amazon Translate
তাপমাত্রার কারণে শরতে পাতা রঙ পরিবর্তন করে।,Amir,Amazon Translate
স্বাস্থ্যসেবা পেশাদাররা অসুস্থতা নির্ণয়,Amir,Amazon Translate
দাবা একটি চেকার্ড গেমবোর্ডে কৌশলগত পদক্ষেপ ব্যবহার করে।,Amir,Amazon Translate
ডাক্তাররা রোগীদের জন্য ওষুধ এবং থেরাপি লিখে,Amir,Amazon Translate
মশা বিভিন্ন রোগের সাধারণ বাহক।,Amir,Amazon Translate
যুক্তি যৌক্তিক যুক্তির ভিত্তি গঠন করে।,Amir,Amazon Translate
"গণিত নিদর্শন, পরিমাণ এবং কাঠামো বিশ্লেষণ করে",Amir,Amazon Translate
অভিনেতারা নাট্য প্রযোজনায় ভূমিকা পালন,Amir,Amazon Translate
শিক্ষকরা বিশ্বজুড়ে শ্রেণিকক্ষে শিক্ষার্থীদের শিক্ষা,Amir,Amazon Translate
ফ্রিদা কাহলো অভিব্যক্তিপূর্ণ স্ব-প্রতিকৃতি আঁকেন।,Amir,Amazon Translate
আইফেল টাওয়ার অবস্থিত ফ্রান্সের প্যারিসে।,Amir,Amazon Translate
বাস্কেটবল পয়েন্ট অর্জনের জন্য প্রতিযোগিতা করে পাঁচ খেলোয়া,Amir,Amazon Translate
বুলডোজার নির্মাণ প্রকল্পের সময় পৃথিবী সরানো হয়।,Amir,Amazon Translate
উদ্ধৃতি চিহ্নগুলি পাঠ্যে বক্তৃতা বা উদ্ধৃতিগুলি,Amir,Amazon Translate
কম্পিউটারগুলি উচ্চ গতিতে বৈদ্যুতিনভাবে তথ্য,Amir,Amazon Translate
বজ্রঝড় আবহাওয়ার সময় বজ্রপাত ঘটে।,Amir,Amazon Translate
পিরামিডগুলি প্রাচীন স্থাপত্য অর্জনের উদাহরণ,Amir,Amazon Translate
ভিটামিনগুলি শরীরের কার্যাদি এবং বিপাক বজায়,Amir,Amazon Translate
শাস্ত্রীয় সংগীত অর্কেস্ট্রেটেড যন্ত্রের সাথে কাঠামোগত,Amir,Amazon Translate
ব্লুপ্রিন্টস বিল্ডিং ডিজাইনে ইঞ্জিনিয়ার,Amir,Amazon Translate
মঙ্গল বিরোধিতার সময় নগ্ন চোখে দৃশ্যমান।,Amir,Amazon Translate
আবহাওয়ার পূর্বাভাস স্থানীয়ভাবে ভবিষ্যতের বায়ু,Amir,Amazon Translate
এশিয়ান ডায়েটে চাল প্রধান শস্য।,Amir,Amazon Translate
হাত দ্বারা নিয়ন্ত্রিত পরিসংখ্যান ব্যবহার করে পুতুল গল্পগুলিকে জীবনে নিয়ে আসে।,Amir,Amazon Translate
ক্যান্সার অস্বাভাবিক কোষ বৃদ্ধির সাথে রোগের গ্রুপ বর্ণ,Amir,Amazon Translate
গুগল সার্চ ইঞ্জিন প্রতিদিন লক্ষ লক্ষ ওয়েব পেজ সূচক,Amir,Amazon Translate
পনির সঠিকভাবে সংরক্ষিত কাঁচা দুধের দুধ থেকে আসে।,Amir,Amazon Translate
কুমির নদীর তীরে এবং উষ্ণ জলাভূমিতে বাস করে।,Amir,Amazon Translate
অ্যান্টার্কটিকা বছরে ছয় মাস অবিচ্ছিন্ন আলোর,Amir,Amazon Translate
"প্রকৌশলীরা মেশিন, বিল্ডিং এবং অবকাঠামো",Amir,Amazon Translate
ভায়োলিনিস্টরা সঠিকভাবে স্ট্রিংগুলি নমন করে সুর বাজায়।,Amir,Amazon Translate
দ্বীপপুঞ্জ পুরোপুরি জলাশের দ্বারা বেষ্টিত,Amir,Amazon Translate
জগিং স্থির জীবনযাত্রার বিরুদ্ধে স্থিতিস্থা,Amir,Amazon Translate
তাপমাত্রা হিমায়ার নিচে নেমে গেলে প্রাকৃতিকভাবে,Amir,Amazon Translate
সকার প্রতি দলে একটি গোলাকার বল এবং গোলপোস্ট ব্যবহার করে।,Amir,Amazon Translate
ভাস্কররা পাথর বা ধাতব ব্লক থেকে ত্রিমাত্রিক কাজ তৈরি করে।,Amir,Amazon Translate
স্বাস্থ্যকর খাওয়া শক্তিশালী ইমিউন সিস্টেমের কার্য,Amir,Amazon Translate
বিদ্যুৎ সর্বত্র বৈদ্যুতিন ডিভাই,Amir,Amazon Translate
ডাক্তাররা প্রতিদিন আঘাত ও অসুস্থতার চিকি,Amir,Amazon Translate
লাইব্রেরি শেল্ফ বিষয় বা লেখক দ্বারা বই সংগঠিত করে,Amir,Amazon Translate
ইতিহাস অতীতের মানুষ এবং ঘটনা অধ্যয়ন,Amir,Amazon Translate
ভূমিকম্পের ফলে ভূগর্ভস্থ ত্রুটিগুলোর,Amir,Amazon Translate
"যোগব্যায়াম ভঙ্গি, শ্বাস প্রশ্বাস এবং ঘনত্ব কৌশল",Amir,Amazon Translate
ব্যালে নৃত্যশিল্পীরা সুন্দরভাবে কোরিওগ্রাফযুক্ত চলাচল,Amir,Amazon Translate
ভূগোলবিদরা স্থানিক বিতরণ এবং অবস্থান অধ্যয়ন করেন।,Amir,Amazon Translate
কৃষকরা খাওয়ার জন্য শস্য এবং শাকসবজি উত্পাদন করেন।,Amir,Amazon Translate
মধুমৌমাছি মধুর মধ্যে মধু উত্পাদন করে।,Amir,Amazon Translate
প্রাচীন গ্রীকরা তাদের দেবতাদের সম্মানিত মন্দির নির্মাণ,Amir,Amazon Translate
পাবলিক বাসগুলি শহরগুলির চারপাশে ভাগ করে নেওয়া,Amir,Amazon Translate
সীলগুলি স্থল এবং ঠান্ডা সমুদ্রে উভয়ই বাস করে।,Amir,Amazon Translate
দ্বিতীয় যুদ্ধের পর বার্লিন প্রাচীর পূর্ব ও পশ্চিম বার্লিনকে,Amir,Amazon Translate
গ্রেট হোয়াইট হাঙ্গরের দাঁতের একাধিক সারি রয়েছে।,Amir,Amazon Translate
অ্যাকর্নগুলি অবাধ্য হয়ে রেখে গেলে ওক গাছে পরিপক্ক হয়।,Amir,Amazon Translate
চিনাবাদাম মাটির নীচে শাকগুলিতে জন্মে।,Amir,Amazon Translate
কিউই ফলের বাদামী অস্পষ্ট খোসা এবং সবুজ মাংস রয়েছে।,Amir,Amazon Translate
"পরমাণু সমস্ত শক্ত, তরল এবং গ্যাস পদার্থ ধরণের গঠন করে।",Amir,Amazon Translate
ভাইরাসগুলি ইনফ্লুয়েঞ্জা এবং সাধারণ সর্দির,Amir,Amazon Translate
"মানব স্মৃতি তথ্য, দক্ষতা এবং অভিজ্ঞতা সংরক্ষণ করে।",Amir,Amazon Translate
"সুপারমার্কেটগুলি মুদিখানা, বাড়ির জিনিস এবং ব্যক্তিগত পণ্য বিক্রি করে।",Amir,Amazon Translate
বিমানগুলি মহাদেশ জুড়ে দ্রুত যাত্রীকে পরি,Amir,Amazon Translate
আলেকজান্ডার দ্য গ্রেট প্রাচীন বিশ্বের অনেক অংশ জয় করেছিলেন,Amir,Amazon Translate
ব্লুটুথ ওয়্যারলেসভাবে ডিজিটাল ডিভাইস সংযুক্ত,Amir,Amazon Translate
শিল্পীরা বিভিন্ন মিডিয়ার মাধ্যমে দৃশ্যত ধারণাগুলি,Amir,Amazon Translate
ফল এবং শাকসব্জী ধোয়া ময়লা এবং ব্যাকটেরিয়া,Amir,Amazon Translate
ক্যালকুলাস বক্ররেখা এবং পরিবর্তনের হারের অধীনে অঞ্চল সন্ধান,Amir,Amazon Translate
মানচিত্র চিহ্ন এবং রেখার সাথে ভৌগলিক অঞ্চলগুলি দৃশ্য,Amir,Amazon Translate
একটি সুষম ডায়েট শক্তিশালী ইমিউন ফাংশন,Amir,Amazon Translate
"জাদুঘরগুলি শিল্প, ইতিহাস এবং বিজ্ঞান প্রদর্শন করে।",Amir,Amazon Translate
মাধ্যাকর্ষণ পৃথিবীর পৃষ্ঠে বস্তু ধরে রাখে।,Amir,Amazon Translate
ফটোগ্রাফি ক্যামেরা এবং ফিল্ম বা সেন্সর ব্যবহার করে চিত্র ধারণ,Amir,Amazon Translate
খরগোশ তাদের বড় সংবেদনশীল কান দিয়ে শিকারী সনাক্ত করে,Amir,Amazon Translate
কম্পিউটারগুলি বাইনারি সংখ্যাগত সিস্টেম ব্যবহার করে ডেটা,Amir,Amazon Translate
কয়েন বাণিজ্যিক লেনদেনের মুদ্রা হিসাবে কাজ করে,Amir,Amazon Translate
ভায়োলিনিস্টরা অর্কেস্ট্রা এবং এনসেম্বলগুলিতে উচ্চ নোট বাজায়।,Amir,Amazon Translate
বিমান দূরবর্তী বিশ্বের শহরগুলির মধ্যে যাত্রীদের উড়ে,Amir,Amazon Translate
ডাক্তাররা অসুস্থতা নির্ণয় করেন এবং চিকিত্সা,Amir,Amazon Translate
অগভীর পানিতে ক্রেনগুলি মাছ এবং পোকামাকড় শিকার করে।,Amir,Amazon Translate
মূর্তিগুলি পাবলিক স্পেসে উল্লেখযোগ্য মানুষ বা ইভেন্ট,Amir,Amazon Translate
"ছাত্ররা গণিত, বিজ্ঞান এবং ভাষার মতো একাডেমিক বিষয় শিখে।",Amir,Amazon Translate
গ্লোবাল পজিশনিং সিস্টেম (জিপিএস) বাইরে নেভিগেট করতে,Amir,Amazon Translate
গ্রীষ্মের তাপমাত্রা সাধারণত শীতের মাসগুলির চেয়ে বেশি।,Amir,Amazon Translate
হ্রদগুলিতে স্থায়ী মিষ্টি জল বা লবণাক্ত জলের দেহ রয়েছে,Amir,Amazon Translate
মেঘগুলিতে ঠান্ডা ঘনীভূত জলের বাষ্পের ফোঁটা থাকে।,Amir,Amazon Translate
ফুটবল দলগুলি একটি বল দিয়ে গোল করার জন্য প্রতিযোগিতা করে।,Amir,Amazon Translate
বিজ্ঞান পর্যবেক্ষণ এবং পরীক্ষার প্রমাণের উপর নির্ভর করে।,Amir,Amazon Translate
চশমা দৃষ্টিশক্তির মতো দৃষ্টি সমস্যা সংশোধন করে।,Amir,Amazon Translate
"গণিতিতে সংযোজন, বিবরণ, গুণন এবং বিভাজন অন্তর্ভুক্ত রয়েছে।",Amir,Amazon Translate
ঘড়িগুলি সঠিকভাবে সময়ের ব্যবধান পরিমাপ করে।,Amir,Amazon Translate
অ্যালেকজান্ডার ফ্লেমিং অ্যান্টিবায়োটিক হিসাবে পেনিসিলিন আবিষ্কার,Amir,Amazon Translate
নাসা টেলিস্কোপ এবং মহাকাশযান ব্যবহার করে মহাকাশ অন্বে,Amir,Amazon Translate
মাংসভোগীরা মূলত অন্যান্য প্রাণী খাওয়ার মাধ্যমে পুষ্টি পায়।,Amir,Amazon Translate
"মস্তিষ্ক চিন্তা, আবেগ প্রক্রিয়া করে এবং শারীরিক ক্রিয়াক",Amir,Amazon Translate
গাড়িগুলি রাস্তাপথে দ্রুত মানুষ এবং পণ্য পরিবহন করে।,Amir,Amazon Translate
শুক্র আমাদের সৌরজগতের সবচেয়ে উষ্ণ গ্রহ।,Amir,Amazon Translate
এশিয়া পৃথিবীর সবচেয়ে বড় মহাদেশ।,Amir,Amazon Translate
ফ্রিদা কাহলো মেক্সিকান সংস্কৃতি দ্বারা প্রভাবিত স্ব-প্রতিকৃতি আঁকেন,Amir,Amazon Translate
"মানচিত্র ভূফর্ম, দূরত্ব এবং রাজনৈতিক সীমানা সহজ করে।",Amir,Amazon Translate
স্বাস্থ্যকর ঘুম প্রতিরোধ ক্ষমতা এবং মেজাজ নিয়ন্ত্রণকে,Amir,Amazon Translate
চিকিত্সকরা রোগ নির্ণয় এবং ওষুধ ব্যবহার করে অসুস্থ,Amir,Amazon Translate
যোগব্যায়াম স্বাস্থ্য সুবিধার জন্য শ্বাসের সাথে স্ট্রেচিংয়ের সাথে,Amir,Amazon Translate
নাতিশীতোষ্ণ জলবায়ুতে শরত্কালে গাছপালা,Amir,Amazon Translate
পেঙ্গুইন এমন পাখি যা সাঁতার করে কিন্তু উড়ে না।,Amir,Amazon Translate
মহাসাগরগুলি পৃথিবীর পৃষ্ঠের দুই তৃতীয়াংশের বেশি আ,Amir,Amazon Translate
প্লাস্টিক শত শত বছর ধরে প্রকৃতিতে অব্যাহত থাকে।,Amir,Amazon Translate
পাবলিক লাইব্রেরী কার্ডধারকদের বিনামূল্যে বই ঋণ দেয়।,Amir,Amazon Translate
শ্বাস নেওয়ার জন্য উঠার সময় তিমিগুলি বায়ুর স্পাউটগুলি বের করে দেয়।,Amir,Amazon Translate
খরগোশ পরিবেশগত শব্দ সনাক্ত করতে বড় কান ব্যবহার করে।,Amir,Amazon Translate
"মতামতের বিবৃতিগুলি বিশ্বাসকে প্রতিফলিত করে, সার্বজনীন",Amir,Amazon Translate
ইঞ্জিনিয়াররা ব্যবহারিক চ্যালেঞ্জের জন্য প্রযুক্তিগত,Amir,Amazon Translate
শিল্পীরা সৃজনশীল কাজের মাধ্যমে দৃশ্যমানভাবে,Amir,Amazon Translate
যুক্তি আনুষ্ঠানিক প্রাঙ্গনের ভিত্তিতে বৈধ সিদ্ধান্ত,Amir,Amazon Translate
বর্ণনাগুলি ঘটনাগুলির ক্রম হিসাবে গল্পগুলি গঠন করে।,Amir,Amazon Translate
অভিধানসমূহ বর্ণানুক্রমিকভাবে শব্দ সংজ্ঞা এবং উচ্চারণ,Amir,Amazon Translate
ভূতাত্ত্বিকরা শিলাগুলির গঠন এবং ইতিহাস অধ্যয়ন করেন।,Amir,Amazon Translate
স্যাটেলাইটগুলি বিশ্বব্যাপী সংকেত রিলে করার জন্য গ্রহকে,Amir,Amazon Translate
গ্রাসশপাররা তাদের শরীরের আকারের তুলনায় অনেক বেশি লাফ দেয়,Amir,Amazon Translate
বাজার এমন জায়গা যেখানে ক্রেতা এবং বিক্রেতারা যোগাযোগ করে,Amir,Amazon Translate
আগ্নেয়গিরি বিস্ফোরণের সময় গরম লাভা নির্গত করে,Amir,Amazon Translate
আফ্রিকা দ্বিতীয় বৃহত্তম মহাদেশ।,Amir,Amazon Translate
হৃদয় টিস্যুতে অক্সিজেন সরবরাহ করতে রক্ত সঞ্চালন করে।,Amir,Amazon Translate
"ব্যালেতে শক্তি, নমনীয়তা এবং সুনির্দিষ্ট ভারসাম্য প্রয়োজন।",Amir,Amazon Translate
ইয়াংজি নদী পূর্ব চীন দিয়ে প্রবাহিত হয়।,Amir,Amazon Translate
ধারাবাহিক প্রতিরোধ অনুশীলন থেকে পেশী বৃদ্ধি,Amir,Amazon Translate
ভ্যাকসিনগুলি ভাইরাল সংক্রমণের সংক্রমণ কমা,Amir,Amazon Translate
সানস্ক্রিন উজ্জ্বল গ্রীষ্মের দিনে রোদে জ্বলা রোধ,Amir,Amazon Translate
পোলার ভালুক ভালভাবে সাঁতার কাটতে থাকে এবং বরফের ঝরনা,Amir,Amazon Translate
"কুর্দরা তুরস্ক, সিরিয়া, ইরাক এবং ইরান বিস্তৃত অঞ্চলে বাস করে।",Amir,Amazon Translate
আলু স্থল স্তরের নিচে কন্দ হিসাবে বৃদ্ধি পায়,Amir,Amazon Translate
পাবলিক লাইব্রেরি সম্প্রদায়ের সদস্যদের কাছে বিনামূল্যে বই,Amir,Amazon Translate
প্রাচীন রোমান স্থাপত্য খিলান এবং গম্বুজের অগ্রণী ছিল।,Amir,Amazon Translate
কীস্টোন আর্ক ব্রিজ উপত্যকায় দক্ষতার সাথে ওজন বিতরণ করে,Amir,Amazon Translate
টেকটোনিক শিফটের ফলে পর্বতমালা জমিকে উপরে উঠে।,Amir,Amazon Translate
ফুটবল একটি দল খেলা যা কেবল পা এবং একটি বল ব্যবহার করে।,Amir,Amazon Translate
পনির বিভিন্ন বয়সে নিরাময় করা গাঁজা দুধ হয়।,Amir,Amazon Translate
"বিভিন্ন ধরণের উপর নির্ভর করে আপেল লাল, সবুজ বা হলুদ পাকা হয়।",Amir,Amazon Translate
হিমবাহ ধীরে ধীরে ধীরে গতিশীল চলাচলের,Amir,Amazon Translate
রেলপথ দীর্ঘ দূরত্বে শহরগুলির মধ্যে যাত্রীদের,Amir,Amazon Translate
সুপারমার্কেট মাংস থেকে শুরু করে পরিষ্কারের সরবরাহ পর্যন্ত পণ্য স্টক করে,Amir,Amazon Translate
বায়ু টারবাইনগুলি জীবাশ্ম জ্বালানী জ্বালানো ছাড়াই বিদ,Amir,Amazon Translate
স্ট্রবেরি প্রতি বসন্তে সংগ্রহ করা প্রথম ফলের মধ্যে রয়েছে।,Amir,Amazon Translate
জলবায়ু দীর্ঘ সময়কালে সাধারণ আবহাওয়ার প্রবণতা,Amir,Amazon Translate
মাশরুমগুলি ভেজা ছায়াযুক্ত পরিবেশে সর্বোত্তমভাবে,Amir,Amazon Translate
প্রকৌশলীরা ভূমিকম্প এবং বন্যা প্রতিরোধ করার জন্য,Amir,Amazon Translate
লবণ ক্ষয় থেকে মাছের মাংস সংরক্ষণ করে।,Amir,Amazon Translate
মেঘগুলি প্যাস্টেল সন্ধ্যায় আকাশ তৈরি করে সূর্যের আলো,Amir,Amazon Translate
ডাক্তাররা প্রমাণ-ভিত্তিক ওষুধ ব্যবহার করে অসুস্থ,Amir,Amazon Translate
গহ্বর রোধ করতে দাঁত পরিষ্কার করেন দাঁত।,Amir,Amazon Translate
গণিতে জ্যামিতি এবং পরিসংখ্যানের মতো বৈচিত্র্যময় ক্ষেত্র,Amir,Amazon Translate
ছোট বৃত্তাকার পাকগুলি পরিচালনা করতে হকি লাঠি ব্যবহার করে।,Amir,Amazon Translate
খরগোশ পালানোর জন্য তাদের শক্তিশালী পা ব্যবহার করে।,Amir,Amazon Translate
প্লাস্টিকের প্যাকেজিং নষ্ট হওয়া খাদ্য আইটেমগুলি নষ্ট হওয়া থেকে রক্ষা করে।,Amir,Amazon Translate
মুদ্রা বাণিজ্যিক লেনদেন এবং বিনিম,Amir,Amazon Translate
জাজ সঙ্গীতশিল্পীরা বদলে যাওয়া সম্প্রদায়ের মধ্যে সোলো,Amir,Amazon Translate
ভাস্করীরা ঐতিহাসিক মানুষের প্রতিনিধিত্ব করে পাথরের চিত্র,Amir,Amazon Translate
মাধ্যাকর্ষণের ফলে পর্যায়ক্রমে উপকূলীয় উপকূলীয় উপকূল,Amir,Amazon Translate
বিদ্যুতের ফ্ল্যাশ সংক্ষিপ্তভাবে রাতের আকাশকে,Amir,Amazon Translate
অ্যান্টার্কটিকা বছরজুড়ে প্রায় বরফ দ্বারা আবৃত,Amir,Amazon Translate
স্প্রে পেইন্ট শহরের দেয়ালে পপ আর্ট মুরাল তৈরি করে।,Amir,Amazon Translate
ছাঁচের দূষণ থেকে দুর্ঘটনাক্রমে পেনিসিলিন,Amir,Amazon Translate
যুক্তি যুক্তিগুলি প্রাঙ্গনে এবং যুক্তিযুক্ত সিদ্ধান্তে বিভক্ত করে।,Amir,Amazon Translate
শীতকালীন মৌসুমের পরে বসন্তের পাতা উঠে,Amir,Amazon Translate
কুকিজ প্রচলিত ওভেনগুলির চেয়ে কনভেকশন ওভেনে দ্রুত বেক করে,Amir,Amazon Translate
বইগুলি কার্যকরভাবে গল্প এবং তথ্য যোগাযোগ করে।,Amir,Amazon Translate
ফটোগুলি পরবর্তী উপভোগের জন্য ভিজ্যুয়াল মুহুর্ত,Amir,Amazon Translate
বিশ্ব বৈজ্ঞানিক সহযোগিতার কারণে প্রযুক্তি দ্রুত অগ্রগতি করে,Amir,Amazon Translate
কাচের বোতলগুলি একাধিক বার ধুয়ে পুনরায় ব্যবহার করা যেতে পারে।,Amir,Amazon Translate
বীজগণিত ভেরিয়েবল এবং গাণিতিক ক্রিয়াকলাপ জড়িত,Amir,Amazon Translate
"ট্যাবলেটগুলি স্ক্রিন, প্রসেসর, ব্যাটারি এবং স্পিকারগুলিকে বহনযোগ্যভাবে",Amir,Amazon Translate
জিরাফগুলি লম্বা গাছ চরন করে অন্যান্য উদ্ভিজ্জ পৌঁছাতে পারে না।,Amir,Amazon Translate
"ঘড়িগুলি ঘন্টা, মিনিট এবং সেকেন্ডগুলি সঠিকভাবে প্রদর্শন করে।",Amir,Amazon Translate
মনেট বিখ্যাত ওয়াটার লিলি দৃশ্য আঁকেন,Amir,Amazon Translate
মাউন্ট এভারেস্ট পৃথিবীর সবচেয়ে লম্বা পয়েন্ট চিহ্নিত করে,Amir,Amazon Translate
পানি পান করা শরীরের তাপমাত্রা নিয়ন্ত্রণে,Amir,Amazon Translate
প্রাচীন মিশর ফারাওদের জন্য দুর্দান্ত পিরামিড তৈরি করেছিল।,Amir,Amazon Translate
বিমূর্ত শিল্প বাস্তবতার পরিবর্তে আকার ব্যবহার করে।,Amir,Amazon Translate
দক্ষিণ আমেরিকার ব্রাজিলের দক্ষিণে আর্জেন্টিনা,Amir,Amazon Translate
শাকসবজি খাওয়া স্বাস্থ্যকর প্রতিরোধ ক্ষমতা সমর্থ,Amir,Amazon Translate
ভাস্কর্য খোদাই বা ছাঁচনির্মাণ করে ত্রিমাত্রিক,Amir,Amazon Translate
গ্রীষ্মমন্ডলীয় জলবায়ুতে কলা ভাল,Amir,Amazon Translate
বেকিংয়ের আগে রুটি অবশ্যই উঠতে হবে।,Amir,Amazon Translate
সূর্যের আলো সব জীবের জন্য শক্তি সরবরাহ করে।,Amir,Amazon Translate
গাড়িগুলি দীর্ঘ দূরত্বে ভ্রমণের সময়কে,Amir,Amazon Translate
"বইগুলি গল্প, তথ্য এবং ইতিহাস রেকর্ড করে।",Amir,Amazon Translate
ডিমে প্রোটিন এবং ভিটামিন এ এবং ডি থাকে।,Amir,Amazon Translate
প্রতি বছর বিশ্বব্যাপী কোটি কোটি ভাত খাওয়ায়।,Amir,Amazon Translate
অপেরা অর্কেস্ট্রাল সহযোগিতার সাথে গান মিশ্রিত করে।,Amir,Amazon Translate
শাস্ত্রীয় সঙ্গীত স্ট্রিং এবং ব্রাস বিভাগ ব্যবহার করে,Amir,Amazon Translate
বিদ্যুৎ কেন্দ্রগুলি সম্প্রদায়ের জন্য বিদ্যুৎ,Amir,Amazon Translate
কয়েন এক্সচেঞ্জের জন্য মুদ্রা হিসাবে কাজ করে।,Amir,Amazon Translate
নেপোলিয়ন ফ্রান্সকে তার সম্রাট হিসেবে,Amir,Amazon Translate
হিটনি হিউস্টন একজন প্রভাবশালী পপ গায়ক ছিলেন।,Amir,Amazon Translate
কম্পিউটার বৈদ্যুতিন সার্কিট ব্যবহার করে তথ্য,Amir,Amazon Translate
বীজগণিত অজানা মান উপস্থাপনকারী ভেরিয়েবল রয়েছে,Amir,Amazon Translate
ভেড়া উষ্ণ উলের পোশাকের জন্য ফাইবার সরবরাহ করে।,Amir,Amazon Translate
চিকিত্সকরা লক্ষণ এবং পরীক্ষার ভিত্তিতে অবস্থা নির্ণয় করেন,Amir,Amazon Translate
"মানচিত্র নদী, শহর এবং সীমানা দৃশ্যত হাইলাইট",Amir,Amazon Translate
গ্রীষ্মের ঝড়ে বজ্রপাত বেশি ঘন ঘটে।,Amir,Amazon Translate
জাজ সংগীতশিল্পীরা অপ্রত্যাশিতভাবে সুরগুলি,Amir,Amazon Translate
প্লাস্টিকের মোড়ানো আইটেমগুলি আর্দ্রতা থেকে রক্ষা করে।,Amir,Amazon Translate
একটি পিয়ানো আঘাত স্ট্রিংয়ের মাধ্যমে শব্দ তৈরি করে,Amir,Amazon Translate
পারমাণবিক ফিউশনের কারণে তারকারা আলো নির্গত,Amir,Amazon Translate
অতিরিক্ত গ্রহ সুরক্ষার জন্য মহাকাশচারীরা স্পেসসু,Amir,Amazon Translate
"গণিতের মধ্যে রয়েছে গণনা, পরিমাপ এবং বিশ্লেষণ।",Amir,Amazon Translate
অপস আন্তর্জাতিক ইভেন্টে দায়িত্ব ভাগ করে,Amir,Amazon Translate
মোনা লিসা রহস্যময় মুখের ভাব প্রদর্শন,Amir,Amazon Translate
রোমে প্রাচীন সভ্যতার ধ্বংসাবশেষ প্রদর্শন,Amir,Amazon Translate
কম্পিউটার মেমরি প্রক্রিয়াকরণের জন্য অস্থায়ীভাবে,Amir,Amazon Translate
ক্যালোরি খাওয়া খাবারে উপলব্ধ শক্তি পরিমাপ করে।,Amir,Amazon Translate
রক্ত সঞ্চালন সিস্টেম জুড়ে পুষ্টি পরিবহন করে,Amir,Amazon Translate
অংশগুলি খাবারে পুষ্টি গ্রহণ নিয়ন্ত্রণ করে।,Amir,Amazon Translate
জাদুঘর ঐতিহাসিক এবং শৈল্পিক মূল্যের কাজ প্রদর্শন,Amir,Amazon Translate
কলা গাছ ভোজ্য ফল এবং পাতা উভয় উত্পাদন করে।,Amir,Amazon Translate
একটি পুষ্টিকর প্রাতঃরাশ স্কুলে ঘনত্ব সমর্থ,Amir,Amazon Translate
গণিত সমীকরণের এক বা একাধিক সমাধান থাকতে পারে।,Amir,Amazon Translate
মাধ্যাকর্ষণ মানুষকে পৃথিবীর পৃষ্ঠে লঙ্কর রাখে।,Amir,Amazon Translate
আমাজন নদীতে একটি বিস্তৃত নিষ্কাশন অববাহিকা রয়েছে।,Amir,Amazon Translate
প্রচলিত পতঙ্গগুলিতে ত্রিভুজাকার আকারগুলি সাধারণ।,Amir,Amazon Translate
চকোলেট প্রক্রিয়াজাত কোকো শিম থেকে আসে,Amir,Amazon Translate
ডাক্তাররা বার্ষিক ফ্লু টিকা দিতে,Amir,Amazon Translate
"সংস্কৃতি শিল্প, ভাষা এবং সামাজিক রীতিনীতিকে প্রভা",Amir,Amazon Translate
ফুটবল একটি গোলাকার বল এবং দুটি জাল ব্যবহার করে।,Amir,Amazon Translate
ধ্যান উদ্বেগ শান্ত করে এবং মনশীলতা বাড়ায়।,Amir,Amazon Translate
টোকিও ঘন জনবহুল এবং প্রযুক্তিগতভাবে উন্নত।,Amir,Amazon Translate
বই প্রজন্ম জুড়ে জ্ঞান প্রদান করে।,Amir,Amazon Translate
ওয়ার্কআউট রুটিনগুলি নির্দিষ্ট পেশী গোষ্ঠীগুলি,Amir,Amazon Translate
বহুভুজ একাধিক দিক সহ বন্ধ চিত্র।,Amir,Amazon Translate
লবণ ব্যাকটেরিয়া বৃদ্ধি রোধ করে মাংস সংরক্ষণ করে,Amir,Amazon Translate
পনির উত্পাদনে জমাট এবং গাঁজন জড়িত।,Amir,Amazon Translate
হীরা মূলত কার্বন সাজানো টেট্রাহেড্রালি।,Amir,Amazon Translate
আলু বিভিন্ন রেসিপিগুলিতে কার্বোহাইড্রেট সরবরাহ,Amir,Amazon Translate
ইগলস শক্তিশালী ট্যালন ব্যবহার করে শিকার ধরেন।,Amir,Amazon Translate
ফটোগুলি ভবিষ্যতের জন্য ভিজ্যুয়াল স্মৃতি ধারণ করে।,Amir,Amazon Translate
হিমবাহ ধীরে ধীরে নিজের ওজনের নিচে চলে যায়,Amir,Amazon Translate
জিরাফগুলি গাছের পাতা খায় যা অন্যদের কাছে অপৌক্তিযোগ্য।,Amir,Amazon Translate
ক্রিকেট বেশিরভাগই উষ্ণ রাতে চিৎকার করে।,Amir,Amazon Translate
আইনী ব্যবস্থা সমাজের মধ্যে নিয়ম প্রয়োগ করে।,Amir,Amazon Translate
উইন্ডমিলগুলি গতিশক্তিকে যান্ত্রিক কাজে রূপান্তর করে।,Amir,Amazon Translate
মানুষ ইভেন্ট পরিকল্পনা করতে ক্যালেন্ডার ব্যবহার করে।,Amir,Amazon Translate
সিংহগুলি গর্ব করে সহযোগিতায় শিকার করে।,Amir,Amazon Translate
বিচ্ছিন্ন পরিমাণের মধ্যে পার্থক্য নির্ধারণ করে।,Amir,Amazon Translate
স্ট্রবেরি পাকা হলে অবশ্যই বাছাই করতে হবে।,Amir,Amazon Translate
সাক্ষরতা লিখিত নির্দেশাবলী বোঝার স,Amir,Amazon Translate
ভ্যাকসিনগুলি নিরাপদে প্রতিরোধ প্রতি,Amir,Amazon Translate
পাই চার্টগুলি দৃশ্যত সামগ্রীর ভগ্নাংশ উপস্থাপন,Amir,Amazon Translate
সমুদ্রের কচ্ছপ ডিমের বাসা নিতে সৈকতে ফিরে আসে,Amir,Amazon Translate
সংবাদপত্রগুলি পাঠকদের বর্তমান সংবাদ সম্পর্কে অবহিত,Amir,Amazon Translate
"গল্ফ কোর্সে সবুজ শাকসবজি, ফেয়ারওয়ে এবং বালি বাঙ্কার রয়েছে।",Amir,Amazon Translate
আলো সমান কোণে আয়নাগুলি প্রতিফলিত করে।,Amir,Amazon Translate
ঘন বন আরও প্রাণী বৈচিত্র্যের আয়োজন করে।,Amir,Amazon Translate
নিউরন পুরো স্নায়ুতন্ত্র জুড়ে সংকে,Amir,Amazon Translate
দৃষ্টি লেন্সের মাধ্যমে আগত আলোর উপর নির্ভর করে,Amir,Amazon Translate
হাইব্রিড গাড়িগুলি বৈদ্যুতিক মোটর এবং গ্যাস ইঞ্,Amir,Amazon Translate
শরীরের চলাচল তৈরি করতে পেশী সংকুচিত হয়,Amir,Amazon Translate
শব্দ অভিধানগুলি পরিষ্কারভাবে শব্দগুলি,Amir,Amazon Translate
বাস্কেটবল দলগুলি পয়েন্টের জন্য হুপ শুটিং করছে।,Amir,Amazon Translate
শাস্ত্রীয় টুকরোগুলি প্রায়শই অর্কেস্ট্রাল ব্যবস্থ,Amir,Amazon Translate
ইন্টারনেট তথ্যে বিশ্বব্যাপী অ্যাক্সেস প্রদান করে,Amir,Amazon Translate
হাড় নরম অঙ্গ এবং টিস্যু সমর্থন করে,Amir,Amazon Translate
জীবাশ্ম প্রাচীন প্রাণীদের কাঠামো প্রকাশ করে,Amir,Amazon Translate
চিত্রকর্ম বাস্তববাদী থেকে বিমূর্ত শৈলী,Amir,Amazon Translate
"পদার্থবিজ্ঞান পদার্থ, বল এবং গতি অনুসন্ধান করে।",Amir,Amazon Translate
গণিতবিদরা সংখ্যা এবং স্পেস সম্পর্কে তত্ত্ব বিকাশ করেন।,Amir,Amazon Translate
বার্ডসং অঞ্চল বা আকর্ষণ উদ্দেশ্য যোগাযোগ করে,Amir,Amazon Translate
বেসিক গাণিতিক দৈনন্দিন গণনা,Amir,Amazon Translate
কমপ্যাক্ট ডিস্কগুলি ডিজিটাল অডিও ডেটা,Amir,Amazon Translate
