statement,committer,elicitation
Os gatos geralmente são mantidos como animais domésticos.,Amir,Amazon Translate
A luz viaja mais rápido que o som.,Amir,Amazon Translate
O açúcar se dissolve na água.,Amir,Amazon Translate
Os dias de inverno geralmente são mais frios do que os de verão.,Amir,Amazon Translate
As plantas precisam da luz solar para a fotossíntese.,Amir,Amazon Translate
A maioria dos adultos tem 32 dentes.,Amir,Amazon Translate
Os livros podem ser feitos de papel.,Amir,Amazon Translate
A chuva se forma a partir do vapor de água condensado.,Amir,Amazon Translate
Os carros precisam de combustível para operar.,Amir,Amazon Translate
O xadrez é jogado em um tabuleiro quadrado.,Amir,Amazon Translate
O pão fica velho quando é descoberto.,Amir,Amazon Translate
A lua orbita a Terra.,Amir,Amazon Translate
O ferro enferruja quando exposto à umidade.,Amir,Amazon Translate
As aranhas têm oito pernas.,Amir,Amazon Translate
Os elefantes são os maiores animais terrestres.,Amir,Amazon Translate
Um triângulo tem três lados.,Amir,Amazon Translate
O leite é frequentemente usado para fazer queijo.,Amir,Amazon Translate
As moedas geralmente são feitas de metal.,Amir,Amazon Translate
Os refrigeradores mantêm os alimentos frios.,Amir,Amazon Translate
A gravidade puxa objetos em direção à Terra.,Amir,Amazon Translate
As meias são usadas nos pés.,Amir,Amazon Translate
As abelhas coletam o néctar das flores.,Amir,Amazon Translate
Os peixes usam guelras para respirar debaixo d'água.,Amir,Amazon Translate
O fogo produz calor e luz.,Amir,Amazon Translate
As nuvens são acumulações visíveis de gotículas de água.,Amir,Amazon Translate
Os diamantes são considerados pedras preciosas valiosas.,Amir,Amazon Translate
Os vulcões podem entrar em erupção com lava derretida.,Amir,Amazon Translate
O arroz é um alimento básico em muitos países.,Amir,Amazon Translate
A Amazônia é uma grande floresta tropical.,Amir,Amazon Translate
Os pássaros constroem ninhos para botar ovos.,Amir,Amazon Translate
Uma semana tem sete dias.,Amir,Amazon Translate
As chamadas telefônicas transmitem vozes à distância.,Amir,Amazon Translate
O plástico pode ser reciclado em algumas instalações.,Amir,Amazon Translate
As maçãs crescem nas árvores.,Amir,Amazon Translate
Os cangurus são nativos da Austrália.,Amir,Amazon Translate
Os moinhos de vento podem gerar eletricidade.,Amir,Amazon Translate
As pessoas votam em eleições democráticas.,Amir,Amazon Translate
As bibliotecas emprestam livros ao público.,Amir,Amazon Translate
Os trens viajam sobre trilhos.,Amir,Amazon Translate
A maioria dos lápis contém grafite.,Amir,Amazon Translate
As câmeras capturam fotografias.,Amir,Amazon Translate
O futebol é jogado com uma bola oval.,Amir,Amazon Translate
O sorvete derrete quando exposto ao calor.,Amir,Amazon Translate
As televisões exibem imagens em movimento.,Amir,Amazon Translate
Os aviões voam usando asas.,Amir,Amazon Translate
As batatas crescem no subsolo.,Amir,Amazon Translate
O açúcar tem um sabor doce para a maioria das pessoas.,Amir,Amazon Translate
Sapatos protegem seus pés.,Amir,Amazon Translate
"Os golfinhos são mamíferos, não peixes.",Amir,Amazon Translate
As chaves são usadas para destrancar portas.,Amir,Amazon Translate
Paris é a capital da França.,Amir,Amazon Translate
Os satélites orbitam planetas no espaço.,Amir,Amazon Translate
Os pinheiros permanecem verdes durante todo o ano.,Amir,Amazon Translate
As medusas vivem nos oceanos.,Amir,Amazon Translate
O Saara é um vasto deserto.,Amir,Amazon Translate
Quedas de energia interrompem o fluxo de eletricidade.,Amir,Amazon Translate
Os girassóis se voltam para a luz do sol.,Amir,Amazon Translate
A Estátua da Liberdade fica no porto de Nova York.,Amir,Amazon Translate
Os arco-íris se formam quando a luz passa pelas gotículas de água.,Amir,Amazon Translate
A maioria dos sapos pode pular longas distâncias.,Amir,Amazon Translate
Os lobos caçam em bandos.,Amir,Amazon Translate
As tartarugas têm cascos duros.,Amir,Amazon Translate
Os terremotos resultam da mudança das placas tectônicas.,Amir,Amazon Translate
As borboletas sofrem metamorfose.,Amir,Amazon Translate
Os relógios medem o tempo.,Amir,Amazon Translate
O ouro tem um brilho metálico amarelo.,Amir,Amazon Translate
Uma bússola mostra as direções cardeais.,Amir,Amazon Translate
As corujas são pássaros noturnos.,Amir,Amazon Translate
Barcos flutuam na água.,Amir,Amazon Translate
Pizza é uma comida popular.,Amir,Amazon Translate
As girafas têm pescoços longos.,Amir,Amazon Translate
As velas fornecem luz quando queimadas.,Amir,Amazon Translate
O bambu cresce rapidamente.,Amir,Amazon Translate
O futebol é jogado com uma bola redonda.,Amir,Amazon Translate
"Cogumelos são fungos, não plantas.",Amir,Amazon Translate
Os lasers emitem feixes de luz focalizados.,Amir,Amazon Translate
A Grande Muralha está localizada na China.,Amir,Amazon Translate
Os mosquitos picam para se alimentar de sangue.,Amir,Amazon Translate
Os ovos são um alimento comum no café da manhã.,Amir,Amazon Translate
Os cavalos têm cascos.,Amir,Amazon Translate
O sabão remove a sujeira da pele.,Amir,Amazon Translate
Muitos insetos sofrem metamorfose completa.,Amir,Amazon Translate
O Ártico é o lar dos ursos polares.,Amir,Amazon Translate
Os mapas mostram a localização dos lugares.,Amir,Amazon Translate
As capas de chuva mantêm você seco.,Amir,Amazon Translate
Um raio pode atingir objetos altos.,Amir,Amazon Translate
A água congela a zero graus Celsius.,Amir,Amazon Translate
Os cães são animais domésticos comuns.,Amir,Amazon Translate
As folhas mudam de cor no outono.,Amir,Amazon Translate
O papel é feito de polpa de madeira.,Amir,Amazon Translate
A maioria dos pássaros põe ovos.,Amir,Amazon Translate
Os tomates contêm vitamina C.,Amir,Amazon Translate
Os computadores processam informações digitais.,Amir,Amazon Translate
As vacas produzem leite para produtos lácteos.,Amir,Amazon Translate
Os trens transportam passageiros ou cargas.,Amir,Amazon Translate
As bicicletas são movidas por pedaladas.,Amir,Amazon Translate
O mel é feito pelas abelhas.,Amir,Amazon Translate
O oceano cobre a maior parte da superfície da Terra.,Amir,Amazon Translate
As montanhas podem afetar o clima local.,Amir,Amazon Translate
A maioria dos relógios exibe a hora.,Amir,Amazon Translate
O cérebro controla as funções do corpo.,Amir,Amazon Translate
O abacaxi tem uma pele externa pontiaguda.,Amir,Amazon Translate
A maioria das plantas tem folhas verdes.,Amir,Amazon Translate
A girafa é o animal mais alto.,Amir,Amazon Translate
O plástico é feito de petróleo.,Amir,Amazon Translate
O café contém cafeína.,Amir,Amazon Translate
A música pode ser produzida por instrumentos.,Amir,Amazon Translate
Os leões vivem em bandos.,Amir,Amazon Translate
Os diamantes são formados sob alta pressão.,Amir,Amazon Translate
Londres fica no Reino Unido.,Amir,Amazon Translate
Os répteis são animais de sangue frio.,Amir,Amazon Translate
A maioria das pessoas faz três refeições por dia.,Amir,Amazon Translate
As penas cobrem a maioria dos pássaros.,Amir,Amazon Translate
As cenouras são ricas em beta-caroteno.,Amir,Amazon Translate
Os amendoins crescem no subsolo.,Amir,Amazon Translate
Os cadarços prendem os sapatos aos pés.,Amir,Amazon Translate
Marte é conhecido como o planeta vermelho.,Amir,Amazon Translate
O basquete é jogado em ambientes fechados ou ao ar livre.,Amir,Amazon Translate
As baleias respiram ar por meio de respiradouros.,Amir,Amazon Translate
Os mapas ajudam na navegação.,Amir,Amazon Translate
O aço é uma liga de ferro e carbono.,Amir,Amazon Translate
Alguns fungos decompõem plantas mortas.,Amir,Amazon Translate
O teclado é usado para digitar.,Amir,Amazon Translate
Os tigres têm pelos listrados.,Amir,Amazon Translate
A maioria dos aviões tem duas asas.,Amir,Amazon Translate
Alguns desertos têm dunas de areia.,Amir,Amazon Translate
Os motores dos carros usam combustão para funcionar.,Amir,Amazon Translate
Um arco-íris tem várias cores visíveis.,Amir,Amazon Translate
Os pinguins vivem em climas frios.,Amir,Amazon Translate
O hidrogênio é o elemento mais leve.,Amir,Amazon Translate
A maioria dos mamíferos tem pelos ou pelos.,Amir,Amazon Translate
As bibliotecas armazenam recursos de informação.,Amir,Amazon Translate
As laranjas são frutas cítricas suculentas.,Amir,Amazon Translate
As estrelas emitem energia na forma de luz e calor.,Amir,Amazon Translate
Macacos são primatas.,Amir,Amazon Translate
Os pinguins não podem voar.,Amir,Amazon Translate
Um rio corre em direção a elevações mais baixas.,Amir,Amazon Translate
Os tubarões têm dentes afiados.,Amir,Amazon Translate
A cana-de-açúcar cresce em regiões tropicais.,Amir,Amazon Translate
Você pode ver sua respiração no ar frio.,Amir,Amazon Translate
As conchas marinhas são encontradas nas praias.,Amir,Amazon Translate
A Internet conecta computadores em todo o mundo.,Amir,Amazon Translate
Muitos laptops têm touchpads.,Amir,Amazon Translate
Os papagaios podem imitar a fala humana.,Amir,Amazon Translate
O guepardo é o animal terrestre mais rápido.,Amir,Amazon Translate
Os tornados se formam em tempestades severas.,Amir,Amazon Translate
Os pavões exibem penas coloridas na cauda.,Amir,Amazon Translate
A chuva pode encher rios e lagos.,Amir,Amazon Translate
A pasta de dentes limpa os dentes.,Amir,Amazon Translate
As uvas podem ser transformadas em vinho.,Amir,Amazon Translate
As rosas são plantas com flores.,Amir,Amazon Translate
Os coiotes são caninos selvagens.,Amir,Amazon Translate
Os golfinhos se comunicam com cliques e assobios.,Amir,Amazon Translate
Teias de aranha prendem insetos.,Amir,Amazon Translate
Alguns ônibus são movidos a eletricidade.,Amir,Amazon Translate
Os coalas comem folhas de eucalipto.,Amir,Amazon Translate
Andar a cavalo é uma atividade ao ar livre.,Amir,Amazon Translate
As mesas fornecem uma superfície para trabalhar.,Amir,Amazon Translate
Os voos partem dos aeroportos.,Amir,Amazon Translate
Os grilos emitem sons de chilrear à noite.,Amir,Amazon Translate
As baleias podem se comunicar por longas distâncias.,Amir,Amazon Translate
Os triângulos são formas geométricas básicas.,Amir,Amazon Translate
O shampoo limpa seu cabelo.,Amir,Amazon Translate
Os pinguins gingam quando andam.,Amir,Amazon Translate
O espaguete é um tipo de massa.,Amir,Amazon Translate
As câmeras podem gravar vídeos e imagens estáticas.,Amir,Amazon Translate
Os ratos são pequenos roedores.,Amir,Amazon Translate
A maioria dos ônibus urbanos segue um cronograma.,Amir,Amazon Translate
O pâncreas produz insulina.,Amir,Amazon Translate
As tulipas são flores da primavera.,Amir,Amazon Translate
As plantas da floresta tropical crescem rapidamente.,Amir,Amazon Translate
Os mosquitos são atraídos pela água parada.,Amir,Amazon Translate
As peças de xadrez se movem de maneiras específicas.,Amir,Amazon Translate
Os recifes de coral abrigam vida marinha diversificada.,Amir,Amazon Translate
Os ursos hibernam no inverno.,Amir,Amazon Translate
Os mapas podem ser digitais ou em papel.,Amir,Amazon Translate
Os laptops podem funcionar com baterias.,Amir,Amazon Translate
A madeira flutua na água.,Amir,Amazon Translate
As folhas captam a luz do sol para obter energia.,Amir,Amazon Translate
As pipas voam ao vento.,Amir,Amazon Translate
Os tigres caçam presas grandes.,Amir,Amazon Translate
A luz permite que os humanos vejam seu ambiente.,Amir,Amazon Translate
A maioria dos mamíferos dá à luz filhotes vivos.,Amir,Amazon Translate
O sal melhora o sabor de muitos alimentos.,Amir,Amazon Translate
A Via Láctea é uma galáxia que contém a Terra.,Amir,Amazon Translate
Os gatos usam bigodes para sentir o ambiente.,Amir,Amazon Translate
A Terra gira uma vez a cada 24 horas.,Amir,Amazon Translate
As moedas podem ser usadas para pagar pequenas compras.,Amir,Amazon Translate
A manteiga derrete à temperatura ambiente.,Amir,Amazon Translate
O correio é entregue pelos serviços postais.,Amir,Amazon Translate
Os cães podem ser treinados para obedecer aos comandos.,Amir,Amazon Translate
Os coelhos comem principalmente plantas e vegetais.,Amir,Amazon Translate
O sol fornece energia para os ecossistemas da Terra.,Amir,Amazon Translate
Muitos lagos são formados por geleiras.,Amir,Amazon Translate
O açúcar pode causar cárie dentária.,Amir,Amazon Translate
O vento move o ar de alta para baixa pressão.,Amir,Amazon Translate
O chá é feito mergulhando as folhas em água quente.,Amir,Amazon Translate
Os lobos estão relacionados aos cães domésticos.,Amir,Amazon Translate
A queimadura solar é causada pelos raios ultravioleta.,Amir,Amazon Translate
Os polvos têm oito braços.,Amir,Amazon Translate
Uma maratona tem 42 quilômetros de extensão.,Amir,Amazon Translate
Alguns pássaros conseguem imitar vozes humanas.,Amir,Amazon Translate
As folhas caem das árvores no outono.,Amir,Amazon Translate
O carvão é um combustível fóssil.,Amir,Amazon Translate
As raposas têm caudas espessas.,Amir,Amazon Translate
As bicicletas ajudam a reduzir a poluição do ar.,Amir,Amazon Translate
As zebras têm listras pretas e brancas.,Amir,Amazon Translate
Os terremotos medem o movimento ao longo das falhas.,Amir,Amazon Translate
A maioria dos navios flutua deslocando a água.,Amir,Amazon Translate
O chocolate contém cacau.,Amir,Amazon Translate
As nuvens prevêem mudanças climáticas.,Amir,Amazon Translate
Algumas aranhas usam veneno para subjugar as presas.,Amir,Amazon Translate
As vacas mastigam bacalhau para digerir os alimentos.,Amir,Amazon Translate
As rosas têm caules espinhosos.,Amir,Amazon Translate
Muitas corujas caçam à noite.,Amir,Amazon Translate
As batatas podem ser preparadas de várias maneiras.,Amir,Amazon Translate
As folhas absorvem dióxido de carbono.,Amir,Amazon Translate
Os lobos viajam juntos em bandos.,Amir,Amazon Translate
Os mosquitos podem transmitir doenças como a malária.,Amir,Amazon Translate
As focas são mamíferos marinhos.,Amir,Amazon Translate
Aeronaves decolam das pistas.,Amir,Amazon Translate
Os lápis de cor são feitos de cera colorida.,Amir,Amazon Translate
As estrelas são visíveis à noite.,Amir,Amazon Translate
O brócolis é um vegetal nutritivo.,Amir,Amazon Translate
O gelo se forma quando a água congela.,Amir,Amazon Translate
A girafa tem um pescoço comprido para se alimentar.,Amir,Amazon Translate
As torres de relógio exibem a hora para o público.,Amir,Amazon Translate
As lupas fazem com que os objetos pareçam maiores.,Amir,Amazon Translate
Os mapas usam símbolos para pontos de referência.,Amir,Amazon Translate
Os papagaios são conhecidos por suas penas brilhantes.,Amir,Amazon Translate
Os coelhos têm orelhas compridas.,Amir,Amazon Translate
As conchas marinhas são feitas por animais marinhos.,Amir,Amazon Translate
O sol está a aproximadamente 93 milhões de milhas da Terra.,Amir,Amazon Translate
O fogo precisa de oxigênio para queimar.,Amir,Amazon Translate
As lagartas se transformam em borboletas.,Amir,Amazon Translate
As laranjas são descascadas antes de serem consumidas.,Amir,Amazon Translate
Plutão é classificado como um planeta anão.,Amir,Amazon Translate
Piscar mantém os olhos úmidos.,Amir,Amazon Translate
Os pepinos são principalmente água.,Amir,Amazon Translate
Muitos peixes põem ovos na água.,Amir,Amazon Translate
As bússolas usam magnetismo para encontrar o Norte.,Amir,Amazon Translate
Relâmpagos podem causar incêndios florestais.,Amir,Amazon Translate
As bolhas de sabão são esféricas.,Amir,Amazon Translate
Muitos cogumelos crescem em florestas úmidas.,Amir,Amazon Translate
Aviões voam acima das nuvens.,Amir,Amazon Translate
Os caranguejos eremitas encontram conchas vazias para morar.,Amir,Amazon Translate
Os relógios de pulso mostram a hora atual.,Amir,Amazon Translate
O canto das baleias percorre longas distâncias debaixo d'água.,Amir,Amazon Translate
Os gatos podem retrair suas garras.,Amir,Amazon Translate
O violino é tocado com um arco.,Amir,Amazon Translate
As orquídeas são flores tropicais.,Amir,Amazon Translate
A chuva esfria o ar nos dias quentes.,Amir,Amazon Translate
As águias têm uma visão excelente.,Amir,Amazon Translate
As abelhas são polinizadores importantes.,Amir,Amazon Translate
Os pinheiros têm folhas em forma de agulha.,Amir,Amazon Translate
A maioria dos prédios de apartamentos tem vários andares.,Amir,Amazon Translate
Os guindastes levantam materiais pesados em canteiros de obras.,Amir,Amazon Translate
Os camelos armazenam gordura em suas corcundas.,Amir,Amazon Translate
Os mapas ajudam as pessoas a encontrar direções.,Amir,Amazon Translate
Os coelhos têm orelhas compridas.,Amir,Amazon Translate
O sono restaura a energia em humanos e animais.,Amir,Amazon Translate
Os pombos vivem em cidades ao redor do mundo.,Amir,Amazon Translate
As facas são usadas para cortar alimentos.,Amir,Amazon Translate
Os corvos são pássaros muito inteligentes.,Amir,Amazon Translate
As mudas crescem a partir de sementes plantadas.,Amir,Amazon Translate
O alumínio é um metal leve usado em latas.,Amir,Amazon Translate
As montanhas experimentam menor pressão de ar no cume.,Amir,Amazon Translate
Os rios podem corroer as rochas e o solo.,Amir,Amazon Translate
As formigas vivem em colônias organizadas.,Amir,Amazon Translate
As crianças geralmente perdem dentes de leite aos 12 anos.,Amir,Amazon Translate
Os pássaros têm ossos ocos para ajudá-los a voar.,Amir,Amazon Translate
O ouro é usado na fabricação de joias.,Amir,Amazon Translate
Os limões têm um sabor azedo devido ao ácido cítrico.,Amir,Amazon Translate
Os glóbulos vermelhos transportam oxigênio.,Amir,Amazon Translate
Alguns morcegos usam a ecolocalização para navegar.,Amir,Amazon Translate
O verde é uma cor secundária.,Amir,Amazon Translate
A água é um composto de hidrogênio e oxigênio.,Amir,Amazon Translate
Algumas corujas podem girar suas cabeças 270 graus.,Amir,Amazon Translate
Os triângulos sempre têm três ângulos.,Amir,Amazon Translate
As cobras trocam de pele periodicamente.,Amir,Amazon Translate
O queijo é feito de leite fermentado.,Amir,Amazon Translate
Os mapas usam uma legenda para explicar os símbolos.,Amir,Amazon Translate
A maioria das pessoas tem vinte dentes primários.,Amir,Amazon Translate
O vento move as nuvens pelo céu.,Amir,Amazon Translate
Os relógios são alimentados por baterias ou molas.,Amir,Amazon Translate
Alguns peixes mudam de cor como camuflagem.,Amir,Amazon Translate
O pão cresce com fermento ou fermento em pó.,Amir,Amazon Translate
Um polvo esguicha tinta quando ameaçado.,Amir,Amazon Translate
Alguns animais hibernam durante o inverno.,Amir,Amazon Translate
As chitas podem atingir altas velocidades em rajadas curtas.,Amir,Amazon Translate
O nascer do sol ocorre no leste.,Amir,Amazon Translate
Os cavalos-marinhos se ancoram com caudas preênseis.,Amir,Amazon Translate
O chocolate é tóxico para muitos animais.,Amir,Amazon Translate
As abelhas armazenam mel nas colmeias.,Amir,Amazon Translate
O cobre é um bom condutor elétrico.,Amir,Amazon Translate
Os camelos têm cílios longos para proteção da areia.,Amir,Amazon Translate
O Oceano Atlântico faz fronteira com vários continentes.,Amir,Amazon Translate
Os tornados têm uma aparência em forma de funil.,Amir,Amazon Translate
As rosas precisam de luz solar e água para crescer.,Amir,Amazon Translate
Os correios lidam com a distribuição de correspondência.,Amir,Amazon Translate
A maioria dos telefones modernos são smartphones.,Amir,Amazon Translate
A gravidade da lua causa marés na Terra.,Amir,Amazon Translate
A Antártica está coberta principalmente de gelo.,Amir,Amazon Translate
As minhocas ajudam a melhorar a estrutura do solo.,Amir,Amazon Translate
A maioria das aranhas é inofensiva para os humanos.,Amir,Amazon Translate
Os ventiladores circulam o ar em uma sala.,Amir,Amazon Translate
Os kiwis são pássaros que não voam da Nova Zelândia.,Amir,Amazon Translate
A maioria dos tecidos é tecida com fios.,Amir,Amazon Translate
Os raios são causados por descargas elétricas nas nuvens.,Amir,Amazon Translate
Os pinguins caçam peixes debaixo d'água.,Amir,Amazon Translate
A chita é conhecida por sua velocidade de corrida.,Amir,Amazon Translate
Os gatos costumam ronronar quando estão contentes.,Amir,Amazon Translate
Os coalas dormem por longos períodos.,Amir,Amazon Translate
As árvores fornecem sombra e abrigo.,Amir,Amazon Translate
Os pandas comem principalmente bambu.,Amir,Amazon Translate
O freezer mantém os alimentos congelados.,Amir,Amazon Translate
O gelo flutua porque é menos denso que a água.,Amir,Amazon Translate
Os mapas ajudam os viajantes a planejar viagens.,Amir,Amazon Translate
A lava esfria em rocha sólida.,Amir,Amazon Translate
Guindastes são máquinas usadas para elevação.,Amir,Amazon Translate
Os lagartos se aquecem à luz do sol para se aquecerem.,Amir,Amazon Translate
Os arrozais precisam de água parada.,Amir,Amazon Translate
Os detectores de fumaça detectam partículas de incêndios.,Amir,Amazon Translate
Os vaga-lumes emitem luz de seus abdomens.,Amir,Amazon Translate
As esponjas vivem no oceano.,Amir,Amazon Translate
Os salmões nadam rio acima para botar ovos.,Amir,Amazon Translate
A maioria dos mamíferos tem sangue quente.,Amir,Amazon Translate
As listras ajudam as zebras a se camuflarem na grama.,Amir,Amazon Translate
"As rochas podem ser sedimentares, ígneas ou metamórficas.",Amir,Amazon Translate
Os pinguins usam nadadeiras para nadar.,Amir,Amazon Translate
Nuvens bloqueiam a luz do sol em dias nublados.,Amir,Amazon Translate
Os flocos de neve têm seis lados.,Amir,Amazon Translate
Bebês engatinham antes de andar.,Amir,Amazon Translate
As folhas perdem clorofila e murcham no outono.,Amir,Amazon Translate
Os oceanos são salgados devido aos minerais dissolvidos.,Amir,Amazon Translate
As corujas caçam silenciosamente à noite.,Amir,Amazon Translate
As sementes contêm plantas embrionárias.,Amir,Amazon Translate
Os mapas geralmente mostram montanhas com triângulos.,Amir,Amazon Translate
Os avestruzes são os maiores pássaros.,Amir,Amazon Translate
Bebês bebem leite para se alimentar.,Amir,Amazon Translate
Os bombeiros apagam as chamas com mangueiras de água.,Amir,Amazon Translate
Os mapas são orientados com o norte na parte superior.,Amir,Amazon Translate
As marés sobem e descem duas vezes ao dia.,Amir,Amazon Translate
As lontras usam pedras para abrir conchas.,Amir,Amazon Translate
A água da chuva reabastece rios e lagos.,Amir,Amazon Translate
Relâmpagos podem causar quedas de energia.,Amir,Amazon Translate
As focas usam nadadeiras para nadar.,Amir,Amazon Translate
As bactérias podem se multiplicar rapidamente.,Amir,Amazon Translate
Os carvalhos produzem bolotas.,Amir,Amazon Translate
Os grilos produzem sons esfregando as asas.,Amir,Amazon Translate
As lagartixas podem grudar nas paredes.,Amir,Amazon Translate
Os ursos polares são fortes nadadores.,Amir,Amazon Translate
Os planetas orbitam estrelas em sistemas solares.,Amir,Amazon Translate
Os abutres procuram comida.,Amir,Amazon Translate
O violino é um instrumento de cordas.,Amir,Amazon Translate
As cabras podem escalar terrenos íngremes.,Amir,Amazon Translate
O fogo é quente ao toque.,Amir,Amazon Translate
Os oceanos são habitats para muitos animais.,Amir,Amazon Translate
Um arco-íris aparece após a chuva quando a luz do sol se refrata.,Amir,Amazon Translate
Os smartphones têm câmeras embutidas para tirar fotos.,Amir,Amazon Translate
A maioria dos carros usa gasolina ou diesel como combustível.,Amir,Amazon Translate
Os peixes usam barbatanas para nadar na água.,Amir,Amazon Translate
O café costuma ser servido quente.,Amir,Amazon Translate
As aranhas tecem teias para capturar suas presas.,Amir,Amazon Translate
As abelhas vivem em colônias.,Amir,Amazon Translate
Os balões sobem porque o hélio é mais leve que o ar.,Amir,Amazon Translate
Os pinheiros produzem cones como sementes.,Amir,Amazon Translate
A chuva geralmente deixa o solo molhado.,Amir,Amazon Translate
Os sapos pulam para se movimentar.,Amir,Amazon Translate
Os aviões podem voar longas distâncias.,Amir,Amazon Translate
As borboletas têm asas coloridas.,Amir,Amazon Translate
"As maçãs podem ser vermelhas, verdes ou amarelas.",Amir,Amazon Translate
Os trens viajam em trilhos de metal.,Amir,Amazon Translate
As girafas comem folhas de árvores altas.,Amir,Amazon Translate
Os sapatos são usados nos pés.,Amir,Amazon Translate
Os rios correm em direção aos oceanos ou lagos.,Amir,Amazon Translate
Os vulcões liberam cinzas e lava durante as erupções.,Amir,Amazon Translate
Os cangurus podem pular longas distâncias.,Amir,Amazon Translate
O brócolis é verde e comestível.,Amir,Amazon Translate
As laranjas são uma fonte de vitamina C.,Amir,Amazon Translate
As nuvens se formam a partir do vapor de água evaporado.,Amir,Amazon Translate
Os gatos se limpam com a língua.,Amir,Amazon Translate
A grama é verde e cresce do chão.,Amir,Amazon Translate
O inverno é caracterizado por temperaturas mais frias.,Amir,Amazon Translate
Os cães podem latir para se comunicar.,Amir,Amazon Translate
Os elefantes têm orelhas e trombas grandes.,Amir,Amazon Translate
O ar quente sobe acima do ar mais frio.,Amir,Amazon Translate
Os cervos têm chifres que caem anualmente.,Amir,Amazon Translate
As baleias são os maiores mamíferos marinhos.,Amir,Amazon Translate
O carvão é usado como fonte de combustível.,Amir,Amazon Translate
A lua afeta as marés oceânicas.,Amir,Amazon Translate
Os guindastes são pássaros altos com pescoços longos.,Amir,Amazon Translate
Os macacos usam caudas para se equilibrar.,Amir,Amazon Translate
O vento move galhos de árvores.,Amir,Amazon Translate
As ovelhas cultivam lã anualmente.,Amir,Amazon Translate
O combustível alimenta a maioria dos carros.,Amir,Amazon Translate
Os desertos geralmente são ambientes secos.,Amir,Amazon Translate
O sal preserva certos alimentos.,Amir,Amazon Translate
Berinjelas crescem em plantas.,Amir,Amazon Translate
Chalk escreve em quadros-negros.,Amir,Amazon Translate
As lontras vivem em rios e lagos.,Amir,Amazon Translate
Os mosquitos picam humanos e animais.,Amir,Amazon Translate
Os laptops são computadores portáteis.,Amir,Amazon Translate
Os mapas mostram fronteiras e países.,Amir,Amazon Translate
O protetor solar protege a pele das queimaduras solares.,Amir,Amazon Translate
O futebol exige trabalho em equipe para jogar de forma eficaz.,Amir,Amazon Translate
Os carnívoros comem carne.,Amir,Amazon Translate
Os insetos têm três segmentos corporais.,Amir,Amazon Translate
O leite é uma bebida básica em muitas culturas.,Amir,Amazon Translate
Os flocos de neve têm padrões únicos.,Amir,Amazon Translate
Os gafanhotos podem saltar longas distâncias.,Amir,Amazon Translate
A gravidade mantém os objetos aterrados.,Amir,Amazon Translate
Porcos são animais de fazenda.,Amir,Amazon Translate
Os rádios transmitem música e notícias.,Amir,Amazon Translate
As galinhas põem ovos para comer.,Amir,Amazon Translate
Os mapas podem ser desenhados em várias escalas.,Amir,Amazon Translate
A água da chuva rega plantas e árvores.,Amir,Amazon Translate
O aço é mais forte que o ferro.,Amir,Amazon Translate
A água é essencial para toda a vida conhecida.,Amir,Amazon Translate
Os sapos podem coaxar alto.,Amir,Amazon Translate
O milho é colhido no final do verão.,Amir,Amazon Translate
Os golfinhos são criaturas sociais na natureza.,Amir,Amazon Translate
Os caracóis têm conchas em espiral.,Amir,Amazon Translate
As formigas carregam cargas mais pesadas que seus corpos.,Amir,Amazon Translate
As tulipas são cultivadas a partir de bulbos no solo.,Amir,Amazon Translate
O sol fornece luz durante o dia.,Amir,Amazon Translate
A chuva se forma quando as nuvens ficam saturadas.,Amir,Amazon Translate
Os gatos usam a cauda para se equilibrar.,Amir,Amazon Translate
A água fervente mata muitos germes.,Amir,Amazon Translate
As bananas crescem em cachos nas árvores.,Amir,Amazon Translate
Ventiladores elétricos resfriam os quartos.,Amir,Amazon Translate
Os lobos se comunicam uivando.,Amir,Amazon Translate
O milho é uma cultura comum de cereais.,Amir,Amazon Translate
Os aviões transportam passageiros por longas distâncias.,Amir,Amazon Translate
A maioria dos peixes tem escamas na pele.,Amir,Amazon Translate
Coelhos cavam tocas para se abrigar.,Amir,Amazon Translate
A televisão transmite uma variedade de programas.,Amir,Amazon Translate
Os cães latem para alertar os donos.,Amir,Amazon Translate
Os pinguins andam na terra.,Amir,Amazon Translate
As melancias contêm principalmente água.,Amir,Amazon Translate
Os macacos costumam balançar nos galhos das árvores.,Amir,Amazon Translate
As borboletas crescem a partir de lagartas.,Amir,Amazon Translate
A França está localizada na Europa.,Amir,Amazon Translate
Os cavalos galopam para correr rapidamente.,Amir,Amazon Translate
Os golfinhos vivem em ambientes de água salgada.,Amir,Amazon Translate
As canetas são usadas para escrever em papel.,Amir,Amazon Translate
A superfície da lua tem muitas crateras.,Amir,Amazon Translate
O leite é uma fonte de cálcio.,Amir,Amazon Translate
Relâmpagos podem iniciar incêndios florestais.,Amir,Amazon Translate
Os pepinos podem ser decapados.,Amir,Amazon Translate
A maioria das camisas tem mangas.,Amir,Amazon Translate
Os tigres são mamíferos carnívoros.,Amir,Amazon Translate
O pão é assado em fornos.,Amir,Amazon Translate
As zebras têm peles listradas.,Amir,Amazon Translate
As maçãs amadurecem no final do verão.,Amir,Amazon Translate
O sabão dissolve a gordura e a sujeira.,Amir,Amazon Translate
Monte. O Everest é um destino popular de escalada.,Amir,Amazon Translate
Os livros podem contar histórias fictícias.,Amir,Amazon Translate
As águias americanas são nativas da América do Norte.,Amir,Amazon Translate
Os tubarões são predadores de ponta nos oceanos.,Amir,Amazon Translate
Os pianos têm teclas pretas e brancas.,Amir,Amazon Translate
Os relógios digitais mostram a hora numericamente.,Amir,Amazon Translate
As cadeiras são projetadas para sentar.,Amir,Amazon Translate
Os galos cantam ao amanhecer.,Amir,Amazon Translate
As rosas vêm em várias cores.,Amir,Amazon Translate
Os hipopótamos vivem em rios e lagos africanos.,Amir,Amazon Translate
"Os calendários mostram dias, semanas e meses.",Amir,Amazon Translate
Os pára-quedas ajudam a retardar a descida das alturas.,Amir,Amazon Translate
Os leões são conhecidos como “rei da selva”.,Amir,Amazon Translate
O amendoim pode causar reações alérgicas.,Amir,Amazon Translate
As cenouras são boas para a saúde da visão.,Amir,Amazon Translate
Os gansos voam em formação V.,Amir,Amazon Translate
Os pinheiros guardam suas agulhas no inverno.,Amir,Amazon Translate
As uvas crescem em cachos.,Amir,Amazon Translate
Cubos de gelo se formam em congeladores.,Amir,Amazon Translate
As medusas picam com seus tentáculos.,Amir,Amazon Translate
O esterco de cavalo é usado como fertilizante.,Amir,Amazon Translate
As capas de chuva são usadas durante as estações chuvosas.,Amir,Amazon Translate
Os terremotos sacudem o solo devido ao movimento tectônico.,Amir,Amazon Translate
Os lasers podem escanear códigos de barras rapidamente.,Amir,Amazon Translate
As moedas são usadas para fazer trocos.,Amir,Amazon Translate
Os morangos são vermelhos quando maduros.,Amir,Amazon Translate
O sal de mesa é cloreto de sódio.,Amir,Amazon Translate
Os rinocerontes têm um ou dois chifres.,Amir,Amazon Translate
Os polvos têm braços flexíveis.,Amir,Amazon Translate
Os esquilos colhem nozes para o inverno.,Amir,Amazon Translate
A lava endurece em rocha vulcânica.,Amir,Amazon Translate
A abobrinha é um tipo de abóbora.,Amir,Amazon Translate
Os tornados são ventos violentos e giratórios.,Amir,Amazon Translate
As samambaias se reproduzem usando esporos.,Amir,Amazon Translate
Os mapas podem indicar mudanças de elevação.,Amir,Amazon Translate
O Oceano Pacífico cobre grandes áreas da Terra.,Amir,Amazon Translate
Os cães podem reconhecer pessoas conhecidas.,Amir,Amazon Translate
As raízes das árvores fixam a planta no solo.,Amir,Amazon Translate
Os pássaros têm bicos em vez de dentes.,Amir,Amazon Translate
O gelo derrete em temperaturas acima de zero Celsius.,Amir,Amazon Translate
A chuva ajuda as plantações a crescer.,Amir,Amazon Translate
O chocolate derrete em climas quentes.,Amir,Amazon Translate
Os camundongos são pequenos roedores noturnos.,Amir,Amazon Translate
O vapor sobe da água fervente.,Amir,Amazon Translate
A lua reflete a luz do sol à noite.,Amir,Amazon Translate
Morcegos dormem pendurados de cabeça para baixo.,Amir,Amazon Translate
O iogurte é feito com culturas bacterianas.,Amir,Amazon Translate
Os livros são guardados para leitura.,Amir,Amazon Translate
Os morangos crescem perto do solo.,Amir,Amazon Translate
O ar frio é mais denso que o ar quente.,Amir,Amazon Translate
Os camelos podem armazenar água em seus corpos.,Amir,Amazon Translate
O ouro não enferruja.,Amir,Amazon Translate
As plantas liberam oxigênio durante a fotossíntese.,Amir,Amazon Translate
Os leões vivem nas savanas africanas.,Amir,Amazon Translate
A alface é frequentemente usada em saladas.,Amir,Amazon Translate
O bambu é uma espécie de gramínea.,Amir,Amazon Translate
As batatas podem ser amassadas ou fritas.,Amir,Amazon Translate
As bananas ficam marrons quando maduras demais.,Amir,Amazon Translate
O Círculo Polar Ártico tem longas noites de inverno.,Amir,Amazon Translate
Os corpos das medusas são principalmente água.,Amir,Amazon Translate
O kiwi contém sementes pretas em seu interior.,Amir,Amazon Translate
Os crocodilos têm mandíbulas fortes.,Amir,Amazon Translate
Os topos das montanhas têm temperaturas mais baixas do que os vales.,Amir,Amazon Translate
O plástico é comum em embalagens.,Amir,Amazon Translate
Os rinocerontes têm uma pele espessa e protetora.,Amir,Amazon Translate
O basquete é jogado em uma quadra.,Amir,Amazon Translate
O ar fresco é importante para a respiração.,Amir,Amazon Translate
As folhas de Pandan são usadas na culinária asiática.,Amir,Amazon Translate
As cenouras crescem no subsolo.,Amir,Amazon Translate
Os grãos de café crescem nos arbustos.,Amir,Amazon Translate
As cabras comem folhas e capim.,Amir,Amazon Translate
O queijo é envelhecido para dar sabor.,Amir,Amazon Translate
As zebras correm em rebanhos por motivos de segurança.,Amir,Amazon Translate
As lontras têm pêlo denso para isolamento.,Amir,Amazon Translate
"Os amendoins são, na verdade, leguminosas.",Amir,Amazon Translate
As bolotas caem dos carvalhos no outono.,Amir,Amazon Translate
O uivo de um lobo percorre longas distâncias.,Amir,Amazon Translate
Os helicópteros podem decolar verticalmente.,Amir,Amazon Translate
Os mosquitos são atraídos pela respiração humana.,Amir,Amazon Translate
A água da chuva pode ser coletada em barris.,Amir,Amazon Translate
Os mouses de computador controlam o movimento na tela.,Amir,Amazon Translate
Estrelas do mar podem recuperar braços perdidos.,Amir,Amazon Translate
As preguiças se movem lentamente pelas árvores.,Amir,Amazon Translate
Os pinguins se amontoam para conservar o calor.,Amir,Amazon Translate
A maioria das laranjas é colhida no inverno.,Amir,Amazon Translate
As lagartas comem folhas antes de se transformarem em pupas.,Amir,Amazon Translate
Faróis guiam navios no mar.,Amir,Amazon Translate
As tartarugas se protegem usando conchas.,Amir,Amazon Translate
Os rios esculpem canais ao longo do tempo.,Amir,Amazon Translate
As abóboras são usadas para tortas.,Amir,Amazon Translate
Os girassóis produzem sementes comestíveis.,Amir,Amazon Translate
As lagartixas se agarram às superfícies com biqueiras especiais.,Amir,Amazon Translate
Vênus é chamado de planeta gêmeo da Terra.,Amir,Amazon Translate
Os clipes de papel são feitos de arame dobrado.,Amir,Amazon Translate
A neve se forma a partir do vapor de água congelado.,Amir,Amazon Translate
As montanhas geralmente são formadas por placas tectônicas.,Amir,Amazon Translate
Os leões se comunicam por meio de rugidos.,Amir,Amazon Translate
O xadrez usa dois exércitos de peças.,Amir,Amazon Translate
O trigo é moído para fazer farinha.,Amir,Amazon Translate
Os brotos de bambu são comestíveis.,Amir,Amazon Translate
A fumaça sobe acima do fogo.,Amir,Amazon Translate
O radar detecta objetos usando ondas de rádio.,Amir,Amazon Translate
Os icebergs flutuam nos oceanos polares.,Amir,Amazon Translate
A maioria das cobras põe ovos.,Amir,Amazon Translate
As formigas usam feromônios para se comunicar.,Amir,Amazon Translate
Um raio pode cair várias vezes.,Amir,Amazon Translate
Os girinos se transformam em sapos.,Amir,Amazon Translate
O coração bate involuntariamente.,Amir,Amazon Translate
Lagartos podem soltar caudas para escapar de predadores.,Amir,Amazon Translate
As frutas geralmente contêm sementes para reprodução.,Amir,Amazon Translate
As lâmpadas convertem eletricidade em luz visível.,Amir,Amazon Translate
Os carros têm quatro rodas para maior estabilidade.,Amir,Amazon Translate
A torta é normalmente feita com uma crosta de massa.,Amir,Amazon Translate
As bicicletas precisam pedalar para avançar.,Amir,Amazon Translate
O papel é usado para escrever e imprimir.,Amir,Amazon Translate
O café é feito a partir de grãos torrados.,Amir,Amazon Translate
As chitas podem correr mais rápido do que outros animais.,Amir,Amazon Translate
Os lobos vivem em grupos familiares chamados de matilhas.,Amir,Amazon Translate
As escovas de dentes limpam os dentes e as gengivas.,Amir,Amazon Translate
Os dentistas recomendam escovar duas vezes ao dia.,Amir,Amazon Translate
As ovelhas são criadas por sua lã.,Amir,Amazon Translate
Os computadores armazenam e processam informações.,Amir,Amazon Translate
A água é essencial para o crescimento das plantas.,Amir,Amazon Translate
Muitos cogumelos crescem depois da chuva.,Amir,Amazon Translate
As abelhas polinizam muitas plantas com flores.,Amir,Amazon Translate
Os gatos ronronam quando se sentem confortáveis.,Amir,Amazon Translate
As maçãs são populares em tortas.,Amir,Amazon Translate
A maioria dos répteis põe ovos.,Amir,Amazon Translate
As cobras se movem sem pernas deslizando.,Amir,Amazon Translate
Os pássaros têm penas para isolamento.,Amir,Amazon Translate
A chuva carrega nutrientes para o solo.,Amir,Amazon Translate
As bananas amadurecem após serem colhidas.,Amir,Amazon Translate
A grama é uma cobertura comum do solo.,Amir,Amazon Translate
O pôr do sol sinaliza o fim do dia.,Amir,Amazon Translate
A neve cobre o solo durante o inverno.,Amir,Amazon Translate
Os mamíferos dão leite aos filhotes.,Amir,Amazon Translate
O xadrez é um jogo de tabuleiro para dois jogadores.,Amir,Amazon Translate
As teias de aranha são feitas de seda.,Amir,Amazon Translate
O leite vem dos mamíferos.,Amir,Amazon Translate
O amendoim é usado para fazer manteiga.,Amir,Amazon Translate
O aço é criado pela adição de carbono ao ferro.,Amir,Amazon Translate
Arco-íris são arcos de luz colorida.,Amir,Amazon Translate
Os ursos polares têm pelos grossos para se aquecerem.,Amir,Amazon Translate
O Ártico é frio na maior parte do ano.,Amir,Amazon Translate
As plantas absorvem dióxido de carbono para a fotossíntese.,Amir,Amazon Translate
As cidades são áreas urbanas densamente povoadas.,Amir,Amazon Translate
Os cangurus carregam filhotes em bolsas.,Amir,Amazon Translate
A batata-doce é rica em fibras.,Amir,Amazon Translate
Os mapas podem mostrar a elevação com linhas de contorno.,Amir,Amazon Translate
Os carros precisam de manutenção regular.,Amir,Amazon Translate
Os ímãs têm pólos norte e sul.,Amir,Amazon Translate
Os morcegos navegam na escuridão usando o som.,Amir,Amazon Translate
Os pinguins têm penas impermeáveis.,Amir,Amazon Translate
O mel é frequentemente usado como adoçante.,Amir,Amazon Translate
O vidro é feito de areia e calor.,Amir,Amazon Translate
As baleias se comunicam com sons de baixa frequência.,Amir,Amazon Translate
Os clipes de papel mantêm as folhas de papel juntas.,Amir,Amazon Translate
A maionese é feita de ovos e óleo.,Amir,Amazon Translate
O queijo vem em muitas variedades.,Amir,Amazon Translate
As marcas de giz podem ser apagadas.,Amir,Amazon Translate
A sopa geralmente é servida quente.,Amir,Amazon Translate
Os mapas exibem informações visualmente.,Amir,Amazon Translate
O fogo é usado para cozinhar alimentos.,Amir,Amazon Translate
O ouro é considerado um metal precioso.,Amir,Amazon Translate
A chuva pode reabastecer as fontes de água subterrâneas.,Amir,Amazon Translate
A maioria dos adultos precisa de oito horas de sono.,Amir,Amazon Translate
Os pepinos são consumidos em saladas.,Amir,Amazon Translate
A sopa pode ser feita com muitos ingredientes.,Amir,Amazon Translate
Tartarugas põem ovos em praias arenosas.,Amir,Amazon Translate
O quartzo é um mineral comum.,Amir,Amazon Translate
As teclas do teclado inserem dados nos computadores.,Amir,Amazon Translate
As morsas vivem em ambientes marinhos frios.,Amir,Amazon Translate
As bolotas são comidas pelos esquilos.,Amir,Amazon Translate
Os grampeadores prendem os papéis juntos.,Amir,Amazon Translate
A chuva aumenta a umidade do solo.,Amir,Amazon Translate
Os cães são usados como animais de serviço.,Amir,Amazon Translate
Os carros viajam em estradas pavimentadas.,Amir,Amazon Translate
O pão é feito de farinha de trigo.,Amir,Amazon Translate
Os gatos se comunicam miando e ronronando.,Amir,Amazon Translate
Os ovos fornecem proteína nas dietas.,Amir,Amazon Translate
O gelo derrete em temperaturas quentes.,Amir,Amazon Translate
Os ônibus transportam vários passageiros ao mesmo tempo.,Amir,Amazon Translate
A água hidrata os organismos vivos.,Amir,Amazon Translate
As vacas pastam em campos abertos.,Amir,Amazon Translate
As câmeras podem gravar imagens em movimento.,Amir,Amazon Translate
Os livros contêm informações escritas.,Amir,Amazon Translate
Os tigres têm listras para camuflagem.,Amir,Amazon Translate
Os mosquitos põem ovos na água.,Amir,Amazon Translate
As rosas florescem na primavera.,Amir,Amazon Translate
O solo sustenta as raízes das plantas.,Amir,Amazon Translate
O sabão ajuda a remover os germes.,Amir,Amazon Translate
Ventiladores elétricos circulam ar frio.,Amir,Amazon Translate
Os mapas representam espaços geográficos.,Amir,Amazon Translate
A grama cresce rapidamente na primavera.,Amir,Amazon Translate
Gatos podem subir em árvores.,Amir,Amazon Translate
As botas de chuva são usadas em condições úmidas.,Amir,Amazon Translate
O futebol é jogado em um campo.,Amir,Amazon Translate
Os lápis são feitos de madeira e grafite.,Amir,Amazon Translate
As meias mantêm os pés aquecidos.,Amir,Amazon Translate
Os pássaros voam usando asas.,Amir,Amazon Translate
A água flui ladeira abaixo.,Amir,Amazon Translate
O sol parece maior ao nascer do sol.,Amir,Amazon Translate
O vento afeta os padrões climáticos.,Amir,Amazon Translate
O bambu é usado na construção.,Amir,Amazon Translate
As baleias são mamíferos.,Amir,Amazon Translate
O leite estraga se não for refrigerado.,Amir,Amazon Translate
As moedas podem ser coletadas como hobby.,Amir,Amazon Translate
Almofadas fornecem suporte para a cabeça.,Amir,Amazon Translate
O mel é armazenado em favos de mel.,Amir,Amazon Translate
Os mapas destacam os limites políticos.,Amir,Amazon Translate
Os gansos migram por longas distâncias.,Amir,Amazon Translate
A seiva flui das árvores de ácer.,Amir,Amazon Translate
Os carros são movidos a gasolina ou eletricidade.,Amir,Amazon Translate
Os chuveiros limpam o corpo humano.,Amir,Amazon Translate
Os tornados são colunas de ar que giram rapidamente.,Amir,Amazon Translate
As maçãs são colhidas no outono.,Amir,Amazon Translate
Os raios acompanham muitas tempestades.,Amir,Amazon Translate
As águias caçam pequenos animais.,Amir,Amazon Translate
As portas fornecem entrada e saída.,Amir,Amazon Translate
Os golfinhos são capazes de pular.,Amir,Amazon Translate
As sacolas plásticas podem ser recicladas.,Amir,Amazon Translate
O milho é consumido fresco ou como pipoca.,Amir,Amazon Translate
As lupas ampliam objetos pequenos.,Amir,Amazon Translate
A massa é feita de trigo duro.,Amir,Amazon Translate
As abóboras contêm sementes comestíveis.,Amir,Amazon Translate
Os rádios recebem sinais de transmissão.,Amir,Amazon Translate
Os papagaios podem aprender truques simples.,Amir,Amazon Translate
As lontras usam ferramentas para abrir comida.,Amir,Amazon Translate
Os lagartos têm pele escamosa.,Amir,Amazon Translate
O sol é uma estrela no centro do nosso sistema solar.,Amir,Amazon Translate
As vacas são criadas para produzir leite e carne.,Amir,Amazon Translate
As folhas ficam amarelas no outono.,Amir,Amazon Translate
A maioria dos rios corre em direção ao mar.,Amir,Amazon Translate
As plantas precisam de água para sobreviver.,Amir,Amazon Translate
Os lápis são usados para escrever ou desenhar.,Amir,Amazon Translate
O leite é mantido frio na geladeira.,Amir,Amazon Translate
Relâmpagos podem cair durante tempestades.,Amir,Amazon Translate
As corujas enxergam bem na escuridão.,Amir,Amazon Translate
Os papagaios têm bicos curvos.,Amir,Amazon Translate
O Pacífico é o maior oceano da Terra.,Amir,Amazon Translate
Os mapas podem mostrar estradas e cidades.,Amir,Amazon Translate
Os cães abanam o rabo quando estão felizes.,Amir,Amazon Translate
Os crustáceos vivem nos oceanos.,Amir,Amazon Translate
Os livros podem ser de ficção ou não ficção.,Amir,Amazon Translate
Os diamantes são formados nas profundezas da terra.,Amir,Amazon Translate
Os leões fazem parte da família dos felinos.,Amir,Amazon Translate
Os sapos vivem dentro ou perto da água.,Amir,Amazon Translate
Os cascos dos cavalos precisam de cuidados regulares.,Amir,Amazon Translate
O inverno geralmente traz temperaturas frias.,Amir,Amazon Translate
Aviões pousam nas pistas.,Amir,Amazon Translate
Os trens viajam entre cidades e vilas.,Amir,Amazon Translate
Os carros precisam de recargas regulares de combustível.,Amir,Amazon Translate
Os tomates crescem em videiras.,Amir,Amazon Translate
Os mapas podem mostrar as elevações das montanhas.,Amir,Amazon Translate
Borboletas nascem de casulos.,Amir,Amazon Translate
As moedas têm valores diferentes.,Amir,Amazon Translate
As baleias vivem nos oceanos.,Amir,Amazon Translate
As folhas caem no outono.,Amir,Amazon Translate
O golfe é jogado com tacos e bolas.,Amir,Amazon Translate
As abelhas visitam muitos tipos de flores.,Amir,Amazon Translate
As cenouras são vegetais de raiz.,Amir,Amazon Translate
O queijo é produzido a partir do leite animal.,Amir,Amazon Translate
Os cães latem por vários motivos.,Amir,Amazon Translate
As montanhas são formadas por forças geológicas.,Amir,Amazon Translate
As estrelas produzem energia por meio da fusão nuclear.,Amir,Amazon Translate
Os grilos são conhecidos por seu chilrear.,Amir,Amazon Translate
O plástico é usado para muitos produtos.,Amir,Amazon Translate
Os casuares são pássaros grandes que não voam.,Amir,Amazon Translate
O arroz cresce em campos inundados.,Amir,Amazon Translate
As mercearias vendem frutas e vegetais.,Amir,Amazon Translate
Magpies coletam objetos brilhantes.,Amir,Amazon Translate
Os mapas usam símbolos para mostrar características.,Amir,Amazon Translate
Os golfinhos são animais marinhos inteligentes.,Amir,Amazon Translate
Os aviões viajam mais rápido do que os carros.,Amir,Amazon Translate
Os fósseis são encontrados em rochas sedimentares.,Amir,Amazon Translate
As uvas crescem em cachos nas videiras.,Amir,Amazon Translate
A manteiga derrete no pão quente.,Amir,Amazon Translate
Os kiwis são um tipo de fruta.,Amir,Amazon Translate
O metal conduz bem a eletricidade.,Amir,Amazon Translate
Os painéis solares precisam de luz solar para funcionar.,Amir,Amazon Translate
Os periquitos são pássaros pequenos e coloridos.,Amir,Amazon Translate
A maioria dos chás vem das folhas da camellia sinensis.,Amir,Amazon Translate
Os mapas são valiosos para a navegação.,Amir,Amazon Translate
A água ferve a cem graus Celsius ao nível do mar.,Amir,Amazon Translate
Os gatos têm garras retráteis para escalar e caçar.,Amir,Amazon Translate
Os desertos recebem menos de dez polegadas de chuva anualmente.,Amir,Amazon Translate
As abelhas se comunicam usando padrões de dança.,Amir,Amazon Translate
Os planetas orbitam o sol devido às forças gravitacionais.,Amir,Amazon Translate
As baterias armazenam energia elétrica para uso futuro.,Amir,Amazon Translate
O coração circula o sangue por todo o corpo humano.,Amir,Amazon Translate
Os tubarões devem continuar nadando para respirar.,Amir,Amazon Translate
Os sapos começam a vida como girinos aquáticos.,Amir,Amazon Translate
O sal se dissolve facilmente na água.,Amir,Amazon Translate
Os pinguins são pássaros que não voam e adaptados a climas frios.,Amir,Amazon Translate
"O fogo requer calor, combustível e oxigênio.",Amir,Amazon Translate
As medusas se movem contraindo e relaxando seus corpos.,Amir,Amazon Translate
Os lagartos trocam de pele à medida que crescem.,Amir,Amazon Translate
A maioria das cobras é carnívora.,Amir,Amazon Translate
"Os mapas exibem países, cidades e características geográficas.",Amir,Amazon Translate
A grama cresce a partir de sementes chamadas grãos.,Amir,Amazon Translate
As vacas comem capim e produzem leite.,Amir,Amazon Translate
Os aviões precisam de pistas para decolar e pousar.,Amir,Amazon Translate
As colônias de formigas têm uma divisão de trabalho.,Amir,Amazon Translate
As florestas tropicais contêm alta biodiversidade.,Amir,Amazon Translate
Os iglus são abrigos construídos com blocos de gelo.,Amir,Amazon Translate
As palmeiras crescem em climas tropicais.,Amir,Amazon Translate
Os musgos prosperam em ambientes úmidos e sombreados.,Amir,Amazon Translate
Os polvos têm três corações e sangue azul.,Amir,Amazon Translate
A luz solar é a principal fonte de energia da Terra.,Amir,Amazon Translate
Os cranberries flutuam na água devido às bolsas de ar.,Amir,Amazon Translate
As geleiras se movem lentamente pela terra.,Amir,Amazon Translate
As borrachas removem marcas de lápis do papel.,Amir,Amazon Translate
O açúcar se dissolve rapidamente em líquidos quentes.,Amir,Amazon Translate
Os cangurus pulam usando suas poderosas patas traseiras.,Amir,Amazon Translate
A água da chuva nutre plantações e plantas.,Amir,Amazon Translate
Os livros são uma fonte de informações e histórias.,Amir,Amazon Translate
Vulcões entram em erupção quando o magma atinge a superfície da Terra.,Amir,Amazon Translate
As escadas ajudam as pessoas a alcançar objetos altos.,Amir,Amazon Translate
O tempo nublado reduz a luz solar no solo.,Amir,Amazon Translate
Os rios fluem dos terrenos mais altos para os mais baixos.,Amir,Amazon Translate
Os perus podem voar curtas distâncias.,Amir,Amazon Translate
As cebolas são bulbos que crescem no subsolo.,Amir,Amazon Translate
Os castelos de areia são construídos em praias com areia molhada.,Amir,Amazon Translate
Os caracóis se movem usando um pé musculoso.,Amir,Amazon Translate
Um raio é uma descarga de eletricidade durante tempestades.,Amir,Amazon Translate
Os gafanhotos produzem sons esfregando as pernas.,Amir,Amazon Translate
As bolhas de sabão estouram quando secam.,Amir,Amazon Translate
As jaquetas de chuva protegem as roupas em climas úmidos.,Amir,Amazon Translate
Os gatos se limpam lambendo o pelo.,Amir,Amazon Translate
Os rios correm ladeira abaixo devido à gravidade.,Amir,Amazon Translate
As folhas absorvem a luz solar para o crescimento das plantas.,Amir,Amazon Translate
Os pinguins vivem principalmente perto do Pólo Sul.,Amir,Amazon Translate
Os mapas fornecem informações geográficas.,Amir,Amazon Translate
As turbinas eólicas geram eletricidade a partir da energia eólica.,Amir,Amazon Translate
O chocolate derrete na boca.,Amir,Amazon Translate
Muitos mamíferos têm pelos para se manterem aquecidos.,Amir,Amazon Translate
As penas ajudam os pássaros a voar.,Amir,Amazon Translate
As rodas ajudam os veículos a se moverem com eficiência.,Amir,Amazon Translate
As geleiras são enormes corpos de gelo que se movem lentamente.,Amir,Amazon Translate
Fogos de artifício exibem luzes e cores brilhantes.,Amir,Amazon Translate
Os cães são conhecidos pela lealdade aos humanos.,Amir,Amazon Translate
As florestas tropicais têm vegetação densa e alta umidade.,Amir,Amazon Translate
Os morcegos são mamíferos capazes de voar de verdade.,Amir,Amazon Translate
Os tigres têm listras alaranjadas e pretas distintas.,Amir,Amazon Translate
As moedas são usadas como dinheiro nas transações.,Amir,Amazon Translate
Os tubarões vivem nos oceanos de todo o mundo.,Amir,Amazon Translate
As orcas são os maiores membros da família dos golfinhos.,Amir,Amazon Translate
Os pregos são martelados em madeira para construção.,Amir,Amazon Translate
Os relógios controlam o tempo.,Amir,Amazon Translate
Os grilos cantam para atrair parceiros.,Amir,Amazon Translate
Os cogumelos crescem em locais úmidos e escuros.,Amir,Amazon Translate
As tartarugas retraem suas cabeças em suas conchas por segurança.,Amir,Amazon Translate
O pôr do sol ocorre quando o sol se põe abaixo do horizonte.,Amir,Amazon Translate
A chuva cai das nuvens na atmosfera.,Amir,Amazon Translate
Os caranguejos têm um exoesqueleto rígido para proteção.,Amir,Amazon Translate
"Os carros funcionam com gasolina, eletricidade ou diesel.",Amir,Amazon Translate
As montanhas atraem turistas para caminhadas e esqui.,Amir,Amazon Translate
Os mapas ajudam a localizar lugares ao redor do mundo.,Amir,Amazon Translate
O pão é fatiado para sanduíches.,Amir,Amazon Translate
O milho cresce em talos altos nos campos.,Amir,Amazon Translate
O feijão é uma boa fonte de proteína.,Amir,Amazon Translate
As chaves abrem as fechaduras por segurança.,Amir,Amazon Translate
Garrafas de plástico geralmente são recicláveis.,Amir,Amazon Translate
Os cães são mamíferos domesticados.,Amir,Amazon Translate
A grama é comumente encontrada em gramados.,Amir,Amazon Translate
O sol é uma estrela.,Amir,Amazon Translate
As folhas fotossintetizam para obter energia vegetal.,Amir,Amazon Translate
A lã vem das ovelhas.,Amir,Amazon Translate
Os pneus fornecem tração para os carros.,Amir,Amazon Translate
As árvores produzem anéis anuais.,Amir,Amazon Translate
O solo sustenta a maioria das plantas terrestres.,Amir,Amazon Translate
As motocicletas têm duas rodas.,Amir,Amazon Translate
Os pinguins são pássaros.,Amir,Amazon Translate
A tinta seca mais rapidamente no ar seco.,Amir,Amazon Translate
A areia é feita de pequenas pedras.,Amir,Amazon Translate
Os guindastes têm pernas longas.,Amir,Amazon Translate
As batatas são um alimento básico.,Amir,Amazon Translate
Os girassóis estão voltados para o leste pela manhã.,Amir,Amazon Translate
Os mapas mostram as direções cardeais.,Amir,Amazon Translate
O musgo cresce em locais sombreados.,Amir,Amazon Translate
Os cogumelos se reproduzem com esporos.,Amir,Amazon Translate
Berinjelas são vegetais roxos.,Amir,Amazon Translate
As cebolas fazem os olhos lacrimejarem.,Amir,Amazon Translate
As mesas são usadas para escrever.,Amir,Amazon Translate
Os tubarões têm esqueletos cartilaginosos.,Amir,Amazon Translate
Os pombos são pássaros comuns na cidade.,Amir,Amazon Translate
As cenouras são alaranjadas e doces.,Amir,Amazon Translate
Os pingentes de gelo se formam a partir do gotejamento de água.,Amir,Amazon Translate
O óleo é extraído das sementes.,Amir,Amazon Translate
Os trens circulam em trilhos.,Amir,Amazon Translate
Os damascos podem ser secos para lanches.,Amir,Amazon Translate
As capas de chuva são resistentes à água.,Amir,Amazon Translate
As pimentas podem ser picantes.,Amir,Amazon Translate
Os alto-falantes emitem ondas sonoras.,Amir,Amazon Translate
Os cocos têm cascas duras.,Amir,Amazon Translate
A fita cola duas superfícies.,Amir,Amazon Translate
Fechaduras protegem portas e portões.,Amir,Amazon Translate
Os caranguejos se movem para os lados.,Amir,Amazon Translate
As tulipas precisam de clima frio para florescer.,Amir,Amazon Translate
Os cactos armazenam água nos caules.,Amir,Amazon Translate
A grama é uma planta comum.,Amir,Amazon Translate
Balões de hélio flutuam.,Amir,Amazon Translate
As focas comem peixe.,Amir,Amazon Translate
O kiwi tem pele felpuda.,Amir,Amazon Translate
As montanhas têm grandes altitudes.,Amir,Amazon Translate
Os mapas usam uma barra de escala.,Amir,Amazon Translate
As águias têm garras afiadas.,Amir,Amazon Translate
O vento move os sistemas climáticos.,Amir,Amazon Translate
Os tomates contêm sementes.,Amir,Amazon Translate
Os livros têm páginas impressas.,Amir,Amazon Translate
A maioria das cobras come roedores.,Amir,Amazon Translate
Os pregos são feitos de aço.,Amir,Amazon Translate
Os arco-íris mostram sete cores.,Amir,Amazon Translate
Os túneis vão para o subsolo.,Amir,Amazon Translate
O pôr do sol ocorre no oeste.,Amir,Amazon Translate
Os mapas têm uma bússola rosa.,Amir,Amazon Translate
Os desertos têm pouca chuva.,Amir,Amazon Translate
Os guindastes podem voar longas distâncias.,Amir,Amazon Translate
As mangas são frutas tropicais.,Amir,Amazon Translate
As lontras usam pedras como ferramentas.,Amir,Amazon Translate
Os insetos podem infestar as plantações.,Amir,Amazon Translate
As praias têm areia ou seixos.,Amir,Amazon Translate
A água da chuva se acumula em gotículas.,Amir,Amazon Translate
Os gatos caçam pequenos animais para se alimentar.,Amir,Amazon Translate
As ferramentas ajudam as pessoas a concluir tarefas manuais.,Amir,Amazon Translate
Os cães costumam ser mantidos como animais de estimação.,Amir,Amazon Translate
A grama cresce em muitos ambientes em todo o mundo.,Amir,Amazon Translate
As folhas realizam a fotossíntese durante o dia.,Amir,Amazon Translate
As bananas crescem em grandes plantas herbáceas.,Amir,Amazon Translate
As cenouras são vegetais de raiz ricos em vitamina A.,Amir,Amazon Translate
Os moinhos de vento convertem o vento em energia rotacional.,Amir,Amazon Translate
Os grilos gorjeiam esfregando suas asas.,Amir,Amazon Translate
Os morcegos são os únicos mamíferos voadores.,Amir,Amazon Translate
As pimentas vêm em diferentes cores e pontos fortes.,Amir,Amazon Translate
Carros de bombeiros transportam bombeiros e equipamentos.,Amir,Amazon Translate
As árvores absorvem dióxido de carbono da atmosfera.,Amir,Amazon Translate
Os cães têm um olfato aprimorado.,Amir,Amazon Translate
Os mapas geralmente incluem uma escala e uma chave.,Amir,Amazon Translate
Os tornados têm ventos rotativos extremamente rápidos.,Amir,Amazon Translate
Os mapas usam linhas e símbolos para estradas.,Amir,Amazon Translate
A eletricidade alimenta luzes e dispositivos eletrônicos.,Amir,Amazon Translate
As lontras flutuam na água usando flutuabilidade.,Amir,Amazon Translate
As maçãs são comidas cruas ou cozidas.,Amir,Amazon Translate
Os postes de iluminação fornecem iluminação pública à noite.,Amir,Amazon Translate
Os aviões precisam de aeroportos para pousar com segurança.,Amir,Amazon Translate
Os falcões são pássaros conhecidos por mergulhos rápidos.,Amir,Amazon Translate
Os morangos crescem a partir de pequenas plantas com flores.,Amir,Amazon Translate
Os figos crescem em árvores decíduas.,Amir,Amazon Translate
Os fones de ouvido transmitem som diretamente aos ouvidos.,Amir,Amazon Translate
As cebolas são usadas em muitos alimentos cozidos.,Amir,Amazon Translate
Os pinguins são pássaros aquáticos que não voam.,Amir,Amazon Translate
As moedas são formas pequenas e metálicas de dinheiro.,Amir,Amazon Translate
Os aviões viajam rapidamente por grandes distâncias.,Amir,Amazon Translate
Os furões são animais domesticados e brincalhões.,Amir,Amazon Translate
Cogumelos são fungos que crescem na sombra.,Amir,Amazon Translate
Os ninhos abrigam ovos de pássaros e filhotes.,Amir,Amazon Translate
As plantas absorvem água pelas raízes.,Amir,Amazon Translate
O ouro tem sido usado como moeda.,Amir,Amazon Translate
As focas são mamíferos adaptados ao frio.,Amir,Amazon Translate
Os mapas indicam a distância relativa e absoluta.,Amir,Amazon Translate
Os rios transportam água para os mares.,Amir,Amazon Translate
O sal é usado para temperar os alimentos.,Amir,Amazon Translate
Os falcões são pássaros predadores que voam rapidamente.,Amir,Amazon Translate
As tulipas vêm em várias cores.,Amir,Amazon Translate
O pão costuma ser servido nas refeições.,Amir,Amazon Translate
As águias têm uma excelente visão para caçar.,Amir,Amazon Translate
As árvores fornecem um habitat importante para a vida selvagem.,Amir,Amazon Translate
As rochas podem ser classificadas pela composição mineral.,Amir,Amazon Translate
Os patos têm pés palmados para nadar.,Amir,Amazon Translate
"As cabras fornecem leite, carne e fibras.",Amir,Amazon Translate
O vidro é comumente usado para vidraças.,Amir,Amazon Translate
Os livros vêm em formatos eletrônicos e impressos.,Amir,Amazon Translate
O xarope de bordo é feito de seiva.,Amir,Amazon Translate
As medusas são 95% de água em peso.,Amir,Amazon Translate
O ferro é um metal de construção comum.,Amir,Amazon Translate
O vento empurra os veleiros pela água.,Amir,Amazon Translate
As montanhas atraem tanto os caminhantes quanto os esquiadores.,Amir,Amazon Translate
Gatos perseguem pequenos roedores.,Amir,Amazon Translate
Os mapas mostram a geografia física.,Amir,Amazon Translate
As bananas são amarelas quando maduras.,Amir,Amazon Translate
Batatas são tubérculos vegetais.,Amir,Amazon Translate
As moedas são moedas planas e redondas.,Amir,Amazon Translate
As montanhas se elevam muito acima do nível do mar.,Amir,Amazon Translate
As cigarras emitem sons altos de zumbido.,Amir,Amazon Translate
O trovão segue o raio nas tempestades.,Amir,Amazon Translate
As formigas formam colônias no subsolo.,Amir,Amazon Translate
As pegas são pássaros inteligentes.,Amir,Amazon Translate
Os golfinhos usam a ecolocalização para navegar.,Amir,Amazon Translate
As focas passam o tempo na terra e no mar.,Amir,Amazon Translate
As lontras usam ferramentas para abrir conchas.,Amir,Amazon Translate
Os bombeiros usam roupas de proteção.,Amir,Amazon Translate
Os mapas representam continentes e países.,Amir,Amazon Translate
As vacas fornecem leite e couro.,Amir,Amazon Translate
Os mapas mostram a escala para medir distâncias.,Amir,Amazon Translate
Robins são pássaros canoros comuns.,Amir,Amazon Translate
Os arco-íris aparecem após pancadas de chuva.,Amir,Amazon Translate
Os corvos resolvem quebra-cabeças simples.,Amir,Amazon Translate
A crosta do pão se forma no cozimento.,Amir,Amazon Translate
Os ninhos são construídos por muitos pássaros.,Amir,Amazon Translate
As bananas crescem em cachos.,Amir,Amazon Translate
Os tomates são usados em saladas.,Amir,Amazon Translate
O giz marca as superfícies.,Amir,Amazon Translate
A água evapora sob o calor.,Amir,Amazon Translate
As rãs põem ovos na água.,Amir,Amazon Translate
Os mapas mostram os nomes das cidades.,Amir,Amazon Translate
A chuva nutre a vida vegetal.,Amir,Amazon Translate
As borboletas se alimentam de néctar.,Amir,Amazon Translate
Os mapas exibem símbolos dos rios.,Amir,Amazon Translate
Dois mais dois é igual a quatro.,Amir,Amazon Translate
Os guindastes são grandes aves pernaltas.,Amir,Amazon Translate
O ferro é um elemento magnético.,Amir,Amazon Translate
Batatas são vegetais de raiz.,Amir,Amazon Translate
Os corvos são pássaros muito inteligentes.,Amir,Amazon Translate
O pão pode ser torrado.,Amir,Amazon Translate
As montanhas experimentam temperaturas mais frias.,Amir,Amazon Translate
Os cavalos usam ferraduras.,Amir,Amazon Translate
O trigo é um grão básico.,Amir,Amazon Translate
O fogo requer três elementos para queimar.,Amir,Amazon Translate
Os cisnes deslizam nas superfícies da água.,Amir,Amazon Translate
A água da chuva é coletada em poças.,Amir,Amazon Translate
Os mapas podem mostrar dados populacionais.,Amir,Amazon Translate
As pimentas podem ser leves ou picantes.,Amir,Amazon Translate
Os mapas mostram estradas e características do terreno.,Amir,Amazon Translate
As montanhas são áreas elevadas na Terra.,Amir,Amazon Translate
Os mapas fornecem informações sobre distâncias.,Amir,Amazon Translate
Nuvens se formam quando o ar quente esfria.,Amir,Amazon Translate
As borboletas emergem das crisálidas.,Amir,Amazon Translate
Os mapas mostram a localização relativa das cidades.,Amir,Amazon Translate
Os tomates são vermelhos quando maduros.,Amir,Amazon Translate
Os mapas mostram localizações oceânicas e marítimas.,Amir,Amazon Translate
Os guindastes são aves migratórias.,Amir,Amazon Translate
Os mapas têm uma seta norte.,Amir,Amazon Translate
Os mapas são essenciais para o estudo geográfico.,Amir,Amazon Translate
Os mapas exibem paisagens naturais.,Amir,Amazon Translate
As girafas têm casacos estampados.,Amir,Amazon Translate
Rolinhos de ovo são um alimento popular.,Amir,Amazon Translate
O giz deixa poeira nos quadros negros.,Amir,Amazon Translate
Os mapas mostram milhas ou quilômetros.,Amir,Amazon Translate
Os mapas geralmente marcam rios e lagos.,Amir,Amazon Translate
As folhas usam a luz do sol para fazer comida.,Amir,Amazon Translate
Os mapas mostram localizações e direções com precisão.,Amir,Amazon Translate
O pão é cozido com farinha e fermento.,Amir,Amazon Translate
Os sapos sofrem metamorfose à medida que amadurecem.,Amir,Amazon Translate
A fotossíntese ocorre nas folhas das plantas.,Amir,Amazon Translate
Os seixos são pedras pequenas e arredondadas.,Amir,Amazon Translate
Os coelhos comem folhas verdes como alimento.,Amir,Amazon Translate
Os guindastes usam bicos para pescar.,Amir,Amazon Translate
Os mapas podem mostrar montanhas e rios.,Amir,Amazon Translate
A crosta do pão é mais firme do que as migalhas.,Amir,Amazon Translate
Os mapas usam letras para rotular cidades.,Amir,Amazon Translate
As medusas têm corpos gelatinosos em forma de guarda-chuva.,Amir,Amazon Translate
Os mosquitos são pragas comuns de insetos.,Amir,Amazon Translate
O chocolate é derretido para fazer fondue.,Amir,Amazon Translate
As montanhas têm um clima mais lento do que as colinas.,Amir,Amazon Translate
Os mapas identificam as fronteiras de estados ou países.,Amir,Amazon Translate
Os livros fornecem informações e entretenimento.,Amir,Amazon Translate
Os mapas ajudam os caminhantes a evitar se perderem.,Amir,Amazon Translate
Os mapas ajudam a planejar viagens rodoviárias.,Amir,Amazon Translate
Caminhões de bombeiros transportam equipes de emergência.,Amir,Amazon Translate
Os mapas exigem escalas para distâncias precisas.,Amir,Amazon Translate
Os mapas mostram aeroportos e portos marítimos.,Amir,Amazon Translate
O solo fornece nutrientes para as plantas.,Amir,Amazon Translate
Os bulbos de tulipas são plantados no outono.,Amir,Amazon Translate
Os mapas são importantes para os exploradores.,Amir,Amazon Translate
Os flamingos têm penas rosadas.,Amir,Amazon Translate
"Tecnicamente, os amendoins não são nozes verdadeiras.",Amir,Amazon Translate
As montanhas fornecem habitat para a vida selvagem.,Amir,Amazon Translate
"Tecnicamente, os tomates são frutas.",Amir,Amazon Translate
Tufos de grama cobrem os campos de futebol.,Amir,Amazon Translate
Os palitos de pão são servidos como aperitivos.,Amir,Amazon Translate
Os mapas são usados nas aulas de geografia.,Amir,Amazon Translate
As águias deslizam nas correntes de ar.,Amir,Amazon Translate
O sal é usado para conservar carnes.,Amir,Amazon Translate
Os mapas mostram corpos d'água.,Amir,Amazon Translate
Os diamantes são a substância natural mais dura.,Amir,Amazon Translate
A COVID-19 é causada por um coronavírus.,Amir,Amazon Translate
O leite contém cálcio e vitamina D.,Amir,Amazon Translate
Os gansos geralmente migram em formações em forma de V.,Amir,Amazon Translate
Os oceanos contêm água salgada cobrindo a maior parte da Terra.,Amir,Amazon Translate
As abelhas polinizam as plantas e produzem mel.,Amir,Amazon Translate
A eletricidade viaja pelos fios como corrente.,Amir,Amazon Translate
Os carrapatos podem transmitir a doença de Lyme aos humanos.,Amir,Amazon Translate
Os móveis fornecem superfícies e assentos.,Amir,Amazon Translate
Os gatos costumam dormir por muitas horas.,Amir,Amazon Translate
Os mapas podem exibir informações políticas ou físicas.,Amir,Amazon Translate
Os trens transportam mercadorias e pessoas de forma eficiente.,Amir,Amazon Translate
Os sapos coaxam para atrair parceiros.,Amir,Amazon Translate
As moscas têm olhos compostos.,Amir,Amazon Translate
O leite é pasteurizado antes de ser vendido.,Amir,Amazon Translate
Os mapas exibem a direção da bússola para orientação.,Amir,Amazon Translate
Os tigres são gatos solitários e territoriais.,Amir,Amazon Translate
As folhas têm veias que fornecem água.,Amir,Amazon Translate
Os mapas usam cores para mostrar a elevação.,Amir,Amazon Translate
"As nuvens trazem chuva, neve ou granizo.",Amir,Amazon Translate
Os cães usam o nariz para rastrear.,Amir,Amazon Translate
Os mapas são importantes para a consciência espacial.,Amir,Amazon Translate
Os rios transportam água doce para os lagos.,Amir,Amazon Translate
Os mapas ajudam a visualizar a topografia e as regiões.,Amir,Amazon Translate
A neve é precipitação congelada.,Amir,Amazon Translate
Os mapas exibem limites geográficos.,Amir,Amazon Translate
Os mapas geralmente incluem uma legenda.,Amir,Amazon Translate
Os vaga-lumes produzem luz por meio da bioluminescência.,Amir,Amazon Translate
O pão é um alimento básico em todo o mundo.,Amir,Amazon Translate
As baterias armazenam energia química.,Amir,Amazon Translate
Os bombeiros usam água para apagar incêndios.,Amir,Amazon Translate
O brócolis faz parte da família do repolho.,Amir,Amazon Translate
As estrelas emitem sua própria luz.,Amir,Amazon Translate
Os ursos polares vivem perto do Pólo Norte.,Amir,Amazon Translate
Um termômetro mede a temperatura.,Amir,Amazon Translate
Os gatos caem de pé.,Amir,Amazon Translate
Os cristais têm estruturas atômicas ordenadas.,Amir,Amazon Translate
As moedas podem ser de prata ou cobre.,Amir,Amazon Translate
Os cães são animais de carga domesticados.,Amir,Amazon Translate
Os mapas geralmente usam cores para os recursos.,Amir,Amazon Translate
O salto de sapos ajuda a escapar dos predadores.,Amir,Amazon Translate
As rosas florescem em jardins em todo o mundo.,Amir,Amazon Translate
As folhas contêm clorofila para fotossíntese.,Amir,Amazon Translate
Os gatos costumam ronronar quando relaxados.,Amir,Amazon Translate
As flores atraem polinizadores com cores vibrantes.,Amir,Amazon Translate
As borboletas começam a vida como lagartas.,Amir,Amazon Translate
As abóboras são colhidas no outono.,Amir,Amazon Translate
As vacas comem capim e forragem.,Amir,Amazon Translate
O sal é usado como conservante de alimentos.,Amir,Amazon Translate
O pão costuma ser assado em pães.,Amir,Amazon Translate
Os mapas podem mostrar as condições climáticas.,Amir,Amazon Translate
Os mapas ajudam a visualizar as relações espaciais.,Amir,Amazon Translate
A chuva geralmente resulta de nuvens espessas.,Amir,Amazon Translate
Os mapas podem exibir climas e vegetação.,Amir,Amazon Translate
Os pássaros migram para regiões mais quentes sazonalmente.,Amir,Amazon Translate
O pão geralmente é fatiado antes de comer.,Amir,Amazon Translate
As montanhas podem influenciar o clima e as chuvas.,Amir,Amazon Translate
Os ovos fornecem proteínas essenciais.,Amir,Amazon Translate
O giz é usado nos quadros negros da sala de aula.,Amir,Amazon Translate
O pão contém glúten de trigo.,Amir,Amazon Translate
Os mapas ajudam no planejamento de rotas.,Amir,Amazon Translate
Os caranguejos têm conchas protetoras rígidas.,Amir,Amazon Translate
Os oceanos contêm água salgada e vida marinha.,Amir,Amazon Translate
O leite pode ser transformado em iogurte.,Amir,Amazon Translate
"Às vezes, os mapas usam linhas de contorno para alívio.",Amir,Amazon Translate
Os vaga-lumes emitem luz para atrair parceiros.,Amir,Amazon Translate
"Às vezes, os mapas usam cores para densidade populacional.",Amir,Amazon Translate
Os golfinhos são mamíferos que vivem nos oceanos.,Amir,Amazon Translate
Os mapas exibem as linhas de latitude e longitude.,Amir,Amazon Translate
Os lápis de cor são usados para colorir imagens.,Amir,Amazon Translate
"Os ovos podem ser mexidos, fritos ou cozidos.",Amir,Amazon Translate
Os mapas ajudam a localizar pontos de interesse.,Amir,Amazon Translate
"Os corpos d'água incluem lagos, rios e oceanos.",Amir,Amazon Translate
As nuvens contêm gotículas de água ou cristais de gelo.,Amir,Amazon Translate
Os mapas podem mostrar padrões de votação.,Amir,Amazon Translate
Os vaga-lumes produzem luz para comunicação.,Amir,Amazon Translate
As moedas geralmente têm imagens de líderes.,Amir,Amazon Translate
O crepúsculo ocorre entre o pôr do sol e a noite.,Amir,Amazon Translate
Os dias chuvosos diminuem a visibilidade externa.,Amir,Amazon Translate
Os mapas podem incluir fusos horários.,Amir,Amazon Translate
Os papagaios vivem em regiões tropicais.,Amir,Amazon Translate
O pão fica mofo quando deixado de fora.,Amir,Amazon Translate
Os carros se movem usando motores elétricos ou de combustão.,Amir,Amazon Translate
Os lápis de cor são ferramentas de desenho coloridas.,Amir,Amazon Translate
O ouro é um metal macio valioso.,Amir,Amazon Translate
Os mapas podem incluir dados de estradas e tráfego.,Amir,Amazon Translate
As galinhas são criadas para comer ovos e carne.,Amir,Amazon Translate
Os cavalos são usados para transporte e esporte.,Amir,Amazon Translate
Os mapas podem ilustrar as zonas climáticas.,Amir,Amazon Translate
As borboletas saboreiam com os pés.,Amir,Amazon Translate
Os mapas usam referências de grade para localizações.,Amir,Amazon Translate
Os valores das moedas são impressos em cada peça.,Amir,Amazon Translate
Os mapas retratam características físicas e humanas.,Amir,Amazon Translate
As folhas são verdes devido à clorofila.,Amir,Amazon Translate
As gotas de chuva formam as nuvens.,Amir,Amazon Translate
O vento está movendo o ar.,Amir,Amazon Translate
As conchas protegem os moluscos nos oceanos.,Amir,Amazon Translate
As borboletas têm quatro asas.,Amir,Amazon Translate
As moedas geralmente têm faces.,Amir,Amazon Translate
Os mapas retratam a terra e a água.,Amir,Amazon Translate
As crianças usam blocos para construir.,Amir,Amazon Translate
"Às vezes, os mapas mostram informações climáticas.",Amir,Amazon Translate
Os mapas são úteis em emergências.,Amir,Amazon Translate
Os mapas podem ser baixados para telefones.,Amir,Amazon Translate
As tulipas são populares como bulbos de flores.,Amir,Amazon Translate
Os mapas mostram capitais mundiais como referência.,Amir,Amazon Translate
As focas têm corpos simplificados para nadar.,Amir,Amazon Translate
O leite fornece cálcio para ossos fortes.,Amir,Amazon Translate
Os caranguejos têm garras para defesa e alimentação.,Amir,Amazon Translate
Os mapas podem exibir recursos naturais.,Amir,Amazon Translate
As batatas são um dos vegetais mais consumidos.,Amir,Amazon Translate
O Monte Everest fica no Himalaia.,Amir,Amazon Translate
As cenouras são raízes de laranja comumente consumidas cruas.,Amir,Amazon Translate
As raças de cães variam muito em tamanho.,Amir,Amazon Translate
As picadas de mosquito podem causar coceira.,Amir,Amazon Translate
Os grilos são insetos noturnos.,Amir,Amazon Translate
Os ovos geralmente são cozidos de várias maneiras.,Amir,Amazon Translate
O giz pode ser facilmente apagado dos quadros negros.,Amir,Amazon Translate
O pão é mais fácil de fatiar quando fresco.,Amir,Amazon Translate
Os mapas incluem teclas de mapa para orientação.,Amir,Amazon Translate
O pão fica velho se não for protegido.,Amir,Amazon Translate
Os mapas podem mostrar o impacto dos desastres naturais.,Amir,Amazon Translate
Os mapas exibem dados usando cores diferentes.,Amir,Amazon Translate
Os lobos vivem e caçam em grupos.,Amir,Amazon Translate
O pão é um dos alimentos mais antigos.,Amir,Amazon Translate
Os mapas fornecem navegação essencial para navios.,Amir,Amazon Translate
Os tomates crescem a partir de plantas com flores.,Amir,Amazon Translate
A chuva pode ser medida usando um medidor.,Amir,Amazon Translate
Os mapas podem ilustrar as redes de transporte.,Amir,Amazon Translate
Os mapas são cruciais para o planejamento urbano.,Amir,Amazon Translate
As tulipas crescem melhor em climas frios.,Amir,Amazon Translate
Os mapas podem revelar mudanças históricas de terras.,Amir,Amazon Translate
Os mapas continuam sendo importantes para a navegação moderna.,Amir,Amazon Translate
Os ovos são produzidos por pássaros e répteis.,Amir,Amazon Translate
As baleias precisam emergir para respirar.,Amir,Amazon Translate
Os mapas exibem vários tipos de recursos.,Amir,Amazon Translate
Os mapas geralmente usam cores para diferenciação.,Amir,Amazon Translate
Os mapas geralmente usam escalas para medição.,Amir,Amazon Translate
Os plátanos produzem xarope.,Amir,Amazon Translate
Os mapas ajudam os viajantes a evitar se perderem.,Amir,Amazon Translate
Os mapas mostram áreas urbanas e rurais.,Amir,Amazon Translate
Os gansos migram em grupos a cada ano.,Amir,Amazon Translate
Os mapas identificam capitais e grandes cidades.,Amir,Amazon Translate
Os mapas oferecem uma representação visual do espaço.,Amir,Amazon Translate
A fotossíntese produz oxigênio para animais e humanos.,Amir,Amazon Translate
As folhas absorvem a luz solar e produzem carboidratos durante a fotossíntese.,Amir,Amazon Translate
A maioria dos tubarões vive apenas em água salgada.,Amir,Amazon Translate
As vacas fornecem leite e carne bovina para pessoas em todo o mundo.,Amir,Amazon Translate
O Monte Everest é a montanha mais alta da Terra acima do nível do mar.,Amir,Amazon Translate
As cores do arco-íris são sempre observadas na mesma ordem.,Amir,Amazon Translate
O solo é essencial para o cultivo da maioria das plantas terrestres.,Amir,Amazon Translate
As plantas de amendoim produzem sementes comestíveis no subsolo.,Amir,Amazon Translate
Os peixes absorvem oxigênio dissolvido usando guelras debaixo d'água.,Amir,Amazon Translate
As medusas têm corpos gelatinosos e tentáculos picantes.,Amir,Amazon Translate
Os morangos amadurecem em frutas vermelhas e doces.,Amir,Amazon Translate
Os coiotes se adaptam bem aos ambientes urbanos.,Amir,Amazon Translate
As sacolas plásticas levam décadas para se decompor completamente.,Amir,Amazon Translate
O dinheiro é trocado por bens e serviços.,Amir,Amazon Translate
"Os mapas retratam com precisão estradas, cidades e pontos de referência físicos.",Amir,Amazon Translate
Os pandas se alimentam quase exclusivamente de brotos de bambu.,Amir,Amazon Translate
O molho de maçã é feito cozinhando e amassando maçãs.,Amir,Amazon Translate
Os mapas guiam os viajantes em direção a destinos desconhecidos.,Amir,Amazon Translate
O algodão vem das sementes fofas das plantas.,Amir,Amazon Translate
Os motores dos automóveis dependem da gasolina para operar.,Amir,Amazon Translate
As zebras pertencem à família dos cavalos e têm casacos listrados.,Amir,Amazon Translate
As escolas organizam as aulas de acordo com a idade e a área disciplinar.,Amir,Amazon Translate
As cebolas trazem um sabor forte aos pratos cozidos.,Amir,Amazon Translate
A gasolina evapora rapidamente à temperatura ambiente.,Amir,Amazon Translate
Os aviões decolam usando asas projetadas para aerodinâmica.,Amir,Amazon Translate
As ratoeiras são configuradas para controlar a presença de roedores em ambientes fechados.,Amir,Amazon Translate
Os livros transmitem informações em formato impresso escrito ou digital.,Amir,Amazon Translate
As videiras sobem enrolando os caules em torno de suportes.,Amir,Amazon Translate
Os lençóis geralmente são feitos de tecido de algodão.,Amir,Amazon Translate
As multidões aumentam os níveis de ruído em espaços confinados.,Amir,Amazon Translate
O papel rasga mais facilmente do que o tecido ou o plástico.,Amir,Amazon Translate
As chaves destrancam portas equipadas com fechaduras compatíveis.,Amir,Amazon Translate
Os abutres caçam carniça em vez de caçar presas vivas.,Amir,Amazon Translate
Os caracóis se refugiam dentro das conchas para se protegerem do perigo.,Amir,Amazon Translate
As sobremesas são consumidas após as refeições principais.,Amir,Amazon Translate
Os dinossauros foram extintos há aproximadamente 65 milhões de anos.,Amir,Amazon Translate
Os guarda-chuvas protegem os usuários das fortes chuvas.,Amir,Amazon Translate
As plantas de tomate precisam de temperaturas amenas para prosperar.,Amir,Amazon Translate
As mochilas transportam livros e suprimentos confortavelmente.,Amir,Amazon Translate
Os balanços são acessórios comuns em playgrounds ao ar livre.,Amir,Amazon Translate
As abelhas contribuem diretamente para os esforços de polinização das plantas.,Amir,Amazon Translate
As malas guardam roupas e pertences para fins de viagem.,Amir,Amazon Translate
A luz da lua resulta da luz solar refletida na lua.,Amir,Amazon Translate
Os cintos ajustam o ajuste das calças e saias.,Amir,Amazon Translate
As luvas mantêm os dedos protegidos do frio.,Amir,Amazon Translate
As campainhas sinalizam os visitantes do lado de fora das entradas.,Amir,Amazon Translate
O ouro conduz eletricidade excepcionalmente bem.,Amir,Amazon Translate
As âncoras fixam os barcos em uma posição na água.,Amir,Amazon Translate
A pizza é fatiada antes de servir porções individuais.,Amir,Amazon Translate
"A tesoura corta papel, tecido ou barbante com eficiência.",Amir,Amazon Translate
Os bonecos de neve são feitos de bolas de neve enroladas no inverno.,Amir,Amazon Translate
Os aspersores distribuem a água uniformemente nos gramados ou jardins.,Amir,Amazon Translate
O xadrez envolve o movimento estratégico de peças únicas do jogo.,Amir,Amazon Translate
"Os calendários rastreiam dias, semanas e meses de forma sistemática.",Amir,Amazon Translate
Os ônibus escolares transportam crianças entre a casa e a escola.,Amir,Amazon Translate
As abelhas produzem mel a partir do néctar das flores.,Amir,Amazon Translate
Os cães usam caudas para sinalizar emoções diferentes.,Amir,Amazon Translate
Os cogumelos preferem crescer em ambientes úmidos.,Amir,Amazon Translate
As aranhas pegam insetos usando teias de seda.,Amir,Amazon Translate
O ouro é valioso devido à raridade e aparência.,Amir,Amazon Translate
As batatas são tubérculos comestíveis cultivados no subsolo.,Amir,Amazon Translate
Os livros armazenam conhecimento e histórias por escrito.,Amir,Amazon Translate
Animais com chifres podem se defender contra predadores.,Amir,Amazon Translate
As águias veem objetos distantes com muito mais clareza do que os humanos.,Amir,Amazon Translate
Edifícios altos são chamados de arranha-céus nas cidades.,Amir,Amazon Translate
Pontes conectam terrenos separados por água ou obstáculos.,Amir,Amazon Translate
Os raios ocorrem naturalmente durante tempestades.,Amir,Amazon Translate
O feijão fornece proteína vegetal nas dietas.,Amir,Amazon Translate
Os camelos prosperam em condições desérticas com água escassa.,Amir,Amazon Translate
Os despertadores acordam as pessoas usando sinais de som ou vibração.,Amir,Amazon Translate
Os biscoitos são doces assados populares em todo o mundo.,Amir,Amazon Translate
As chaves destrancam portas protegidas com fechaduras correspondentes.,Amir,Amazon Translate
Os refrigeradores mantêm os alimentos perecíveis frescos por mais tempo.,Amir,Amazon Translate
Cintos prendem calças ou saias ao redor da cintura.,Amir,Amazon Translate
As velas emitem luz queimando mechas em cera.,Amir,Amazon Translate
Os calendários monitoram datas e eventos anuais relevantes.,Amir,Amazon Translate
Os unicórnios são criaturas míticas que não existem comprovadamente.,Amir,Amazon Translate
As bicicletas de montanha lidam facilmente com terrenos acidentados fora de estrada.,Amir,Amazon Translate
Os mapas geralmente apresentam rosas de bússola indicando direções.,Amir,Amazon Translate
Os computadores processam informações eletronicamente usando código binário.,Amir,Amazon Translate
As luvas fornecem proteção e calor para as mãos.,Amir,Amazon Translate
Os dentistas promovem a higiene bucal para dentes saudáveis.,Amir,Amazon Translate
Os tablets servem como dispositivos de computação eletrônica portáteis.,Amir,Amazon Translate
O vidro é transparente e permite a passagem da luz visível.,Amir,Amazon Translate
As plantas domésticas melhoram a qualidade do ar interno e os níveis de umidade.,Amir,Amazon Translate
As previsões meteorológicas prevêem as próximas mudanças de precipitação e temperatura.,Amir,Amazon Translate
As mochilas distribuem o peso uniformemente pelos ombros.,Amir,Amazon Translate
Os sistemas de aspersão irrigam gramados e jardins automaticamente.,Amir,Amazon Translate
Os elevadores elevam e abaixam as pessoas dentro de edifícios altos.,Amir,Amazon Translate
Os espelhos fornecem reflexos precisos das aparências.,Amir,Amazon Translate
Os relógios de parede mostram a hora em um piscar de olhos.,Amir,Amazon Translate
As scooters têm duas rodas para transporte pessoal.,Amir,Amazon Translate
As tulipas florescem todos os anos nos meses de primavera.,Amir,Amazon Translate
As ovelhas produzem lã que é fiada em fio.,Amir,Amazon Translate
As garrafas de plástico levam anos para se decompor naturalmente.,Amir,Amazon Translate
O arroz é cultivado em campos chamados arrozais.,Amir,Amazon Translate
Os coelhos têm orelhas compridas para detectar ameaças.,Amir,Amazon Translate
As medusas têm tentáculos picantes usados para defesa.,Amir,Amazon Translate
As rosas têm espinhos para impedir que os herbívoros as comam.,Amir,Amazon Translate
"As maçãs vêm nas variedades vermelha, verde e amarela.",Amir,Amazon Translate
As girafas usam pescoços longos para alcançar as folhas altas das árvores.,Amir,Amazon Translate
Bastões de velcro usando pequenos ganchos e laços.,Amir,Amazon Translate
Os trens circulam ao longo dos trilhos usando a potência do motor.,Amir,Amazon Translate
Os desertos recebem pouca precipitação anual em comparação com as florestas.,Amir,Amazon Translate
Os vulcões expelem lava e cinzas derretidas durante as erupções.,Amir,Amazon Translate
Combina fogos leves por atrito ou reação química.,Amir,Amazon Translate
Livros são coleções de páginas unidas.,Amir,Amazon Translate
Os dentes ajudam a quebrar os alimentos durante a mastigação.,Amir,Amazon Translate
"A grama cobre planícies, gramados e várias paisagens.",Amir,Amazon Translate
As tigelas contêm líquidos ou alimentos sólidos soltos.,Amir,Amazon Translate
O fio dental limpa entre os dentes onde as escovas não alcançam.,Amir,Amazon Translate
O detergente ajuda a remover manchas dos tecidos das roupas.,Amir,Amazon Translate
A pizza consiste em massa assada com coberturas adicionadas.,Amir,Amazon Translate
O sabonete para as mãos mata os germes durante as rotinas de lavagem adequadas.,Amir,Amazon Translate
Os espelhos refletem as imagens com precisão quando as superfícies estão limpas.,Amir,Amazon Translate
As formigas coordenam eficientemente as tarefas de sobrevivência das colônias.,Amir,Amazon Translate
As zebras vivem em rebanhos nas savanas africanas.,Amir,Amazon Translate
Os rádios transmitem sinais de áudio por meio de ondas eletromagnéticas.,Amir,Amazon Translate
As malas tornam o transporte de itens de viagem mais conveniente.,Amir,Amazon Translate
Os guindastes levantam cargas pesadas usando sistemas de cabos.,Amir,Amazon Translate
Os cavalos se movem rapidamente e apoiam os cavaleiros humanos.,Amir,Amazon Translate
Os guarda-chuvas ajudam a proteger contra chuva ou luz solar forte.,Amir,Amazon Translate
Os tablets combinam telas sensíveis ao toque e capacidade de computação para portabilidade.,Amir,Amazon Translate
Os ventiladores circulam o ar para resfriar espaços fechados.,Amir,Amazon Translate
Os despertadores acordam as pessoas em horários específicos.,Amir,Amazon Translate
As bicicletas transportam os ciclistas usando pedais acionados pelos pés.,Amir,Amazon Translate
Os helicópteros voam verticalmente graças às pás rotativas.,Amir,Amazon Translate
Travesseiros amortecem as cabeças para posições confortáveis de dormir.,Amir,Amazon Translate
As cortinas bloqueiam a entrada de luz nos quartos.,Amir,Amazon Translate
Os aspiradores aspiram poeira e detritos dos pisos.,Amir,Amazon Translate
As campainhas alertam os ocupantes da casa sobre a chegada de visitantes.,Amir,Amazon Translate
Os bancos oferecem assentos em locais públicos ou privados.,Amir,Amazon Translate
Os rolos de tinta adicionam cor uniformemente às paredes.,Amir,Amazon Translate
Os carrinhos de compras simplificam a compra de mantimentos nas lojas.,Amir,Amazon Translate
"As carteiras contêm cartões de identificação, dinheiro e recibos.",Amir,Amazon Translate
Os cadernos permitem que os usuários escrevam e organizem notas.,Amir,Amazon Translate
O pão fica velho após a exposição ao ar.,Amir,Amazon Translate
Os papagaios podem imitar muitos sons ambientais.,Amir,Amazon Translate
As formigas constroem colônias com funções especializadas.,Amir,Amazon Translate
As zebras exibem listras pretas e brancas exclusivas.,Amir,Amazon Translate
O tempo nublado pode indicar chuva ou tempestades.,Amir,Amazon Translate
"Os pinguins não podem voar, mas nadam habilmente debaixo d'água.",Amir,Amazon Translate
Os dragões de Komodo são os maiores lagartos vivos.,Amir,Amazon Translate
Os fungos decompõem a matéria orgânica no solo.,Amir,Amazon Translate
Fogos de artifício criam ruídos altos e exibições de luzes coloridas.,Amir,Amazon Translate
Os ursos polares habitam as regiões de gelo marinho do Ártico.,Amir,Amazon Translate
O pôr do sol parece mais vívido em céu limpo.,Amir,Amazon Translate
O giz escreve facilmente em superfícies ásperas.,Amir,Amazon Translate
Os amendoins crescem abaixo da superfície como leguminosas.,Amir,Amazon Translate
Os grãos de café são sementes torradas de cerejas de café.,Amir,Amazon Translate
O brócolis é rico em vitaminas e fibras alimentares.,Amir,Amazon Translate
Os mapas geralmente usam cores para representar os tipos de terreno.,Amir,Amazon Translate
A poluição plástica ameaça os ecossistemas da vida selvagem oceânica.,Amir,Amazon Translate
As pastagens sustentam rebanhos de animais de grande porte.,Amir,Amazon Translate
"A vida marinha inclui criaturas como peixes, caranguejos e polvos.",Amir,Amazon Translate
As geleiras remodelam lentamente as paisagens ao longo dos séculos.,Amir,Amazon Translate
Os carros geralmente operam com motores de combustão interna.,Amir,Amazon Translate
Os carrinhos de compras auxiliam no transporte de mantimentos.,Amir,Amazon Translate
Os espelhos refletem a luz para mostrar imagens.,Amir,Amazon Translate
Os bezerros são bovinos jovens antes da idade adulta.,Amir,Amazon Translate
As carteiras armazenam cartões de identificação e dinheiro com segurança.,Amir,Amazon Translate
Os jornais relatam eventos e informações recentes diariamente.,Amir,Amazon Translate
A cola une diversos materiais de forma sólida.,Amir,Amazon Translate
Os ninhos abrigam ovos e filhotes com segurança.,Amir,Amazon Translate
O vidro se estilhaça com um impacto forte.,Amir,Amazon Translate
As bananas fornecem potássio e açúcares naturais para obter energia.,Amir,Amazon Translate
Recipientes de plástico armazenam alimentos de forma segura e conveniente.,Amir,Amazon Translate
"As laranjas contêm vitamina C, importante para a imunidade.",Amir,Amazon Translate
As abelhas produzem mel em colônias organizadas chamadas colmeias.,Amir,Amazon Translate
O arroz é um alimento básico cultivado em ambientes úmidos.,Amir,Amazon Translate
Os sapos começam como girinos antes de desenvolverem as pernas.,Amir,Amazon Translate
O giz é frequentemente usado para fins de redação educacional.,Amir,Amazon Translate
Os desertos recebem pouca chuva a cada ano e permanecem secos.,Amir,Amazon Translate
Os mapas exibem mudanças de elevação usando linhas de contorno.,Amir,Amazon Translate
As focas se movem graciosamente nas águas frias do oceano.,Amir,Amazon Translate
Os tomates precisam de calor e sol para amadurecer os frutos.,Amir,Amazon Translate
A cola adere fortemente os pedaços de papel às superfícies.,Amir,Amazon Translate
Os carrinhos de compras auxiliam os clientes em grandes supermercados.,Amir,Amazon Translate
As chaves são cortadas para caber com precisão nas travas correspondentes.,Amir,Amazon Translate
Os aviões viajam longas distâncias em grandes altitudes.,Amir,Amazon Translate
Os tecidos de algodão são materiais macios e altamente absorventes.,Amir,Amazon Translate
Os despertadores soam em horários predefinidos para despertar os usuários.,Amir,Amazon Translate
As mochilas transportam suprimentos confortavelmente nos ombros.,Amir,Amazon Translate
As nozes crescem em conchas protetoras duras nas árvores.,Amir,Amazon Translate
A tesoura corta vários papéis e materiais flexíveis finos.,Amir,Amazon Translate
Os cavalos geralmente galopam rapidamente em terrenos abertos.,Amir,Amazon Translate
As camas ajudam a dormir e descansar confortavelmente durante a noite.,Amir,Amazon Translate
As escadas conectam os andares verticalmente dentro dos edifícios.,Amir,Amazon Translate
As janelas permitem a entrada de luz enquanto evitam o clima.,Amir,Amazon Translate
Os cintos seguram as calças com laços na cintura.,Amir,Amazon Translate
O suco de laranja vem da prensagem de laranjas maduras.,Amir,Amazon Translate
As cortinas bloqueiam a luz do sol e adicionam privacidade em ambientes fechados.,Amir,Amazon Translate
As televisões transmitem sinais de entretenimento de vídeo e áudio.,Amir,Amazon Translate
As crianças perdem dentes de leite antes de crescerem dentes adultos.,Amir,Amazon Translate
Os trens viajam em trilhos para um transporte coletivo eficiente.,Amir,Amazon Translate
Os mapas ajudam a navegar facilmente por lugares ou cidades desconhecidos.,Amir,Amazon Translate
Os ovos contêm proteínas essenciais para o crescimento muscular.,Amir,Amazon Translate
As moedas são produzidas estampando placas de metal de forma plana.,Amir,Amazon Translate
Os lobos caçam pequenos mamíferos em grupos coordenados.,Amir,Amazon Translate
As focas se movem com eficiência tanto na terra quanto na água.,Amir,Amazon Translate
As ovelhas produzem lã usada extensivamente em têxteis em todo o mundo.,Amir,Amazon Translate
Os carros precisam de motores de combustão ou motores elétricos para funcionar.,Amir,Amazon Translate
Os amendoins amadurecem naturalmente no subsolo dentro de cascas biodegradáveis.,Amir,Amazon Translate
O giz escreve visivelmente em superfícies de ardósia escura.,Amir,Amazon Translate
Os tomates amadurecem em vermelho devido aos pigmentos de licopeno presentes.,Amir,Amazon Translate
As plantas domésticas requerem rega regular e luz solar indireta em ambientes fechados.,Amir,Amazon Translate
Os campos de arroz são chamados de arrozais e geralmente são inundados.,Amir,Amazon Translate
As águias voam alto usando asas de penas largas e poderosas.,Amir,Amazon Translate
Os livros organizam as informações em páginas impressas ou digitais.,Amir,Amazon Translate
Os computadores processam dados por meio de sinais elétricos binários.,Amir,Amazon Translate
Os dentes quebram os alimentos sólidos durante o processo de mastigação.,Amir,Amazon Translate
"Os termômetros medem a temperatura com mercúrio, álcool ou eletrônicos.",Amir,Amazon Translate
Lontras abrem mariscos com pedras presas nas patas.,Amir,Amazon Translate
Os raios resultam da eletricidade estática durante tempestades.,Amir,Amazon Translate
Os cadernos fornecem páginas pautadas para escrever notas e lembretes.,Amir,Amazon Translate
Os pincéis espalham suavemente a tinta líquida nas superfícies.,Amir,Amazon Translate
Os espelhos refletem imagens usando superfícies de vidro polido na parte de trás.,Amir,Amazon Translate
Os bancos oferecem assentos para várias pessoas simultaneamente.,Amir,Amazon Translate
"As nozes são nozes de casca dura, ricas em gorduras saudáveis.",Amir,Amazon Translate
Os aspiradores removem as partículas de poeira dos pisos de forma eficiente.,Amir,Amazon Translate
As lâmpadas fornecem luz direcionada para leitura à noite.,Amir,Amazon Translate
Os elevadores elevam convenientemente os ocupantes entre os níveis de edifícios de vários andares.,Amir,Amazon Translate
Os aparelhos de ar condicionado regulam a temperatura interna durante os verões quentes.,Amir,Amazon Translate
Os teclados inserem letras escritas em dispositivos de computação com precisão.,Amir,Amazon Translate
Os relógios mantêm a hora de forma consistente durante os ciclos diurno e noturno.,Amir,Amazon Translate
As pás cavam o solo de forma eficaz para projetos de jardinagem ou paisagismo.,Amir,Amazon Translate
Os capacetes reduzem os ferimentos na cabeça durante atividades de ciclismo ou motociclismo.,Amir,Amazon Translate
O sabão quebra as moléculas de graxa para remoção durante a lavagem.,Amir,Amazon Translate
Os ovos contêm proteínas e outros nutrientes importantes para o crescimento.,Amir,Amazon Translate
O queijo é produzido pela coalhada das proteínas do leite.,Amir,Amazon Translate
O plástico leva séculos para se decompor naturalmente ao ar livre.,Amir,Amazon Translate
Os refrigeradores mantêm os produtos perecíveis frescos mantendo baixas temperaturas.,Amir,Amazon Translate
O pão cresce porque o fermento libera dióxido de carbono.,Amir,Amazon Translate
O giz é frequentemente usado para desenhar em quadros.,Amir,Amazon Translate
As borboletas eclodem de crisálidas após a metamorfose.,Amir,Amazon Translate
As capas de chuva protegem os usuários de ficarem encharcados pela chuva.,Amir,Amazon Translate
O gelo flutua na água devido à estrutura molecular.,Amir,Amazon Translate
Relâmpagos ocorrem durante tempestades devido a desequilíbrios de carga elétrica.,Amir,Amazon Translate
As moedas funcionam para pequenas compras usando os valores das moedas do país.,Amir,Amazon Translate
As chaves abrem portas que combinam com ranhuras cortadas com precisão.,Amir,Amazon Translate
"As carteiras mantêm dinheiro, moedas e cartões contidos com segurança.",Amir,Amazon Translate
As camas oferecem conforto e suporte para rotinas regulares de sono.,Amir,Amazon Translate
Os carrinhos de compras permitem a coleta de mantimentos dentro das lojas.,Amir,Amazon Translate
"Os tablets permitem que os usuários naveguem, leiam e digitem digitalmente.",Amir,Amazon Translate
Os relógios exibem a hora exata durante o dia e a noite.,Amir,Amazon Translate
"Os calendários organizam meses, semanas, feriados e compromissos de forma clara.",Amir,Amazon Translate
As mochilas facilitam o transporte de itens com alças.,Amir,Amazon Translate
Os balanços se movem para frente e para trás para jogos recreativos.,Amir,Amazon Translate
Os despertadores tocam alto para acordar os dorminhocos de forma confiável.,Amir,Amazon Translate
As maçãs crescem em árvores decíduas em climas temperados.,Amir,Amazon Translate
O sal realça o sabor e é usado para preservação.,Amir,Amazon Translate
Os coelhos comem vegetação verde e têm orelhas compridas.,Amir,Amazon Translate
"As colônias de formigas consistem em operárias, soldados e rainhas.",Amir,Amazon Translate
Os amendoins se desenvolvem abaixo do solo dentro de cascas protetoras.,Amir,Amazon Translate
Os livros organizam as informações acumuladas em registros escritos.,Amir,Amazon Translate
"Os frutos do tomate amadurecem em vermelho, amarelo ou rosa, dependendo da variedade.",Amir,Amazon Translate
As abelhas se comunicam por meio de danças agitadas.,Amir,Amazon Translate
O sabonete ajuda a eliminar a sujeira e a oleosidade das mãos de forma eficiente.,Amir,Amazon Translate
Os teclados inserem caracteres para computadores ou dispositivos digitais.,Amir,Amazon Translate
"A tesoura corta papel, tecido ou folhas finas com precisão.",Amir,Amazon Translate
"As páginas do calendário dividem o tempo em dias, semanas e meses.",Amir,Amazon Translate
"Os pincéis espalham acabamentos uniformes em madeira, paredes ou telas.",Amir,Amazon Translate
Os filmes apresentam histórias usando imagens em movimento sequenciais.,Amir,Amazon Translate
A cola liga os materiais de forma rápida e permanente quando seca.,Amir,Amazon Translate
Os balões de ar quente sobem porque o ar quente é menos denso que o frio.,Amir,Amazon Translate
Os espelhos refletem claramente a luz visível para a higiene pessoal.,Amir,Amazon Translate
"As carteiras mantêm dinheiro, cartões e papéis importantes organizados.",Amir,Amazon Translate
Os dentes mastigam os alimentos para facilitar a digestão no estômago.,Amir,Amazon Translate
Os cães latem para comunicar excitação ou alerta de perigo.,Amir,Amazon Translate
As bananas fornecem potássio necessário para a função muscular.,Amir,Amazon Translate
As colônias de formigas se organizam com castas sociais distintas.,Amir,Amazon Translate
Os trens viajam por trilhos entre destinos distantes.,Amir,Amazon Translate
As vacas fornecem leite consumido por milhões de pessoas.,Amir,Amazon Translate
As medusas se movem passivamente usando as correntes oceânicas.,Amir,Amazon Translate
Os morangos começam brancos e ficam vermelhos quando maduros.,Amir,Amazon Translate
As maçãs crescem melhor em climas frios e temperados em todo o mundo.,Amir,Amazon Translate
O giz funciona bem para marcar quadros escuros.,Amir,Amazon Translate
Os cangurus transportam jovens joeys dentro de bolsas abdominais.,Amir,Amazon Translate
As baleias emergem regularmente para respirar o oxigênio atmosférico.,Amir,Amazon Translate
As águias detectam presas usando habilidades visuais excepcionais.,Amir,Amazon Translate
As ferramentas de martelo fixam os pregos na madeira com segurança.,Amir,Amazon Translate
As lontras usam pedras para abrir refeições de marisco.,Amir,Amazon Translate
Os campos de arroz são inundados para o desenvolvimento ideal das plantas.,Amir,Amazon Translate
As mochilas permitem que as pessoas carreguem seus pertences confortavelmente sem usar as mãos.,Amir,Amazon Translate
Os sistemas de aspersão regam automaticamente os gramados durante os intervalos programados.,Amir,Amazon Translate
"A eletricidade ilumina casas, escritórios e ruas.",Amir,Amazon Translate
As vacas fornecem carne e produtos lácteos.,Amir,Amazon Translate
O giz marca os quadros e é fácil de apagar.,Amir,Amazon Translate
Os pandas consomem bambu quase exclusivamente diariamente.,Amir,Amazon Translate
As medusas flutuam livremente e picam para se defender.,Amir,Amazon Translate
O pão cresce porque o fermento cria bolhas de gás.,Amir,Amazon Translate
As maçãs se desenvolvem em árvores com flores na primavera.,Amir,Amazon Translate
"O queijo resulta da fermentação do leite de vaca, cabra ou ovelha.",Amir,Amazon Translate
Os ursos polares vivem apenas em habitats árticos.,Amir,Amazon Translate
Os golfinhos usam cliques de sonar para navegação subaquática.,Amir,Amazon Translate
O amendoim amadurece dentro do solo e não acima do solo.,Amir,Amazon Translate
As cadeiras proporcionam às pessoas conforto de sentar em ambientes fechados.,Amir,Amazon Translate
Os livros contêm fatos e histórias impressos em páginas de papel.,Amir,Amazon Translate
As chaves se encaixam em fechaduras para permitir a entrada pelas portas.,Amir,Amazon Translate
Os bancos permitem que várias pessoas descansem ao ar livre.,Amir,Amazon Translate
As nozes são nozes cobertas por cascas e cascas duras.,Amir,Amazon Translate
A sopa geralmente é servida bem quente em tigelas.,Amir,Amazon Translate
As camas ajudam os humanos a dormir confortavelmente todas as noites.,Amir,Amazon Translate
As vacinas protegem contra várias doenças contagiosas.,Amir,Amazon Translate
As malas guardam roupas enquanto as pessoas viajam para fora de casa.,Amir,Amazon Translate
Os grampeadores prendem folhas de papel soltas usando grampos metálicos.,Amir,Amazon Translate
As lontras abrem mariscos usando pedras encontradas debaixo d'água.,Amir,Amazon Translate
As lanternas iluminam lugares escuros usando baterias.,Amir,Amazon Translate
Os bancos servem como móveis públicos de descanso ao ar livre.,Amir,Amazon Translate
Os capacetes protegem as cabeças durante o ciclismo e atividades similares.,Amir,Amazon Translate
Os aspiradores usam força de sucção para limpar poeira e detritos.,Amir,Amazon Translate
Shakespeare escreveu muitas peças famosas.,Amir,Amazon Translate
A Mona Lisa está pendurada no Museu do Louvre.,Amir,Amazon Translate
Leonardo da Vinci pintou A Última Ceia.,Amir,Amazon Translate
Frida Kahlo foi uma pintora mexicana.,Amir,Amazon Translate
Atenas sediou as primeiras Olimpíadas modernas.,Amir,Amazon Translate
Correr aumenta a saúde cardiovascular.,Amir,Amazon Translate
A música rap se originou nos Estados Unidos.,Amir,Amazon Translate
Veneza é conhecida por seus canais.,Amir,Amazon Translate
A vitamina C estimula a função imunológica.,Amir,Amazon Translate
Pirâmides antigas são encontradas no Egito.,Amir,Amazon Translate
O Japão consiste em quatro ilhas principais.,Amir,Amazon Translate
A água potável evita a desidratação.,Amir,Amazon Translate
O período renascentista começou na Itália.,Amir,Amazon Translate
O futebol é popular em todo o mundo.,Amir,Amazon Translate
"A Austrália tem marsupiais únicos, como os cangurus.",Amir,Amazon Translate
A tosse expulsa irritantes das vias aéreas.,Amir,Amazon Translate
O impressionismo mudou a forma como os artistas usavam a luz.,Amir,Amazon Translate
O Canadá compartilha uma fronteira com os Estados Unidos.,Amir,Amazon Translate
Fumar danifica o tecido pulmonar.,Amir,Amazon Translate
Alexander Graham Bell inventou o telefone.,Amir,Amazon Translate
A floresta amazônica abrange nove países.,Amir,Amazon Translate
O haicai é uma forma de poesia japonesa.,Amir,Amazon Translate
As Cataratas do Niágara estão na fronteira EUA-Canadá.,Amir,Amazon Translate
A escultura envolve moldar materiais como pedra ou metal.,Amir,Amazon Translate
A África contém mais de cinquenta países.,Amir,Amazon Translate
O Big Ben de Londres é uma famosa torre do relógio.,Amir,Amazon Translate
O exercício fortalece os músculos e os ossos.,Amir,Amazon Translate
A asma afeta a capacidade respiratória.,Amir,Amazon Translate
A música clássica geralmente usa orquestras.,Amir,Amazon Translate
Roma abriga o Coliseu.,Amir,Amazon Translate
Os quadrinhos contam histórias usando imagens e palavras.,Amir,Amazon Translate
A Islândia é conhecida pela atividade geotérmica.,Amir,Amazon Translate
A África Subsaariana inclui diversas culturas e idiomas.,Amir,Amazon Translate
O balé usa movimentos precisos e formais.,Amir,Amazon Translate
Abraham Lincoln aboliu a escravidão na América.,Amir,Amazon Translate
O basquete requer habilidades de drible e chute.,Amir,Amazon Translate
A Grécia tem milhares de ilhas.,Amir,Amazon Translate
Parar de fumar reduz o risco de câncer.,Amir,Amazon Translate
O flúor ajuda a manter os dentes saudáveis.,Amir,Amazon Translate
O Taj Mahal fica na Índia.,Amir,Amazon Translate
A anemia resulta do baixo nível de glóbulos vermelhos.,Amir,Amazon Translate
A caligrafia é um estilo de caligrafia decorativa.,Amir,Amazon Translate
O Quênia é famoso pelos safáris de vida selvagem.,Amir,Amazon Translate
"O cinema combina roteiro, atuação e edição.",Amir,Amazon Translate
O Brasil sedia o maior festival de carnaval.,Amir,Amazon Translate
Flexões aumentam a força da parte superior do corpo.,Amir,Amazon Translate
O bronze é feito misturando cobre e estanho.,Amir,Amazon Translate
O jazz se originou em Nova Orleans.,Amir,Amazon Translate
O Nepal fica entre a China e a Índia.,Amir,Amazon Translate
O derrame interrompe o fluxo sanguíneo cerebral.,Amir,Amazon Translate
A ópera combina canto e performance teatral.,Amir,Amazon Translate
A América do Sul tem florestas tropicais e altas montanhas.,Amir,Amazon Translate
Machu Picchu é um local antigo no Perú.,Amir,Amazon Translate
A natação é um excelente exercício aeróbico.,Amir,Amazon Translate
Os resfriados são causados por vírus.,Amir,Amazon Translate
A Espanha é conhecida pela dança flamenca.,Amir,Amazon Translate
Marie Curie descobriu elementos radioativos.,Amir,Amazon Translate
Caminhar queima calorias e tonifica os músculos das pernas.,Amir,Amazon Translate
Os fósseis fornecem evidências da vida pré-histórica.,Amir,Amazon Translate
As ilhas do Caribe atraem turistas para as praias.,Amir,Amazon Translate
A meditação pode reduzir os níveis de estresse.,Amir,Amazon Translate
O Japão feudal tinha guerreiros samurais.,Amir,Amazon Translate
A Indonésia consiste em milhares de ilhas.,Amir,Amazon Translate
A pressão arterial deve ser monitorada regularmente.,Amir,Amazon Translate
O cubismo é um movimento de arte abstrata.,Amir,Amazon Translate
A cidade de Nova York contém cinco distritos.,Amir,Amazon Translate
O levantamento de peso aumenta a força muscular.,Amir,Amazon Translate
A malária se espalha por meio de picadas de mosquito.,Amir,Amazon Translate
Os tapetes persas são obras de arte tecidas à mão.,Amir,Amazon Translate
O Alasca tem o litoral mais longo dos EUA,Amir,Amazon Translate
O sono saudável melhora a memória e o humor.,Amir,Amazon Translate
Os castelos medievais eram estruturas defensivas.,Amir,Amazon Translate
O budismo se espalhou da Índia para a Ásia.,Amir,Amazon Translate
A Basílica de São Pedro fica na Cidade do Vaticano.,Amir,Amazon Translate
Tufões atingem as costas do Leste Asiático com frequência.,Amir,Amazon Translate
Os vegetais fornecem fibra alimentar.,Amir,Amazon Translate
O Smithsonian Institution preserva a história americana.,Amir,Amazon Translate
A Noruega tem fiordes ao longo das áreas costeiras.,Amir,Amazon Translate
A dança do tango se originou na Argentina.,Amir,Amazon Translate
O Muro de Berlim caiu em 1989.,Amir,Amazon Translate
Origami é arte tradicional de dobrar papel do Japão.,Amir,Amazon Translate
A Tailândia tem mercados flutuantes.,Amir,Amazon Translate
A Segunda Guerra Mundial terminou em 1945.,Amir,Amazon Translate
Consumir muito açúcar leva à obesidade.,Amir,Amazon Translate
A França é conhecida pela produção de vinho.,Amir,Amazon Translate
As fotografias capturam momentos da vida real permanentemente.,Amir,Amazon Translate
Jerusalém tem importância para várias religiões.,Amir,Amazon Translate
A Turquia une a Europa e a Ásia.,Amir,Amazon Translate
A civilização maia construiu templos em pirâmides.,Amir,Amazon Translate
A ioga beneficia a mente e o corpo.,Amir,Amazon Translate
A música barroca é altamente ornamentada.,Amir,Amazon Translate
A Tesla desenvolveu a tecnologia de corrente alternada.,Amir,Amazon Translate
"Os países do BRICS são Brasil, Rússia, Índia, China e África do Sul.",Amir,Amazon Translate
Os peregrinos desembarcaram em Plymouth Rock.,Amir,Amazon Translate
A Sibéria cobre um vasto território do norte da Rússia.,Amir,Amazon Translate
A escalada desenvolve a força de preensão.,Amir,Amazon Translate
Cleópatra governou o antigo Egito.,Amir,Amazon Translate
O preconceito influencia os resultados da pesquisa social.,Amir,Amazon Translate
O confucionismo influenciou a filosofia chinesa.,Amir,Amazon Translate
A energia solar alimenta algumas casas.,Amir,Amazon Translate
A Índia celebra o Diwali anualmente.,Amir,Amazon Translate
O vírus Zika pode causar defeitos congênitos.,Amir,Amazon Translate
A medicina tradicional chinesa usa ervas.,Amir,Amazon Translate
Michelangelo esculpiu David durante o Renascimento.,Amir,Amazon Translate
O rio Mississippi divide os EUA de leste a oeste.,Amir,Amazon Translate
A cultura hip-hop surgiu nas comunidades urbanas.,Amir,Amazon Translate
Subir escadas é um exercício de sustentação de peso.,Amir,Amazon Translate
Netuno é o oitavo planeta do sol.,Amir,Amazon Translate
O judô enfatiza arremessos e seguranças.,Amir,Amazon Translate
A Walt Disney revolucionou a animação.,Amir,Amazon Translate
"Cingapura combina herança malaia, chinesa e indiana.",Amir,Amazon Translate
Platão ensinou Aristóteles na Grécia Antiga.,Amir,Amazon Translate
Os kibutzim israelenses praticam a vida comunitária.,Amir,Amazon Translate
O desmatamento ameaça a biodiversidade.,Amir,Amazon Translate
Stonehenge data da Grã-Bretanha pré-histórica.,Amir,Amazon Translate
O Chile se estende ao longo da costa oeste da América do Sul.,Amir,Amazon Translate
Os exames de sangue verificam a função do órgão.,Amir,Amazon Translate
A bateria de taiko é uma performance enérgica no palco japonês.,Amir,Amazon Translate
A cultura amish pratica uma vida simples.,Amir,Amazon Translate
A Torre Eiffel simboliza Paris.,Amir,Amazon Translate
A pizza é originária da Itália.,Amir,Amazon Translate
O rio Nilo atravessa o Egito.,Amir,Amazon Translate
A hidratação diária mantém a saúde renal.,Amir,Amazon Translate
A Primeira Guerra Mundial começou em 1914.,Amir,Amazon Translate
A pintura é uma forma de expressão criativa.,Amir,Amazon Translate
Tóquio é a capital do Japão.,Amir,Amazon Translate
Andar de bicicleta melhora a resistência cardiovascular.,Amir,Amazon Translate
Júlio César foi assassinado em Roma.,Amir,Amazon Translate
A agricultura fornece alimentos para muitas sociedades.,Amir,Amazon Translate
As emoções afetam a tomada de decisões pessoais.,Amir,Amazon Translate
A ética guia os julgamentos morais e o comportamento.,Amir,Amazon Translate
O catolicismo tem sacramentos como o batismo.,Amir,Amazon Translate
As democracias envolvem cidadãos votando em leis ou líderes.,Amir,Amazon Translate
Os smartphones acessam informações de qualquer lugar com sinais.,Amir,Amazon Translate
As células cancerosas crescem incontrolavelmente dentro do corpo.,Amir,Amazon Translate
A Europa medieval viu castelos e cavaleiros.,Amir,Amazon Translate
Trilhas para caminhadas podem ser encontradas em parques nacionais.,Amir,Amazon Translate
O Canadá é famoso pelo xarope de bordo.,Amir,Amazon Translate
Os hieróglifos foram usados pelos antigos egípcios.,Amir,Amazon Translate
Dançarinos de balé usam sapatilhas de ponta para dançar.,Amir,Amazon Translate
A Austrália é cercada pelos oceanos Pacífico e Índico.,Amir,Amazon Translate
A proteína ajuda na recuperação muscular após os treinos.,Amir,Amazon Translate
Napoleão Bonaparte governou a França no início do século XIX.,Amir,Amazon Translate
Cozinhar envolve combinar ingredientes crus usando calor.,Amir,Amazon Translate
Os números primos têm apenas dois fatores.,Amir,Amazon Translate
Os átomos se combinam para formar moléculas.,Amir,Amazon Translate
A autoestima influencia o bem-estar mental.,Amir,Amazon Translate
A lógica ajuda a resolver problemas complexos de forma racional.,Amir,Amazon Translate
O Islã inclui práticas chamadas Cinco Pilares.,Amir,Amazon Translate
A economia estuda a produção e distribuição de recursos.,Amir,Amazon Translate
As impressoras 3D criam modelos físicos a partir de designs digitais.,Amir,Amazon Translate
A migração de pássaros segue padrões sazonais em todo o mundo.,Amir,Amazon Translate
Origami transforma papel em figuras decorativas.,Amir,Amazon Translate
Machu Picchu foi construída pelos Incas.,Amir,Amazon Translate
A China inventou a pólvora há séculos.,Amir,Amazon Translate
As compras impulsionam as economias locais.,Amir,Amazon Translate
A multiplicação é adição repetida.,Amir,Amazon Translate
Sigmund Freud desenvolveu a psicanálise.,Amir,Amazon Translate
O utilitarismo visa a máxima felicidade geral.,Amir,Amazon Translate
O hinduísmo incorpora conceitos de carma e reencarnação.,Amir,Amazon Translate
As normas sociais moldam os comportamentos do grupo.,Amir,Amazon Translate
A inteligência artificial imita alguns processos de pensamento humano.,Amir,Amazon Translate
Os tornozelos apoiam o movimento de caminhar e correr.,Amir,Amazon Translate
Berlim sedia um grande festival internacional de cinema.,Amir,Amazon Translate
A selva amazônica cobre milhões de quilômetros quadrados.,Amir,Amazon Translate
As bandeiras dos países representam identidades nacionais.,Amir,Amazon Translate
A escovação dos dentes evita cáries e doenças gengivais.,Amir,Amazon Translate
A Apollo 11 pousou humanos na lua.,Amir,Amazon Translate
O Renascimento italiano produziu artistas e pensadores famosos.,Amir,Amazon Translate
As pirâmides do Egito servem como tumbas para faraós.,Amir,Amazon Translate
A pesca fornece comida e recreação.,Amir,Amazon Translate
"Os números podem ser naturais, inteiros, inteiros ou racionais.",Amir,Amazon Translate
"Antibióticos tratam infecções bacterianas, não vírus.",Amir,Amazon Translate
A saúde mental afeta as atividades da vida diária.,Amir,Amazon Translate
O dualismo divide a existência em mente e matéria.,Amir,Amazon Translate
Os sistemas de justiça criminal aplicam códigos legais.,Amir,Amazon Translate
Os satélites transmitem transmissões de televisão internacionalmente.,Amir,Amazon Translate
As vacinas previnem doenças infecciosas comuns.,Amir,Amazon Translate
As girafas vivem principalmente nas savanas africanas.,Amir,Amazon Translate
As sinfonias exigem que as orquestras executem composições completas.,Amir,Amazon Translate
As artes marciais desenvolvem habilidades de autodefesa.,Amir,Amazon Translate
A Grande Muralha se estende pelo norte da China.,Amir,Amazon Translate
Alimentos sem glúten ajudam pessoas com doença celíaca.,Amir,Amazon Translate
A Revolução Francesa acabou com o governo da monarquia.,Amir,Amazon Translate
A dança expressa emoção por meio de movimentos corporais.,Amir,Amazon Translate
As galáxias consistem em bilhões de estrelas.,Amir,Amazon Translate
A linguagem corporal transmite sentimentos não ditos.,Amir,Amazon Translate
O pensamento racional avalia as evidências logicamente.,Amir,Amazon Translate
Os budistas buscam a iluminação por meio da prática.,Amir,Amazon Translate
O voto dá aos cidadãos representação política.,Amir,Amazon Translate
A computação em nuvem armazena arquivos em servidores externos.,Amir,Amazon Translate
As cruzadas envolveram guerras religiosas na época medieval.,Amir,Amazon Translate
Acampar envolve dormir temporariamente ao ar livre.,Amir,Amazon Translate
As variáveis da equação representam valores desconhecidos.,Amir,Amazon Translate
As órbitas planetárias seguem caminhos elípticos ao redor do sol.,Amir,Amazon Translate
O Canal de Suez conecta os mares Mediterrâneo e Vermelho.,Amir,Amazon Translate
O rio Amazonas é mais longo do que a maioria dos rios do mundo.,Amir,Amazon Translate
O xadrez é jogado em uma grade de oito por oito.,Amir,Amazon Translate
Exercícios respiratórios acalmam o corpo.,Amir,Amazon Translate
Os vikings navegaram pelos oceanos em barcos de madeira.,Amir,Amazon Translate
As tendências da moda evoluem com as mudanças culturais.,Amir,Amazon Translate
"A geometria estuda formas, ângulos e superfícies.",Amir,Amazon Translate
A física explica como a energia interage com a matéria.,Amir,Amazon Translate
A adolescência marca a transição para a vida adulta.,Amir,Amazon Translate
A empatia permite entender as perspectivas dos outros.,Amir,Amazon Translate
O agnosticismo questiona a certeza do conhecimento sobre deuses.,Amir,Amazon Translate
O Monte Fuji é a montanha mais alta do Japão.,Amir,Amazon Translate
"O hip hop se originou no Bronx, Nova York.",Amir,Amazon Translate
O deserto do Saara cobre grande parte do norte da África.,Amir,Amazon Translate
O Império Romano caiu em 476 DC.,Amir,Amazon Translate
Os shoppings oferecem várias lojas sob o mesmo teto.,Amir,Amazon Translate
Pi representa a circunferência do círculo dividida pelo diâmetro.,Amir,Amazon Translate
Os introvertidos recuperam energia da solidão.,Amir,Amazon Translate
O pensamento crítico questiona suposições e evidências.,Amir,Amazon Translate
Festivais hindus celebram deuses e eventos sazonais.,Amir,Amazon Translate
As classes sociais organizam as pessoas por status.,Amir,Amazon Translate
Os carros elétricos usam baterias em vez de motores a gasolina.,Amir,Amazon Translate
A música jazz apresenta improvisação.,Amir,Amazon Translate
O rio Nilo é o maior rio da África.,Amir,Amazon Translate
A Segunda Guerra Mundial começou em 1939.,Amir,Amazon Translate
Cozinhar em casa economiza dinheiro.,Amir,Amazon Translate
A álgebra resolve variáveis desconhecidas.,Amir,Amazon Translate
Os valores pessoais influenciam a tomada de decisões.,Amir,Amazon Translate
O debate incentiva o pensamento analítico.,Amir,Amazon Translate
A Torá contém textos religiosos judaicos.,Amir,Amazon Translate
Os governos aplicam as leis dentro dos países.,Amir,Amazon Translate
Os laptops permitem a computação durante viagens.,Amir,Amazon Translate
Os abacates crescem em árvores nativas do México.,Amir,Amazon Translate
O cubismo mudou a forma como a arte representava o espaço.,Amir,Amazon Translate
Yellowstone é o primeiro parque nacional da América.,Amir,Amazon Translate
A hidratação adequada evita a insolação durante o exercício.,Amir,Amazon Translate
Napoleão foi derrotado em Waterloo.,Amir,Amazon Translate
A jardinagem pode reduzir os níveis de estresse.,Amir,Amazon Translate
Um polígono tem três ou mais lados.,Amir,Amazon Translate
O cobre conduz bem a eletricidade.,Amir,Amazon Translate
O autocontrole ajuda a alcançar metas de longo prazo.,Amir,Amazon Translate
A dedução infere especificidades a partir de princípios gerais.,Amir,Amazon Translate
O confucionismo enfatiza o desenvolvimento moral.,Amir,Amazon Translate
Pesquisas mostram a opinião pública nas democracias.,Amir,Amazon Translate
O Wi-Fi fornece acesso sem fio à Internet.,Amir,Amazon Translate
A ópera começou na Itália durante o Renascimento.,Amir,Amazon Translate
Moscou é a maior cidade da Rússia.,Amir,Amazon Translate
O treinamento de força constrói tecido muscular.,Amir,Amazon Translate
A vacinação contra a varíola erradicou a doença em todo o mundo.,Amir,Amazon Translate
A Torre Eiffel foi concluída em 1889.,Amir,Amazon Translate
O breakdance inclui movimentos acrobáticos e giros.,Amir,Amazon Translate
Victoria Falls fica entre o Zimbábue e a Zâmbia.,Amir,Amazon Translate
Correr queima calorias com eficiência.,Amir,Amazon Translate
"Catarina, a Grande, expandiu o território russo.",Amir,Amazon Translate
Os piqueniques combinam comida com lazer ao ar livre.,Amir,Amazon Translate
As equações matemáticas devem ter respostas que satisfaçam as afirmações.,Amir,Amazon Translate
O trabalho em equipe depende de habilidades de cooperação e comunicação.,Amir,Amazon Translate
O raciocínio analítico divide os problemas em partes menores.,Amir,Amazon Translate
O carma afeta o renascimento nos sistemas de crenças hindus.,Amir,Amazon Translate
As estruturas familiares diferem entre as sociedades.,Amir,Amazon Translate
As engrenagens de bicicleta ajudam os ciclistas a lidar com diferentes terrenos.,Amir,Amazon Translate
O kiwi é rico em vitamina C.,Amir,Amazon Translate
A música pop moderna combina muitos estilos musicais.,Amir,Amazon Translate
Portugal faz fronteira apenas com a Espanha na Europa.,Amir,Amazon Translate
Longas caminhadas promovem a saúde do coração.,Amir,Amazon Translate
A guerra civil divide as nações internamente.,Amir,Amazon Translate
A lavanderia limpa as roupas com água e sabão.,Amir,Amazon Translate
O pré-cálculo prepara os alunos para os conceitos de cálculo.,Amir,Amazon Translate
O gerenciamento do estresse aumenta a resiliência geral.,Amir,Amazon Translate
Os quebra-cabeças lógicos testam a capacidade de raciocínio sistemático.,Amir,Amazon Translate
O jejum religioso geralmente restringe certos alimentos.,Amir,Amazon Translate
A globalização conecta mercados globalmente.,Amir,Amazon Translate
O robô aspira o chão automaticamente.,Amir,Amazon Translate
O grafite é considerado arte urbana de rua.,Amir,Amazon Translate
"A Escandinávia inclui Suécia, Noruega e Dinamarca.",Amir,Amazon Translate
O sono ajuda na consolidação da memória.,Amir,Amazon Translate
Os cavaleiros medievais seguiam os códigos de cavalaria.,Amir,Amazon Translate
Os navios baleeiros exploraram as águas árticas e antárticas.,Amir,Amazon Translate
O acolchoado transforma restos de tecido em cobertores e arte.,Amir,Amazon Translate
A ponte Golden Gate atravessa a Baía de São Francisco.,Amir,Amazon Translate
A fisioterapia restaura o movimento após lesões.,Amir,Amazon Translate
Harriet Tubman conduziu pessoas escravizadas à liberdade.,Amir,Amazon Translate
A fabricação de cerâmica envolve moldar e queimar argila.,Amir,Amazon Translate
Os logaritmos simplificam os cálculos de multiplicação e divisão.,Amir,Amazon Translate
Traços de caráter moldam a personalidade de um indivíduo.,Amir,Amazon Translate
O ceticismo duvida de afirmações sem provas suficientes.,Amir,Amazon Translate
A oração islâmica está voltada para Meca.,Amir,Amazon Translate
O transporte público reduz o congestionamento do tráfego.,Amir,Amazon Translate
O armazenamento em nuvem mantém os dados fora dos dispositivos pessoais.,Amir,Amazon Translate
As azeitonas são cultivadas principalmente nas regiões do Mediterrâneo.,Amir,Amazon Translate
Artistas renascentistas desenvolveram técnicas de perspectiva.,Amir,Amazon Translate
O mergulho com snorkel permite a exploração subaquática perto da superfície.,Amir,Amazon Translate
A química orgânica estuda moléculas baseadas em carbono.,Amir,Amazon Translate
Os papéis sociais definem as expectativas de comportamento.,Amir,Amazon Translate
Os firewalls protegem as redes de computadores contra acesso não autorizado.,Amir,Amazon Translate
A vitamina D ajuda a absorver o cálcio para a saúde óssea.,Amir,Amazon Translate
Os senhores feudais governaram as terras europeias medievais.,Amir,Amazon Translate
Os contos folclóricos compartilham sabedoria cultural por gerações.,Amir,Amazon Translate
A Ásia tem a maior população do mundo.,Amir,Amazon Translate
"Os eventos de atletismo incluem corrida, salto e arremesso.",Amir,Amazon Translate
As compreensões de listas simplificam a estrutura do código de programação.,Amir,Amazon Translate
As supernovas marcam a morte de estrelas massivas.,Amir,Amazon Translate
A inteligência emocional promove relacionamentos saudáveis.,Amir,Amazon Translate
A metafísica examina a realidade além do mundo físico.,Amir,Amazon Translate
A reencarnação sugere que as almas retornam em novos corpos.,Amir,Amazon Translate
Mozart compôs sinfonias na era clássica.,Amir,Amazon Translate
A Indonésia é o maior país insular do mundo.,Amir,Amazon Translate
A África tem o maior número de países de qualquer continente.,Amir,Amazon Translate
Caminhar diariamente pode reduzir a pressão arterial.,Amir,Amazon Translate
Júlio César se declarou ditador vitalício.,Amir,Amazon Translate
"Os escultores usam argila, pedra, madeira ou metal como materiais.",Amir,Amazon Translate
O Monte Kilimanjaro é o mais alto da África.,Amir,Amazon Translate
Levantar pesos aumenta a densidade óssea.,Amir,Amazon Translate
O Dia da Independência marca a libertação do domínio colonial.,Amir,Amazon Translate
A Via Láctea é nossa galáxia natal.,Amir,Amazon Translate
A autoconfiança apóia interações sociais positivas.,Amir,Amazon Translate
A lógica dedutiva chega a conclusões a partir de premissas.,Amir,Amazon Translate
As práticas de meditação existem em muitas religiões orientais.,Amir,Amazon Translate
Os casamentos são parcerias formalizadas reconhecidas pelas sociedades.,Amir,Amazon Translate
A música folclórica preserva histórias tradicionais em forma de música.,Amir,Amazon Translate
O Lago Superior é o maior lago da América do Norte.,Amir,Amazon Translate
Exercícios aeróbicos requerem ingestão contínua de oxigênio.,Amir,Amazon Translate
A Primeira Guerra Mundial terminou com o Tratado de Versalhes.,Amir,Amazon Translate
O churrasco cozinha os alimentos usando calor direto.,Amir,Amazon Translate
Os ácidos têm um pH abaixo de 7.,Amir,Amazon Translate
O desenvolvimento pessoal geralmente significa aprender novas habilidades.,Amir,Amazon Translate
Os dilemas éticos têm argumentos de lados diferentes.,Amir,Amazon Translate
O Islã exige orações em horários específicos todos os dias.,Amir,Amazon Translate
As redes sociais conectam pessoas globalmente on-line.,Amir,Amazon Translate
Os e-books permitem acesso portátil à literatura.,Amir,Amazon Translate
Os mamões crescem melhor em climas tropicais.,Amir,Amazon Translate
O surrealismo enfatiza cenas oníricas na arte.,Amir,Amazon Translate
Bagdá fica perto do rio Tigre.,Amir,Amazon Translate
A fibra melhora a saúde do sistema digestivo.,Amir,Amazon Translate
A Lei dos Direitos Civis proibiu a discriminação racial.,Amir,Amazon Translate
O treino libera endorfinas que melhoram o humor.,Amir,Amazon Translate
Albert Einstein desenvolveu a teoria da relatividade geral.,Amir,Amazon Translate
A jardinagem urbana cultiva plantas dentro das cidades.,Amir,Amazon Translate
Os fatores primos se multiplicam para dar os números originais.,Amir,Amazon Translate
Os raios ocorrem quando as cargas elétricas são descarregadas repentinamente.,Amir,Amazon Translate
A empatia ajuda a construir comunidades mais fortes.,Amir,Amazon Translate
O raciocínio a partir da analogia faz comparações entre situações.,Amir,Amazon Translate
O taoísmo sugere que a harmonia com a natureza traz satisfação.,Amir,Amazon Translate
A opinião pública influencia as decisões políticas.,Amir,Amazon Translate
Drones fotografam paisagens de cima.,Amir,Amazon Translate
Os cantores de ópera passam por um treinamento vocal rigoroso.,Amir,Amazon Translate
A Cordilheira dos Andes percorre o oeste da América do Sul.,Amir,Amazon Translate
O café é originário da Etiópia.,Amir,Amazon Translate
O consumo moderado de café pode aumentar o estado de alerta.,Amir,Amazon Translate
O rei Henrique VIII estabeleceu a Igreja da Inglaterra.,Amir,Amazon Translate
As partidas de futebol dividem o tempo em duas metades.,Amir,Amazon Translate
Os quebra-cabeças de Sudoku desafiam as habilidades de pensamento lógico.,Amir,Amazon Translate
Os ramos da química incluem tipos orgânicos e inorgânicos.,Amir,Amazon Translate
Os átomos se organizam em padrões repetidos em cristais.,Amir,Amazon Translate
A gratidão melhora o bem-estar emocional.,Amir,Amazon Translate
As afirmações lógicas devem ser verdadeiras ou falsas.,Amir,Amazon Translate
"O deísmo acredita em Deus, mas não na religião organizada.",Amir,Amazon Translate
O divórcio altera as relações jurídicas familiares.,Amir,Amazon Translate
Os mecanismos de pesquisa ajudam a localizar informações digitais rapidamente.,Amir,Amazon Translate
As cerejas crescem em espécies de árvores floridas.,Amir,Amazon Translate
Sonatas são composições musicais para instrumentos solo.,Amir,Amazon Translate
As saunas promovem a transpiração para relaxar.,Amir,Amazon Translate
As civilizações criaram a escrita cuneiforme na Mesopotâmia.,Amir,Amazon Translate
O remo ativa os principais grupos musculares.,Amir,Amazon Translate
O arquipélago descreve cadeias de ilhas.,Amir,Amazon Translate
O gás natural aquece as casas com eficiência.,Amir,Amazon Translate
"A sabedoria consiste em experiência, conhecimento e bom senso.",Amir,Amazon Translate
O preconceito obscurece a objetividade da pesquisa.,Amir,Amazon Translate
O cristianismo ortodoxo grego segue as tradições bizantinas.,Amir,Amazon Translate
O censo conta os dados populacionais regularmente.,Amir,Amazon Translate
Os relógios inteligentes monitoram eventos de condicionamento físico e calendário.,Amir,Amazon Translate
Os rios corroem os vales gradualmente ao longo dos séculos.,Amir,Amazon Translate
A arte de rua inclui murais e instalações em locais públicos.,Amir,Amazon Translate
"O Vale do Yosemite, na Califórnia, atrai entusiastas do ar livre.",Amir,Amazon Translate
Proteína em pó complementa dietas para atletas.,Amir,Amazon Translate
Joana d'Arc liderou os exércitos franceses contra as forças inglesas.,Amir,Amazon Translate
"As sobremesas geralmente apresentam sabores de açúcar, chocolate ou frutas.",Amir,Amazon Translate
Os expoentes mostram a multiplicação repetida de números.,Amir,Amazon Translate
As marés oceânicas mudam principalmente devido à atração gravitacional lunar.,Amir,Amazon Translate
Variáveis em experimentos afetam os resultados de forma sistemática.,Amir,Amazon Translate
A expressão criativa incentiva a individualidade.,Amir,Amazon Translate
O absurdismo destaca a falta de sentido nas perspectivas filosóficas.,Amir,Amazon Translate
O xintoísmo homenageia espíritos chamados kami no Japão.,Amir,Amazon Translate
As liberdades civis protegem os direitos de liberdade pessoal.,Amir,Amazon Translate
A criptografia protege a comunicação digital por meio de algoritmos complexos.,Amir,Amazon Translate
A computação em nuvem compartilha recursos de processamento por meio de conexões com a Internet.,Amir,Amazon Translate
As laranjas florescem em climas mediterrâneos e subtropicais.,Amir,Amazon Translate
A arte em mosaico reúne pequenos azulejos ou pedras.,Amir,Amazon Translate
A Antártica é o continente mais seco e frio.,Amir,Amazon Translate
O mountain bike exige equilíbrio e coordenação hábeis.,Amir,Amazon Translate
A paleontologia estuda fósseis para entender organismos antigos.,Amir,Amazon Translate
Os partidos políticos organizam os membros em torno de crenças compartilhadas.,Amir,Amazon Translate
O software de firewall impede que tráfego indesejado entre nos sistemas de computador.,Amir,Amazon Translate
A vitamina B12 auxilia na função nervosa e na formação de glóbulos vermelhos.,Amir,Amazon Translate
Carlos Magno governou a Europa Ocidental após a queda de Roma.,Amir,Amazon Translate
A poesia épica usa ações heróicas e grandes temas.,Amir,Amazon Translate
A Ásia cobre mais terras do que outros continentes.,Amir,Amazon Translate
O Pentatlo combina cinco eventos esportivos.,Amir,Amazon Translate
A lógica booleana limita os valores a estados verdadeiros ou falsos.,Amir,Amazon Translate
As galáxias giram lentamente em torno de seus centros massivos.,Amir,Amazon Translate
A moralidade determina o que é considerado certo e errado.,Amir,Amazon Translate
O panteísmo vê a divindade em todos os aspectos do universo.,Amir,Amazon Translate
Picasso fundou o movimento cubista na arte.,Amir,Amazon Translate
A Groenlândia é a maior ilha da Terra.,Amir,Amazon Translate
Os Estados Unidos abrangem vários fusos horários.,Amir,Amazon Translate
A Segunda Guerra Mundial terminou com a rendição do Japão.,Amir,Amazon Translate
O sangue flui através de uma rede de vasos.,Amir,Amazon Translate
A identidade molda a forma como as pessoas se veem.,Amir,Amazon Translate
Os silogismos usam a lógica para raciocínio dedutivo.,Amir,Amazon Translate
O ateísmo é a descrença na existência das divindades.,Amir,Amazon Translate
As sociedades seculares separam a religião dos assuntos governamentais.,Amir,Amazon Translate
O Bluetooth conecta dispositivos sem fio em curtas distâncias.,Amir,Amazon Translate
O Renascimento do Harlem promoveu as artes negras americanas.,Amir,Amazon Translate
Madri é a capital e a maior cidade da Espanha.,Amir,Amazon Translate
As voltas de natação aumentam a aptidão aeróbica.,Amir,Amazon Translate
Os tratados formalizam a paz entre as nações.,Amir,Amazon Translate
A fritura cozinha os alimentos em óleo quente.,Amir,Amazon Translate
As calculadoras aceleram as tarefas aritméticas.,Amir,Amazon Translate
Toda matéria consiste em átomos.,Amir,Amazon Translate
O sono rotineiro melhora a saúde emocional.,Amir,Amazon Translate
A lógica indutiva extrai generalizações das evidências.,Amir,Amazon Translate
"Os taoístas buscam ações sem esforço, ou wu wei.",Amir,Amazon Translate
Organizações de caridade ajudam comunidades necessitadas.,Amir,Amazon Translate
As fábricas automatizadas aumentam a produção do produto com eficiência.,Amir,Amazon Translate
Os kiwis crescem melhor em climas temperados.,Amir,Amazon Translate
"As bandas pop costumam usar guitarra, baixo e bateria.",Amir,Amazon Translate
Matterhorn atravessa a Suíça e a Itália.,Amir,Amazon Translate
Comer devagar pode reduzir a ingestão de calorias.,Amir,Amazon Translate
As dinastias chinesas marcaram períodos históricos por famílias governantes.,Amir,Amazon Translate
A patinação combina habilidades de equilíbrio e coordenação.,Amir,Amazon Translate
Os transferidores medem os tamanhos dos ângulos para problemas de geometria.,Amir,Amazon Translate
Os condutores transmitem corrente elétrica facilmente.,Amir,Amazon Translate
A atenção plena ajuda a focar a atenção no presente.,Amir,Amazon Translate
As analogias comparam semelhanças entre tópicos não relacionados.,Amir,Amazon Translate
"O humanismo valoriza a razão, a ciência e a dignidade humana.",Amir,Amazon Translate
Os textos sagrados definem os ensinamentos religiosos.,Amir,Amazon Translate
Os judiciários interpretam as leis dentro dos sistemas judiciais.,Amir,Amazon Translate
Os veículos híbridos combinam gasolina e energia elétrica.,Amir,Amazon Translate
As mangas são frutas de caroço nativas da Ásia.,Amir,Amazon Translate
A colagem digital mistura vários elementos visuais eletronicamente.,Amir,Amazon Translate
Gaitas de foles produzem música usando palhetas fechadas.,Amir,Amazon Translate
A Costa Amalfitana é famosa pela beleza cênica.,Amir,Amazon Translate
Correr regularmente reduz os riscos de doenças cardíacas.,Amir,Amazon Translate
A Guerra da Crimeia remodelou as alianças europeias.,Amir,Amazon Translate
O tricô usa fios e agulhas para fazer tecidos.,Amir,Amazon Translate
A soma das séries soma números consecutivos.,Amir,Amazon Translate
"Às vezes, a eletricidade estática faz com que o cabelo se levante.",Amir,Amazon Translate
A vitamina E atua como antioxidante.,Amir,Amazon Translate
As etnias influenciam os costumes e tradições diárias.,Amir,Amazon Translate
Os luteranos seguem as doutrinas estabelecidas durante a Reforma Protestante.,Amir,Amazon Translate
O consenso envolve um acordo geral entre os membros do grupo.,Amir,Amazon Translate
Os fones de ouvido sem fio eliminam os cabos dos dispositivos de áudio.,Amir,Amazon Translate
As cenouras armazenam nutrientes no subsolo como raízes.,Amir,Amazon Translate
As máscaras venezianas apresentam decorações elaboradas.,Amir,Amazon Translate
Os islandeses gostam de piscinas geotérmicas aquecidas.,Amir,Amazon Translate
O espinafre contém ferro e vitaminas A e C.,Amir,Amazon Translate
Esparta era conhecida pela cultura militarista na Grécia.,Amir,Amazon Translate
Jogar xadrez melhora a capacidade de pensamento estratégico.,Amir,Amazon Translate
"A gravidade puxa objetos que caem em direção à Terra a 9,8 m/s².",Amir,Amazon Translate
O não-dualismo remove a distinção entre experiência de sujeito e objeto.,Amir,Amazon Translate
O zen-budismo pratica a meditação da atenção plena.,Amir,Amazon Translate
Os referendos permitem a votação direta em questões específicas.,Amir,Amazon Translate
Os sinais de trânsito regulam os cruzamentos.,Amir,Amazon Translate
Os tigres vivem principalmente nas florestas e pastagens da Ásia.,Amir,Amazon Translate
As óperas incluem árias cantadas por artistas solo.,Amir,Amazon Translate
Os tchecos falam oficialmente a língua tcheca.,Amir,Amazon Translate
Os egípcios desenvolveram uma das primeiras formas de escrita.,Amir,Amazon Translate
Os poodles pertencem a raças de cães de companhia.,Amir,Amazon Translate
Barbarossa foi a campanha da Alemanha nazista contra a União Soviética.,Amir,Amazon Translate
A bagagem protege os pertences durante a viagem.,Amir,Amazon Translate
A área mede o tamanho da superfície em matemática.,Amir,Amazon Translate
As massas atômicas são aproximadamente iguais a prótons e nêutrons combinados.,Amir,Amazon Translate
A influência dos pares afeta significativamente as escolhas dos adolescentes.,Amir,Amazon Translate
O racionalismo crítico enfatiza o teste de ideias para melhoria.,Amir,Amazon Translate
O simbolismo cruzado aparece em muitas religiões.,Amir,Amazon Translate
O Parlamento debate e aprova novos estatutos legais.,Amir,Amazon Translate
As grades ajudam os geógrafos a localizar lugares com precisão.,Amir,Amazon Translate
O solo abriga organismos essenciais para o crescimento das plantas.,Amir,Amazon Translate
A toranja pertence à família dos cítricos.,Amir,Amazon Translate
O jade é valorizado por esculturas e joias.,Amir,Amazon Translate
O toque da campainha é usado para sinalizar eventos.,Amir,Amazon Translate
O Império Inca se estendeu pelo oeste da América do Sul.,Amir,Amazon Translate
"Historicamente, a segregação dividiu as instalações americanas por raça.",Amir,Amazon Translate
O ar condicionado resfria edifícios em regiões quentes.,Amir,Amazon Translate
Os alertas de notificação push chegam instantaneamente aos usuários de dispositivos móveis.,Amir,Amazon Translate
Rembrandt pintou muitos autorretratos.,Amir,Amazon Translate
Sumatra é uma das maiores ilhas da Indonésia.,Amir,Amazon Translate
A Islândia fica na cordilheira meso-atlântica.,Amir,Amazon Translate
O alongamento antes do exercício evita lesões musculares.,Amir,Amazon Translate
A Revolução Francesa começou em 1789.,Amir,Amazon Translate
"As artes culinárias incluem assar, grelhar, assar e refogar.",Amir,Amazon Translate
Um hexágono tem seis lados.,Amir,Amazon Translate
O som requer um meio para viajar.,Amir,Amazon Translate
A autorreflexão melhora a compreensão pessoal.,Amir,Amazon Translate
O raciocínio indutivo usa a observação para formar teorias.,Amir,Amazon Translate
Santuários xintoístas são comuns no Japão.,Amir,Amazon Translate
As constituições descrevem as estruturas e os direitos do governo.,Amir,Amazon Translate
Os cabos de fibra óptica transmitem sinais luminosos.,Amir,Amazon Translate
As romãs são nativas do Irã e do norte da Índia.,Amir,Amazon Translate
O balé clássico teve origem na Itália durante o Renascimento.,Amir,Amazon Translate
Montreal é uma cidade na província de Quebec.,Amir,Amazon Translate
Caminhar rápido queima mais calorias do que caminhar devagar.,Amir,Amazon Translate
O Dia do Armistício comemora o fim da Primeira Guerra Mundial.,Amir,Amazon Translate
As sopas podem ser caldas ou cremosas.,Amir,Amazon Translate
As expressões algébricas usam letras para representar números.,Amir,Amazon Translate
"A matéria existe como sólidos, líquidos ou gases.",Amir,Amazon Translate
A dopamina regula o humor e a motivação.,Amir,Amazon Translate
Os argumentos lógicos têm formas válidas ou inválidas.,Amir,Amazon Translate
O panteísmo vê a natureza como divina.,Amir,Amazon Translate
Os membros do clero costumam liderar cerimônias religiosas.,Amir,Amazon Translate
Câmeras de drones filmam perspectivas aéreas.,Amir,Amazon Translate
A couve cresce bem em climas frios.,Amir,Amazon Translate
O cravo era popular na música barroca.,Amir,Amazon Translate
O Lago Baikal é o mais profundo do mundo.,Amir,Amazon Translate
Pular corda melhora a frequência cardíaca e a coordenação.,Amir,Amazon Translate
As missões Apollo exploraram a superfície lunar.,Amir,Amazon Translate
Os artistas usam mídia mista para efeitos criativos.,Amir,Amazon Translate
Bitmaps são imagens digitais feitas a partir de pixels.,Amir,Amazon Translate
Os terraços de arroz controlam a água para a agricultura.,Amir,Amazon Translate
A fome ocorre quando a ingestão calórica cai muito.,Amir,Amazon Translate
As enzimas aceleram as reações químicas nas células.,Amir,Amazon Translate
Objetos circulares rolam suavemente sobre superfícies planas.,Amir,Amazon Translate
As casas de chá servem bebedores que se socializam com amigos na Ásia.,Amir,Amazon Translate
A cosmologia explora a origem e a estrutura do universo.,Amir,Amazon Translate
As virtudes guiam o comportamento ético em todas as culturas.,Amir,Amazon Translate
As tradições religiosas influenciam as escolhas morais.,Amir,Amazon Translate
A votação garante a participação do público na governança.,Amir,Amazon Translate
Os backups baseados em nuvem protegem os dados digitais externamente.,Amir,Amazon Translate
"As bandas de jazz apresentam seções de sopro, metais e ritmo.",Amir,Amazon Translate
A Península do Sinai conecta a África e a Ásia.,Amir,Amazon Translate
O badminton exige reflexos rápidos e agilidade.,Amir,Amazon Translate
"Os átomos contêm prótons, nêutrons e elétrons.",Amir,Amazon Translate
Os neurônios sensoriais transmitem estímulos para o cérebro.,Amir,Amazon Translate
A poesia confessional revela experiências emocionais particulares.,Amir,Amazon Translate
O Lago Chad varia muito em tamanho anualmente.,Amir,Amazon Translate
A corrida para trás desafia diferentes músculos.,Amir,Amazon Translate
A terapia de sauna estimula a transpiração das toxinas.,Amir,Amazon Translate
A erosão molda as paisagens ao remover o solo e a rocha.,Amir,Amazon Translate
Freiras dedicam vidas ao serviço espiritual.,Amir,Amazon Translate
O design de iluminação cria um ambiente em teatros e eventos.,Amir,Amazon Translate
As palavras cruzadas aprimoram as habilidades de vocabulário em inglês.,Amir,Amazon Translate
Os bronquíolos fornecem ar aos alvéolos nos pulmões.,Amir,Amazon Translate
A nanotecnologia manipula a matéria em escalas atômicas.,Amir,Amazon Translate
Os sufixos modificam o significado das palavras básicas.,Amir,Amazon Translate
A evolução humana remonta a milhões de anos atrás.,Amir,Amazon Translate
Os bondes já dominaram as redes de transporte urbano.,Amir,Amazon Translate
A probabilidade estima matematicamente a probabilidade do evento.,Amir,Amazon Translate
O desvio padrão mede a variabilidade dos dados.,Amir,Amazon Translate
"Freud desenvolveu conceitos de id, ego e superego.",Amir,Amazon Translate
"Historicamente, a iconoclastia resistiu às imagens religiosas.",Amir,Amazon Translate
Os governos estaduais promulgam políticas locais.,Amir,Amazon Translate
Os sultões governaram o Império Otomano.,Amir,Amazon Translate
Os países assinam tratados para resolver disputas de forma pacífica.,Amir,Amazon Translate
Linhas e colunas organizam as informações da planilha.,Amir,Amazon Translate
Correntes fortes afastam os nadadores da costa.,Amir,Amazon Translate
As borboletas polinizam as plantas com flores.,Amir,Amazon Translate
Os atuários avaliam o risco financeiro usando modelos matemáticos.,Amir,Amazon Translate
A termodinâmica descreve as relações de calor e trabalho.,Amir,Amazon Translate
Poemas líricos expressam emoções fortes de forma sucinta.,Amir,Amazon Translate
O politeísmo adora várias divindades.,Amir,Amazon Translate
A poligamia permite o casamento com vários parceiros.,Amir,Amazon Translate
Os automóveis revolucionaram o transporte do século XX.,Amir,Amazon Translate
As lâmpadas LED consomem menos eletricidade do que a iluminação incandescente.,Amir,Amazon Translate
Trincheiras no fundo do mar marcam limites entre as placas tectônicas.,Amir,Amazon Translate
O crowdfunding apoia projetos por meio de pequenas doações individuais.,Amir,Amazon Translate
Os carnívoros comem principalmente tecidos animais.,Amir,Amazon Translate
"As lendas urbanas se espalharam amplamente, apesar da verdade questionável.",Amir,Amazon Translate
O realismo crítico combina fatos objetivos e perspectivas subjetivas.,Amir,Amazon Translate
As técnicas de afresco envolvem pintura em gesso úmido.,Amir,Amazon Translate
Os coros da igreja cantam hinos em harmonia.,Amir,Amazon Translate
Os espectros de absorção ajudam a identificar a composição dos elementos.,Amir,Amazon Translate
As onças habitam florestas tropicais na América Central e do Sul.,Amir,Amazon Translate
Pequim sediou os Jogos Olímpicos de Verão em 2008.,Amir,Amazon Translate
Os códigos de criptografia de dados restringem o acesso não autorizado.,Amir,Amazon Translate
O vento frio faz com que o ar frio pareça mais frio.,Amir,Amazon Translate
A Esfinge fica perto das pirâmides do Egito.,Amir,Amazon Translate
Madagascar é uma nação insular na costa da África.,Amir,Amazon Translate
Os polichinelos aumentam a frequência cardíaca rapidamente.,Amir,Amazon Translate
A Magna Carta limitou a autoridade real inglesa.,Amir,Amazon Translate
Graffiti é arte desenhada em superfícies públicas.,Amir,Amazon Translate
Um pentágono tem cinco lados retos.,Amir,Amazon Translate
O respeito cria um autoconceito positivo nos indivíduos.,Amir,Amazon Translate
A evidência empírica valida as conclusões lógicas.,Amir,Amazon Translate
Os rituais reencenam eventos importantes para os adoradores.,Amir,Amazon Translate
Os direitos civis existem para proteger as liberdades individuais.,Amir,Amazon Translate
A tecnologia Bluetooth substitui os cabos físicos.,Amir,Amazon Translate
O pistache é um tipo de noz verde.,Amir,Amazon Translate
A alta costura representa moda personalizada de alta qualidade.,Amir,Amazon Translate
Casablanca é a maior cidade de Marrocos em população.,Amir,Amazon Translate
Andar de bicicleta regularmente fortalece os músculos das pernas.,Amir,Amazon Translate
"Alexandre, o Grande, espalhou a cultura helenística.",Amir,Amazon Translate
O cozimento lento desenvolve sabores mais profundos.,Amir,Amazon Translate
Uma equação usa sinais de igual entre duas expressões.,Amir,Amazon Translate
As moléculas se formam quando os átomos compartilham ou transferem elétrons.,Amir,Amazon Translate
Rotinas consistentes reduzem o estresse e a ansiedade.,Amir,Amazon Translate
A lógica dedutiva aplica regras gerais a casos específicos.,Amir,Amazon Translate
O humanismo prioriza o bem-estar e a dignidade humanos.,Amir,Amazon Translate
Os sermões transmitem mensagens e aulas religiosas.,Amir,Amazon Translate
Os rastreadores de condicionamento físico monitoram os níveis de atividade física.,Amir,Amazon Translate
As mangas prosperam em climas quentes e úmidos.,Amir,Amazon Translate
A pintura barroca mostra contrastes dramáticos de luz e sombra.,Amir,Amazon Translate
A Toscana fica nas colinas ondulantes do centro da Itália.,Amir,Amazon Translate
Comer demais leva ao ganho de peso.,Amir,Amazon Translate
O Império Romano abrangeu três continentes em seu auge.,Amir,Amazon Translate
O aluguel permite arranjos de moradia temporários.,Amir,Amazon Translate
Pregos de ferro enferrujam em condições úmidas.,Amir,Amazon Translate
A prática regular de atenção plena reduz os comportamentos impulsivos.,Amir,Amazon Translate
As analogias esclarecem ideias abstratas usando exemplos relacionáveis.,Amir,Amazon Translate
O pragmatismo julga as ações com base em resultados práticos.,Amir,Amazon Translate
Textos sagrados moldam as tradições religiosas.,Amir,Amazon Translate
As legislaturas redigem e revisam estatutos legais.,Amir,Amazon Translate
Os telefones celulares usam redes celulares para comunicação.,Amir,Amazon Translate
Os nabos crescem como raízes vegetais no subsolo.,Amir,Amazon Translate
O vitral decora muitas igrejas antigas.,Amir,Amazon Translate
Cingapura é conhecida por regulamentos rígidos de limpeza.,Amir,Amazon Translate
O potássio mantém o equilíbrio de fluidos nas células.,Amir,Amazon Translate
Os papéis de gênero são moldados pela cultura e pela história.,Amir,Amazon Translate
Os arcebispos supervisionam grandes territórios cristãos.,Amir,Amazon Translate
Os contratos sociais explicam como as leis surgem de acordos públicos.,Amir,Amazon Translate
Os fóruns on-line permitem discussões em grupo em todo o mundo.,Amir,Amazon Translate
Mosaicos bizantinos ilustram cenas bíblicas em fundos dourados.,Amir,Amazon Translate
O Kilimanjaro se eleva acima das planícies da África Oriental.,Amir,Amazon Translate
O hóquei em campo usa paus e bolas duras.,Amir,Amazon Translate
Os átomos de carbono se ligam facilmente em moléculas orgânicas longas.,Amir,Amazon Translate
Os sinais nervosos enviam mensagens sensoriais rapidamente.,Amir,Amazon Translate
O medidor mede o comprimento no sistema métrico.,Amir,Amazon Translate
Romances épicos acompanham heróis ao longo de gerações e viagens.,Amir,Amazon Translate
O animismo vê espíritos habitando objetos naturais.,Amir,Amazon Translate
A Sharia influencia a lei em alguns países islâmicos.,Amir,Amazon Translate
A diplomacia negocia acordos de paz internacionalmente.,Amir,Amazon Translate
Os referendos convidam à democracia direta em questões.,Amir,Amazon Translate
A latitude mede a distância ao norte ou ao sul do equador.,Amir,Amazon Translate
Os furacões giram devido ao efeito Coriolis da Terra.,Amir,Amazon Translate
As abelhas ajudam a fertilizar as flores enquanto procuram o néctar.,Amir,Amazon Translate
Os analistas interpretam as tendências do mercado de ações diariamente.,Amir,Amazon Translate
Os sensores de movimento detectam movimento em ambientes internos e externos.,Amir,Amazon Translate
Pontes sustentam estradas sobre rios ou vales.,Amir,Amazon Translate
A asma restringe a respiração durante certos gatilhos.,Amir,Amazon Translate
Os glifos transmitem a linguagem por meio de símbolos baseados em imagens.,Amir,Amazon Translate
Os exploradores do Ártico enfrentam frio e isolamento extremos.,Amir,Amazon Translate
A cinematografia é vital para contar histórias em filmes.,Amir,Amazon Translate
Os quadrúpedes andam naturalmente sobre quatro patas.,Amir,Amazon Translate
As impressões digitais fornecem métodos exclusivos de identificação pessoal.,Amir,Amazon Translate
Banksy é um conhecido artista de rua anônimo.,Amir,Amazon Translate
O Tibete fica no planalto mais alto do mundo.,Amir,Amazon Translate
"O Brasil faz fronteira com todos os países da América do Sul, exceto Chile e Equador.",Amir,Amazon Translate
Os abdominais exercitam os músculos abdominais e a força central.,Amir,Amazon Translate
O pouso na lua ocorreu em 1969.,Amir,Amazon Translate
A fotografia de rua captura momentos espontâneos em espaços públicos.,Amir,Amazon Translate
Os líquidos assumem a forma de seus recipientes.,Amir,Amazon Translate
As conquistas pessoais aumentam a autoestima e a motivação.,Amir,Amazon Translate
A intuição complementa a análise lógica na tomada de decisões.,Amir,Amazon Translate
O sikhismo começou no Punjab do século XV.,Amir,Amazon Translate
As bibliotecas públicas oferecem livros gratuitos para uso comunitário.,Amir,Amazon Translate
As sementes de gergelim são usadas para assar e cozinhar.,Amir,Amazon Translate
"Os filmes de Bollywood combinam música, drama e dança.",Amir,Amazon Translate
Bangkok é a capital e maior cidade da Tailândia.,Amir,Amazon Translate
A caminhada motorizada aumenta a resistência com o mínimo impacto nas articulações.,Amir,Amazon Translate
A Declaração de Independência foi assinada em 1776.,Amir,Amazon Translate
A fabricação caseira cria cerveja por meio de fermentação controlada.,Amir,Amazon Translate
Os decimais expressam valores fracionários usando a notação de valor posicional.,Amir,Amazon Translate
Os gases se expandem para preencher qualquer espaço disponível.,Amir,Amazon Translate
A rotina ajuda as crianças a se sentirem seguras e protegidas.,Amir,Amazon Translate
O raciocínio circular repete afirmações sem provas válidas.,Amir,Amazon Translate
O transcendentalismo enfatiza a intuição e a espiritualidade natural.,Amir,Amazon Translate
Os ministros lideram congregações e cerimônias cristãs.,Amir,Amazon Translate
"A tecnologia vestível monitora passos, frequência cardíaca ou ciclos de sono.",Amir,Amazon Translate
A goiaba cresce em árvores tropicais perenes.,Amir,Amazon Translate
O expressionismo transmite emoção por meio de cores e formas ousadas.,Amir,Amazon Translate
O Rio de Janeiro tem praias famosas e desfiles de carnaval.,Amir,Amazon Translate
Lanches no meio da manhã podem interromper a regulação do apetite.,Amir,Amazon Translate
O Império Asteca dominou a região central do México antes do contato com a Europa.,Amir,Amazon Translate
Colegas de quarto dividem os custos e as tarefas domésticas juntos.,Amir,Amazon Translate
Um ano bissexto adiciona um dia extra a fevereiro.,Amir,Amazon Translate
O alumínio resiste à corrosão melhor do que o ferro.,Amir,Amazon Translate
O orçamento restringe gastos desnecessários a longo prazo.,Amir,Amazon Translate
O simbolismo dá aos objetos significados mais amplos em histórias ou arte.,Amir,Amazon Translate
A fenomenologia estuda experiências conscientes sistematicamente.,Amir,Amazon Translate
As parábolas ensinam moral nas escrituras religiosas.,Amir,Amazon Translate
Os poderes executivos aplicam as leis em nível governamental.,Amir,Amazon Translate
A fibra óptica melhora muito a velocidade da Internet.,Amir,Amazon Translate
O grafite expressa mensagens sociais em superfícies urbanas.,Amir,Amazon Translate
Os pastores aconselham os paroquianos em questões de fé.,Amir,Amazon Translate
Ações civis resolvem divergências legais não criminais.,Amir,Amazon Translate
As plataformas digitais permitem conversas globais com facilidade.,Amir,Amazon Translate
Os polinizadores ajudam as plantas a se reproduzirem por meio da transferência de pólen.,Amir,Amazon Translate
A arquitetura art déco usa designs geométricos e simplificados.,Amir,Amazon Translate
As Montanhas Rochosas formam a maior cordilheira contínua da América do Norte.,Amir,Amazon Translate
O beisebol envolve bater bolas com bastões em direção às bases.,Amir,Amazon Translate
Os neurônios motores controlam o movimento muscular em todo o corpo.,Amir,Amazon Translate
Os dramas se concentram no desenvolvimento emocional ou no conflito.,Amir,Amazon Translate
O estoicismo ensina a virtude como o maior bem da vida.,Amir,Amazon Translate
Os pregadores fazem sermões durante os cultos de adoração.,Amir,Amazon Translate
Os juízes interpretam as regras de acordo com a lei estabelecida.,Amir,Amazon Translate
Os smartphones funcionam em sistemas operacionais móveis.,Amir,Amazon Translate
Os rabanetes amadurecem rapidamente da semente à colheita.,Amir,Amazon Translate
Os murais decoram edifícios com grandes imagens pintadas.,Amir,Amazon Translate
Seul é a capital da Coreia do Sul.,Amir,Amazon Translate
O fósforo auxilia na formação de ossos e dentes saudáveis.,Amir,Amazon Translate
Os papéis sociais definem os comportamentos esperados nos grupos.,Amir,Amazon Translate
Os monges dedicam vidas à oração e ao aprendizado.,Amir,Amazon Translate
As petições coletam assinaturas para solicitações de mudança de política.,Amir,Amazon Translate
As mensagens de texto transmitem comunicações breves digitalmente.,Amir,Amazon Translate
As espécies endêmicas vivem apenas em regiões geográficas específicas.,Amir,Amazon Translate
Os trenós puxados por cães transportam suprimentos por terrenos nevados.,Amir,Amazon Translate
Os mosaicos romanos decoravam pisos e paredes com pequenos azulejos.,Amir,Amazon Translate
O acampamento base do Everest atrai trekkers em todo o mundo.,Amir,Amazon Translate
Os chefs criam receitas culinárias profissionalmente.,Amir,Amazon Translate
A divisão longa separa os números em partes inteiras.,Amir,Amazon Translate
A genética explica as características herdadas dos seres vivos.,Amir,Amazon Translate
A ficção curta conta histórias completas em poucas páginas.,Amir,Amazon Translate
Os totens representam a ancestralidade entre os povos nativos.,Amir,Amazon Translate
Os animadores dão vida aos personagens quadro a quadro.,Amir,Amazon Translate
"Os crustáceos incluem caranguejos, lagostas e camarões.",Amir,Amazon Translate
Hokusai criou a famosa gravura “A Grande Onda de Kanagawa”.,Amir,Amazon Translate
A Tasmânia é um estado insular da Austrália.,Amir,Amazon Translate
A Suíça não tem litoral e faz fronteira com cinco países.,Amir,Amazon Translate
As flexões usam o peso corporal para treinamento de resistência.,Amir,Amazon Translate
A Apollo 13 foi uma missão lunar quase desastrosa.,Amir,Amazon Translate
A caligrafia requer um controle cuidadoso das pinceladas com caneta ou pincel.,Amir,Amazon Translate
Um círculo tem linhas infinitas de simetria.,Amir,Amazon Translate
A matéria é conservada em reações físicas ou químicas.,Amir,Amazon Translate
As afirmações diárias podem apoiar o crescimento da autoestima.,Amir,Amazon Translate
Os métodos de pesquisa testam hipóteses por meio da observação.,Amir,Amazon Translate
"Os jardins zen organizam rochas, areia e plantas esteticamente.",Amir,Amazon Translate
Os deveres cívicos incluem votação e serviço de júri.,Amir,Amazon Translate
A rede sem fio permite a conectividade do dispositivo sem cabos.,Amir,Amazon Translate
Os tomates secos ao sol são usados como ingredientes culinários.,Amir,Amazon Translate
A música salsa combina ritmos afro-cubanos e elementos de jazz.,Amir,Amazon Translate
Vancouver fica entre o Oceano Pacífico e as Montanhas Costeiras.,Amir,Amazon Translate
O remo usa força coordenada de braços e costas.,Amir,Amazon Translate
O Édito de Nantes permitiu a liberdade religiosa francesa.,Amir,Amazon Translate
O vapor cozinha vegetais enquanto retém mais nutrientes.,Amir,Amazon Translate
O sistema hexadecimal usa dezesseis dígitos possíveis.,Amir,Amazon Translate
Os plasmas conduzem melhor a eletricidade do que os gases.,Amir,Amazon Translate
O ritmo circadiano afeta o estado de alerta em momentos diferentes.,Amir,Amazon Translate
Os sinais analógicos variam continuamente ao longo do tempo.,Amir,Amazon Translate
O estruturalismo analisa padrões dentro dos sistemas culturais.,Amir,Amazon Translate
Os padres realizam rituais em muitas religiões do mundo.,Amir,Amazon Translate
Os serviços de compartilhamento de caronas dependem de aplicativos móveis.,Amir,Amazon Translate
"A fruta durian tem um cheiro forte, mas tem um sabor doce.",Amir,Amazon Translate
O Art Nouveau apresenta curvas fluidas e formas naturais.,Amir,Amazon Translate
A Filarmônica de Viena é uma renomada orquestra clássica.,Amir,Amazon Translate
Comer em pé às vezes reduz o tamanho das porções.,Amir,Amazon Translate
Os incas construíram extensas redes rodoviárias na América do Sul.,Amir,Amazon Translate
Os dormitórios oferecem moradia compartilhada nas universidades.,Amir,Amazon Translate
O acúmulo de hábitos cria novas rotinas com base nos hábitos existentes.,Amir,Amazon Translate
As metáforas visuais mostram ideias simbolicamente na arte.,Amir,Amazon Translate
O consequencialismo julga a moralidade pelos resultados das ações.,Amir,Amazon Translate
As liturgias são formas definidas de adoração pública.,Amir,Amazon Translate
O código civil abrange questões de direito não criminal.,Amir,Amazon Translate
A criptografia embaralha dados digitais para garantir privacidade.,Amir,Amazon Translate
Radicchio adiciona sabor amargo às saladas mistas.,Amir,Amazon Translate
Marcar grafites deixa o identificador do artista nas paredes públicas.,Amir,Amazon Translate
As freiras podem dar aulas na escola ou cuidar de doentes.,Amir,Amazon Translate
A lei de patentes protege temporariamente os trabalhos originais dos inventores.,Amir,Amazon Translate
O financiamento coletivo ajuda pequenas empresas a levantar capital financeiro.,Amir,Amazon Translate
A teia alimentar descreve como a energia flui nos ecossistemas.,Amir,Amazon Translate
As igrejas barrocas usavam esculturas banhadas a ouro nos altares.,Amir,Amazon Translate
Os Apalaches se estendem do Alabama ao Canadá.,Amir,Amazon Translate
As raquetes de badminton têm alças longas e cabeças de cordas.,Amir,Amazon Translate
O metano libera calor quando queimado.,Amir,Amazon Translate
A luz viaja mais rápido do que qualquer outro fenômeno conhecido.,Amir,Amazon Translate
As cadeiras suportam o peso corporal durante o trabalho ou descanso.,Amir,Amazon Translate
A poesia épica narra aventuras ou missões heróicas.,Amir,Amazon Translate
Os convênios estabelecem promessas vinculativas na tradição judaica.,Amir,Amazon Translate
Os tribunais constitucionais decidem se as leis se encaixam na constituição de uma nação.,Amir,Amazon Translate
A semeadura de nuvens visa desencadear chuvas artificialmente.,Amir,Amazon Translate
A banda larga fornece conexões de internet de alta velocidade.,Amir,Amazon Translate
Os eventos de resistência desafiam a resistência dos participantes à distância.,Amir,Amazon Translate
Grupos de dança treinam extensivamente para apresentações sincronizadas.,Amir,Amazon Translate
Os vegetais crucíferos contêm compostos que promovem a saúde.,Amir,Amazon Translate
A memória episódica armazena experiências pessoais específicas.,Amir,Amazon Translate
Os pintores de ícones criam imagens espirituais chamadas ícones.,Amir,Amazon Translate
O Direito Canônico rege os procedimentos dentro da Igreja Católica Romana.,Amir,Amazon Translate
Os minaretes marcam visualmente as mesquitas islâmicas.,Amir,Amazon Translate
As salas de emergência tratam situações médicas que ameaçam a vida.,Amir,Amazon Translate
O âmbar vem da resina endurecida da árvore.,Amir,Amazon Translate
Os herbívoros consomem apenas material vegetal.,Amir,Amazon Translate
Os estágios combinam aprendizado com experiência prática de trabalho.,Amir,Amazon Translate
A alfabetização midiática permite a análise da credibilidade das notícias.,Amir,Amazon Translate
As biosferas abrangem todos os seres vivos que interagem globalmente.,Amir,Amazon Translate
Os tubos de ensaio retêm líquidos durante experimentos científicos.,Amir,Amazon Translate
Os glossários definem termos especializados em livros.,Amir,Amazon Translate
Os guindastes de origami simbolizam esperança e cura.,Amir,Amazon Translate
As funções do lado esquerdo do cérebro enfatizam a lógica e a orientação detalhada.,Amir,Amazon Translate
Os murais de Banksy geralmente abordam temas políticos.,Amir,Amazon Translate
A Sicília é a maior ilha do Mediterrâneo.,Amir,Amazon Translate
Greenwich marca o meridiano principal em longitude zero.,Amir,Amazon Translate
Os pulmões fortalecem as pernas e os glúteos.,Amir,Amazon Translate
Os irmãos Wright pilotaram o primeiro avião.,Amir,Amazon Translate
A animação stop-motion usa imagens estáticas para criar movimento.,Amir,Amazon Translate
Os quadriláteros têm quatro lados.,Amir,Amazon Translate
As soluções são misturas homogêneas de substâncias.,Amir,Amazon Translate
A gestão do tempo aumenta a autoeficácia dos estudantes.,Amir,Amazon Translate
As heurísticas aceleram processos de decisão complexos.,Amir,Amazon Translate
As peregrinações atraem os crentes a locais sagrados.,Amir,Amazon Translate
As organizações sem fins lucrativos operam sem distribuir lucros como dividendos.,Amir,Amazon Translate
Os termostatos inteligentes adaptam os horários de aquecimento automaticamente.,Amir,Amazon Translate
A polca é originária da Europa Central.,Amir,Amazon Translate
Berlim fica ao longo do rio Spree.,Amir,Amazon Translate
As mulheres ganharam o direito de voto nos EUA em 1920.,Amir,Amazon Translate
Os baristas preparam bebidas de café profissionalmente.,Amir,Amazon Translate
As porcentagens expressam valores de cem.,Amir,Amazon Translate
A destilação separa os líquidos por pontos de ebulição.,Amir,Amazon Translate
Os rótulos nutricionais informam as escolhas alimentares saudáveis.,Amir,Amazon Translate
A validade se refere a quão bem um teste mede algo.,Amir,Amazon Translate
Os paradoxos lógicos revelam contradições não intencionais.,Amir,Amazon Translate
O cristianismo ortodoxo emprega ícones nas práticas de adoração.,Amir,Amazon Translate
As ordens executivas direcionam as ações das agências governamentais.,Amir,Amazon Translate
Os fones de ouvido Bluetooth permitem chamadas telefônicas sem usar as mãos.,Amir,Amazon Translate
A cúrcuma adiciona cor amarela e sabor terroso à culinária.,Amir,Amazon Translate
As histórias em quadrinhos contam histórias sequenciais com ilustrações.,Amir,Amazon Translate
O palácio de Alhambra reflete a arquitetura islâmica na Espanha.,Amir,Amazon Translate
O frango grelhado fornece proteína magra para dietas.,Amir,Amazon Translate
O Império Otomano abrangeu partes de três continentes.,Amir,Amazon Translate
Os inquilinos assinam contratos de arrendamento ao alugar apartamentos.,Amir,Amazon Translate
O perímetro calcula a distância total em torno da borda do polígono.,Amir,Amazon Translate
Os relógios de quartzo mantêm o tempo preciso usando vibrações de cristal.,Amir,Amazon Translate
O controle de impulsos evita comportamentos de risco em crianças.,Amir,Amazon Translate
A filosofia existencial aborda a liberdade e o propósito humanos.,Amir,Amazon Translate
As fábulas usam animais para ensinar lições de moral.,Amir,Amazon Translate
Os prefeitos atuam como líderes municipais.,Amir,Amazon Translate
O Amazon Kindle popularizou a leitura eletrônica digital em todo o mundo.,Amir,Amazon Translate
"As pastinacas parecem cenouras, mas são mais claras e doces.",Amir,Amazon Translate
O claro-escuro contrasta dramaticamente a luz e a sombra na arte.,Amir,Amazon Translate
Loch Ness fica no norte da Escócia.,Amir,Amazon Translate
"O pickleball combina regras de tênis, badminton e pingue-pongue.",Amir,Amazon Translate
O níquel resiste à corrosão e forma ligas facilmente.,Amir,Amazon Translate
Curvas de luz viajando através de diferentes materiais transparentes.,Amir,Amazon Translate
As adaptações cinematográficas traduzem livros em narrativas visuais.,Amir,Amazon Translate
O ensino confucionista enfatiza a lealdade familiar.,Amir,Amazon Translate
A polícia aplica as leis criminais localmente.,Amir,Amazon Translate
Os aplicativos móveis oferecem utilidade especializada em smartphones.,Amir,Amazon Translate
Os rabanetes amadurecem rapidamente para saladas frescas.,Amir,Amazon Translate
Os guindastes de papel origami representam esperança na cultura japonesa.,Amir,Amazon Translate
O sapateado apresenta sons sincronizados dos pés.,Amir,Amazon Translate
Kumquats são pequenas frutas cítricas consumidas inteiras.,Amir,Amazon Translate
A autorrealização representa o pico de satisfação psicológica.,Amir,Amazon Translate
Os modelos influenciam positivamente o desenvolvimento dos jovens.,Amir,Amazon Translate
Os capelães fornecem apoio espiritual em hospitais.,Amir,Amazon Translate
Os tribunais eclesiásticos decidem sobre questões jurídicas religiosas.,Amir,Amazon Translate
As academias oferecem instalações para treinamento cardiovascular e de resistência.,Amir,Amazon Translate
Os portfólios coletam obras de arte para análise ou apresentação.,Amir,Amazon Translate
A teoria dos grafos estuda as relações entre os nós conectados.,Amir,Amazon Translate
Os recursos humanos gerenciam as relações de trabalho dentro das empresas.,Amir,Amazon Translate
"A adoração inclui orações, músicas e rituais devotos.",Amir,Amazon Translate
As catedrais apresentam tetos abobadados e vitrais.,Amir,Amazon Translate
Os pintores impressionistas usavam pinceladas rápidas e cenas ao ar livre.,Amir,Amazon Translate
Os alimentos halal estão em conformidade com os padrões dietéticos islâmicos.,Amir,Amazon Translate
O cuidado de idosos atende às necessidades de vida diária dos idosos.,Amir,Amazon Translate
Os jardins botânicos exibem uma variedade de espécies de plantas.,Amir,Amazon Translate
As missões de Marte buscam evidências de vida.,Amir,Amazon Translate
O papel tornassol testa a acidez ou alcalinidade da substância.,Amir,Amazon Translate
A higiene pessoal protege contra doenças e infecções.,Amir,Amazon Translate
O aconselhamento ajuda a resolver problemas pessoais e emocionais.,Amir,Amazon Translate
As novelas gráficas combinam imagens e histórias escritas.,Amir,Amazon Translate
Pi é uma constante matemática irracional.,Amir,Amazon Translate
A agronomia promove a fertilidade do solo e o rendimento das colheitas.,Amir,Amazon Translate
Os tabernáculos armazenam pão consagrado nas igrejas católicas.,Amir,Amazon Translate
A arqueologia examina culturas passadas por meio de restos materiais.,Amir,Amazon Translate
Os portões xintoístas torii marcam as entradas dos santuários.,Amir,Amazon Translate
A carbonatação cria bolhas nos refrigerantes.,Amir,Amazon Translate
Os símiles se comparam a coisas diferentes usando “como” ou “como”.,Amir,Amazon Translate
A magnetita é um mineral magnético natural.,Amir,Amazon Translate
Os livros de referência geral fornecem uma visão geral de muitos tópicos.,Amir,Amazon Translate
O dicionário define as palavras e seus usos.,Amir,Amazon Translate
As enciclopédias compilam conhecimento em várias disciplinas.,Amir,Amazon Translate
Os atlas exibem coleções de mapas para referência.,Amir,Amazon Translate
Bibliotecas de referência organizam materiais para uso público.,Amir,Amazon Translate
As estatísticas resumem grandes quantidades de informações numéricas.,Amir,Amazon Translate
As bibliografias listam fontes referenciadas em trabalhos acadêmicos.,Amir,Amazon Translate
Os índices ajudam a localizar assuntos específicos em um livro.,Amir,Amazon Translate
Os glossários esclarecem os termos usados no texto.,Amir,Amazon Translate
Os almanaques apresentam dados e fatos anuais.,Amir,Amazon Translate
Os formatos de citação garantem clareza na redação acadêmica.,Amir,Amazon Translate
As cronologias descrevem os eventos em ordem sequencial.,Amir,Amazon Translate
Os catálogos organizam itens ou produtos por categorias relevantes.,Amir,Amazon Translate
Os guias fornecem conselhos práticos sobre lugares ou atividades.,Amir,Amazon Translate
Os dicionários de sinônimos oferecem opções alternativas de palavras.,Amir,Amazon Translate
Os resumos resumem o conteúdo dos trabalhos de pesquisa.,Amir,Amazon Translate
Os manuais explicam como operar vários dispositivos.,Amir,Amazon Translate
Os compêndios combinam vários conhecimentos em uma única fonte.,Amir,Amazon Translate
Os horários organizam tarefas ou eventos em ordem cronológica.,Amir,Amazon Translate
Documentos oficiais registram transações ou acordos importantes.,Amir,Amazon Translate
"Museus de arte coletam, preservam e exibem obras de arte.",Amir,Amazon Translate
O balé usa movimento e música para contar histórias.,Amir,Amazon Translate
A poesia expressa sentimentos por meio de uma linguagem cuidadosamente escolhida.,Amir,Amazon Translate
Os romances criam mundos imaginários para os leitores.,Amir,Amazon Translate
Canções folclóricas refletem identidade e herança cultural.,Amir,Amazon Translate
A escultura transforma materiais em formas tridimensionais.,Amir,Amazon Translate
A arquitetura molda os ambientes humanos por meio de estruturas projetadas.,Amir,Amazon Translate
Os quadrinhos misturam imagens e diálogos para um efeito narrativo.,Amir,Amazon Translate
As sinfonias são composições musicais orquestrais complexas.,Amir,Amazon Translate
Os filmes usam imagens em movimento para contar histórias.,Amir,Amazon Translate
Pinturas murais decoram grandes paredes com cenas artísticas.,Amir,Amazon Translate
O drama retrata conflitos por meio de diálogos e ações faladas.,Amir,Amazon Translate
O design de moda influencia as tendências de roupas em todo o mundo.,Amir,Amazon Translate
A fotografia captura momentos com câmeras.,Amir,Amazon Translate
A cerâmica transforma a argila em objetos funcionais ou decorativos.,Amir,Amazon Translate
As artes cênicas exigem apresentação ao vivo antes do público.,Amir,Amazon Translate
A encadernação cria volumes duráveis e acessíveis de representações escritas.,Amir,Amazon Translate
As tradições culturais variam entre os diferentes grupos étnicos.,Amir,Amazon Translate
Os festivais marcam ocasiões sociais ou religiosas significativas.,Amir,Amazon Translate
O artesanato enfatiza a criação habilidosa à mão.,Amir,Amazon Translate
As técnicas de pintura podem envolver aquarelas ou óleos.,Amir,Amazon Translate
A literatura analisa a sociedade por meio da ficção ou da poesia.,Amir,Amazon Translate
A dança transmite significado sem usar palavras faladas.,Amir,Amazon Translate
Os mitos representam explicações tradicionais para ocorrências naturais.,Amir,Amazon Translate
A arte digital utiliza tecnologia para expressão criativa.,Amir,Amazon Translate
Os museus interpretam a história por meio de exibições de artefatos.,Amir,Amazon Translate
As capitais mundiais servem como centros administrativos para os países.,Amir,Amazon Translate
As ilhas são massas de terra cercadas por água.,Amir,Amazon Translate
As florestas tropicais contêm vegetação densa e vida selvagem diversificada.,Amir,Amazon Translate
Os platôs têm terreno plano em alta altitude.,Amir,Amazon Translate
As florestas oferecem habitats para várias espécies.,Amir,Amazon Translate
Os cânions resultam de processos prolongados de erosão.,Amir,Amazon Translate
As fronteiras separam países ou regiões geograficamente.,Amir,Amazon Translate
Os lagos armazenam água doce no interior.,Amir,Amazon Translate
Os vales são encontrados entre colinas ou montanhas.,Amir,Amazon Translate
As penínsulas se estendem por corpos d'água maiores.,Amir,Amazon Translate
Os deltas se formam onde os rios encontram águas maiores.,Amir,Amazon Translate
Os centros urbanos concentram população e infraestrutura.,Amir,Amazon Translate
Os estuários equilibram os ecossistemas de água salgada e doce.,Amir,Amazon Translate
As cavernas se desenvolvem naturalmente no subsolo.,Amir,Amazon Translate
As zonas úmidas sustentam plantas adaptadas a solos saturados.,Amir,Amazon Translate
O exercício mantém a aptidão cardiovascular.,Amir,Amazon Translate
A hidratação evita a desidratação e a exaustão pelo calor.,Amir,Amazon Translate
A restauração do sono apoia a função imune saudável.,Amir,Amazon Translate
As vitaminas contribuem para os processos metabólicos essenciais.,Amir,Amazon Translate
Lavar as mãos reduz a transmissão de doenças infecciosas.,Amir,Amazon Translate
Uma dieta balanceada inclui frutas e vegetais todos os dias.,Amir,Amazon Translate
Os exames de rotina promovem a detecção precoce de problemas de saúde.,Amir,Amazon Translate
A atividade física ajuda a controlar o ganho de peso.,Amir,Amazon Translate
Os dentistas previnem a cárie dentária e as doenças gengivais.,Amir,Amazon Translate
Caminhar beneficia o bem-estar físico e mental.,Amir,Amazon Translate
A postura correta evita dores e lesões nas articulações.,Amir,Amazon Translate
O relaxamento mental diminui os hormônios do estresse.,Amir,Amazon Translate
As vacinas se defendem contra certas doenças virais.,Amir,Amazon Translate
Hábitos alimentares saudáveis reduzem a probabilidade de doenças crônicas.,Amir,Amazon Translate
Tomar café da manhã aumenta os níveis de energia matinais.,Amir,Amazon Translate
As alergias ocorrem quando o sistema imunológico reage a substâncias inofensivas.,Amir,Amazon Translate
A Primeira Guerra Mundial terminou em 1918.,Amir,Amazon Translate
O Grande Incêndio de Londres aconteceu em 1666.,Amir,Amazon Translate
A Grécia antiga contribuiu amplamente para a civilização ocidental.,Amir,Amazon Translate
Roma se tornou uma república antes de se tornar um império.,Amir,Amazon Translate
A Magna Carta foi assinada em 1215.,Amir,Amazon Translate
Cristóvão Colombo chegou à América em 1492.,Amir,Amazon Translate
Mahatma Gandhi liderou o movimento de independência da Índia.,Amir,Amazon Translate
O feudalismo prevaleceu na Europa medieval.,Amir,Amazon Translate
A escravidão foi abolida nos Estados Unidos em 1865.,Amir,Amazon Translate
A exploração espacial começou em meados do século XX.,Amir,Amazon Translate
Nelson Mandela lutou contra o apartheid na África do Sul.,Amir,Amazon Translate
A invenção da imprensa impressa revolucionou a comunicação.,Amir,Amazon Translate
A revolução industrial aumentou a mecanização e o crescimento urbano.,Amir,Amazon Translate
As mulheres conquistaram o direito ao sufrágio em todo o mundo ao longo do século XX.,Amir,Amazon Translate
O desenvolvimento da Internet acelerou rapidamente após 1990.,Amir,Amazon Translate
O Renascimento redescobriu o conhecimento clássico e a arte na Europa.,Amir,Amazon Translate
O inglês é amplamente falado em todo o mundo.,Amir,Amazon Translate
Os viajantes usam passaportes para viagens internacionais.,Amir,Amazon Translate
O varejo envolve a venda de produtos diretamente aos consumidores.,Amir,Amazon Translate
As negociações resolvem as diferenças entre as partes.,Amir,Amazon Translate
A jardinagem cultiva plantas para beleza ou alimentação.,Amir,Amazon Translate
Cozinhar prepara os ingredientes para o consumo.,Amir,Amazon Translate
A votação permite que os cidadãos escolham líderes democraticamente.,Amir,Amazon Translate
Trabalhar compreende emprego remunerado ou trabalho autônomo.,Amir,Amazon Translate
As compras trocam dinheiro por produtos necessários.,Amir,Amazon Translate
O ensino transmite conhecimentos e habilidades aos alunos.,Amir,Amazon Translate
A condução opera veículos em vias públicas.,Amir,Amazon Translate
A natação se move eficientemente na água por meio de movimentos coordenados.,Amir,Amazon Translate
Caminhar explora ambientes naturais a pé.,Amir,Amazon Translate
As corridas de corrida medem a velocidade e a resistência.,Amir,Amazon Translate
A marcenaria fabrica itens úteis a partir de recursos madeireiros.,Amir,Amazon Translate
A atuação assume papéis em apresentações dramáticas.,Amir,Amazon Translate
Estudar resenhas de material para reter ou aprender novas ideias.,Amir,Amazon Translate
A construção monta edifícios de acordo com as plantas.,Amir,Amazon Translate
"A matemática estuda números, padrões e relacionamentos.",Amir,Amazon Translate
A adição combina valores para produzir uma soma.,Amir,Amazon Translate
Divida as quantidades de partições uniformemente entre os grupos.,Amir,Amazon Translate
A subtração encontra diferenças entre dois números.,Amir,Amazon Translate
As frações denotam porções de um todo.,Amir,Amazon Translate
Os decimais expressam partes menores que uma unidade.,Amir,Amazon Translate
A probabilidade estima as chances de resultados possíveis.,Amir,Amazon Translate
O cálculo aborda a mudança e a acumulação quantitativamente.,Amir,Amazon Translate
A lógica investiga os princípios do raciocínio válido.,Amir,Amazon Translate
Os gráficos visualizam conjuntos de dados para análise.,Amir,Amazon Translate
Os números primos são divisíveis apenas por um e por si mesmos.,Amir,Amazon Translate
A área mede o espaço dentro de um determinado limite.,Amir,Amazon Translate
As proporções comparam diretamente os tamanhos de duas quantidades.,Amir,Amazon Translate
As funções relacionam entradas com saídas de forma consistente.,Amir,Amazon Translate
As fórmulas padronizam os procedimentos de cálculo.,Amir,Amazon Translate
A densidade descreve a massa por volume de material.,Amir,Amazon Translate
A erosão desgasta as rochas e o solo.,Amir,Amazon Translate
A gravidade puxa tudo em direção aos núcleos planetários.,Amir,Amazon Translate
Os ímãs induzem atração ou repulsão entre os pólos.,Amir,Amazon Translate
Os metais conduzem facilmente a corrente elétrica.,Amir,Amazon Translate
O oxigênio auxilia a respiração animal e humana.,Amir,Amazon Translate
O carbono forma a base dos compostos orgânicos.,Amir,Amazon Translate
Os ácidos têm um sabor azedo e liberam íons de hidrogênio em solução.,Amir,Amazon Translate
As bases parecem escorregadias e neutralizam os ácidos.,Amir,Amazon Translate
Os vírus infectam organismos vivos para reprodução.,Amir,Amazon Translate
As ondas sonoras contornam obstáculos e barreiras.,Amir,Amazon Translate
O calor flui espontaneamente dos objetos mais quentes para os mais frios.,Amir,Amazon Translate
A ampliação amplia as amostras microscópicas para observação.,Amir,Amazon Translate
A nutrição fornece os alicerces para o reparo corporal.,Amir,Amazon Translate
O número atômico conta os prótons nos núcleos dos elementos.,Amir,Amazon Translate
"As pessoas interagem por meio da fala, linguagem corporal e expressões faciais.",Amir,Amazon Translate
A memória retém experiências passadas para recordação futura.,Amir,Amazon Translate
Os traços de personalidade distinguem os indivíduos de forma única.,Amir,Amazon Translate
O envelhecimento introduz mudanças biológicas graduais em humanos.,Amir,Amazon Translate
As taxas de crescimento diferem em todas as fases da vida.,Amir,Amazon Translate
A curiosidade motiva o aprendizado e a exploração.,Amir,Amazon Translate
A colaboração alcança mais do que o esforço individual costuma fazer.,Amir,Amazon Translate
A motivação impulsiona a busca de objetivos pessoais.,Amir,Amazon Translate
A confiança fortalece as relações interpessoais.,Amir,Amazon Translate
O pensamento crítico avalia as evidências disponíveis de forma lógica.,Amir,Amazon Translate
A autorreflexão avalia os pontos fortes e direciona a melhoria.,Amir,Amazon Translate
Os hábitos moldam o comportamento por longos períodos.,Amir,Amazon Translate
O estresse afeta negativamente a saúde mental e física.,Amir,Amazon Translate
A criatividade produz soluções ou ideias originais.,Amir,Amazon Translate
Os valores orientam os julgamentos morais e as escolhas diárias.,Amir,Amazon Translate
As crenças informam a formação da visão de mundo.,Amir,Amazon Translate
A capacidade de atenção varia com base no interesse ou na fadiga.,Amir,Amazon Translate
A inferência tira conclusões das pistas observadas.,Amir,Amazon Translate
"A filosofia debate existência, propósito e moralidade.",Amir,Amazon Translate
A razão considera as consequências antes de tomar decisões.,Amir,Amazon Translate
A indução infere princípios gerais a partir das observações.,Amir,Amazon Translate
A ética questiona quais comportamentos são bons ou corretos.,Amir,Amazon Translate
O livre arbítrio pressupõe a capacidade de escolha voluntária.,Amir,Amazon Translate
O dualismo separa a mente do corpo conceitualmente.,Amir,Amazon Translate
A objetividade visa a imparcialidade e a falta de preconceito.,Amir,Amazon Translate
O conhecimento busca crenças verdadeiras justificadas.,Amir,Amazon Translate
A estética valoriza a beleza ou a qualidade artística.,Amir,Amazon Translate
O determinismo propõe que todos os eventos sigam leis causais.,Amir,Amazon Translate
A virtude prioriza a excelência do caráter em relação às recompensas externas.,Amir,Amazon Translate
O utilitarismo maximiza a felicidade para o maior número de pessoas.,Amir,Amazon Translate
A analogia compara semelhanças entre conceitos.,Amir,Amazon Translate
O idealismo postula que a realidade é construída mentalmente.,Amir,Amazon Translate
O materialismo afirma que somente a matéria constitui a existência.,Amir,Amazon Translate
A fé confia além da prova empírica.,Amir,Amazon Translate
O dogma aceita os ensinamentos como verdades inquestionáveis.,Amir,Amazon Translate
As escrituras contêm escritos sagrados reverenciados pelos adeptos.,Amir,Amazon Translate
A oração comunica desejos ou gratidão às divindades.,Amir,Amazon Translate
A peregrinação honra a tradição religiosa por meio de viagens.,Amir,Amazon Translate
O monoteísmo acredita em uma divindade suprema.,Amir,Amazon Translate
"O animismo atribui almas a animais, plantas ou objetos.",Amir,Amazon Translate
O ritual promulga crenças espirituais por meio de cerimônias repetidas.,Amir,Amazon Translate
O clero lidera os serviços de adoração congregacional.,Amir,Amazon Translate
O pecado identifica atos contrários à lei divina.,Amir,Amazon Translate
A redenção promete perdão por transgressões.,Amir,Amazon Translate
A doutrina sistematiza a interpretação das crenças religiosas.,Amir,Amazon Translate
A testemunha compartilha a fé publicamente com outras pessoas.,Amir,Amazon Translate
O tabu proíbe certos comportamentos cultural ou espiritualmente.,Amir,Amazon Translate
A salvação oferece esperança de realização ou libertação na vida após a morte.,Amir,Amazon Translate
As normas sociais orientam o comportamento esperado do grupo.,Amir,Amazon Translate
A democracia elege líderes por maioria de votos.,Amir,Amazon Translate
As famílias estimulam o desenvolvimento precoce das crianças.,Amir,Amazon Translate
As comunidades compartilham recursos para benefício mútuo.,Amir,Amazon Translate
As economias trocam bens e serviços por moeda.,Amir,Amazon Translate
A educação transmite a alfabetização e a experiência necessárias.,Amir,Amazon Translate
A mídia de massa divulga notícias amplamente ao público.,Amir,Amazon Translate
O governo aplica as leis e mantém a ordem cívica.,Amir,Amazon Translate
A desigualdade divide as populações pelo acesso a oportunidades.,Amir,Amazon Translate
O voluntariado apoia o bem-estar coletivo sem remuneração.,Amir,Amazon Translate
A ajuda em desastres ajuda as vítimas que enfrentam dificuldades repentinas.,Amir,Amazon Translate
A justiça garante um tratamento justo de acordo com os padrões acordados.,Amir,Amazon Translate
As políticas públicas respondem praticamente a problemas compartilhados.,Amir,Amazon Translate
A resolução de conflitos incentiva o compromisso pacífico.,Amir,Amazon Translate
Os mercados determinam os preços usando a oferta e a demanda.,Amir,Amazon Translate
A tecnologia resolve problemas usando princípios científicos.,Amir,Amazon Translate
A Internet conecta redes globais instantaneamente.,Amir,Amazon Translate
"Os smartphones integram chamadas telefônicas, computação e câmeras.",Amir,Amazon Translate
Os programas de software instruem os computadores com comandos codificados.,Amir,Amazon Translate
A robótica automatiza funções repetitivas ou perigosas.,Amir,Amazon Translate
Os satélites monitoram a Terra remotamente da órbita.,Amir,Amazon Translate
Os motores elétricos transformam eletricidade em trabalho mecânico.,Amir,Amazon Translate
A impressão 3D constrói objetos camada por camada.,Amir,Amazon Translate
O armazenamento em nuvem salva arquivos fora do site via web.,Amir,Amazon Translate
As imagens médicas visualizam as condições corporais internas de forma não invasiva.,Amir,Amazon Translate
"A energia renovável aproveita a energia solar, eólica ou hídrica.",Amir,Amazon Translate
A inteligência artificial executa tarefas que antes exigiam cognição humana.,Amir,Amazon Translate
Estruturas de engenheiros de nanotecnologia em escala molecular.,Amir,Amazon Translate
A engenharia genética modifica intencionalmente as características do organismo.,Amir,Amazon Translate
A mecânica quântica modela fenômenos atômicos e subatômicos.,Amir,Amazon Translate
A cibersegurança protege os sistemas de informação contra acesso não autorizado.,Amir,Amazon Translate
Plásticos biodegradáveis reduzem a poluição ambiental.,Amir,Amazon Translate
Os semicondutores permitem a produção de circuitos eletrônicos compactos.,Amir,Amazon Translate
Uma receita fornece instruções de cozimento passo a passo.,Amir,Amazon Translate
Os historiadores estudam eventos passados para contextualizar.,Amir,Amazon Translate
Lavar vegetais remove os pesticidas da superfície.,Amir,Amazon Translate
Cozinhar envolve preparar alimentos usando calor.,Amir,Amazon Translate
A álgebra usa letras para representar números.,Amir,Amazon Translate
O hidrogênio é o elemento químico mais simples.,Amir,Amazon Translate
A personalidade influencia as interações sociais e o comportamento.,Amir,Amazon Translate
O ceticismo exige questionamento antes de acreditar nas afirmações.,Amir,Amazon Translate
O budismo incentiva a atenção plena e a compaixão.,Amir,Amazon Translate
As famílias nutrem as crianças até a idade adulta.,Amir,Amazon Translate
O e-mail permite a comunicação digital à distância.,Amir,Amazon Translate
As portas automáticas usam sensores para abrir.,Amir,Amazon Translate
Os dicionários de sinônimos listam sinônimos de palavras comumente usadas.,Amir,Amazon Translate
"As orquestras contêm instrumentos de cordas, sopros, metais e percussão.",Amir,Amazon Translate
Paris é conhecida como a “Cidade da Luz”.,Amir,Amazon Translate
A corrida fortalece significativamente os músculos das pernas.,Amir,Amazon Translate
Pintar paredes muda a aparência de uma sala.,Amir,Amazon Translate
Os números primos têm apenas dois divisores.,Amir,Amazon Translate
O riso pode aliviar temporariamente o estresse.,Amir,Amazon Translate
O raciocínio distingue a lógica da emoção.,Amir,Amazon Translate
Os rituais culturais moldam a identidade do grupo ao longo do tempo.,Amir,Amazon Translate
As eleições determinam os líderes políticos democraticamente.,Amir,Amazon Translate
As turbinas eólicas geram energia sem poluição do ar.,Amir,Amazon Translate
Os livros didáticos resumem as informações do assunto de forma sistemática.,Amir,Amazon Translate
A arte moderna geralmente quebra as regras tradicionais.,Amir,Amazon Translate
O sono adequado apóia o foco mental.,Amir,Amazon Translate
A digitação aumenta rapidamente a produtividade do escritório.,Amir,Amazon Translate
Multiplicar por zero resulta em zero.,Amir,Amazon Translate
A gravidade mantém os planetas em órbitas estáveis.,Amir,Amazon Translate
O respeito gera confiança nos relacionamentos.,Amir,Amazon Translate
O pensamento abstrato reconhece padrões além do óbvio.,Amir,Amazon Translate
O livro sagrado do Islã é chamado de Alcorão.,Amir,Amazon Translate
As normas sociais variam entre as culturas.,Amir,Amazon Translate
A Internet sem fio conecta dispositivos móveis de forma eficiente.,Amir,Amazon Translate
O trabalho manual exige esforço físico.,Amir,Amazon Translate
Os dicionários classificam as definições de palavras em ordem alfabética.,Amir,Amazon Translate
As flexões fortalecem os músculos do peito e dos braços.,Amir,Amazon Translate
"A jardinagem produz flores, frutas e vegetais.",Amir,Amazon Translate
A divisão distribui os itens em grupos iguais.,Amir,Amazon Translate
A autoestima reflete confiança nas habilidades pessoais.,Amir,Amazon Translate
O debate desenvolve habilidades de raciocínio.,Amir,Amazon Translate
O xintoísmo adora espíritos encontrados na natureza.,Amir,Amazon Translate
A urbanização concentra as pessoas nas cidades.,Amir,Amazon Translate
Os carros elétricos funcionam com baterias de lítio.,Amir,Amazon Translate
As enciclopédias reúnem conhecimento em ordem alfabética ou tópica.,Amir,Amazon Translate
Os teatros da Grécia Antiga apresentavam apresentações dramáticas.,Amir,Amazon Translate
O rio Amazonas é o maior rio da América do Sul.,Amir,Amazon Translate
A invenção da impressora gráfica aumentou as taxas de alfabetização.,Amir,Amazon Translate
As calculadoras aproximam os resultados numéricos rapidamente.,Amir,Amazon Translate
"A assertividade expressa necessidades, respeitando os limites dos outros.",Amir,Amazon Translate
O questionamento esclarece as suposições subjacentes.,Amir,Amazon Translate
A votação afeta as políticas governamentais.,Amir,Amazon Translate
"A engenharia constrói pontes, estradas e veículos.",Amir,Amazon Translate
Os mapas rodoviários exibem rodovias e cruzamentos.,Amir,Amazon Translate
Os quadrinhos combinam desenhos com diálogos.,Amir,Amazon Translate
A Sydney Opera House é o edifício icônico da Austrália.,Amir,Amazon Translate
O tai chi integra movimentos lentos e respiração.,Amir,Amazon Translate
O Império Romano se expandiu por grande parte da Europa.,Amir,Amazon Translate
O engomar remove as rugas das roupas.,Amir,Amazon Translate
Os biólogos classificam os organismos de acordo com as semelhanças.,Amir,Amazon Translate
A integridade pessoal promove uma reputação confiável.,Amir,Amazon Translate
Os argumentos exigem evidências de apoio para a crença.,Amir,Amazon Translate
O confucionismo enfatiza o respeito pelos idosos e a harmonia.,Amir,Amazon Translate
As certidões de nascimento documentam o status legal no nascimento.,Amir,Amazon Translate
Os painéis solares produzem energia elétrica limpa.,Amir,Amazon Translate
Os guias de referência organizam os fatos para acesso rápido.,Amir,Amazon Translate
A arte em mosaico usa pequenas peças coloridas.,Amir,Amazon Translate
Londres fica ao longo do rio Tâmisa.,Amir,Amazon Translate
As pranchas desenvolvem a força muscular central.,Amir,Amazon Translate
O tricô cria tecido a partir de laços entrelaçados.,Amir,Amazon Translate
As frações representam quantidades parciais.,Amir,Amazon Translate
O atrito resiste ao movimento entre as superfícies.,Amir,Amazon Translate
As hipóteses alimentam a experimentação científica.,Amir,Amazon Translate
Os feriados religiosos marcam crenças ou eventos significativos.,Amir,Amazon Translate
Os sistemas legais regulam a conduta da comunidade.,Amir,Amazon Translate
Os códigos de barras armazenam dados do produto para digitalização.,Amir,Amazon Translate
Os glossários definem termos técnicos de forma concisa.,Amir,Amazon Translate
Galerias de arte organizam exposições para exibição pública.,Amir,Amazon Translate
Os Pirenéus criam uma fronteira natural entre a França e a Espanha.,Amir,Amazon Translate
As leguminosas fornecem proteína nas dietas.,Amir,Amazon Translate
O Holocausto homenageia as vítimas do genocídio.,Amir,Amazon Translate
A fotografia captura momentos por meio de lentes.,Amir,Amazon Translate
Os ângulos medem os graus de rotação.,Amir,Amazon Translate
A ebulição esteriliza os utensílios de cozinha.,Amir,Amazon Translate
A meditação reduz a pressão arterial naturalmente.,Amir,Amazon Translate
As premissas estabelecem pontos na argumentação lógica.,Amir,Amazon Translate
Os textos védicos são escrituras antigas do hinduísmo.,Amir,Amazon Translate
Os sindicatos negociam coletivamente os interesses dos trabalhadores.,Amir,Amazon Translate
Robôs médicos auxiliam em cirurgias precisas.,Amir,Amazon Translate
As bibliografias citam materiais de origem.,Amir,Amazon Translate
Pintores impressionistas capturaram efeitos de luz natural.,Amir,Amazon Translate
O Havaí consiste inteiramente de ilhas vulcânicas.,Amir,Amazon Translate
As tensões da Guerra Fria dividiram a política global após a Segunda Guerra Mundial.,Amir,Amazon Translate
A teoria dos conjuntos estuda coleções matemáticas.,Amir,Amazon Translate
Os pontos fortes reconhecem as capacidades pessoais de forma objetiva.,Amir,Amazon Translate
A consistência alinha as ações com os valores declarados.,Amir,Amazon Translate
A deontologia avalia a moralidade baseada no dever.,Amir,Amazon Translate
Os uniformes escolares padronizam o vestuário dos estudantes.,Amir,Amazon Translate
Os dados armazenados viajam por meio de cabos de fibra óptica.,Amir,Amazon Translate
Os manuais de instruções orientam os usuários de forma clara.,Amir,Amazon Translate
As tapeçarias decoram interiores com imagens tecidas.,Amir,Amazon Translate
O Grand Canyon mostra geologia em camadas.,Amir,Amazon Translate
O Tratado de Versalhes ocorreu após a Primeira Guerra Mundial,Amir,Amazon Translate
O treinamento de cães ensina os comportamentos desejados de forma sistemática.,Amir,Amazon Translate
As leis de Newton explicam a mecânica clássica.,Amir,Amazon Translate
Testes químicos para acidez ou alcalinidade das soluções.,Amir,Amazon Translate
As fobias limitam as atividades devido a medos intensos.,Amir,Amazon Translate
A avaliação examina o mérito das ideias.,Amir,Amazon Translate
Os centros de adoração oferecem reuniões espirituais.,Amir,Amazon Translate
As nações estabelecem legalmente os requisitos de cidadania.,Amir,Amazon Translate
O aprendizado de máquina automatiza a tomada de decisões com algoritmos.,Amir,Amazon Translate
Os sites fornecem acesso rápido às informações.,Amir,Amazon Translate
As pessoas usam a internet para se comunicar.,Amir,Amazon Translate
O hinduísmo se originou no sul da Ásia.,Amir,Amazon Translate
Os telefones celulares dependem da tecnologia sem fio.,Amir,Amazon Translate
As enciclopédias resumem o conhecimento sobre vários tópicos.,Amir,Amazon Translate
"O Monte Kilimanjaro sobe na Tanzânia, África.",Amir,Amazon Translate
O exercício diário melhora a saúde cardiovascular.,Amir,Amazon Translate
A Roma antiga influenciou a arquitetura moderna.,Amir,Amazon Translate
Cozinhar requer seguir receitas ou instruções.,Amir,Amazon Translate
A lógica se baseia em um raciocínio consistente.,Amir,Amazon Translate
O sikhismo ensina igualdade e serviço comunitário.,Amir,Amazon Translate
O balé combina dança com narrativas expressivas.,Amir,Amazon Translate
Os esportes envolvem atividade física e competição.,Amir,Amazon Translate
O raciocínio distingue argumentos válidos dos inválidos.,Amir,Amazon Translate
O judaísmo observa as leis dietéticas chamadas kashrut.,Amir,Amazon Translate
As contagens do censo ajudam os governos a planejar recursos.,Amir,Amazon Translate
As câmeras digitais armazenam imagens eletronicamente.,Amir,Amazon Translate
Os manuais oferecem orientação passo a passo.,Amir,Amazon Translate
A floresta amazônica está localizada na América do Sul.,Amir,Amazon Translate
O sono regular apoia a função cerebral saudável.,Amir,Amazon Translate
O Movimento dos Direitos Civis promoveu a igualdade racial nos EUA,Amir,Amazon Translate
A álgebra usa variáveis para resolver equações.,Amir,Amazon Translate
A Terra gira em torno do sol anualmente.,Amir,Amazon Translate
A autoestima afeta a motivação e o alcance de metas.,Amir,Amazon Translate
A lógica dedutiva começa com princípios gerais.,Amir,Amazon Translate
A oração é praticada em muitas religiões.,Amir,Amazon Translate
As normas sociais orientam os comportamentos aceitáveis do grupo.,Amir,Amazon Translate
As velocidades da Internet variam entre os provedores.,Amir,Amazon Translate
O trabalho manual envolve trabalhar com as mãos.,Amir,Amazon Translate
A arte contemporânea rompe os limites criativos tradicionais.,Amir,Amazon Translate
A Sydney Opera House fica no porto de Sydney.,Amir,Amazon Translate
Os carros elétricos reduzem as emissões de gases de efeito estufa.,Amir,Amazon Translate
O brainstorming gera soluções inovadoras.,Amir,Amazon Translate
O Islã considera a sexta-feira um dia sagrado.,Amir,Amazon Translate
Os museus preservam artefatos para exibição pública.,Amir,Amazon Translate
Os Himalaias abrangem vários países asiáticos.,Amir,Amazon Translate
O consumo de frutas fornece vitaminas essenciais.,Amir,Amazon Translate
Luís XIV reinou como rei da França.,Amir,Amazon Translate
Aprender novos idiomas amplia a compreensão cultural.,Amir,Amazon Translate
O cálculo analisa a mudança e o movimento matematicamente.,Amir,Amazon Translate
O respeito promove relações sociais positivas.,Amir,Amazon Translate
Os filósofos questionam a existência e a ética.,Amir,Amazon Translate
O confucionismo valoriza a piedade filial e a educação.,Amir,Amazon Translate
As antologias coletam obras literárias por tema ou época.,Amir,Amazon Translate
A escultura forma arte visual tridimensional.,Amir,Amazon Translate
O Lago Baikal tem o maior volume de água doce da Rússia.,Amir,Amazon Translate
A atividade aeróbica fortalece a capacidade pulmonar.,Amir,Amazon Translate
A probabilidade mede a probabilidade de resultados.,Amir,Amazon Translate
A indução tira conclusões com base em evidências.,Amir,Amazon Translate
O aprendizado de máquina simula processos de inteligência humana.,Amir,Amazon Translate
Os índices categorizam o conteúdo para facilitar a pesquisa.,Amir,Amazon Translate
A Cidade do Vaticano é uma cidade-estado independente.,Amir,Amazon Translate
A impressão transformou a comunicação após a impressão de Gutenberg.,Amir,Amazon Translate
Andar de bicicleta tonifica os músculos das pernas e queima calorias.,Amir,Amazon Translate
As reações de neutralização produzem sal e água.,Amir,Amazon Translate
As crenças moldam atitudes e perspectivas.,Amir,Amazon Translate
As analogias comparam semelhanças para obter explicações mais claras.,Amir,Amazon Translate
As comunidades organizam eventos para promover o pertencimento.,Amir,Amazon Translate
O trabalho em equipe atinge metas complexas de forma eficiente.,Amir,Amazon Translate
As regras gramaticais garantem uma comunicação escrita clara.,Amir,Amazon Translate
A arte abstrata prioriza ideias conceituais.,Amir,Amazon Translate
O remo exercita a força da parte superior do corpo.,Amir,Amazon Translate
A linguagem de sinais facilita a comunicação de pessoas surdas.,Amir,Amazon Translate
As habilidades de observação aprimoram a investigação científica.,Amir,Amazon Translate
A genética examina a hereditariedade em organismos vivos.,Amir,Amazon Translate
Os prêmios Nobel homenageiam conquistas excepcionais.,Amir,Amazon Translate
As sinfonias exigem colaboração orquestral.,Amir,Amazon Translate
Os continentes dividem a superfície terrestre da Terra.,Amir,Amazon Translate
O descanso auxilia na recuperação muscular após o exercício.,Amir,Amazon Translate
Napoleão Bonaparte liderou campanhas militares francesas.,Amir,Amazon Translate
Os decimais representam valores fracionários.,Amir,Amazon Translate
As placas tectônicas se movem sob a crosta terrestre.,Amir,Amazon Translate
A empatia preenche mal-entendidos pessoais.,Amir,Amazon Translate
A ética discute quais ações são moralmente corretas.,Amir,Amazon Translate
O cristianismo se concentra nos ensinamentos de Jesus Cristo.,Amir,Amazon Translate
Os governos promulgam políticas por meio de órgãos representativos.,Amir,Amazon Translate
Os smartphones integram funções de computação e telecomunicação.,Amir,Amazon Translate
Os gráficos de referência simplificam visualmente as informações complexas.,Amir,Amazon Translate
A enciclopédia compila informações gerais sobre vários assuntos.,Amir,Amazon Translate
Os dicionários de sinônimos listam sinônimos de palavras para melhorar a escrita.,Amir,Amazon Translate
Os mapas globais exibem continentes e oceanos com precisão.,Amir,Amazon Translate
A ioga aumenta a flexibilidade e a consciência corporal.,Amir,Amazon Translate
Atenas é a capital da Grécia.,Amir,Amazon Translate
A água potável auxilia a função renal.,Amir,Amazon Translate
A carpintaria envolve marcenaria qualificada.,Amir,Amazon Translate
Traços pessoais afetam as escolhas de carreira.,Amir,Amazon Translate
A análise divide os conceitos em partes menores.,Amir,Amazon Translate
O budismo ensina a meditação da atenção plena.,Amir,Amazon Translate
As regras sociais regulam o comportamento aceitável.,Amir,Amazon Translate
Os smartphones fornecem ferramentas de comunicação portáteis.,Amir,Amazon Translate
Os relógios digitais mostram a hora usando apenas números.,Amir,Amazon Translate
A pintura a óleo permite técnicas ricas de mistura de cores.,Amir,Amazon Translate
A Austrália é ao mesmo tempo um país e um continente.,Amir,Amazon Translate
A civilização romana influenciou as culturas europeias posteriores.,Amir,Amazon Translate
A fritura cozinha rapidamente os alimentos em fogo alto.,Amir,Amazon Translate
A felicidade estimula o funcionamento imunológico.,Amir,Amazon Translate
Os métodos dedutivos testam se as reivindicações decorrem das premissas.,Amir,Amazon Translate
O animismo atribui qualidades espirituais à natureza.,Amir,Amazon Translate
O e-mail agora é essencial para correspondência comercial.,Amir,Amazon Translate
Os manuais de instruções oferecem instruções operacionais para os produtos.,Amir,Amazon Translate
A música de câmara apresenta apresentações de pequenos grupos.,Amir,Amazon Translate
"O Monte Rainier fica no estado de Washington, EUA.",Amir,Amazon Translate
O treinamento em circuito combina exercícios cardiovasculares e de força.,Amir,Amazon Translate
As leis de direitos civis protegem a igualdade de oportunidades.,Amir,Amazon Translate
A multiplicação repete os processos de adição de forma eficiente.,Amir,Amazon Translate
"Os continentes incluem Ásia, África e Europa.",Amir,Amazon Translate
A confiança fortalece as colaborações de trabalho.,Amir,Amazon Translate
A reflexão revisita experiências para melhorar a compreensão.,Amir,Amazon Translate
O catolicismo inclui sacramentos e tradições únicos.,Amir,Amazon Translate
A demografia acompanha as mudanças nas populações dos grupos.,Amir,Amazon Translate
Os chips de computador processam sinais eletrônicos rapidamente.,Amir,Amazon Translate
As cartas de referência descrevem as qualificações dos candidatos de forma neutra.,Amir,Amazon Translate
Madagascar é famosa por diversas espécies de vida selvagem.,Amir,Amazon Translate
Cozinhar o jantar geralmente reúne as famílias.,Amir,Amazon Translate
A divisão separa os itens em partes iguais.,Amir,Amazon Translate
A empatia aumenta as taxas de satisfação com o trabalho em equipe.,Amir,Amazon Translate
Argumentos fundamentados usam evidências sólidas.,Amir,Amazon Translate
Os sistemas judiciais interpretam e aplicam as leis de forma imparcial.,Amir,Amazon Translate
A tecnologia sem fio transmite dados sem cabos.,Amir,Amazon Translate
Os guias recomendam atrações locais para os visitantes.,Amir,Amazon Translate
O estilo art déco floresceu durante a década de 1920.,Amir,Amazon Translate
O rio Danúbio flui pela Europa Central e Oriental.,Amir,Amazon Translate
A hidratação melhora o foco durante a atividade física.,Amir,Amazon Translate
O ataque a Pearl Harbor ocorreu em dezembro de 1941.,Amir,Amazon Translate
Variáveis algébricas representam quantidades desconhecidas.,Amir,Amazon Translate
Os insetos têm seis pernas anatomicamente.,Amir,Amazon Translate
O crescimento pessoal segue práticas regulares de autorreflexão.,Amir,Amazon Translate
Erros lógicos ocorrem sem conexões válidas.,Amir,Amazon Translate
O Islã incentiva a caridade por meio da doação de zakat.,Amir,Amazon Translate
A votação pública decide as nomeações para a liderança.,Amir,Amazon Translate
Os léxicos organizam os significados das palavras em ordem alfabética.,Amir,Amazon Translate
As sessões parlamentares estabelecem as leis nacionais rotineiramente.,Amir,Amazon Translate
A religião pode moldar os hábitos alimentares.,Amir,Amazon Translate
Grupos de bairro apoiam programas de segurança localmente.,Amir,Amazon Translate
Os catálogos organizam os itens para uma revisão organizada.,Amir,Amazon Translate
A gravação envolve cortar imagens ou desenhos em superfícies.,Amir,Amazon Translate
O deserto de Gobi se estende pelo norte da China e pela Mongólia.,Amir,Amazon Translate
A abolição americana acabou oficialmente com a escravidão.,Amir,Amazon Translate
As máquinas de costura aumentam as velocidades de produção de roupas.,Amir,Amazon Translate
Os pontos decimais separam números inteiros e frações.,Amir,Amazon Translate
A termodinâmica explora as transformações de energia térmica.,Amir,Amazon Translate
A compaixão fortalece os laços sociais.,Amir,Amazon Translate
Os padrões éticos orientam as prioridades no local de trabalho.,Amir,Amazon Translate
Santuários xintoístas pontilham a paisagem do Japão.,Amir,Amazon Translate
A legislação transforma as propostas do governo em lei estatutária.,Amir,Amazon Translate
As microondas cozinham os alimentos agitando as moléculas de água.,Amir,Amazon Translate
Os atlas consolidam geograficamente as coleções de mapas.,Amir,Amazon Translate
A música punk rock surgiu como protesto cultural.,Amir,Amazon Translate
"O Lago Vitória faz fronteira com Uganda, Quênia e Tanzânia.",Amir,Amazon Translate
As aulas de aeróbica coordenam o movimento com batidas rítmicas.,Amir,Amazon Translate
A famosa Armada Espanhola navegou em 1588.,Amir,Amazon Translate
As habilidades de reparo mantêm a funcionalidade do equipamento doméstico.,Amir,Amazon Translate
As porcentagens comparam as proporções facilmente.,Amir,Amazon Translate
A meiose produz células reprodutivas por meio da divisão.,Amir,Amazon Translate
As teorias da física explicam as forças fundamentais.,Amir,Amazon Translate
A criatividade impulsiona o desenvolvimento de novos produtos.,Amir,Amazon Translate
A fé influencia profundamente as visões de mundo.,Amir,Amazon Translate
Os feriados do festival marcam as celebrações nacionais.,Amir,Amazon Translate
O banco on-line gerencia dinheiro eletronicamente.,Amir,Amazon Translate
O debate respeitoso promove sociedades harmoniosas.,Amir,Amazon Translate
A gramática organiza as estruturas linguísticas de forma consistente.,Amir,Amazon Translate
A arte impressionista destaca os efeitos de luz e atmosfera.,Amir,Amazon Translate
"Tetons crescem no oeste do Wyoming, EUA.",Amir,Amazon Translate
Os prêmios Nobel homenageiam as conquistas científicas globais.,Amir,Amazon Translate
A classificação classifica os organismos por características e linhagem.,Amir,Amazon Translate
A teoria dos conjuntos suporta lógica matemática avançada.,Amir,Amazon Translate
As tabelas periódicas categorizam os elementos com precisão.,Amir,Amazon Translate
A escuta ativa resolve mal-entendidos nos relacionamentos.,Amir,Amazon Translate
A ética da virtude enfatiza o desenvolvimento do caráter moral.,Amir,Amazon Translate
O cristianismo oferece esperança na salvação eterna.,Amir,Amazon Translate
Os deveres cívicos incluem pagar impostos com responsabilidade.,Amir,Amazon Translate
A navegação por satélite localiza coordenadas específicas com precisão.,Amir,Amazon Translate
Os hiperlinks conectam o conteúdo do site de forma interativa.,Amir,Amazon Translate
O impressionismo introduziu novos estilos na pintura.,Amir,Amazon Translate
A Grande Depressão começou em 1929.,Amir,Amazon Translate
As transações bancárias incluem depósitos e saques.,Amir,Amazon Translate
A álgebra usa letras para valores desconhecidos.,Amir,Amazon Translate
Charles Darwin desenvolveu a teoria da evolução.,Amir,Amazon Translate
A automotivação apoia o crescimento pessoal.,Amir,Amazon Translate
O estoicismo ensina resiliência emocional.,Amir,Amazon Translate
O cristianismo tem muitas denominações em todo o mundo.,Amir,Amazon Translate
Os dispositivos GPS usam tecnologia de satélite.,Amir,Amazon Translate
Os manuais resumem as informações básicas rapidamente.,Amir,Amazon Translate
O Lago Superior faz fronteira com o Canadá e os Estados Unidos.,Amir,Amazon Translate
A hidratação afeta diretamente o desempenho mental.,Amir,Amazon Translate
A Primeira Guerra Mundial terminou com o Tratado de Versalhes.,Amir,Amazon Translate
A escola exige a frequência de crianças por lei.,Amir,Amazon Translate
As tabelas de multiplicação ajudam a resolver equações rapidamente.,Amir,Amazon Translate
A herança genética transmite características entre gerações.,Amir,Amazon Translate
A linguagem corporal se comunica sem palavras faladas.,Amir,Amazon Translate
O raciocínio abdutivo tira conclusões plausíveis.,Amir,Amazon Translate
As hierarquias sociais organizam as pessoas em classes classificadas.,Amir,Amazon Translate
Os aplicativos móveis executam funções específicas em smartphones.,Amir,Amazon Translate
Os índices colocam os tópicos em ordem alfabética para facilitar a localização.,Amir,Amazon Translate
O cubismo fragmentou assuntos na arte visual.,Amir,Amazon Translate
O Monte Etna é o vulcão mais ativo da Europa.,Amir,Amazon Translate
O treinamento básico fortalece os músculos das costas e do abdômen.,Amir,Amazon Translate
A ordem cronológica organiza os eventos por tempo.,Amir,Amazon Translate
Os supermercados oferecem opções de mercearia self-service.,Amir,Amazon Translate
Os decimais expressam frações usando um sistema de pontos.,Amir,Amazon Translate
A energia pode ser cinética ou potencial.,Amir,Amazon Translate
O reforço positivo incentiva comportamentos repetidos.,Amir,Amazon Translate
A idade para votar varia entre as nações.,Amir,Amazon Translate
O Bluetooth permite que os dispositivos troquem dados sem fio.,Amir,Amazon Translate
As xilogravuras produzem impressões usando blocos de madeira esculpida.,Amir,Amazon Translate
Os polichinelos aumentam a resistência aeróbica.,Amir,Amazon Translate
Napoleão se coroou imperador da França.,Amir,Amazon Translate
As agências de viagens organizam transporte e hospedagem.,Amir,Amazon Translate
A divisão descobre quantas vezes um se encaixa no outro.,Amir,Amazon Translate
O DNA carrega instruções para os processos vitais.,Amir,Amazon Translate
Emoções saudáveis melhoram a tomada de decisões diárias.,Amir,Amazon Translate
Os paradoxos desafiam logicamente as verdades convencionais.,Amir,Amazon Translate
O anglicanismo surgiu durante o período da Reforma da Inglaterra.,Amir,Amazon Translate
As leis regulam as ações e disputas públicas.,Amir,Amazon Translate
O seguro saúde auxilia na cobertura de custos médicos.,Amir,Amazon Translate
Os guias do usuário explicam as ferramentas de software passo a passo.,Amir,Amazon Translate
O jazz fundiu as tradições musicais africanas e europeias.,Amir,Amazon Translate
As faixas de resistência auxiliam nos exercícios de força muscular.,Amir,Amazon Translate
As ferrovias transcontinentais uniram regiões distantes historicamente.,Amir,Amazon Translate
A adição de conjuntos aumenta matematicamente o tamanho da coleção.,Amir,Amazon Translate
As partículas de nêutrons não carregam carga elétrica.,Amir,Amazon Translate
As habilidades de aprendizagem melhoram a adaptabilidade no trabalho.,Amir,Amazon Translate
Os LEDs emitem luz com pouco calor gerado.,Amir,Amazon Translate
Os hinários coletam canções religiosas para adoração em grupo.,Amir,Amazon Translate
Stonehenge é um monumento pré-histórico na Inglaterra.,Amir,Amazon Translate
As bicicletas giratórias simulam exercícios de ciclismo ao ar livre.,Amir,Amazon Translate
Martin Luther promoveu reformas protestantes.,Amir,Amazon Translate
O comércio eletrônico permite transações on-line de negócios em todo o mundo.,Amir,Amazon Translate
A fotossíntese armazena energia solar nas plantas.,Amir,Amazon Translate
A topologia examina as propriedades inalteradas pela deformação.,Amir,Amazon Translate
A empatia cria fortes conexões entre colegas.,Amir,Amazon Translate
O pragmatismo se concentra nos resultados práticos das ideias.,Amir,Amazon Translate
As normas moldam as expectativas sociais de comportamento.,Amir,Amazon Translate
Os glossários definem termos para referência.,Amir,Amazon Translate
Sumi-e representa pinturas japonesas lavadas com tinta.,Amir,Amazon Translate
Os Montes Urais dividem geograficamente a Europa e a Ásia.,Amir,Amazon Translate
O Pilates melhora a postura e a estabilidade do núcleo.,Amir,Amazon Translate
Os abolicionistas lutaram contra a escravidão no século XIX.,Amir,Amazon Translate
Os têxteis envolvem a tecelagem de fibras em produtos de tecido.,Amir,Amazon Translate
As equações mostram as relações matemáticas de forma clara.,Amir,Amazon Translate
A evaporação transforma a água líquida em gás.,Amir,Amazon Translate
A consistência promove a confiança em interações de longo prazo.,Amir,Amazon Translate
Argumentos ontológicos debatem a existência de realidades superiores.,Amir,Amazon Translate
A adoração à natureza apresenta reverência pelas forças naturais.,Amir,Amazon Translate
Os membros do conselho promulgam políticas do governo local.,Amir,Amazon Translate
A pesquisa de vacinas evita surtos de doenças virais.,Amir,Amazon Translate
Os menus de início rápido simplificam a configuração eletrônica.,Amir,Amazon Translate
O rio Yangtze forma a maior hidrovia da China.,Amir,Amazon Translate
A calistenia desenvolve o controle corporal usando o mínimo de equipamento.,Amir,Amazon Translate
Trail of Tears deslocou comunidades nativas americanas.,Amir,Amazon Translate
O Catering fornece serviços de alimentação para grupos ou eventos.,Amir,Amazon Translate
As frações indicam quantidades parciais de unidades inteiras.,Amir,Amazon Translate
A curiosidade inspira os inventores a resolver problemas.,Amir,Amazon Translate
A dedução aplica regras conhecidas para chegar a conclusões.,Amir,Amazon Translate
Os mitos da criação explicam culturalmente as origens do universo.,Amir,Amazon Translate
As guildas regulamentaram o artesanato e as profissões medievais.,Amir,Amazon Translate
Os drones capturam fotos aéreas via controle remoto.,Amir,Amazon Translate
As enciclopédias apresentam fatos verificados para os leitores.,Amir,Amazon Translate
Um livro informativo compila estatísticas essenciais sobre os países.,Amir,Amazon Translate
A música pop geralmente apresenta refrões repetitivos.,Amir,Amazon Translate
Beber chá hidrata como água.,Amir,Amazon Translate
A Revolução Industrial começou na Grã-Bretanha.,Amir,Amazon Translate
A observação de pássaros registra avistamentos e comportamentos de espécies.,Amir,Amazon Translate
A multiplicação encontra o total de grupos iguais.,Amir,Amazon Translate
Os raios resultam do encontro de cargas negativas e positivas.,Amir,Amazon Translate
Aristóteles escreveu obras influentes sobre lógica e ciência.,Amir,Amazon Translate
O trabalho em equipe aumenta a produtividade do grupo.,Amir,Amazon Translate
O pensamento racional depende de etapas fundamentadas.,Amir,Amazon Translate
"O zoroastrismo adora um deus, Ahura Mazda.",Amir,Amazon Translate
O casamento une os parceiros em um contrato social.,Amir,Amazon Translate
Os navegadores da Web exibem informações de sites da Internet.,Amir,Amazon Translate
Os e-books oferecem leitura acessível por meio de dispositivos digitais.,Amir,Amazon Translate
A dança moderna enfatiza o movimento expressivo.,Amir,Amazon Translate
O Monte Everest faz fronteira com o Nepal e a China.,Amir,Amazon Translate
O cozimento requer medidas precisas para o sucesso.,Amir,Amazon Translate
Os gráficos visualizam relações matemáticas.,Amir,Amazon Translate
A fotossíntese produz moléculas ricas em energia nas plantas.,Amir,Amazon Translate
Altruísmo significa ajudar os outros sem esperar recompensa.,Amir,Amazon Translate
A formulação de hipóteses orienta uma investigação mais aprofundada.,Amir,Amazon Translate
O sikhismo ensina crenças sobre uma vida honesta.,Amir,Amazon Translate
As leis garantem a ordem nas sociedades.,Amir,Amazon Translate
O trabalho remoto permite empregos fora dos escritórios tradicionais.,Amir,Amazon Translate
Os nomes de usuário identificam indivíduos em plataformas da Internet.,Amir,Amazon Translate
Os catálogos organizam itens para navegação sistemática.,Amir,Amazon Translate
A arte em cerâmica molda a argila e depois a queima.,Amir,Amazon Translate
Veneza fica no topo de uma rede de canais.,Amir,Amazon Translate
A Guerra Fria viu uma divisão ideológica entre o leste e o oeste.,Amir,Amazon Translate
A pesquisa de mercado informa a estratégia de desenvolvimento de produtos.,Amir,Amazon Translate
Divida as quantidades de peças em unidades menores.,Amir,Amazon Translate
A tranquilidade reduz os sentimentos de ansiedade.,Amir,Amazon Translate
A heurística simplifica tarefas complexas de resolução de problemas.,Amir,Amazon Translate
A peregrinação promove o crescimento da identidade religiosa.,Amir,Amazon Translate
Estruturas éticas debatem os padrões de ação corretos.,Amir,Amazon Translate
Os meios de comunicação transmitem notícias em todo o mundo.,Amir,Amazon Translate
A tecnologia de bateria alimenta os eletrônicos portáteis.,Amir,Amazon Translate
Os resumos encurtam os artigos para uma referência mais rápida.,Amir,Amazon Translate
Artistas barrocos enfatizaram contrastes visuais dramáticos.,Amir,Amazon Translate
O jogging apoia a resistência cardiovascular.,Amir,Amazon Translate
Os direitos civis americanos garantiram a proteção dos eleitores.,Amir,Amazon Translate
Os varejistas oferecem produtos diretamente aos compradores.,Amir,Amazon Translate
As frações expressam proporções ou comparações.,Amir,Amazon Translate
As leis de Kepler explicam o movimento dos planetas.,Amir,Amazon Translate
As reações químicas reorganizam apenas as ligações atômicas.,Amir,Amazon Translate
O mérito aumenta as chances de promoção no local de trabalho.,Amir,Amazon Translate
A análise de dados esclarece decisões ou tendências.,Amir,Amazon Translate
As orações muçulmanas são realizadas cinco vezes ao dia.,Amir,Amazon Translate
Os parlamentos legislam as leis nacionais democraticamente.,Amir,Amazon Translate
O Bluetooth sincroniza dispositivos em curto alcance.,Amir,Amazon Translate
Os glossários simplificam termos especializados em textos.,Amir,Amazon Translate
Os muralistas usam paredes para pinturas em grande escala.,Amir,Amazon Translate
As Montanhas Rochosas se estendem pelo oeste da América do Norte.,Amir,Amazon Translate
O tai chi combina artes marciais com foco meditativo.,Amir,Amazon Translate
As livrarias vendem livros impressos ou eletrônicos.,Amir,Amazon Translate
Os decimais vão além dos números inteiros.,Amir,Amazon Translate
Espécies-chave estabilizam os ecossistemas em geral.,Amir,Amazon Translate
O registro no diário ajuda a esclarecer pensamentos pessoais.,Amir,Amazon Translate
O relativismo sugere que as verdades dependem de perspectivas.,Amir,Amazon Translate
As práticas animistas reverenciam os espíritos dos ancestrais.,Amir,Amazon Translate
Os municípios fornecem serviços do governo local.,Amir,Amazon Translate
Os desenvolvedores de aplicativos escrevem software para smartphones.,Amir,Amazon Translate
As listas de links conectam tópicos relacionados em documentos.,Amir,Amazon Translate
As sinfonias contêm vários movimentos tocados juntos.,Amir,Amazon Translate
A aeróbica aquática fornece resistência flutuante para exercícios.,Amir,Amazon Translate
A Declaração Universal dos Direitos Humanos garante as liberdades básicas.,Amir,Amazon Translate
Cozinheiros profissionais se especializam em várias cozinhas.,Amir,Amazon Translate
Os lugares são organizados com base nas coordenadas de latitude e longitude.,Amir,Amazon Translate
A eletricidade se move quando os elétrons fluem livremente.,Amir,Amazon Translate
A tesselação repete os padrões geométricos sem problemas.,Amir,Amazon Translate
Compreender as metáforas melhora a fluência do idioma.,Amir,Amazon Translate
O consequencialismo avalia os resultados antes de fazer escolhas.,Amir,Amazon Translate
Os feriados judaicos seguem uma estrutura de calendário lunar.,Amir,Amazon Translate
Pesquisas do censo coletam estatísticas demográficas da população.,Amir,Amazon Translate
Os mecanismos de pesquisa encontram páginas da web usando palavras-chave.,Amir,Amazon Translate
Guias de instruções ensinam novas habilidades metodicamente.,Amir,Amazon Translate
A gravação cria imagens cortando superfícies metálicas.,Amir,Amazon Translate
Manila é a capital das Filipinas.,Amir,Amazon Translate
Os esportes em grupo apoiam o trabalho em equipe e o fair play.,Amir,Amazon Translate
O comércio triangular influenciou as economias de colonização em todo o mundo.,Amir,Amazon Translate
A densidade mostra como a matéria compactada é estruturalmente.,Amir,Amazon Translate
O feedback positivo incentiva ações repetidas.,Amir,Amazon Translate
O consentimento informado respeita a autonomia de tomada de decisão dos participantes.,Amir,Amazon Translate
O cristianismo ortodoxo mantém a liturgia tradicional.,Amir,Amazon Translate
As campanhas tentam influenciar a opinião pública.,Amir,Amazon Translate
Os livros de referência fornecem fatos para uma consulta rápida.,Amir,Amazon Translate
Os museus exibem arte e objetos históricos publicamente.,Amir,Amazon Translate
Istambul abrange dois continentes: Europa e Ásia.,Amir,Amazon Translate
Andar de bicicleta aumenta a resistência cardiorrespiratória.,Amir,Amazon Translate
O Dia D ocorreu em 6 de junho de 1944.,Amir,Amazon Translate
Os motoristas profissionais precisam de licenças específicas.,Amir,Amazon Translate
As frações mostram partes menores que um todo.,Amir,Amazon Translate
O otimismo promove a resiliência na adversidade.,Amir,Amazon Translate
O preconceito cognitivo influencia o julgamento subconscientemente.,Amir,Amazon Translate
O taoísmo enfatiza o equilíbrio com a natureza.,Amir,Amazon Translate
Os anexos de e-mail transmitem arquivos eletronicamente.,Amir,Amazon Translate
Dispositivos domésticos inteligentes automatizam as funções domésticas.,Amir,Amazon Translate
O haicai usa três linhas com sílabas definidas.,Amir,Amazon Translate
Petra é uma antiga cidade de pedra na Jordânia.,Amir,Amazon Translate
A dança aeróbica melhora a coordenação e a resistência.,Amir,Amazon Translate
A arte renascentista reviveu as técnicas clássicas gregas.,Amir,Amazon Translate
A preparação de refeições organiza a comida para agendas lotadas.,Amir,Amazon Translate
A trigonometria explora as relações entre os ângulos dos triângulos.,Amir,Amazon Translate
Os interesses pessoais impulsionam as escolhas recreativas.,Amir,Amazon Translate
O viés de confirmação distorce a interpretação objetiva das evidências.,Amir,Amazon Translate
Os rituais xintoístas respeitam os espíritos ancestrais.,Amir,Amazon Translate
Os júris decidem a culpa ou a inocência nos julgamentos.,Amir,Amazon Translate
As lojas de aplicativos distribuem software digitalmente.,Amir,Amazon Translate
As bibliografias aumentam a credibilidade na pesquisa acadêmica.,Amir,Amazon Translate
Os designs Batik usam cera para resistir à tinta no tecido.,Amir,Amazon Translate
Mônaco é o menor principado do mundo.,Amir,Amazon Translate
Os exercícios de peso corporal não precisam de equipamento especial.,Amir,Amazon Translate
A Revolução Francesa estabeleceu um governo republicano.,Amir,Amazon Translate
O atendimento ao cliente gerencia as preocupações e o feedback do cliente.,Amir,Amazon Translate
Os gases nobres são elementos quimicamente não reativos.,Amir,Amazon Translate
A adaptação ajuda as espécies a sobreviver às mudanças ambientais.,Amir,Amazon Translate
A pressão dos colegas molda profundamente o comportamento dos adolescentes.,Amir,Amazon Translate
A definição de metas alcança um progresso mensurável ao longo do tempo.,Amir,Amazon Translate
Os relativistas negam a existência de verdades morais universais.,Amir,Amazon Translate
As obras públicas beneficiam a sociedade por meio de projetos de infraestrutura.,Amir,Amazon Translate
As telas sensíveis ao toque permitem a entrada do usuário por meio do contato com a ponta dos dedos.,Amir,Amazon Translate
Os bibliotecários organizam e mantêm recursos informativos.,Amir,Amazon Translate
A arquitetura românica apresenta arcos arredondados e paredes grossas.,Amir,Amazon Translate
O rio Amazonas atravessa o Brasil e o Perú.,Amir,Amazon Translate
A pulsação mede os batimentos cardíacos por minuto.,Amir,Amazon Translate
Acordos de tratados resolvem disputas entre nações.,Amir,Amazon Translate
O comércio eletrônico permite vendas diretas on-line.,Amir,Amazon Translate
Os decimais representam unidades parciais numericamente.,Amir,Amazon Translate
A osmose difunde a água pelas membranas naturalmente.,Amir,Amazon Translate
A assertividade expressa opiniões com respeito.,Amir,Amazon Translate
A lógica dedutiva deriva detalhes de declarações gerais.,Amir,Amazon Translate
A crença panteísta iguala a divindade ao universo.,Amir,Amazon Translate
Os mercados facilitam a troca de mercadorias local ou globalmente.,Amir,Amazon Translate
As práticas sustentáveis visam conservar os recursos naturais.,Amir,Amazon Translate
Os guias do usuário fornecem instruções detalhadas do produto.,Amir,Amazon Translate
As colagens digitais combinam imagens usando ferramentas de edição.,Amir,Amazon Translate
Os remadores constroem força remando barcos de forma competitiva.,Amir,Amazon Translate
A Organização Mundial da Saúde define padrões globais de saúde.,Amir,Amazon Translate
As agências de turismo organizam viagens e excursões turísticas.,Amir,Amazon Translate
A flutuabilidade mantém os objetos flutuando em fluidos.,Amir,Amazon Translate
Modelos positivos inspiram mudanças de comportamento construtivas.,Amir,Amazon Translate
Os dados empíricos validam as hipóteses científicas.,Amir,Amazon Translate
Os sacramentos cristãos marcam fases significativas da vida.,Amir,Amazon Translate
Os governos federais dividem o poder entre os níveis.,Amir,Amazon Translate
O armazenamento em nuvem faz backup de arquivos importantes remotamente.,Amir,Amazon Translate
As bibliografias comentadas descrevem cada fonte brevemente.,Amir,Amazon Translate
A escultura em madeira cria desenhos decorativos em superfícies de madeira.,Amir,Amazon Translate
O Vale do Loire abriga muitos castelos na França.,Amir,Amazon Translate
A expansão colonial moldou as geografias em todo o mundo.,Amir,Amazon Translate
Os gráficos circulares visualizam proporções em dados estatísticos.,Amir,Amazon Translate
Newton descobriu a gravidade depois de observar maçãs caindo.,Amir,Amazon Translate
Rochas sedimentares se formam a partir de camadas minerais comprimidas.,Amir,Amazon Translate
A colaboração acelera a solução de problemas em equipes.,Amir,Amazon Translate
O judaísmo celebra a Páscoa na primavera anualmente.,Amir,Amazon Translate
Os parques nacionais protegem a vida selvagem e paisagens únicas.,Amir,Amazon Translate
A agregação de links agrupa conexões de rede de forma eficiente.,Amir,Amazon Translate
A música rap usa letras faladas rítmicas em vez de batidas.,Amir,Amazon Translate
Ottawa é a capital do Canadá.,Amir,Amazon Translate
O Muro de Berlim simbolizava a divisão da Guerra Fria na Europa.,Amir,Amazon Translate
Os freelancers prestam serviços sem contratos de trabalho de longo prazo.,Amir,Amazon Translate
As porcentagens comparam números a 100 como ponto de referência.,Amir,Amazon Translate
As ondas sonoras requerem um meio para transmissão.,Amir,Amazon Translate
Marie Curie pesquisou extensivamente a radioatividade.,Amir,Amazon Translate
A autodisciplina promove o alcance de objetivos de longo prazo.,Amir,Amazon Translate
"As divindades hindus incluem Vishnu, Shiva e Brahma.",Amir,Amazon Translate
Os juízes interpretam as leis nos sistemas judiciais.,Amir,Amazon Translate
As carteiras digitais permitem transações sem dinheiro usando smartphones.,Amir,Amazon Translate
As telas sensíveis ao toque detectam eletronicamente os movimentos dos dedos ou da caneta.,Amir,Amazon Translate
A arte em aquarela usa pigmento misturado com água.,Amir,Amazon Translate
O condicionamento aeróbico melhora a eficiência cardíaca e pulmonar.,Amir,Amazon Translate
As catedrais góticas apresentam arcos pontiagudos e vitrais.,Amir,Amazon Translate
O horário das refeições regula a energia ao longo do dia.,Amir,Amazon Translate
A fotossíntese libera oxigênio na atmosfera terrestre.,Amir,Amazon Translate
As redes de apoio social melhoram o bem-estar emocional.,Amir,Amazon Translate
Metacognição significa pensar sobre seus próprios pensamentos.,Amir,Amazon Translate
Os panteístas acreditam que a divindade existe em tudo que é natural.,Amir,Amazon Translate
As eleições para prefeito controlam a liderança do governo local.,Amir,Amazon Translate
A televisão transmite sinais de vídeo para monitores digitais.,Amir,Amazon Translate
As mensagens criptografadas aumentam a privacidade on-line e a segurança dos dados.,Amir,Amazon Translate
As tapeçarias contam histórias por meio de imagens em tecido.,Amir,Amazon Translate
Cingapura é ao mesmo tempo uma cidade e um país.,Amir,Amazon Translate
A terapia aquática reabilita lesões com resistência à água.,Amir,Amazon Translate
A Revolução Francesa aboliu a monarquia permanentemente.,Amir,Amazon Translate
O feedback do cliente molda as decisões de desenvolvimento de produtos.,Amir,Amazon Translate
O compartilhamento divide os bens entre vários destinatários.,Amir,Amazon Translate
A matéria muda de estado líquido para gasoso ao ferver.,Amir,Amazon Translate
A transpiração move a umidade das folhas para o ar.,Amir,Amazon Translate
Amizades saudáveis reduzem os níveis gerais de estresse.,Amir,Amazon Translate
As analogias ilustram ideias desconhecidas usando conceitos familiares.,Amir,Amazon Translate
Os códigos éticos protegem os direitos e a dignidade no trabalho.,Amir,Amazon Translate
As agências bancárias gerenciam contas financeiras localmente.,Amir,Amazon Translate
Os designers usam software de modelagem 3D para protótipos.,Amir,Amazon Translate
As pinturas murais de Ndebele são símbolos culturais na África do Sul.,Amir,Amazon Translate
A corda de pular aumenta a velocidade do pé de forma eficaz.,Amir,Amazon Translate
O Dia da Independência do Vietnã celebra a libertação nacional.,Amir,Amazon Translate
Grandes varejistas vendem grandes volumes de bens de consumo.,Amir,Amazon Translate
Os gráficos circulares transmitem visualmente as porcentagens relativas.,Amir,Amazon Translate
O zero absoluto é a menor temperatura possível medida.,Amir,Amazon Translate
A análise dos resultados do experimento leva a conclusões científicas.,Amir,Amazon Translate
Os voluntários do serviço comunitário contribuem com habilidades para o benefício comum.,Amir,Amazon Translate
Os carros agora usam sistemas de gerenciamento de motores controlados por computador.,Amir,Amazon Translate
O Monte McKinley (Denali) é o ponto mais alto da América do Norte.,Amir,Amazon Translate
O Dia da Vitória na Europa marca o fim da Segunda Guerra Mundial na Europa.,Amir,Amazon Translate
Consultores aconselham sobre questões profissionais especializadas.,Amir,Amazon Translate
Os decimais expressam valores de décimos ou centésimos de forma simples.,Amir,Amazon Translate
Cães de terapia visitam hospitais para confortar os pacientes.,Amir,Amazon Translate
Os fusos horários alinham as configurações do relógio em locais globais.,Amir,Amazon Translate
Afirmações positivas reforçam as crenças de autoestima.,Amir,Amazon Translate
Os axiomas servem como pontos de partida fundamentais no raciocínio.,Amir,Amazon Translate
Filósofos materialistas limitam a realidade somente à matéria física.,Amir,Amazon Translate
As orações pedem orientação ou ajuda às divindades.,Amir,Amazon Translate
Os feriados legais variam de acordo com a jurisdição a cada ano.,Amir,Amazon Translate
Os e-books expandem o acesso digital às bibliotecas em todo o mundo.,Amir,Amazon Translate
A ilustração do Scratchboard grava linhas brancas em superfícies pretas.,Amir,Amazon Translate
"O Parque Nacional de Yosemite fica na Sierra Nevada, na Califórnia.",Amir,Amazon Translate
"As artes marciais promovem foco, disciplina e respeito.",Amir,Amazon Translate
As convenções constitucionais redigem novos documentos governamentais.,Amir,Amazon Translate
As máquinas hidráulicas operam por meio de fluidos pressurizados.,Amir,Amazon Translate
A subtração subtrai números menores dos maiores.,Amir,Amazon Translate
"Historicamente, Ohlone viveu ao longo da costa central da Califórnia.",Amir,Amazon Translate
A representação proporcional aloca os assentos políticos de maneira uniforme.,Amir,Amazon Translate
As barras de grafite conduzem eletricidade de forma eficiente nas baterias.,Amir,Amazon Translate
Os terremotos liberam energia sísmica causando o movimento do solo.,Amir,Amazon Translate
Os mentores inspiram o crescimento dos aprendizes por meio de experiências compartilhadas.,Amir,Amazon Translate
A ética baseada em regras enfatiza o cumprimento estrito dos princípios.,Amir,Amazon Translate
"Os pioneiros mórmons se estabeleceram no Vale do Lago Salgado, em Utah.",Amir,Amazon Translate
As câmaras aprovam projetos legislativos para fazer leis.,Amir,Amazon Translate
Os carros inteligentes integram sensores e controles de segurança automatizados.,Amir,Amazon Translate
Uma lista telefônica lista informações de contato residenciais e comerciais.,Amir,Amazon Translate
"Zurique, Suíça, fica na costa norte do Lago de Zurique.",Amir,Amazon Translate
Ser babá envolve responsabilidades de cuidado infantil de curto prazo.,Amir,Amazon Translate
A superfície da Terra consiste principalmente de água.,Amir,Amazon Translate
Isaac Newton desenvolveu três leis do movimento.,Amir,Amazon Translate
A amizade proporciona segurança emocional ao longo do tempo.,Amir,Amazon Translate
A deliberação considera as opções antes de fazer escolhas.,Amir,Amazon Translate
As crenças sikhs enfatizam a igualdade perante Deus.,Amir,Amazon Translate
O Parlamento autoriza novos impostos ou contas de gastos.,Amir,Amazon Translate
Os serviços de streaming fornecem conteúdo de vídeo pela Internet.,Amir,Amazon Translate
Os teclados sem fio se comunicam com computadores por sinais de rádio.,Amir,Amazon Translate
O grafite pode expressar mensagens de protesto político.,Amir,Amazon Translate
A Cidade do México está em alta altitude acima do nível do mar.,Amir,Amazon Translate
O treinamento de força queima calorias mais rapidamente do que caminhar.,Amir,Amazon Translate
A civilização asteca floresceu no centro do México.,Amir,Amazon Translate
As receitas de sopa combinam ingredientes cozidos em líquido.,Amir,Amazon Translate
O magnetismo move as agulhas da bússola em direção aos pólos magnéticos.,Amir,Amazon Translate
As informações nutricionais rotulam o conteúdo da embalagem dos alimentos.,Amir,Amazon Translate
A inferência dedutiva aplica regras a um caso.,Amir,Amazon Translate
Os koans zen desafiam o pensamento habitual.,Amir,Amazon Translate
Os comitês analisam as propostas legislativas para possíveis mudanças.,Amir,Amazon Translate
Os aplicativos móveis permitem que os usuários façam transações bancárias em casa.,Amir,Amazon Translate
Os manuais podem ser atualizados por meio de downloads eletrônicos.,Amir,Amazon Translate
Os vitrais colorem a luz do sol que entra nas catedrais.,Amir,Amazon Translate
A Patagônia cobre as regiões do sul da Argentina e do Chile.,Amir,Amazon Translate
As caveiras de remo desenvolvem a força muscular da parte superior do corpo.,Amir,Amazon Translate
A Berlin Airlift abasteceu Berlim Ocidental durante o bloqueio.,Amir,Amazon Translate
As praças de alimentação agrupam vários restaurantes.,Amir,Amazon Translate
As frações comparam números não divididos uniformemente.,Amir,Amazon Translate
A lava esfria e forma camadas de rocha ígnea.,Amir,Amazon Translate
O julgamento avalia alternativas para obter melhores resultados.,Amir,Amazon Translate
As estatísticas usam amostras para inferir sobre populações.,Amir,Amazon Translate
A ética da virtude destaca agir com boas intenções.,Amir,Amazon Translate
Os consulados oferecem assistência a cidadãos no exterior.,Amir,Amazon Translate
Os ícones de aplicativos geralmente simbolizam as principais funções do aplicativo.,Amir,Amazon Translate
As áreas de visualização pública permitem a observação segura da vida selvagem.,Amir,Amazon Translate
Os esquis aquáticos deslizam rapidamente pelas superfícies dos lagos.,Amir,Amazon Translate
Patinar ativa igualmente os músculos centrais e das pernas.,Amir,Amazon Translate
Os tratados reconhecem a independência nacional após o fim da guerra.,Amir,Amazon Translate
As lojas de hardware vendem ferramentas e materiais de construção.,Amir,Amazon Translate
Os decimais permitem uma comparação precisa das medidas.,Amir,Amazon Translate
O orvalho se forma quando o ar esfria abaixo do ponto de saturação.,Amir,Amazon Translate
Argumentos persuasivos dependem de uma lógica forte.,Amir,Amazon Translate
As doutrinas resumem os ensinamentos religiosos oficiais.,Amir,Amazon Translate
Os curadores administram a propriedade em nome dos beneficiários.,Amir,Amazon Translate
As câmeras de segurança impedem o roubo em espaços públicos.,Amir,Amazon Translate
O aprendizado de máquina automatiza a análise de grandes conjuntos de dados.,Amir,Amazon Translate
Os capítulos organizam o conteúdo do livro em seções lógicas.,Amir,Amazon Translate
A pintura em areia é usada em cerimônias culturais.,Amir,Amazon Translate
Ben Nevis é a montanha mais alta da Escócia.,Amir,Amazon Translate
"O parkour combina correr, pular e escalar obstáculos sem problemas.",Amir,Amazon Translate
A imprensa impressa revolucionou a comunicação de massa para sempre.,Amir,Amazon Translate
Os catálogos de pedidos pelo correio precederam as oportunidades de compras on-line.,Amir,Amazon Translate
A simetria cria composições de arte visualmente equilibradas.,Amir,Amazon Translate
A tectônica de placas explica os terremotos no Anel de Fogo do Pacífico.,Amir,Amazon Translate
A energia solar alimenta os painéis do telhado de forma eficiente.,Amir,Amazon Translate
As cartas de gratidão expressam apreciação de forma significativa.,Amir,Amazon Translate
A indução desenvolve teorias após observar tendências comuns.,Amir,Amazon Translate
A vida monástica enfatiza a simplicidade e o serviço comunitário.,Amir,Amazon Translate
Os doadores da campanha financiam atividades eleitorais voluntariamente.,Amir,Amazon Translate
A programação define as tarefas do computador passo a passo de forma clara.,Amir,Amazon Translate
A ordem alfabética organiza facilmente os livros da biblioteca.,Amir,Amazon Translate
O scrapbooking preserva lembranças em álbuns decorados.,Amir,Amazon Translate
Os bancos emprestam dinheiro com base nos depósitos recebidos.,Amir,Amazon Translate
O Concerto apresenta instrumento solo contra fundo orquestral.,Amir,Amazon Translate
As Ilhas Malvinas ficam a leste da costa sul-americana.,Amir,Amazon Translate
Escalar paredes requer movimento e aderência coordenados.,Amir,Amazon Translate
A Proclamação de Emancipação acabou com a escravidão nos estados rebeldes dos EUA.,Amir,Amazon Translate
Os cronogramas de pagamento da dívida exigem pagamentos pontuais.,Amir,Amazon Translate
O valor posicional dá aos dígitos significados de magnitude diferentes.,Amir,Amazon Translate
As forças de empuxo explicam por que os objetos flutuam em líquidos.,Amir,Amazon Translate
Os espelhos de reflexão se formam como simetria visual.,Amir,Amazon Translate
O pensamento utilitário mede a felicidade total nas decisões.,Amir,Amazon Translate
A ordenação formaliza a autoridade do clero dentro das denominações.,Amir,Amazon Translate
A reforma prisional defende o aumento dos esforços de reabilitação.,Amir,Amazon Translate
As chaves de soquete giram os parafusos e as porcas com firmeza.,Amir,Amazon Translate
A mídia social permite a rápida disseminação de notícias em todo o mundo.,Amir,Amazon Translate
Um livro de estilo fornece diretrizes para a consistência da escrita.,Amir,Amazon Translate
O realismo na arte retrata a vida cotidiana com precisão.,Amir,Amazon Translate
O Cairo é a capital do Egito perto do Delta do Nilo.,Amir,Amazon Translate
A Peste Negra matou milhões durante a época medieval.,Amir,Amazon Translate
Os caixas processam transações nos pontos de venda.,Amir,Amazon Translate
Zero é um espaço reservado em nosso sistema numérico.,Amir,Amazon Translate
Os elétrons orbitam núcleos atômicos em camadas.,Amir,Amazon Translate
Marie Curie ganhou dois prêmios Nobel.,Amir,Amazon Translate
A crítica construtiva melhora o desempenho ou as habilidades.,Amir,Amazon Translate
A memória de curto prazo desaparece rapidamente em minutos.,Amir,Amazon Translate
Os ensinamentos confucionistas enfatizam o respeito e os deveres filiais.,Amir,Amazon Translate
Os municípios supervisionam o planejamento e os serviços locais.,Amir,Amazon Translate
Os aplicativos de pagamento móvel transferem fundos eletronicamente.,Amir,Amazon Translate
Os alto-falantes sem fio usam Bluetooth para receber áudio.,Amir,Amazon Translate
O esmalte cerâmico cria um acabamento brilhante e impermeável.,Amir,Amazon Translate
Os venezianos viajam de gôndola pelos canais da cidade.,Amir,Amazon Translate
O treinamento cruzado alterna os exercícios para evitar lesões.,Amir,Amazon Translate
A arquitetura barroca apresenta detalhes ornamentados.,Amir,Amazon Translate
As porções das refeições afetam a ingestão de calorias e o metabolismo.,Amir,Amazon Translate
A refração curva a luz através de diferentes materiais.,Amir,Amazon Translate
A força de vontade resiste à tentação de forma consistente.,Amir,Amazon Translate
A analogia ajuda a explicar novos conceitos de forma simples.,Amir,Amazon Translate
Escritores transcendentalistas favoreceram a natureza em detrimento da sociedade industrial.,Amir,Amazon Translate
Os paroquianos frequentam cultos regulares juntos.,Amir,Amazon Translate
Os debates apresentam pontos de vista diferentes sobre questões específicas.,Amir,Amazon Translate
Os tutoriais facilitam o aprendizado autoguiado on-line.,Amir,Amazon Translate
Os livros de padrões ilustram o artesanato passo a passo.,Amir,Amazon Translate
Os afrescos decoram capelas com pinturas murais coloridas.,Amir,Amazon Translate
As comunidades Maasai abrangem o Quênia e a Tanzânia.,Amir,Amazon Translate
As artes marciais criam agilidade e disciplina.,Amir,Amazon Translate
Jamestown foi o primeiro assentamento permanente da Inglaterra na América.,Amir,Amazon Translate
As impressoras de recibos produzem guias de verificação de pagamento instantaneamente.,Amir,Amazon Translate
As fases da lua variam ao longo de cada mês.,Amir,Amazon Translate
"A inclusão garante tratamento igualitário, independentemente das diferenças.",Amir,Amazon Translate
As probabilidades calculam matematicamente os riscos esperados.,Amir,Amazon Translate
Os códigos morais fornecem padrões coletivos de comportamento.,Amir,Amazon Translate
As tradições místicas exploram diretamente a união espiritual.,Amir,Amazon Translate
A Declaração de Direitos protege as liberdades americanas básicas.,Amir,Amazon Translate
Os controles remotos universais operam vários componentes eletrônicos.,Amir,Amazon Translate
"Historicamente, a fotografia em lata usava placas de metal.",Amir,Amazon Translate
O Estreito do Bósforo divide Istambul em Europa e Ásia.,Amir,Amazon Translate
"A canoagem fortalece os músculos das costas, braços e centrais.",Amir,Amazon Translate
A Convenção de Genebra define princípios humanitários em tempos de guerra.,Amir,Amazon Translate
Artesãos fabricam objetos à mão usando técnicas especializadas.,Amir,Amazon Translate
Planilhas compartilháveis auxiliam no gerenciamento de projetos da equipe.,Amir,Amazon Translate
Expoentes negativos representam números recíprocos.,Amir,Amazon Translate
As zonas de subducção ocorrem onde as placas tectônicas se encontram.,Amir,Amazon Translate
Os gráficos representam visualmente as relações entre variáveis.,Amir,Amazon Translate
O cultivo produz alimentos do solo de forma eficiente.,Amir,Amazon Translate
As listas de virtudes incentivam o autodesenvolvimento ético diariamente.,Amir,Amazon Translate
As crenças animistas conectam espíritos com plantas e animais.,Amir,Amazon Translate
Leis uniformes padronizam as regulamentações entre estados.,Amir,Amazon Translate
"A cronometragem registra horas, dias, meses e anos com precisão.",Amir,Amazon Translate
A criptografia salva informações secretamente por meio de algoritmos.,Amir,Amazon Translate
Os slams de poesia apresentam apresentações de poemas originais.,Amir,Amazon Translate
A Sydney Harbour Bridge liga os distritos da cidade através da água.,Amir,Amazon Translate
O El Niño altera os padrões climáticos globais de forma cíclica.,Amir,Amazon Translate
"As lutas de boxe testam força, estratégia e resistência.",Amir,Amazon Translate
As emendas atualizam cuidadosamente os textos legais.,Amir,Amazon Translate
A música impressionista captura estados de espírito fugazes no som.,Amir,Amazon Translate
Campanhas de saúde pública combatem epidemias localmente.,Amir,Amazon Translate
Os currículos resumem os destaques da carreira de forma concisa.,Amir,Amazon Translate
Microscópios ampliam pequenas amostras para observação.,Amir,Amazon Translate
Os programas de fidelidade recompensam as compras repetidas dos clientes.,Amir,Amazon Translate
A tectônica estuda os movimentos da crosta terrestre.,Amir,Amazon Translate
O recrutamento convoca cidadãos para o serviço militar.,Amir,Amazon Translate
Os gerentes de ativos investem o dinheiro do cliente estrategicamente.,Amir,Amazon Translate
A economia positiva analisa os fatos sem julgamento.,Amir,Amazon Translate
Os programas de computador determinísticos sempre têm saídas previsíveis.,Amir,Amazon Translate
A língua nāhualt se originou entre os povos astecas.,Amir,Amazon Translate
Roma é conhecida por sua arquitetura antiga.,Amir,Amazon Translate
O rio Amazonas flui pela América do Sul.,Amir,Amazon Translate
Uma dieta balanceada apoia a saúde geral e a energia.,Amir,Amazon Translate
A Grécia antiga influenciou a filosofia ocidental.,Amir,Amazon Translate
A água cobre a maior parte da superfície da Terra.,Amir,Amazon Translate
O oxigênio compõe 21 por cento da atmosfera da Terra.,Amir,Amazon Translate
A matemática usa números e símbolos para resolver problemas.,Amir,Amazon Translate
A subtração remove um número de outra quantidade.,Amir,Amazon Translate
O futebol é jogado por duas equipes usando uma bola.,Amir,Amazon Translate
O e-mail envia mensagens eletronicamente entre computadores.,Amir,Amazon Translate
A cor dos olhos depende parcialmente da genética.,Amir,Amazon Translate
A chuva cai quando o vapor de água se condensa em gotas.,Amir,Amazon Translate
As tempestades de inverno produzem neve ou gelo.,Amir,Amazon Translate
A primavera segue o inverno à medida que o eixo da Terra se inclina.,Amir,Amazon Translate
Pitágoras desenvolveu teorias sobre triângulos retângulos.,Amir,Amazon Translate
O carbono é um elemento-chave para os seres vivos.,Amir,Amazon Translate
São Petersburgo já foi chamada de Leningrado.,Amir,Amazon Translate
Os monges vivem sob votos religiosos em algumas religiões.,Amir,Amazon Translate
Os médicos diagnosticam doenças e lesões.,Amir,Amazon Translate
Os pilotos controlam as aeronaves durante os voos.,Amir,Amazon Translate
A densidade populacional mede pessoas por unidade de área.,Amir,Amazon Translate
Ruídos altos podem prejudicar a audição ao longo do tempo.,Amir,Amazon Translate
Os furacões envolvem ventos fortes e chuvas fortes.,Amir,Amazon Translate
O francês é amplamente falado na África Ocidental.,Amir,Amazon Translate
As estátuas homenageiam figuras históricas importantes.,Amir,Amazon Translate
As baleias azuis são os maiores animais vivos atualmente.,Amir,Amazon Translate
Os organismos vivos se adaptam às mudanças ambientais.,Amir,Amazon Translate
As plantas armazenam energia nas raízes e nas sementes.,Amir,Amazon Translate
O combustível alimenta carros e máquinas.,Amir,Amazon Translate
O DNA determina as características físicas herdadas dos pais.,Amir,Amazon Translate
As escolas públicas oferecem educação gratuita.,Amir,Amazon Translate
O xadrez exige planejamento e previsão cuidadosos.,Amir,Amazon Translate
Os terremotos liberam energia armazenada repentinamente.,Amir,Amazon Translate
Os elevadores movem as pessoas verticalmente entre os andares dos edifícios.,Amir,Amazon Translate
Os agricultores cultivam safras para a produção de alimentos.,Amir,Amazon Translate
Guitarras criam som vibrando cordas.,Amir,Amazon Translate
O Parlamento Britânico aprova leis no Reino Unido.,Amir,Amazon Translate
Enfermeiros auxiliam médicos no atendimento ao paciente.,Amir,Amazon Translate
As fibras de algodão são fiadas em fios.,Amir,Amazon Translate
"A matemática envolve aritmética, geometria e álgebra.",Amir,Amazon Translate
O bolo é feito para celebrações.,Amir,Amazon Translate
A natação fortalece os músculos e a coordenação.,Amir,Amazon Translate
A leitura aumenta o vocabulário e a compreensão.,Amir,Amazon Translate
Os satélites orbitam acima da atmosfera da Terra.,Amir,Amazon Translate
As luzes da pista orientam os aviões que pousam à noite.,Amir,Amazon Translate
A música clássica segue formas e harmonias estruturadas.,Amir,Amazon Translate
Os festivais da colheita celebram o sucesso da coleta de safras.,Amir,Amazon Translate
Os barômetros medem a pressão atmosférica do ar.,Amir,Amazon Translate
As bandeiras simbolizam países e organizações.,Amir,Amazon Translate
As sinfonias apresentam grandes grupos de músicos tocando juntos.,Amir,Amazon Translate
Comer frutas fornece vitaminas e fibras.,Amir,Amazon Translate
A programação instrui os computadores a concluírem tarefas específicas.,Amir,Amazon Translate
A democracia dá aos cidadãos o direito de voto.,Amir,Amazon Translate
Beber água é essencial para a saúde.,Amir,Amazon Translate
A leitura melhora as habilidades de alfabetização.,Amir,Amazon Translate
Os terremotos são causados pelo movimento tectônico.,Amir,Amazon Translate
O dióxido de carbono é um gás de efeito estufa.,Amir,Amazon Translate
As nuvens contêm pequenas gotas de água.,Amir,Amazon Translate
Aviões transportam passageiros entre cidades rapidamente.,Amir,Amazon Translate
Pequim é a capital da China.,Amir,Amazon Translate
As orquestras tocam música sinfônica com muitos músicos.,Amir,Amazon Translate
As batatas fritas são feitas de batatas.,Amir,Amazon Translate
A internet sem fio usa ondas de rádio para conexão.,Amir,Amazon Translate
A bateria armazena energia para dispositivos eletrônicos.,Amir,Amazon Translate
Os mosquitos transmitem parasitas da malária.,Amir,Amazon Translate
Os saxofones são comuns em bandas de jazz.,Amir,Amazon Translate
A álgebra resolve equações com letras representando números.,Amir,Amazon Translate
Os oceanos cobrem cerca de 71% da superfície da Terra.,Amir,Amazon Translate
Vênus é o segundo planeta do Sol.,Amir,Amazon Translate
O futebol é jogado em um campo gramado com gols.,Amir,Amazon Translate
O Mail entrega mensagens e pacotes fisicamente.,Amir,Amazon Translate
O basquete usa uma bola e dois aros.,Amir,Amazon Translate
Os calendários controlam as datas e os meses.,Amir,Amazon Translate
"Engenheiros projetam edifícios, pontes e veículos.",Amir,Amazon Translate
Cozinhar transforma ingredientes crus em refeições.,Amir,Amazon Translate
"A física estuda matéria, energia e forças.",Amir,Amazon Translate
"A astronomia explora estrelas, planetas e galáxias.",Amir,Amazon Translate
Os carros elétricos funcionam com baterias recarregáveis.,Amir,Amazon Translate
Os livros contam histórias ou fornecem informações.,Amir,Amazon Translate
"A ginástica combina força, flexibilidade e coordenação.",Amir,Amazon Translate
Os vegetais de raiz crescem sob o solo.,Amir,Amazon Translate
O hip-hop mescla fala rítmica e música.,Amir,Amazon Translate
A observação de pássaros envolve a observação de pássaros selvagens na natureza.,Amir,Amazon Translate
Os antibióticos matam as bactérias que causam infecções.,Amir,Amazon Translate
Os vaga-lumes produzem luz por meio da bioluminescência.,Amir,Amazon Translate
As águias constroem ninhos no alto de árvores ou penhascos.,Amir,Amazon Translate
Os tomates são classificados botanicamente como bagas.,Amir,Amazon Translate
Londres tem uma ferrovia subterrânea chamada “the Tube”.,Amir,Amazon Translate
Os deltas dos rios depositam sedimentos onde os rios encontram os mares.,Amir,Amazon Translate
Os planetas giram em torno do sol em órbitas.,Amir,Amazon Translate
Bibliotecas públicas emprestam livros gratuitamente.,Amir,Amazon Translate
A Roma Antiga construiu aquedutos para abastecimento de água doce.,Amir,Amazon Translate
Os seios são cavidades no crânio perto do nariz.,Amir,Amazon Translate
Os romanos construíram estradas em todo o império.,Amir,Amazon Translate
Os advogados representam clientes em questões jurídicas.,Amir,Amazon Translate
As baleias migram grandes distâncias todos os anos.,Amir,Amazon Translate
Caminhar queima calorias e beneficia a saúde mental.,Amir,Amazon Translate
"Atualmente, o teletransporte existe apenas na ficção científica.",Amir,Amazon Translate
O futebol é chamado de futebol fora da América do Norte.,Amir,Amazon Translate
O papel machê cria esculturas e modelos leves.,Amir,Amazon Translate
O Coliseu de Roma sediou lutas de gladiadores.,Amir,Amazon Translate
"Geólogos estudam rochas, minerais e terremotos.",Amir,Amazon Translate
A marionete traz movimentos realistas para bonecos e figuras.,Amir,Amazon Translate
Os compositores criam novas obras instrumentais e vocais.,Amir,Amazon Translate
Os monociclos precisam de equilíbrio para andar em rodas simples.,Amir,Amazon Translate
As focas vivem ao longo da costa e se alimentam de peixes.,Amir,Amazon Translate
Os grandes mestres do xadrez vencem torneios internacionais dominando a estratégia.,Amir,Amazon Translate
Os agricultores alternam as safras para manter os solos saudáveis.,Amir,Amazon Translate
A cerâmica é moldada e depois cozida em fornos.,Amir,Amazon Translate
Os dicionários definem as palavras em inglês em ordem alfabética.,Amir,Amazon Translate
A Disneylândia foi inaugurada na Califórnia em 1955.,Amir,Amazon Translate
Violoncelos tocam tons baixos em orquestras.,Amir,Amazon Translate
Os carnívoros dependem principalmente da carne animal.,Amir,Amazon Translate
A água ferve mais rápido com menor pressão atmosférica.,Amir,Amazon Translate
As correntes de jato fluem bem acima da superfície da Terra.,Amir,Amazon Translate
A digestão decompõe os alimentos em nutrientes.,Amir,Amazon Translate
Os zoológicos abrigam animais exóticos e ameaçados de extinção com segurança.,Amir,Amazon Translate
O drama apresenta a emoção da história por meio do diálogo e da ação.,Amir,Amazon Translate
Os currículos especificam o que os alunos devem aprender na escola.,Amir,Amazon Translate
O Dia do Pi é comemorado todo dia 14 de março.,Amir,Amazon Translate
Shakespeare escreveu peças e sonetos na literatura inglesa.,Amir,Amazon Translate
Os diamantes são feitos de carbono altamente comprimido.,Amir,Amazon Translate
A altura do Monte Everest ultrapassa 8.800 metros acima do nível do mar.,Amir,Amazon Translate
As bananas fornecem fibras e potássio para nutrição.,Amir,Amazon Translate
"Os mapas exibem regiões, fronteiras e características visualmente.",Amir,Amazon Translate
Os médicos tratam doenças para melhorar a saúde do paciente.,Amir,Amazon Translate
Os triângulos têm três ângulos cuja soma é igual a 180 graus.,Amir,Amazon Translate
O jazz enfatiza a improvisação em vez de notas estritas.,Amir,Amazon Translate
Os museus preservam a história e a cultura para as gerações futuras.,Amir,Amazon Translate
"As posturas de ioga aumentam a força, a flexibilidade e o equilíbrio.",Amir,Amazon Translate
Os átomos se combinam para criar compostos químicos distintos.,Amir,Amazon Translate
O Wi-Fi permite conexões sem fio para dispositivos.,Amir,Amazon Translate
A chuva ocorre quando as nuvens liberam vapor de água condensado.,Amir,Amazon Translate
O dinheiro atua como meio de troca nos mercados.,Amir,Amazon Translate
O bambu pode crescer um metro por dia em condições ideais.,Amir,Amazon Translate
Os motoristas devem obedecer às regras de trânsito por motivos de segurança.,Amir,Amazon Translate
As abelhas produzem mel a partir de fontes vegetais de açúcar.,Amir,Amazon Translate
O som se move mais rápido em meios de materiais sólidos.,Amir,Amazon Translate
A gravidade mantém os corpos planetários seguindo caminhos elípticos.,Amir,Amazon Translate
Os dicionários explicam os significados e a grafia correta das palavras.,Amir,Amazon Translate
A pintura usa pigmentos aplicados com pincéis ou facas.,Amir,Amazon Translate
"As cores neutras incluem branco, preto, cinza e bege.",Amir,Amazon Translate
As orquestras executam composições clássicas de partituras.,Amir,Amazon Translate
Os aviões viajam entre destinos rapidamente usando motores a jato.,Amir,Amazon Translate
Os répteis regulam a temperatura ao se aquecendo à luz do sol.,Amir,Amazon Translate
Os telefones permitem a comunicação por voz em longas distâncias.,Amir,Amazon Translate
As vitaminas complementam as lacunas dietéticas para melhorar a saúde.,Amir,Amazon Translate
"Os livros compartilham conhecimentos, ideias ou histórias com os leitores.",Amir,Amazon Translate
O tempo nublado difunde extensivamente a luz solar natural.,Amir,Amazon Translate
O jazz se originou nas comunidades afro-americanas.,Amir,Amazon Translate
Os dentistas cuidam especificamente dos dentes e gengivas.,Amir,Amazon Translate
Os painéis solares convertem a energia dos fótons em eletricidade.,Amir,Amazon Translate
A democracia capacita os cidadãos a votarem em líderes.,Amir,Amazon Translate
O queijo se forma pela fermentação das enzimas do leite animal.,Amir,Amazon Translate
Os agricultores cultivam plantas agrícolas para consumo ou pecuária.,Amir,Amazon Translate
As frações descrevem números menores que valores inteiros.,Amir,Amazon Translate
A ópera combina performance vocal e narrativa dramática.,Amir,Amazon Translate
Os nenúfares flutuam em lagoas usando folhas largas.,Amir,Amazon Translate
Os Jogos Olímpicos ocorrem a cada quatro anos em todo o mundo.,Amir,Amazon Translate
A temperatura mede a energia térmica nas substâncias.,Amir,Amazon Translate
Os limões adicionam acidez e sabor aos alimentos.,Amir,Amazon Translate
"A Antártica não contém residentes permanentes, exceto cientistas.",Amir,Amazon Translate
"Os diários registram experiências, pensamentos e sentimentos pessoais.",Amir,Amazon Translate
A pesca fornece recursos alimentares ricos em proteínas.,Amir,Amazon Translate
O vidro é fabricado derretendo areia e carbonato de sódio.,Amir,Amazon Translate
Os arcos de violino usam crina de cavalo para produzir som.,Amir,Amazon Translate
As girafas se alimentam de acácias usando pescoços altos.,Amir,Amazon Translate
O ferro resiste melhor à corrosão quando revestido com tinta.,Amir,Amazon Translate
"As estrelas fundem átomos de hidrogênio em núcleos de hélio, liberando energia.",Amir,Amazon Translate
A gramática descreve como os idiomas estruturam frases logicamente.,Amir,Amazon Translate
Os raios ocorrem quando cargas opostas se igualam na atmosfera.,Amir,Amazon Translate
As câmeras digitais gravam fotos como imagens eletrônicas.,Amir,Amazon Translate
"A engenharia desenvolve máquinas, estradas, dispositivos ou estruturas.",Amir,Amazon Translate
As tulipas são flores de bulbo nativas das regiões da Ásia Central.,Amir,Amazon Translate
"As cenouras contêm beta-caroteno, que o corpo converte em vitamina A.",Amir,Amazon Translate
As maçãs crescem em árvores decíduas que perdem folhas anualmente.,Amir,Amazon Translate
A ciência envolve fazer perguntas e conduzir experimentos metodicamente.,Amir,Amazon Translate
As bibliotecas públicas emprestam gratuitamente livros e itens multimídia.,Amir,Amazon Translate
O pôr do sol muda a cor do céu ao espalhar os raios solares.,Amir,Amazon Translate
Fogueiras queimam grandes quantidades de madeira ao ar livre.,Amir,Amazon Translate
Os medicamentos ajudam a aliviar os sintomas de doenças ou infecções.,Amir,Amazon Translate
As zebras se misturam às pastagens graças à camuflagem listrada.,Amir,Amazon Translate
O inverno traz tempestades de neve às zonas de clima frio.,Amir,Amazon Translate
Os professores apoiam os objetivos de aprendizagem em instituições educacionais.,Amir,Amazon Translate
Arqueólogos estudam artefatos de sociedades passadas.,Amir,Amazon Translate
Jogadores de futebol marcam gols chutando uma bola.,Amir,Amazon Translate
Os furacões causam graves danos causados pelo vento e inundações.,Amir,Amazon Translate
O papel vem de fibras de árvores processadas.,Amir,Amazon Translate
O chocolate começa como grãos de cacau cultivados em climas tropicais.,Amir,Amazon Translate
Os livros de receitas fornecem instruções sobre receitas e técnicas culinárias.,Amir,Amazon Translate
Os atletas treinam para melhorar os níveis de desempenho físico.,Amir,Amazon Translate
Roma foi o lar de imperadores como Júlio César.,Amir,Amazon Translate
Guitarras elétricas requerem amplificadores para aumentar o volume.,Amir,Amazon Translate
As ilhas se formam quando vulcões emergem acima da linha de água.,Amir,Amazon Translate
As sementes germinam quando umedecidas e aquecidas pelo ambiente.,Amir,Amazon Translate
A psicologia estuda cientificamente os processos mentais e o comportamento.,Amir,Amazon Translate
O clima influencia os tipos de vegetação encontrados em localizações geográficas.,Amir,Amazon Translate
Os icebergs se separam de grandes geleiras flutuando no oceano.,Amir,Amazon Translate
"Shakespeare escreveu peças, incluindo Hamlet e Macbeth.",Amir,Amazon Translate
"Uma dieta balanceada inclui proteínas, vegetais e grãos.",Amir,Amazon Translate
A atmosfera da Terra consiste principalmente de nitrogênio e oxigênio.,Amir,Amazon Translate
Os pomares de maçã produzem frutas a cada outono.,Amir,Amazon Translate
O sal preserva a carne antes da refrigeração existir.,Amir,Amazon Translate
Os polígonos são formas fechadas com apenas lados retos.,Amir,Amazon Translate
O rádio transmite ondas sonoras à distância sem fio.,Amir,Amazon Translate
Os guindastes usam pernas longas para entrar na água.,Amir,Amazon Translate
As moedas servem como moeda para pequenas transações.,Amir,Amazon Translate
As folhas mudam de cor no outono devido à temperatura.,Amir,Amazon Translate
Profissionais de saúde diagnosticam e tratam doenças.,Amir,Amazon Translate
O xadrez usa movimentos estratégicos em um tabuleiro quadriculado.,Amir,Amazon Translate
Os médicos prescrevem medicamentos e terapias para os pacientes.,Amir,Amazon Translate
Os mosquitos são portadores comuns de várias doenças.,Amir,Amazon Translate
A lógica forma a base para a argumentação racional.,Amir,Amazon Translate
"A matemática analisa padrões, quantidades e estruturas.",Amir,Amazon Translate
Atores desempenham papéis em produções teatrais.,Amir,Amazon Translate
Os professores educam os alunos em salas de aula em todo o mundo.,Amir,Amazon Translate
Frida Kahlo pintou autorretratos expressivos.,Amir,Amazon Translate
"A Torre Eiffel fica em Paris, França.",Amir,Amazon Translate
O basquete usa equipes de cinco jogadores competindo para marcar pontos.,Amir,Amazon Translate
As escavadeiras movem a terra durante os projetos de construção.,Amir,Amazon Translate
As aspas indicam discurso ou citações no texto.,Amir,Amazon Translate
Os computadores processam informações eletronicamente em alta velocidade.,Amir,Amazon Translate
Os relâmpagos ocorrem durante o tempo de tempestade.,Amir,Amazon Translate
As pirâmides exemplificam conquistas arquitetônicas antigas.,Amir,Amazon Translate
As vitaminas ajudam a manter as funções corporais e o metabolismo.,Amir,Amazon Translate
A música clássica usa composições estruturadas com instrumentos orquestrados.,Amir,Amazon Translate
Os projetos orientam os engenheiros em projetos de construção.,Amir,Amazon Translate
Marte é visível a olho nu durante a oposição.,Amir,Amazon Translate
As previsões meteorológicas prevêem as condições atmosféricas futuras localmente.,Amir,Amazon Translate
O arroz é o grão básico nas dietas asiáticas.,Amir,Amazon Translate
A marionete dá vida às histórias usando figuras controladas à mão.,Amir,Amazon Translate
Câncer descreve um grupo de doenças com crescimento celular anormal.,Amir,Amazon Translate
O mecanismo de pesquisa do Google indexa milhões de páginas da web diariamente.,Amir,Amazon Translate
O queijo vem do leite coalhado armazenado adequadamente.,Amir,Amazon Translate
Os crocodilos habitam margens de rios e zonas úmidas quentes.,Amir,Amazon Translate
A Antártica experimenta seis meses de luz solar contínua anualmente.,Amir,Amazon Translate
"Engenheiros projetam máquinas, edifícios e infraestruturas.",Amir,Amazon Translate
Os violinistas tocam melodias curvando as cordas com precisão.,Amir,Amazon Translate
As ilhas são cercadas inteiramente por corpos d'água.,Amir,Amazon Translate
A corrida melhora a resiliência contra estilos de vida sedentários.,Amir,Amazon Translate
O gelo se forma naturalmente quando as temperaturas caem abaixo de zero.,Amir,Amazon Translate
O futebol usa uma bola esférica e postes por equipe.,Amir,Amazon Translate
Os escultores criam obras tridimensionais a partir de blocos de pedra ou metal.,Amir,Amazon Translate
Uma alimentação saudável apoia o forte funcionamento do sistema imunológico.,Amir,Amazon Translate
A eletricidade alimenta dispositivos eletrônicos em todos os lugares.,Amir,Amazon Translate
Os médicos tratam lesões e doenças diariamente.,Amir,Amazon Translate
As prateleiras das bibliotecas organizam os livros por tópico ou autor.,Amir,Amazon Translate
A história estuda pessoas e eventos passados.,Amir,Amazon Translate
Os terremotos resultam do movimento ao longo de falhas subterrâneas.,Amir,Amazon Translate
"O yoga incorpora técnicas de postura, respiração e concentração.",Amir,Amazon Translate
Dançarinos de balé executam movimentos coreografados graciosamente.,Amir,Amazon Translate
Geógrafos estudam distribuições espaciais e localizações.,Amir,Amazon Translate
Os agricultores cultivam grãos e vegetais para consumo.,Amir,Amazon Translate
As abelhas produzem mel dentro das colmeias.,Amir,Amazon Translate
Os antigos gregos construíram templos em homenagem a seus deuses.,Amir,Amazon Translate
Os ônibus públicos oferecem transporte compartilhado pelas cidades.,Amir,Amazon Translate
As focas vivem tanto em terra quanto em mares frios.,Amir,Amazon Translate
O Muro de Berlim dividiu Berlim Oriental e Ocidental após a Segunda Guerra Mundial.,Amir,Amazon Translate
Os grandes tubarões brancos possuem várias fileiras de dentes.,Amir,Amazon Translate
As bolotas amadurecem e se transformam em carvalhos se não forem perturbadas.,Amir,Amazon Translate
Os amendoins crescem abaixo do solo em vagens.,Amir,Amazon Translate
O kiwi tem casca marrom felpuda e polpa verde.,Amir,Amazon Translate
"Os átomos formam todos os tipos de matéria sólida, líquida e gasosa.",Amir,Amazon Translate
Os vírus causam influenza e resfriados comuns.,Amir,Amazon Translate
"A memória humana armazena fatos, habilidades e experiências.",Amir,Amazon Translate
"Os supermercados vendem mantimentos, utensílios domésticos e bens pessoais.",Amir,Amazon Translate
Os aviões transportam passageiros rapidamente pelos continentes.,Amir,Amazon Translate
"Alexandre, o Grande, conquistou grande parte do mundo antigo.",Amir,Amazon Translate
O Bluetooth conecta dispositivos digitais sem fio.,Amir,Amazon Translate
Os artistas expressam ideias visualmente por meio de diferentes mídias.,Amir,Amazon Translate
Lavar frutas e vegetais remove sujeira e bactérias.,Amir,Amazon Translate
O cálculo encontra áreas sob curvas e taxas de variação.,Amir,Amazon Translate
Os mapas representam áreas geográficas visualmente com símbolos e linhas.,Amir,Amazon Translate
Uma dieta balanceada suporta uma forte função imunológica.,Amir,Amazon Translate
"Os museus exibem exposições de arte, história e ciência.",Amir,Amazon Translate
A gravidade retém objetos na superfície da Terra.,Amir,Amazon Translate
A fotografia captura imagens usando câmeras e filmes ou sensores.,Amir,Amazon Translate
Os coelhos detectam predadores com suas orelhas grandes e sensíveis.,Amir,Amazon Translate
Os computadores processam dados usando sistemas numéricos binários.,Amir,Amazon Translate
As moedas servem como moeda para transações comerciais.,Amir,Amazon Translate
Violinistas tocam notas altas em orquestras e conjuntos.,Amir,Amazon Translate
Aviões transportam passageiros entre cidades globais distantes.,Amir,Amazon Translate
Os médicos diagnosticam doenças e recomendam tratamentos.,Amir,Amazon Translate
Guindastes andam em águas rasas caçando peixes e insetos.,Amir,Amazon Translate
As estátuas comemoram pessoas ou eventos notáveis em espaços públicos.,Amir,Amazon Translate
"Os alunos aprendem disciplinas acadêmicas como matemática, ciências e idiomas.",Amir,Amazon Translate
Os Sistemas de Posicionamento Global (GPS) ajudam a navegar ao ar livre.,Amir,Amazon Translate
As temperaturas do verão geralmente excedem as dos meses de inverno.,Amir,Amazon Translate
Os lagos contêm corpos de água doce ou salgada parada.,Amir,Amazon Translate
As nuvens consistem em gotículas de vapor de água condensada fria.,Amir,Amazon Translate
Os times de futebol competem para marcar gols com uma bola.,Amir,Amazon Translate
A ciência se baseia em evidências de observação e experimentos.,Amir,Amazon Translate
"Os óculos corrigem problemas de visão, como miopia.",Amir,Amazon Translate
"A aritmética inclui adição, subtração, multiplicação e divisão.",Amir,Amazon Translate
Os relógios medem os intervalos de tempo com precisão.,Amir,Amazon Translate
A penicilina foi descoberta como antibiótico por Alexander Fleming.,Amir,Amazon Translate
A NASA explora o espaço sideral usando telescópios e espaçonaves.,Amir,Amazon Translate
Os carnívoros obtêm nutrição principalmente comendo outros animais.,Amir,Amazon Translate
"O cérebro processa pensamentos, emoções e controla as funções corporais.",Amir,Amazon Translate
Os carros transportam pessoas e mercadorias rapidamente pelas estradas.,Amir,Amazon Translate
Vênus é o planeta mais quente do nosso sistema solar.,Amir,Amazon Translate
A Ásia é o maior dos continentes da Terra.,Amir,Amazon Translate
Frida Kahlo pintou autorretratos influenciados pela cultura mexicana.,Amir,Amazon Translate
"Os mapas simplificam formas de relevo, distâncias e limites políticos.",Amir,Amazon Translate
O sono saudável apoia a função imunológica e a regulação do humor.,Amir,Amazon Translate
Os médicos tratam doenças usando diagnóstico e medicamentos.,Amir,Amazon Translate
A ioga combina alongamento com respiração para benefícios à saúde.,Amir,Amazon Translate
As plantas perdem folhas no outono em climas temperados.,Amir,Amazon Translate
"Os pinguins são pássaros que nadam, mas não voam.",Amir,Amazon Translate
Os oceanos cobrem mais de dois terços da superfície da Terra.,Amir,Amazon Translate
O plástico persiste na natureza por centenas de anos.,Amir,Amazon Translate
As bibliotecas públicas emprestam livros gratuitamente aos titulares dos cartões.,Amir,Amazon Translate
As baleias expelem jatos de ar quando emergem para respirar.,Amir,Amazon Translate
Os coelhos usam orelhas grandes para detectar sons ambientais.,Amir,Amazon Translate
"As declarações de opinião refletem crenças, não fatos universais.",Amir,Amazon Translate
Engenheiros projetam soluções tecnológicas para desafios práticos.,Amir,Amazon Translate
Artistas expressam sentimentos visualmente por meio de trabalhos criativos.,Amir,Amazon Translate
A lógica encontra conclusões válidas com base em premissas formais.,Amir,Amazon Translate
As narrativas estruturam as histórias como sequências de eventos.,Amir,Amazon Translate
Os dicionários listam alfabeticamente as definições e pronúncias das palavras.,Amir,Amazon Translate
Geólogos estudam a composição e a história das rochas.,Amir,Amazon Translate
Os satélites orbitam planetas para transmitir sinais globalmente.,Amir,Amazon Translate
Os gafanhotos saltam muito em relação ao tamanho do corpo.,Amir,Amazon Translate
Os mercados são lugares onde compradores e vendedores interagem.,Amir,Amazon Translate
Os vulcões emitem lava quente durante as erupções.,Amir,Amazon Translate
A África é o segundo maior continente.,Amir,Amazon Translate
O coração circula o sangue para fornecer oxigênio aos tecidos.,Amir,Amazon Translate
"O balé exige força, flexibilidade e equilíbrio preciso.",Amir,Amazon Translate
O rio Yangtze flui pelo leste da China.,Amir,Amazon Translate
O crescimento muscular resulta de exercícios de resistência consistentes.,Amir,Amazon Translate
As vacinas ajudam a reduzir a transmissão de infecções virais.,Amir,Amazon Translate
O protetor solar ajuda a evitar queimaduras solares nos dias claros de verão.,Amir,Amazon Translate
Os ursos polares nadam bem e caçam blocos de gelo.,Amir,Amazon Translate
"Os curdos habitam regiões que abrangem a Turquia, Síria, Iraque e Irã.",Amir,Amazon Translate
As batatas crescem como tubérculos abaixo do nível do solo.,Amir,Amazon Translate
As bibliotecas públicas emprestam livros gratuitamente aos membros da comunidade.,Amir,Amazon Translate
A arquitetura romana antiga foi pioneira em arcos e cúpulas.,Amir,Amazon Translate
As pontes Keystone Arch distribuem o peso de forma eficiente pelos vales.,Amir,Amazon Translate
As montanhas resultam de mudanças tectônicas que elevam a terra para cima.,Amir,Amazon Translate
O futebol é um esporte coletivo que usa apenas pés e uma bola.,Amir,Amazon Translate
O queijo é leite fermentado curado em idades variadas.,Amir,Amazon Translate
"As maçãs amadurecem em vermelho, verde ou amarelo, dependendo da variedade.",Amir,Amazon Translate
As geleiras moldam lentamente as montanhas por meio de movimentos lentos.,Amir,Amazon Translate
As ferrovias transportam passageiros entre cidades por longas distâncias.,Amir,Amazon Translate
Os supermercados estocam produtos que variam de carne a material de limpeza.,Amir,Amazon Translate
As turbinas eólicas geram eletricidade sem queimar combustíveis fósseis.,Amir,Amazon Translate
Os morangos estão entre as primeiras frutas colhidas a cada primavera.,Amir,Amazon Translate
O clima descreve as tendências gerais do clima em períodos de tempo mais longos.,Amir,Amazon Translate
Os cogumelos florescem melhor em ambientes úmidos e sombreados.,Amir,Amazon Translate
Engenheiros constroem estruturas para resistir a terremotos e inundações.,Amir,Amazon Translate
O sal preserva as carnes de peixe contra a decomposição.,Amir,Amazon Translate
"As nuvens dispersam a luz do sol, produzindo um céu noturno em tons pastel.",Amir,Amazon Translate
Os médicos tratam doenças usando medicamentos baseados em evidências.,Amir,Amazon Translate
Os dentistas limpam os dentes para evitar cáries.,Amir,Amazon Translate
A matemática inclui campos tão diversos quanto geometria e estatística.,Amir,Amazon Translate
O hóquei usa bastões para direcionar pequenos discos redondos.,Amir,Amazon Translate
Os coelhos usam suas pernas fortes para pular e escapar.,Amir,Amazon Translate
As embalagens plásticas protegem os alimentos perecíveis da deterioração.,Amir,Amazon Translate
A moeda facilita as transações e trocas comerciais.,Amir,Amazon Translate
Músicos de jazz tocam solos em meio a mudanças de harmonias.,Amir,Amazon Translate
Escultores esculpem figuras de pedra representando pessoas históricas.,Amir,Amazon Translate
A gravidade faz com que as marés mudem periodicamente ao longo da costa costeira.,Amir,Amazon Translate
Os relâmpagos iluminam brevemente o céu noturno.,Amir,Amazon Translate
A Antártica permanece quase coberta por gelo durante todo o ano.,Amir,Amazon Translate
A tinta spray cria murais de arte pop nas paredes da cidade.,Amir,Amazon Translate
A penicilina foi descoberta acidentalmente devido à contaminação por fungos.,Amir,Amazon Translate
A lógica divide os argumentos em premissas e conclusões racionais.,Amir,Amazon Translate
A folhagem da primavera surge após as estações frias do inverno.,Amir,Amazon Translate
Os biscoitos assam mais rápido em fornos de convecção do que os convencionais.,Amir,Amazon Translate
Os livros comunicam histórias e informações de forma eficaz.,Amir,Amazon Translate
As fotos capturam momentos visuais para desfrutar mais tarde.,Amir,Amazon Translate
A tecnologia avança rapidamente devido à colaboração científica global.,Amir,Amazon Translate
As garrafas de vidro podem ser lavadas e reutilizadas várias vezes.,Amir,Amazon Translate
A álgebra resolve equações envolvendo variáveis e operações aritméticas.,Amir,Amazon Translate
"Os tablets integram telas, processadores, baterias e alto-falantes de forma portátil.",Amir,Amazon Translate
As girafas pastam em árvores altas que outros herbívoros não conseguem alcançar.,Amir,Amazon Translate
"Os relógios exibem horas, minutos e segundos com precisão.",Amir,Amazon Translate
Monet pintou cenas famosas de nenúfares.,Amir,Amazon Translate
O Monte Everest marca o ponto mais alto da Terra.,Amir,Amazon Translate
A água potável ajuda na regulação da temperatura corporal.,Amir,Amazon Translate
O antigo Egito construiu grandes pirâmides para faraós.,Amir,Amazon Translate
A arte abstrata usa formas em vez de realismo.,Amir,Amazon Translate
A Argentina fica ao sul do Brasil na América do Sul.,Amir,Amazon Translate
Comer vegetais ajuda a manter um sistema imunológico saudável.,Amir,Amazon Translate
A escultura esculpe ou molda obras de arte tridimensionais.,Amir,Amazon Translate
As bananas crescem bem em climas tropicais.,Amir,Amazon Translate
O pão deve crescer antes de assar.,Amir,Amazon Translate
A luz solar fornece energia para todos os seres vivos.,Amir,Amazon Translate
Os carros reduzem o tempo de viagem em longas distâncias.,Amir,Amazon Translate
"Os livros registram histórias, informações e história.",Amir,Amazon Translate
Os ovos contêm proteínas e vitaminas A e D.,Amir,Amazon Translate
O arroz alimenta bilhões em todo o mundo todos os anos.,Amir,Amazon Translate
A ópera combina canto com acompanhamento orquestral.,Amir,Amazon Translate
A música clássica usa seções de cordas e metais.,Amir,Amazon Translate
As usinas de energia geram eletricidade para as comunidades.,Amir,Amazon Translate
As moedas servem como moeda para trocas.,Amir,Amazon Translate
Napoleão governou a França como seu imperador.,Amir,Amazon Translate
Whitney Houston foi uma cantora pop influente.,Amir,Amazon Translate
Os computadores processam informações usando circuitos eletrônicos.,Amir,Amazon Translate
A álgebra contém variáveis que representam valores desconhecidos.,Amir,Amazon Translate
As ovelhas fornecem fibra para roupas quentes de lã.,Amir,Amazon Translate
Os médicos diagnosticam as condições com base nos sintomas e testes.,Amir,Amazon Translate
"Os mapas destacam rios, cidades e limites visualmente.",Amir,Amazon Translate
Os relâmpagos ocorrem com mais frequência nas tempestades de verão.,Amir,Amazon Translate
Músicos de jazz improvisam melodias de forma imprevisível.,Amir,Amazon Translate
As embalagens plásticas protegem os itens da umidade.,Amir,Amazon Translate
Um piano produz som por meio de cordas batidas.,Amir,Amazon Translate
As estrelas emitem luz devido à fusão nuclear.,Amir,Amazon Translate
Os astronautas usam trajes espaciais para proteção extra-planetária.,Amir,Amazon Translate
"A matemática inclui cálculos, medições e análises.",Amir,Amazon Translate
Os operadores compartilham responsabilidades em eventos internacionais.,Amir,Amazon Translate
Mona Lisa exibe expressões faciais misteriosas.,Amir,Amazon Translate
Roma mostra ruínas de civilizações antigas.,Amir,Amazon Translate
A memória do computador armazena dados temporariamente para processamento.,Amir,Amazon Translate
As calorias medem a energia disponível nos alimentos consumidos.,Amir,Amazon Translate
O sangue transporta nutrientes por todo o sistema circulatório.,Amir,Amazon Translate
As porções regulam a ingestão nutricional nas refeições.,Amir,Amazon Translate
Os museus exibem obras de valor histórico e artístico.,Amir,Amazon Translate
As bananeiras produzem frutos e folhas comestíveis.,Amir,Amazon Translate
Um café da manhã nutritivo ajuda na concentração na escola.,Amir,Amazon Translate
As equações matemáticas podem ter uma ou várias soluções.,Amir,Amazon Translate
A gravidade mantém as pessoas ancoradas na superfície da Terra.,Amir,Amazon Translate
O rio Amazonas tem uma ampla bacia de drenagem.,Amir,Amazon Translate
Formas triangulares são comuns em pipas tradicionais.,Amir,Amazon Translate
O chocolate vem dos grãos de cacau processados.,Amir,Amazon Translate
Os médicos recomendam a vacinação anual contra a gripe.,Amir,Amazon Translate
"A cultura influencia a arte, a linguagem e os costumes sociais.",Amir,Amazon Translate
O futebol usa uma bola esférica e duas redes.,Amir,Amazon Translate
A meditação acalma a ansiedade e aumenta a atenção plena.,Amir,Amazon Translate
Tóquio é densamente povoada e tecnologicamente avançada.,Amir,Amazon Translate
Os livros transmitem conhecimento por gerações.,Amir,Amazon Translate
As rotinas de treino fortalecem grupos musculares específicos.,Amir,Amazon Translate
Os polígonos são figuras fechadas com vários lados.,Amir,Amazon Translate
O sal preserva a carne inibindo o crescimento de bactérias.,Amir,Amazon Translate
A produção de queijo envolve coagulação e fermentação.,Amir,Amazon Translate
Os diamantes são principalmente carbono organizado de forma tetraédrica.,Amir,Amazon Translate
As batatas fornecem carboidratos em diversas receitas.,Amir,Amazon Translate
Águias capturam presas usando garras poderosas.,Amir,Amazon Translate
As fotos capturam memórias visuais para a posteridade.,Amir,Amazon Translate
As geleiras se movem lentamente sob seu próprio peso.,Amir,Amazon Translate
As girafas se alimentam das folhas das copas das árvores inacessíveis aos outros.,Amir,Amazon Translate
Os grilos cantam principalmente durante as noites quentes.,Amir,Amazon Translate
Os sistemas legais impõem regras dentro das sociedades.,Amir,Amazon Translate
Os moinhos de vento convertem energia cinética em trabalho mecânico.,Amir,Amazon Translate
As pessoas usam calendários para planejar eventos.,Amir,Amazon Translate
Os leões caçam cooperativamente em bandos.,Amir,Amazon Translate
A subtração determina a diferença entre as quantidades.,Amir,Amazon Translate
Os morangos devem ser colhidos quando maduros.,Amir,Amazon Translate
A alfabetização permite entender as instruções escritas.,Amir,Amazon Translate
As vacinas estimulam a resposta imune com segurança.,Amir,Amazon Translate
Os gráficos circulares representam visualmente frações de um todo.,Amir,Amazon Translate
As tartarugas marinhas retornam às praias para aninhar ovos.,Amir,Amazon Translate
Os jornais informam os leitores sobre as notícias atuais.,Amir,Amazon Translate
"Os campos de golfe apresentam greens, fairways e bunkers de areia.",Amir,Amazon Translate
A luz reflete nos espelhos em ângulos iguais.,Amir,Amazon Translate
Florestas densas abrigam mais diversidade animal.,Amir,Amazon Translate
Os neurônios transmitem sinais por todo o sistema nervoso.,Amir,Amazon Translate
A visão depende da luz que entra através das lentes.,Amir,Amazon Translate
Os carros híbridos usam motores elétricos e motores a gás.,Amir,Amazon Translate
Os músculos se contraem para produzir movimentos corporais.,Amir,Amazon Translate
Os dicionários de palavras definem os termos com clareza.,Amir,Amazon Translate
O basquete apresenta equipes atirando aros para ganhar pontos.,Amir,Amazon Translate
Peças clássicas geralmente requerem arranjos orquestrais.,Amir,Amazon Translate
A Internet fornece acesso global às informações.,Amir,Amazon Translate
Os ossos sustentam órgãos e tecidos moles.,Amir,Amazon Translate
Fósseis revelam estruturas de animais antigos.,Amir,Amazon Translate
As pinturas variam de estilos realistas a abstratos.,Amir,Amazon Translate
"A física explora matéria, forças e movimento.",Amir,Amazon Translate
Os matemáticos desenvolvem teorias sobre números e espaços.,Amir,Amazon Translate
O canto dos pássaros comunica intenções de território ou atração.,Amir,Amazon Translate
A aritmética básica suporta os cálculos diários.,Amir,Amazon Translate
Os discos compactos armazenam dados de áudio digital.,Amir,Amazon Translate
