statement,committer,elicitation
Los gatos suelen ser mantenidos como mascotas domésticas.,Amir,Amazon Translate
La luz viaja más rápido que el sonido.,Amir,Amazon Translate
El azúcar se disuelve en agua.,Amir,Amazon Translate
Los días de invierno suelen ser más fríos que los de verano.,Amir,Amazon Translate
Las plantas necesitan luz solar para la fotosíntesis.,Amir,Amazon Translate
La mayoría de los adultos tienen 32 dientes.,Amir,Amazon Translate
Los libros se pueden hacer de papel.,Amir,Amazon Translate
La lluvia se forma a partir del vapor de agua condensado.,Amir,Amazon Translate
Los automóviles requieren combustible para funcionar.,Amir,Amazon Translate
El ajedrez se juega en un tablero cuadrado.,Amir,Amazon Translate
El pan se pone rancio cuando se deja sin tapar.,Amir,Amazon Translate
La luna orbita alrededor de la Tierra.,Amir,Amazon Translate
El hierro se oxida cuando se expone a la humedad.,Amir,Amazon Translate
Las arañas tienen ocho patas.,Amir,Amazon Translate
Los elefantes son los animales terrestres más grandes.,Amir,Amazon Translate
Un triángulo tiene tres lados.,Amir,Amazon Translate
La leche se usa a menudo para hacer queso.,Amir,Amazon Translate
Las monedas generalmente están hechas de metal.,Amir,Amazon Translate
Los refrigeradores mantienen los alimentos fríos.,Amir,Amazon Translate
La gravedad atrae los objetos hacia la Tierra.,Amir,Amazon Translate
Los calcetines se usan en los pies.,Amir,Amazon Translate
Las abejas recolectan el néctar de las flores.,Amir,Amazon Translate
Los peces usan branquias para respirar bajo el agua.,Amir,Amazon Translate
El fuego produce calor y luz.,Amir,Amazon Translate
Las nubes son acumulaciones visibles de gotas de agua.,Amir,Amazon Translate
Los diamantes se consideran piedras preciosas valiosas.,Amir,Amazon Translate
Los volcanes pueden entrar en erupción con lava fundida.,Amir,Amazon Translate
El arroz es un alimento básico en muchos países.,Amir,Amazon Translate
El Amazonas es una gran selva tropical.,Amir,Amazon Translate
Los pájaros construyen nidos para poner huevos.,Amir,Amazon Translate
Una semana tiene siete días.,Amir,Amazon Translate
Las llamadas telefónicas transmiten voces a distancia.,Amir,Amazon Translate
El plástico se puede reciclar en algunas instalaciones.,Amir,Amazon Translate
Las manzanas crecen en los árboles.,Amir,Amazon Translate
Los canguros son originarios de Australia.,Amir,Amazon Translate
Los molinos de viento pueden generar electricidad.,Amir,Amazon Translate
La gente vota en elecciones democráticas.,Amir,Amazon Translate
Las bibliotecas prestan libros al público.,Amir,Amazon Translate
Los trenes viajan sobre rieles.,Amir,Amazon Translate
La mayoría de los lápices contienen grafito.,Amir,Amazon Translate
Las cámaras capturan fotografías.,Amir,Amazon Translate
El fútbol se juega con una pelota ovalada.,Amir,Amazon Translate
El helado se derrite cuando se expone al calor.,Amir,Amazon Translate
Los televisores muestran imágenes en movimiento.,Amir,Amazon Translate
Los aviones vuelan con alas.,Amir,Amazon Translate
Las patatas crecen bajo tierra.,Amir,Amazon Translate
El azúcar tiene un sabor dulce para la mayoría de las personas.,Amir,Amazon Translate
Los zapatos protegen tus pies.,Amir,Amazon Translate
"Los delfines son mamíferos, no peces.",Amir,Amazon Translate
Las llaves se utilizan para abrir puertas.,Amir,Amazon Translate
París es la capital de Francia.,Amir,Amazon Translate
Los satélites orbitan planetas en el espacio.,Amir,Amazon Translate
Los pinos permanecen verdes todo el año.,Amir,Amazon Translate
Las medusas viven en los océanos.,Amir,Amazon Translate
El Sahara es un vasto desierto.,Amir,Amazon Translate
Los cortes de energía detienen el flujo de electricidad.,Amir,Amazon Translate
Los girasoles giran hacia la luz del sol.,Amir,Amazon Translate
La Estatua de la Libertad se encuentra en el puerto de Nueva York.,Amir,Amazon Translate
Los arcoíris se forman cuando la luz pasa a través de las gotas de agua.,Amir,Amazon Translate
La mayoría de las ranas pueden saltar largas distancias.,Amir,Amazon Translate
Los lobos cazan en manadas.,Amir,Amazon Translate
Las tortugas tienen caparazones duros.,Amir,Amazon Translate
Los terremotos son el resultado del desplazamiento de las placas tectónicas.,Amir,Amazon Translate
Las mariposas sufren metamorfosis.,Amir,Amazon Translate
Los relojes miden el tiempo.,Amir,Amazon Translate
El oro tiene un brillo metálico amarillo.,Amir,Amazon Translate
Una brújula muestra los puntos cardinales.,Amir,Amazon Translate
Los búhos son aves nocturnas.,Amir,Amazon Translate
Los barcos flotan en el agua.,Amir,Amazon Translate
La pizza es un alimento popular.,Amir,Amazon Translate
Las jirafas tienen cuellos largos.,Amir,Amazon Translate
Las velas proporcionan luz cuando se queman.,Amir,Amazon Translate
El bambú crece rápidamente.,Amir,Amazon Translate
El fútbol se juega con una pelota redonda.,Amir,Amazon Translate
"Los hongos son hongos, no plantas.",Amir,Amazon Translate
Los láseres emiten haces de luz enfocados.,Amir,Amazon Translate
La Gran Muralla se encuentra en China.,Amir,Amazon Translate
Los mosquitos pican para alimentarse de sangre.,Amir,Amazon Translate
Los huevos son un alimento común para el desayuno.,Amir,Amazon Translate
Los caballos tienen pezuñas.,Amir,Amazon Translate
El jabón elimina la suciedad de la piel.,Amir,Amazon Translate
Muchos insectos sufren una metamorfosis completa.,Amir,Amazon Translate
El Ártico es el hogar de los osos polares.,Amir,Amazon Translate
Los mapas muestran las ubicaciones de los lugares.,Amir,Amazon Translate
Los impermeables te mantienen seco.,Amir,Amazon Translate
Los rayos pueden caer sobre objetos altos.,Amir,Amazon Translate
El agua se congela a cero grados centígrados.,Amir,Amazon Translate
Los perros son animales domésticos comunes.,Amir,Amazon Translate
Las hojas cambian de color en otoño.,Amir,Amazon Translate
El papel está hecho de pulpa de madera.,Amir,Amazon Translate
La mayoría de las aves ponen huevos.,Amir,Amazon Translate
Los tomates contienen vitamina C.,Amir,Amazon Translate
Las computadoras procesan la información digital.,Amir,Amazon Translate
Las vacas producen leche para productos lácteos.,Amir,Amazon Translate
Los trenes transportan pasajeros o carga.,Amir,Amazon Translate
Las bicicletas funcionan pedaleando.,Amir,Amazon Translate
La miel la hacen las abejas.,Amir,Amazon Translate
El océano cubre la mayor parte de la superficie terrestre.,Amir,Amazon Translate
Las montañas pueden afectar el clima local.,Amir,Amazon Translate
La mayoría de los relojes muestran la hora.,Amir,Amazon Translate
El cerebro controla las funciones corporales.,Amir,Amazon Translate
Las piñas tienen una piel exterior puntiaguda.,Amir,Amazon Translate
La mayoría de las plantas tienen hojas verdes.,Amir,Amazon Translate
La jirafa es el animal más alto.,Amir,Amazon Translate
El plástico está hecho de petróleo.,Amir,Amazon Translate
El café contiene cafeína.,Amir,Amazon Translate
La música se puede producir con instrumentos.,Amir,Amazon Translate
Los leones viven en manadas.,Amir,Amazon Translate
Los diamantes se forman a alta presión.,Amir,Amazon Translate
Londres está en el Reino Unido.,Amir,Amazon Translate
Los reptiles son animales de sangre fría.,Amir,Amazon Translate
La mayoría de las personas comen tres veces al día.,Amir,Amazon Translate
Las plumas cubren a la mayoría de las aves.,Amir,Amazon Translate
Las zanahorias tienen un alto contenido de betacaroteno.,Amir,Amazon Translate
Los cacahuetes crecen bajo tierra.,Amir,Amazon Translate
Los cordones aseguran los zapatos en los pies.,Amir,Amazon Translate
Marte es conocido como el planeta rojo.,Amir,Amazon Translate
El baloncesto se juega en espacios cerrados o al aire libre.,Amir,Amazon Translate
Las ballenas respiran aire a través de los respiraderos.,Amir,Amazon Translate
Los mapas ayudan con la navegación.,Amir,Amazon Translate
El acero es una aleación de hierro y carbono.,Amir,Amazon Translate
Algunos hongos descomponen las plantas muertas.,Amir,Amazon Translate
El teclado se usa para escribir.,Amir,Amazon Translate
Los tigres tienen pelo rayado.,Amir,Amazon Translate
La mayoría de los aviones tienen dos alas.,Amir,Amazon Translate
Algunos desiertos tienen dunas de arena.,Amir,Amazon Translate
Los motores de los automóviles utilizan la combustión para funcionar.,Amir,Amazon Translate
Un arcoíris tiene varios colores visibles.,Amir,Amazon Translate
Los pingüinos viven en climas fríos.,Amir,Amazon Translate
El hidrógeno es el elemento más ligero.,Amir,Amazon Translate
La mayoría de los mamíferos tienen pelo o pelo.,Amir,Amazon Translate
Las bibliotecas almacenan recursos de información.,Amir,Amazon Translate
Las naranjas son frutas cítricas jugosas.,Amir,Amazon Translate
Las estrellas emiten energía en forma de luz y calor.,Amir,Amazon Translate
Los monos son primates.,Amir,Amazon Translate
Los pingüinos no pueden volar.,Amir,Amazon Translate
Un río fluye hacia elevaciones más bajas.,Amir,Amazon Translate
Los tiburones tienen dientes afilados.,Amir,Amazon Translate
La caña de azúcar crece en las regiones tropicales.,Amir,Amazon Translate
Puedes ver tu respiración en el aire frío.,Amir,Amazon Translate
Las conchas marinas se encuentran en las playas.,Amir,Amazon Translate
Internet conecta ordenadores de todo el mundo.,Amir,Amazon Translate
Muchas computadoras portátiles tienen paneles táctiles.,Amir,Amazon Translate
Los loros pueden imitar el habla humana.,Amir,Amazon Translate
El guepardo es el animal terrestre más rápido.,Amir,Amazon Translate
Los tornados se forman en tormentas severas.,Amir,Amazon Translate
Los pavos reales muestran coloridas plumas en la cola.,Amir,Amazon Translate
La lluvia puede llenar ríos y lagos.,Amir,Amazon Translate
La pasta dental limpia los dientes.,Amir,Amazon Translate
Las uvas se pueden convertir en vino.,Amir,Amazon Translate
Las rosas son plantas con flores.,Amir,Amazon Translate
Los coyotes son perros salvajes.,Amir,Amazon Translate
Los delfines se comunican con chasquidos y silbidos.,Amir,Amazon Translate
Las telarañas atrapan a los insectos.,Amir,Amazon Translate
Algunos autobuses funcionan con electricidad.,Amir,Amazon Translate
Los koalas comen hojas de eucalipto.,Amir,Amazon Translate
Montar a caballo es una actividad al aire libre.,Amir,Amazon Translate
Los escritorios proporcionan una superficie para trabajar.,Amir,Amazon Translate
Los vuelos salen de los aeropuertos.,Amir,Amazon Translate
Los grillos emiten chirridos por la noche.,Amir,Amazon Translate
Las ballenas pueden comunicarse a largas distancias.,Amir,Amazon Translate
Los triángulos son formas geométricas básicas.,Amir,Amazon Translate
El champú limpia tu cabello.,Amir,Amazon Translate
Los pingüinos se mueven cuando caminan.,Amir,Amazon Translate
Los espaguetis son un tipo de pasta.,Amir,Amazon Translate
Las cámaras pueden grabar vídeo e imágenes fijas.,Amir,Amazon Translate
Los ratones son pequeños roedores.,Amir,Amazon Translate
La mayoría de los autobuses urbanos siguen un horario.,Amir,Amazon Translate
El páncreas produce insulina.,Amir,Amazon Translate
Los tulipanes son flores de primavera.,Amir,Amazon Translate
Las plantas de la selva tropical crecen rápidamente.,Amir,Amazon Translate
Los mosquitos se sienten atraídos por el agua estancada.,Amir,Amazon Translate
Las piezas de ajedrez se mueven de maneras específicas.,Amir,Amazon Translate
Los arrecifes de coral albergan una variada vida marina.,Amir,Amazon Translate
Los osos hibernan en invierno.,Amir,Amazon Translate
Los mapas pueden ser digitales o en papel.,Amir,Amazon Translate
Los ordenadores portátiles pueden funcionar con baterías.,Amir,Amazon Translate
La madera flota en el agua.,Amir,Amazon Translate
Las hojas capturan la luz solar para obtener energía.,Amir,Amazon Translate
Las cometas vuelan con el viento.,Amir,Amazon Translate
Los tigres cazan presas grandes.,Amir,Amazon Translate
La luz permite a los humanos ver su entorno.,Amir,Amazon Translate
La mayoría de los mamíferos dan a luz crías vivas.,Amir,Amazon Translate
La sal mejora el sabor de muchos alimentos.,Amir,Amazon Translate
La Vía Láctea es una galaxia que contiene la Tierra.,Amir,Amazon Translate
Los gatos usan bigotes para sentir lo que les rodea.,Amir,Amazon Translate
La Tierra gira una vez cada 24 horas.,Amir,Amazon Translate
Las monedas se pueden usar para pagar pequeñas compras.,Amir,Amazon Translate
La mantequilla se derrite a temperatura ambiente.,Amir,Amazon Translate
El correo se entrega por los servicios postales.,Amir,Amazon Translate
Los perros pueden ser entrenados para que obedezcan órdenes.,Amir,Amazon Translate
Los conejos comen principalmente plantas y verduras.,Amir,Amazon Translate
El sol proporciona energía a los ecosistemas de la Tierra.,Amir,Amazon Translate
Muchos lagos están formados por glaciares.,Amir,Amazon Translate
El azúcar puede causar caries en los dientes.,Amir,Amazon Translate
El viento mueve el aire de alta a baja presión.,Amir,Amazon Translate
El té se prepara remojando las hojas en agua caliente.,Amir,Amazon Translate
Los lobos están relacionados con los perros domésticos.,Amir,Amazon Translate
Las quemaduras solares son causadas por los rayos ultravioletas.,Amir,Amazon Translate
Los pulpos tienen ocho brazos.,Amir,Amazon Translate
Una maratón tiene 42 kilómetros de longitud.,Amir,Amazon Translate
Algunas aves pueden imitar las voces humanas.,Amir,Amazon Translate
Las hojas caen de los árboles en otoño.,Amir,Amazon Translate
El carbón es un combustible fósil.,Amir,Amazon Translate
Los zorros tienen colas tupidas.,Amir,Amazon Translate
Las bicicletas ayudan a reducir la contaminación del aire.,Amir,Amazon Translate
Las cebras tienen rayas blancas y negras.,Amir,Amazon Translate
Los terremotos miden el movimiento a lo largo de las fallas.,Amir,Amazon Translate
La mayoría de los barcos flotan desplazando el agua.,Amir,Amazon Translate
El chocolate contiene cacao.,Amir,Amazon Translate
Las nubes predicen el cambio climático.,Amir,Amazon Translate
Algunas arañas usan el veneno para someter a sus presas.,Amir,Amazon Translate
Las vacas mastican bolo para digerir la comida.,Amir,Amazon Translate
Las rosas tienen tallos espinosos.,Amir,Amazon Translate
Muchos búhos cazan de noche.,Amir,Amazon Translate
Las patatas se pueden preparar de múltiples maneras.,Amir,Amazon Translate
Las hojas absorben dióxido de carbono.,Amir,Amazon Translate
Los lobos viajan juntos en manadas.,Amir,Amazon Translate
Los mosquitos pueden transmitir enfermedades como la malaria.,Amir,Amazon Translate
Las focas son mamíferos marinos.,Amir,Amazon Translate
Los aviones despegan de las pistas.,Amir,Amazon Translate
Los crayones están hechos de cera coloreada.,Amir,Amazon Translate
Las estrellas son visibles por la noche.,Amir,Amazon Translate
El brócoli es un vegetal nutritivo.,Amir,Amazon Translate
El hielo se forma cuando el agua se congela.,Amir,Amazon Translate
La jirafa tiene un cuello largo para alimentarse.,Amir,Amazon Translate
Las torres del reloj muestran la hora al público.,Amir,Amazon Translate
Las lupas hacen que los objetos parezcan más grandes.,Amir,Amazon Translate
Los mapas utilizan símbolos para los puntos de referencia.,Amir,Amazon Translate
Los loros son conocidos por sus plumas brillantes.,Amir,Amazon Translate
Las liebres tienen orejas largas.,Amir,Amazon Translate
Las conchas marinas están hechas por animales marinos.,Amir,Amazon Translate
El Sol está aproximadamente a 93 millones de millas de la Tierra.,Amir,Amazon Translate
El fuego necesita oxígeno para arder.,Amir,Amazon Translate
Las orugas se transforman en mariposas.,Amir,Amazon Translate
Las naranjas se pelan antes de comerlas.,Amir,Amazon Translate
Plutón está clasificado como planeta enano.,Amir,Amazon Translate
El parpadeo mantiene los ojos húmedos.,Amir,Amazon Translate
Los pepinos son en su mayoría agua.,Amir,Amazon Translate
Muchos peces ponen huevos en el agua.,Amir,Amazon Translate
Las brújulas usan el magnetismo para encontrar el Norte.,Amir,Amazon Translate
Los rayos pueden provocar incendios forestales.,Amir,Amazon Translate
Las pompas de jabón son esféricas.,Amir,Amazon Translate
Muchos hongos crecen en bosques húmedos.,Amir,Amazon Translate
Los aviones vuelan por encima de las nubes.,Amir,Amazon Translate
Los cangrejos ermitaños encuentran conchas vacías para vivir.,Amir,Amazon Translate
Los relojes de pulsera muestran la hora actual.,Amir,Amazon Translate
El canto de las ballenas recorre largas distancias bajo el agua.,Amir,Amazon Translate
Los gatos pueden retraer sus garras.,Amir,Amazon Translate
El violín se toca con un arco.,Amir,Amazon Translate
Las orquídeas son flores tropicales.,Amir,Amazon Translate
La lluvia enfría el aire en los días calurosos.,Amir,Amazon Translate
Las águilas tienen una vista excelente.,Amir,Amazon Translate
Las abejas son importantes polinizadores.,Amir,Amazon Translate
Los pinos tienen hojas en forma de aguja.,Amir,Amazon Translate
La mayoría de los edificios de apartamentos tienen varios pisos.,Amir,Amazon Translate
Las grúas levantan materiales pesados en las obras de construcción.,Amir,Amazon Translate
Los camellos almacenan grasa en sus jorobas.,Amir,Amazon Translate
Los mapas ayudan a las personas a encontrar direcciones.,Amir,Amazon Translate
Los conejos tienen orejas largas.,Amir,Amazon Translate
El sueño restaura la energía en humanos y animales.,Amir,Amazon Translate
Las palomas viven en ciudades de todo el mundo.,Amir,Amazon Translate
Los cuchillos se utilizan para cortar los alimentos.,Amir,Amazon Translate
Los cuervos son aves muy inteligentes.,Amir,Amazon Translate
Las plántulas crecen a partir de semillas plantadas.,Amir,Amazon Translate
El aluminio es un metal ligero que se utiliza en las latas.,Amir,Amazon Translate
Las montañas experimentan una presión de aire más baja en la cima.,Amir,Amazon Translate
Los ríos pueden erosionar las rocas y el suelo.,Amir,Amazon Translate
Las hormigas viven en colonias organizadas.,Amir,Amazon Translate
Los niños suelen perder los dientes de leche a los doce años.,Amir,Amazon Translate
Los pájaros tienen huesos huecos que les ayudan a volar.,Amir,Amazon Translate
El oro se utiliza en la fabricación de joyas.,Amir,Amazon Translate
Los limones tienen un sabor agrio debido al ácido cítrico.,Amir,Amazon Translate
Los glóbulos rojos transportan oxígeno.,Amir,Amazon Translate
Algunos murciélagos utilizan la ecolocalización para navegar.,Amir,Amazon Translate
El verde es un color secundario.,Amir,Amazon Translate
El agua es un compuesto de hidrógeno y oxígeno.,Amir,Amazon Translate
Algunos búhos pueden girar la cabeza 270 grados.,Amir,Amazon Translate
Los triángulos siempre tienen tres ángulos.,Amir,Amazon Translate
Las serpientes mudan su piel periódicamente.,Amir,Amazon Translate
El queso se elabora con leche fermentada.,Amir,Amazon Translate
Los mapas utilizan una leyenda para explicar los símbolos.,Amir,Amazon Translate
La mayoría de las personas tienen veinte dientes primarios.,Amir,Amazon Translate
El viento mueve las nubes por el cielo.,Amir,Amazon Translate
Los relojes funcionan con pilas o muelles.,Amir,Amazon Translate
Algunos peces cambian de color para camuflarse.,Amir,Amazon Translate
El pan se levanta con levadura o polvo de hornear.,Amir,Amazon Translate
Un pulpo arroja tinta cuando se siente amenazado.,Amir,Amazon Translate
Algunos animales hibernan durante el invierno.,Amir,Amazon Translate
Los guepardos pueden alcanzar altas velocidades en ráfagas cortas.,Amir,Amazon Translate
Los amaneceres se producen en el este.,Amir,Amazon Translate
Los caballitos de mar se anclan con colas prensiles.,Amir,Amazon Translate
El chocolate es tóxico para muchos animales.,Amir,Amazon Translate
Las abejas almacenan la miel en las colmenas.,Amir,Amazon Translate
El cobre es un buen conductor eléctrico.,Amir,Amazon Translate
Los camellos tienen pestañas largas para protegerse de la arena.,Amir,Amazon Translate
El Océano Atlántico limita con varios continentes.,Amir,Amazon Translate
Los tornados tienen una apariencia en forma de embudo.,Amir,Amazon Translate
Las rosas necesitan luz solar y agua para crecer.,Amir,Amazon Translate
Las oficinas de correos se encargan de la distribución del correo.,Amir,Amazon Translate
La mayoría de los teléfonos modernos son teléfonos inteligentes.,Amir,Amazon Translate
La gravedad de la luna provoca mareas en la Tierra.,Amir,Amazon Translate
La Antártida está cubierta principalmente de hielo.,Amir,Amazon Translate
Las lombrices ayudan a mejorar la estructura del suelo.,Amir,Amazon Translate
La mayoría de las arañas son inofensivas para los humanos.,Amir,Amazon Translate
Los ventiladores hacen circular el aire en una habitación.,Amir,Amazon Translate
Los kiwis son aves no voladoras de Nueva Zelanda.,Amir,Amazon Translate
La mayoría de las telas están tejidas con hilos.,Amir,Amazon Translate
Los relámpagos son causados por descargas eléctricas en las nubes.,Amir,Amazon Translate
Los pingüinos cazan peces bajo el agua.,Amir,Amazon Translate
El guepardo es conocido por su velocidad de carrera.,Amir,Amazon Translate
Los gatos suelen ronronear cuando están contentos.,Amir,Amazon Translate
Los koalas duermen durante largos períodos.,Amir,Amazon Translate
Los árboles proporcionan sombra y refugio.,Amir,Amazon Translate
Los pandas comen principalmente bambú.,Amir,Amazon Translate
El congelador mantiene los alimentos congelados.,Amir,Amazon Translate
El hielo flota porque es menos denso que el agua.,Amir,Amazon Translate
Los mapas ayudan a los viajeros a planificar sus viajes.,Amir,Amazon Translate
La lava se enfría y se convierte en roca sólida.,Amir,Amazon Translate
Las grúas son máquinas que se utilizan para levantar objetos.,Amir,Amazon Translate
Los lagartos toman el sol para calentarse.,Amir,Amazon Translate
Los arrozales necesitan agua estancada.,Amir,Amazon Translate
Los detectores de humo detectan las partículas de los incendios.,Amir,Amazon Translate
Las luciérnagas emiten luz desde sus abdómenes.,Amir,Amazon Translate
Las esponjas viven en el océano.,Amir,Amazon Translate
Los salmones nadan río arriba para poner huevos.,Amir,Amazon Translate
La mayoría de los mamíferos tienen sangre caliente.,Amir,Amazon Translate
Las rayas ayudan a las cebras a camuflarse en la hierba.,Amir,Amazon Translate
"Las rocas pueden ser sedimentarias, ígneas o metamórficas.",Amir,Amazon Translate
Los pingüinos usan aletas para nadar.,Amir,Amazon Translate
Las nubes bloquean la luz del sol en los días nublados.,Amir,Amazon Translate
Los copos de nieve tienen seis lados.,Amir,Amazon Translate
Los bebés gatean antes de caminar.,Amir,Amazon Translate
Las hojas pierden clorofila y se marchitan en otoño.,Amir,Amazon Translate
Los océanos son salados debido a los minerales disueltos.,Amir,Amazon Translate
Los búhos cazan silenciosamente por la noche.,Amir,Amazon Translate
Las semillas contienen plantas embrionarias.,Amir,Amazon Translate
Los mapas suelen mostrar montañas con triángulos.,Amir,Amazon Translate
Los avestruces son las aves más grandes.,Amir,Amazon Translate
Los bebés beben leche para alimentarse.,Amir,Amazon Translate
Los bomberos apagan las llamas con mangueras de agua.,Amir,Amazon Translate
Los mapas están orientados con el norte en la parte superior.,Amir,Amazon Translate
Las mareas suben y bajan dos veces al día.,Amir,Amazon Translate
Las nutrias usan rocas para abrir sus conchas.,Amir,Amazon Translate
El agua de lluvia repone ríos y lagos.,Amir,Amazon Translate
Los rayos pueden provocar cortes de energía.,Amir,Amazon Translate
Las focas usan aletas para nadar.,Amir,Amazon Translate
Las bacterias pueden multiplicarse rápidamente.,Amir,Amazon Translate
Los robles producen bellotas.,Amir,Amazon Translate
Los grillos producen sonidos al frotarse las alas.,Amir,Amazon Translate
Los geckos pueden pegarse a las paredes.,Amir,Amazon Translate
Los osos polares son buenos nadadores.,Amir,Amazon Translate
Los planetas orbitan alrededor de estrellas en los sistemas solares.,Amir,Amazon Translate
Los buitres buscan comida.,Amir,Amazon Translate
El violín es un instrumento de cuerda.,Amir,Amazon Translate
Las cabras pueden escalar terrenos empinados.,Amir,Amazon Translate
El fuego está caliente al tacto.,Amir,Amazon Translate
Los océanos son hábitats para muchos animales.,Amir,Amazon Translate
Aparece un arcoíris después de la lluvia cuando la luz del sol se refracta.,Amir,Amazon Translate
Los teléfonos inteligentes tienen cámaras integradas para tomar fotografías.,Amir,Amazon Translate
La mayoría de los automóviles utilizan gasolina o diésel como combustible.,Amir,Amazon Translate
Los peces usan aletas para nadar en el agua.,Amir,Amazon Translate
El café se sirve con frecuencia caliente.,Amir,Amazon Translate
Las arañas tejen telarañas para atrapar a sus presas.,Amir,Amazon Translate
Las abejas melíferas viven en colonias.,Amir,Amazon Translate
Los globos se elevan porque el helio es más ligero que el aire.,Amir,Amazon Translate
Los pinos producen piñas en forma de semillas.,Amir,Amazon Translate
La lluvia suele mojar el suelo.,Amir,Amazon Translate
Las ranas saltan para moverse.,Amir,Amazon Translate
Los aviones pueden volar largas distancias.,Amir,Amazon Translate
Las mariposas tienen alas coloridas.,Amir,Amazon Translate
"Las manzanas pueden ser rojas, verdes o amarillas.",Amir,Amazon Translate
Los trenes viajan por vías metálicas.,Amir,Amazon Translate
Las jirafas comen hojas de árboles altos.,Amir,Amazon Translate
Los zapatos se usan en los pies.,Amir,Amazon Translate
Los ríos fluyen hacia los océanos o lagos.,Amir,Amazon Translate
Los volcanes liberan ceniza y lava durante las erupciones.,Amir,Amazon Translate
Los canguros pueden saltar largas distancias.,Amir,Amazon Translate
El brócoli es verde y comestible.,Amir,Amazon Translate
Las naranjas son una fuente de vitamina C.,Amir,Amazon Translate
Las nubes se forman a partir del vapor de agua evaporado.,Amir,Amazon Translate
Los gatos se limpian con la lengua.,Amir,Amazon Translate
La hierba es verde y crece del suelo.,Amir,Amazon Translate
El invierno se caracteriza por temperaturas más frías.,Amir,Amazon Translate
Los perros pueden ladrar para comunicarse.,Amir,Amazon Translate
Los elefantes tienen orejas y trompas grandes.,Amir,Amazon Translate
El aire caliente se eleva por encima del aire frío.,Amir,Amazon Translate
Los ciervos tienen astas que se desprenden anualmente.,Amir,Amazon Translate
Las ballenas son los mamíferos marinos más grandes.,Amir,Amazon Translate
El carbón se utiliza como fuente de combustible.,Amir,Amazon Translate
La Luna afecta a las mareas del océano.,Amir,Amazon Translate
Las grullas son aves altas con cuellos largos.,Amir,Amazon Translate
Los monos usan la cola para mantener el equilibrio.,Amir,Amazon Translate
El viento mueve las ramas de los árboles.,Amir,Amazon Translate
Las ovejas cultivan lana anualmente.,Amir,Amazon Translate
El combustible alimenta la mayoría de los coches.,Amir,Amazon Translate
Los desiertos suelen ser ambientes secos.,Amir,Amazon Translate
La sal conserva ciertos alimentos.,Amir,Amazon Translate
Las berenjenas crecen en las plantas.,Amir,Amazon Translate
Escribe con tiza en pizarras.,Amir,Amazon Translate
Las nutrias viven en ríos y lagos.,Amir,Amazon Translate
Los mosquitos pican a humanos y animales.,Amir,Amazon Translate
Los ordenadores portátiles son ordenadores portátiles.,Amir,Amazon Translate
Los mapas muestran las fronteras y los países.,Amir,Amazon Translate
El bloqueador solar protege la piel de las quemaduras solares.,Amir,Amazon Translate
El fútbol requiere trabajo en equipo para jugar con eficacia.,Amir,Amazon Translate
Los carnívoros comen carne.,Amir,Amazon Translate
Los insectos tienen tres segmentos corporales.,Amir,Amazon Translate
La leche es una bebida básica en muchas culturas.,Amir,Amazon Translate
Los copos de nieve tienen patrones únicos.,Amir,Amazon Translate
Los saltamontes pueden saltar largas distancias.,Amir,Amazon Translate
La gravedad mantiene los objetos en tierra.,Amir,Amazon Translate
Los cerdos son animales de granja.,Amir,Amazon Translate
Las radios transmiten música y noticias.,Amir,Amazon Translate
Las gallinas ponen huevos para alimentarse.,Amir,Amazon Translate
Los mapas se pueden dibujar a varias escalas.,Amir,Amazon Translate
El agua de lluvia riega las plantas y los árboles.,Amir,Amazon Translate
El acero es más fuerte que el hierro.,Amir,Amazon Translate
El agua es esencial para toda la vida conocida.,Amir,Amazon Translate
Las ranas pueden croar ruidosamente.,Amir,Amazon Translate
El maíz se cosecha a finales del verano.,Amir,Amazon Translate
Los delfines son criaturas sociales en estado salvaje.,Amir,Amazon Translate
Los caracoles tienen conchas en espiral.,Amir,Amazon Translate
Las hormigas llevan cargas más pesadas que sus cuerpos.,Amir,Amazon Translate
Los tulipanes se cultivan a partir de bulbos en el suelo.,Amir,Amazon Translate
El sol proporciona luz durante el día.,Amir,Amazon Translate
La lluvia se forma cuando las nubes se saturan.,Amir,Amazon Translate
Los gatos usan la cola para mantener el equilibrio.,Amir,Amazon Translate
El agua hirviendo mata muchos gérmenes.,Amir,Amazon Translate
Los plátanos crecen en racimos en los árboles.,Amir,Amazon Translate
Los ventiladores eléctricos enfrían las habitaciones.,Amir,Amazon Translate
Los lobos se comunican aullando.,Amir,Amazon Translate
El maíz es un cereal común.,Amir,Amazon Translate
Los aviones transportan pasajeros a largas distancias.,Amir,Amazon Translate
La mayoría de los peces tienen escamas en la piel.,Amir,Amazon Translate
Los conejos cavan madrigueras para refugiarse.,Amir,Amazon Translate
La televisión emite una variedad de programas.,Amir,Amazon Translate
Los perros ladran para alertar a los dueños.,Amir,Amazon Translate
Los pingüinos caminan por tierra.,Amir,Amazon Translate
Las sandías contienen principalmente agua.,Amir,Amazon Translate
Los monos a menudo se balancean de las ramas de los árboles.,Amir,Amazon Translate
Las mariposas crecen de las orugas.,Amir,Amazon Translate
Francia se encuentra en Europa.,Amir,Amazon Translate
Los caballos galopan para correr rápido.,Amir,Amazon Translate
Los delfines viven en ambientes de agua salada.,Amir,Amazon Translate
Los bolígrafos se utilizan para escribir en papel.,Amir,Amazon Translate
La superficie de la luna tiene muchos cráteres.,Amir,Amazon Translate
La leche es una fuente de calcio.,Amir,Amazon Translate
Los rayos pueden provocar incendios forestales.,Amir,Amazon Translate
Los pepinos se pueden encurtir.,Amir,Amazon Translate
La mayoría de las camisas tienen mangas.,Amir,Amazon Translate
Los tigres son mamíferos carnívoros.,Amir,Amazon Translate
El pan se hornea en hornos.,Amir,Amazon Translate
Las cebras tienen pieles rayadas.,Amir,Amazon Translate
Las manzanas maduran a finales del verano.,Amir,Amazon Translate
El jabón disuelve la grasa y la suciedad.,Amir,Amazon Translate
monte. El Everest es un popular destino de escalada.,Amir,Amazon Translate
Los libros pueden contar historias ficticias.,Amir,Amazon Translate
Las águilas calvas son originarias de América del Norte.,Amir,Amazon Translate
Los tiburones son los principales depredadores de los océanos.,Amir,Amazon Translate
Los pianos tienen teclas blancas y negras.,Amir,Amazon Translate
Los relojes digitales muestran la hora numéricamente.,Amir,Amazon Translate
Las sillas están diseñadas para sentarse.,Amir,Amazon Translate
Los gallos cantan al amanecer.,Amir,Amazon Translate
Las rosas vienen en muchos colores.,Amir,Amazon Translate
Los hipopótamos viven en ríos y lagos africanos.,Amir,Amazon Translate
"Los calendarios muestran los días, las semanas y los meses.",Amir,Amazon Translate
Los paracaídas ayudan a ralentizar el descenso desde las alturas.,Amir,Amazon Translate
Los leones son conocidos como «el rey de la jungla».,Amir,Amazon Translate
Los cacahuetes pueden provocar reacciones alérgicas.,Amir,Amazon Translate
Las zanahorias son buenas para la salud visual.,Amir,Amazon Translate
Los gansos vuelan en forma de V.,Amir,Amazon Translate
Los pinos conservan sus agujas en invierno.,Amir,Amazon Translate
Las uvas crecen en racimos.,Amir,Amazon Translate
Los cubitos de hielo se forman en los congeladores.,Amir,Amazon Translate
Las medusas pican con sus tentáculos.,Amir,Amazon Translate
El estiércol de caballo se utiliza como fertilizante.,Amir,Amazon Translate
Los impermeables se usan durante las estaciones húmedas.,Amir,Amazon Translate
Los terremotos sacuden el suelo debido al movimiento tectónico.,Amir,Amazon Translate
Los láseres pueden escanear códigos de barras rápidamente.,Amir,Amazon Translate
Las monedas se utilizan para hacer cambios.,Amir,Amazon Translate
Las fresas son rojas cuando maduran.,Amir,Amazon Translate
La sal de mesa es cloruro de sodio.,Amir,Amazon Translate
Los rinocerontes tienen uno o dos cuernos.,Amir,Amazon Translate
Los pulpos tienen brazos flexibles.,Amir,Amazon Translate
Las ardillas recolectan nueces para el invierno.,Amir,Amazon Translate
La lava se endurece y se convierte en roca volcánica.,Amir,Amazon Translate
El calabacín es un tipo de calabaza.,Amir,Amazon Translate
Los tornados son vientos violentos y giratorios.,Amir,Amazon Translate
Los helechos se reproducen con esporas.,Amir,Amazon Translate
Los mapas pueden indicar cambios de elevación.,Amir,Amazon Translate
El Océano Pacífico cubre grandes áreas de la Tierra.,Amir,Amazon Translate
Los perros pueden reconocer a personas conocidas.,Amir,Amazon Translate
Las raíces de los árboles anclan la planta al suelo.,Amir,Amazon Translate
Los pájaros tienen picos en lugar de dientes.,Amir,Amazon Translate
El hielo se derrite a temperaturas superiores a cero grados Celsius.,Amir,Amazon Translate
La lluvia ayuda a que los cultivos crezcan.,Amir,Amazon Translate
El chocolate se derrite en condiciones cálidas.,Amir,Amazon Translate
Los ratones son pequeños roedores nocturnos.,Amir,Amazon Translate
El vapor sale del agua hirviendo.,Amir,Amazon Translate
La Luna refleja la luz del sol por la noche.,Amir,Amazon Translate
Los murciélagos duermen colgados boca abajo.,Amir,Amazon Translate
El yogur se elabora con cultivos bacterianos.,Amir,Amazon Translate
Los libros se guardan para leer.,Amir,Amazon Translate
Las fresas crecen cerca del suelo.,Amir,Amazon Translate
El aire frío es más denso que el aire caliente.,Amir,Amazon Translate
Los camellos pueden almacenar agua en sus cuerpos.,Amir,Amazon Translate
El oro no se oxida.,Amir,Amazon Translate
Las plantas liberan oxígeno durante la fotosíntesis.,Amir,Amazon Translate
Los leones viven en las sabanas africanas.,Amir,Amazon Translate
La lechuga se usa a menudo en ensaladas.,Amir,Amazon Translate
El bambú es una especie de gramínea.,Amir,Amazon Translate
Las papas se pueden hacer puré o freír.,Amir,Amazon Translate
Los plátanos se vuelven marrones cuando están demasiado maduros.,Amir,Amazon Translate
El Círculo Polar Ártico tiene largas noches de invierno.,Amir,Amazon Translate
Los cuerpos de las medusas son en su mayoría agua.,Amir,Amazon Translate
El kiwi contiene semillas negras en su interior.,Amir,Amazon Translate
Los cocodrilos tienen mandíbulas fuertes.,Amir,Amazon Translate
Las cimas de las montañas tienen temperaturas más bajas que los valles.,Amir,Amazon Translate
El plástico es común en los envases.,Amir,Amazon Translate
Los rinocerontes tienen una piel gruesa y protectora.,Amir,Amazon Translate
El baloncesto se juega en una cancha.,Amir,Amazon Translate
El aire fresco es importante para la respiración.,Amir,Amazon Translate
Las hojas de pandan se utilizan en la cocina asiática.,Amir,Amazon Translate
Las zanahorias crecen bajo tierra.,Amir,Amazon Translate
Los granos de café crecen en los arbustos.,Amir,Amazon Translate
Las cabras comen hojas y pasto.,Amir,Amazon Translate
El queso se añeja para darle sabor.,Amir,Amazon Translate
Las cebras corren en manadas por seguridad.,Amir,Amazon Translate
Las nutrias tienen un pelaje denso para aislarlas.,Amir,Amazon Translate
Los cacahuetes son en realidad legumbres.,Amir,Amazon Translate
Las bellotas caen de los robles en otoño.,Amir,Amazon Translate
El aullido de un lobo recorre largas distancias.,Amir,Amazon Translate
Los helicópteros pueden despegar verticalmente.,Amir,Amazon Translate
Los mosquitos se sienten atraídos por el aliento humano.,Amir,Amazon Translate
El agua de lluvia se puede recoger en barriles.,Amir,Amazon Translate
Los ratones de ordenador controlan el movimiento en pantalla.,Amir,Amazon Translate
Las estrellas de mar pueden regenerar los brazos perdidos.,Amir,Amazon Translate
Los perezosos se mueven lentamente entre los árboles.,Amir,Amazon Translate
Los pingüinos se apiñan para conservar el calor.,Amir,Amazon Translate
La mayoría de las naranjas se cosechan en invierno.,Amir,Amazon Translate
Las orugas comen hojas antes de convertirse en crisálidas.,Amir,Amazon Translate
Los faros guían a los barcos en el mar.,Amir,Amazon Translate
Las tortugas se protegen con caparazones.,Amir,Amazon Translate
Los ríos van creando canales con el tiempo.,Amir,Amazon Translate
Las calabazas se utilizan para tartas.,Amir,Amazon Translate
Los girasoles producen semillas comestibles.,Amir,Amazon Translate
Los geckos se adhieren a las superficies con almohadillas especiales para los dedos.,Amir,Amazon Translate
Venus se llama planeta gemelo de la Tierra.,Amir,Amazon Translate
Los sujetapapeles están hechos de alambre doblado.,Amir,Amazon Translate
La nieve se forma a partir del vapor de agua congelado.,Amir,Amazon Translate
Las montañas suelen estar formadas por placas tectónicas.,Amir,Amazon Translate
Los leones se comunican a través de rugidos.,Amir,Amazon Translate
El ajedrez usa dos ejércitos de piezas.,Amir,Amazon Translate
El trigo se muele para hacer harina.,Amir,Amazon Translate
Los brotes de bambú son comestibles.,Amir,Amazon Translate
El humo se eleva por encima del fuego.,Amir,Amazon Translate
El radar detecta objetos mediante ondas de radio.,Amir,Amazon Translate
Los icebergs flotan en los océanos polares.,Amir,Amazon Translate
La mayoría de las serpientes ponen huevos.,Amir,Amazon Translate
Las hormigas usan feromonas para comunicarse.,Amir,Amazon Translate
Los rayos pueden caer varias veces.,Amir,Amazon Translate
Los renacuajos se transforman en ranas.,Amir,Amazon Translate
El corazón late involuntariamente.,Amir,Amazon Translate
Los lagartos pueden dejar caer la cola para escapar de los depredadores.,Amir,Amazon Translate
Las frutas suelen contener semillas para su reproducción.,Amir,Amazon Translate
Las bombillas convierten la electricidad en luz visible.,Amir,Amazon Translate
Los coches tienen cuatro ruedas para mayor estabilidad.,Amir,Amazon Translate
La tarta se hace normalmente con una masa de hojaldre.,Amir,Amazon Translate
Las bicicletas requieren pedalear para avanzar.,Amir,Amazon Translate
El papel se utiliza para escribir e imprimir.,Amir,Amazon Translate
El café se elabora con granos tostados.,Amir,Amazon Translate
Los guepardos pueden correr más rápido que otros animales.,Amir,Amazon Translate
Los lobos viven en grupos familiares llamados manadas.,Amir,Amazon Translate
Los cepillos de dientes limpian los dientes y las encías.,Amir,Amazon Translate
Los dentistas recomiendan cepillarse los dientes dos veces al día.,Amir,Amazon Translate
Las ovejas se crían por su lana.,Amir,Amazon Translate
Las computadoras almacenan y procesan la información.,Amir,Amazon Translate
El agua es esencial para el crecimiento de las plantas.,Amir,Amazon Translate
Muchos hongos crecen después de la lluvia.,Amir,Amazon Translate
Las abejas polinizan muchas plantas con flores.,Amir,Amazon Translate
Los gatos ronronean cuando se sienten cómodos.,Amir,Amazon Translate
Las manzanas son populares en las tartas.,Amir,Amazon Translate
La mayoría de los reptiles ponen huevos.,Amir,Amazon Translate
Las serpientes se mueven sin patas deslizándose.,Amir,Amazon Translate
Las aves tienen plumas para aislarlas.,Amir,Amazon Translate
La lluvia transporta nutrientes al suelo.,Amir,Amazon Translate
Los plátanos maduran después de ser recolectados.,Amir,Amazon Translate
La hierba es una cobertura de suelo común.,Amir,Amazon Translate
Las puestas de sol marcan el final del día.,Amir,Amazon Translate
La nieve cubre el suelo durante el invierno.,Amir,Amazon Translate
Los mamíferos dan leche a sus crías.,Amir,Amazon Translate
El ajedrez es un juego de mesa para dos jugadores.,Amir,Amazon Translate
Las telarañas están hechas de seda.,Amir,Amazon Translate
La leche proviene de los mamíferos.,Amir,Amazon Translate
Los cacahuetes se utilizan para hacer mantequilla.,Amir,Amazon Translate
El acero se crea añadiendo carbono al hierro.,Amir,Amazon Translate
Los arcoíris son arcos de luz coloreada.,Amir,Amazon Translate
Los osos polares tienen un pelaje grueso para calentarse.,Amir,Amazon Translate
El Ártico es frío la mayor parte del año.,Amir,Amazon Translate
Las plantas absorben dióxido de carbono para la fotosíntesis.,Amir,Amazon Translate
Las ciudades son áreas urbanas densamente pobladas.,Amir,Amazon Translate
Los canguros llevan a las crías en bolsas.,Amir,Amazon Translate
Las batatas son ricas en fibra.,Amir,Amazon Translate
Los mapas pueden mostrar la elevación con curvas de nivel.,Amir,Amazon Translate
Los automóviles requieren un mantenimiento regular.,Amir,Amazon Translate
Los imanes tienen polos norte y sur.,Amir,Amazon Translate
Los murciélagos navegan en la oscuridad usando el sonido.,Amir,Amazon Translate
Los pingüinos tienen plumas impermeables.,Amir,Amazon Translate
La miel se usa a menudo como edulcorante.,Amir,Amazon Translate
El vidrio está hecho de arena y calor.,Amir,Amazon Translate
Las ballenas se comunican con sonidos de baja frecuencia.,Amir,Amazon Translate
Los sujetapapeles mantienen juntas las hojas de papel.,Amir,Amazon Translate
La mayonesa está hecha de huevos y aceite.,Amir,Amazon Translate
El queso viene en muchas variedades.,Amir,Amazon Translate
Las marcas de tiza se pueden borrar.,Amir,Amazon Translate
La sopa se suele servir caliente.,Amir,Amazon Translate
Los mapas muestran la información de forma visual.,Amir,Amazon Translate
El fuego se utiliza para cocinar los alimentos.,Amir,Amazon Translate
El oro se considera un metal precioso.,Amir,Amazon Translate
La lluvia puede reponer las fuentes de agua subterráneas.,Amir,Amazon Translate
La mayoría de los adultos necesitan dormir ocho horas.,Amir,Amazon Translate
Los pepinos se comen en ensaladas.,Amir,Amazon Translate
La sopa se puede hacer con muchos ingredientes.,Amir,Amazon Translate
Las tortugas ponen huevos en las playas arenosas.,Amir,Amazon Translate
El cuarzo es un mineral común.,Amir,Amazon Translate
Las teclas del teclado introducen datos en las computadoras.,Amir,Amazon Translate
Las morsas viven en ambientes marinos fríos.,Amir,Amazon Translate
Las ardillas se comen las bellotas.,Amir,Amazon Translate
Las grapadoras unen los papeles.,Amir,Amazon Translate
La lluvia aumenta la humedad del suelo.,Amir,Amazon Translate
Los perros se utilizan como animales de servicio.,Amir,Amazon Translate
Los automóviles viajan por carreteras pavimentadas.,Amir,Amazon Translate
El pan está hecho de harina de trigo.,Amir,Amazon Translate
Los gatos se comunican maullando y ronroneando.,Amir,Amazon Translate
Los huevos aportan proteínas en las dietas.,Amir,Amazon Translate
El hielo se derrite a temperaturas cálidas.,Amir,Amazon Translate
Los autobuses transportan varios pasajeros a la vez.,Amir,Amazon Translate
El agua hidrata los organismos vivos.,Amir,Amazon Translate
Las vacas pastan en campos abiertos.,Amir,Amazon Translate
Las cámaras pueden grabar imágenes en movimiento.,Amir,Amazon Translate
Los libros contienen información escrita.,Amir,Amazon Translate
Los tigres tienen rayas para camuflarse.,Amir,Amazon Translate
Los mosquitos ponen huevos en el agua.,Amir,Amazon Translate
Las rosas florecen en primavera.,Amir,Amazon Translate
El suelo sostiene las raíces de las plantas.,Amir,Amazon Translate
El jabón ayuda a eliminar los gérmenes.,Amir,Amazon Translate
Los ventiladores eléctricos hacen circular aire frío.,Amir,Amazon Translate
Los mapas representan espacios geográficos.,Amir,Amazon Translate
La hierba crece rápidamente en primavera.,Amir,Amazon Translate
Los gatos pueden trepar a los árboles.,Amir,Amazon Translate
Las botas de lluvia se usan en condiciones húmedas.,Amir,Amazon Translate
El fútbol se juega en un campo.,Amir,Amazon Translate
Los lápices están hechos de madera y grafito.,Amir,Amazon Translate
Los calcetines mantienen los pies calientes.,Amir,Amazon Translate
Los pájaros vuelan con alas.,Amir,Amazon Translate
El agua fluye cuesta abajo.,Amir,Amazon Translate
El sol parece más grande al amanecer.,Amir,Amazon Translate
El viento impacta en los patrones climáticos.,Amir,Amazon Translate
El bambú se utiliza en la construcción.,Amir,Amazon Translate
Las ballenas son mamíferos.,Amir,Amazon Translate
La leche se estropea si no se refrigera.,Amir,Amazon Translate
Las monedas se pueden coleccionar como pasatiempo.,Amir,Amazon Translate
Las almohadas brindan soporte para la cabeza.,Amir,Amazon Translate
La miel se almacena en panales.,Amir,Amazon Translate
Los mapas resaltan las fronteras políticas.,Amir,Amazon Translate
Los gansos migran largas distancias.,Amir,Amazon Translate
La savia fluye de los arces.,Amir,Amazon Translate
Los automóviles funcionan con gasolina o electricidad.,Amir,Amazon Translate
Las duchas limpian el cuerpo humano.,Amir,Amazon Translate
Los tornados son columnas de aire que giran rápidamente.,Amir,Amazon Translate
Las manzanas se recogen en otoño.,Amir,Amazon Translate
Los relámpagos acompañan a muchas tormentas eléctricas.,Amir,Amazon Translate
Las águilas cazan animales pequeños.,Amir,Amazon Translate
Las puertas permiten la entrada y la salida.,Amir,Amazon Translate
Los delfines son capaces de saltar.,Amir,Amazon Translate
Las bolsas de plástico se pueden reciclar.,Amir,Amazon Translate
El maíz se come fresco o como palomitas de maíz.,Amir,Amazon Translate
Las lupas amplían los objetos pequeños.,Amir,Amazon Translate
La pasta está hecha de trigo duro.,Amir,Amazon Translate
Las calabazas contienen semillas comestibles.,Amir,Amazon Translate
Las radios reciben señales de transmisión.,Amir,Amazon Translate
Los loros pueden aprender trucos sencillos.,Amir,Amazon Translate
Las nutrias usan herramientas para abrir la comida.,Amir,Amazon Translate
Los lagartos tienen piel escamosa.,Amir,Amazon Translate
El sol es una estrella en el centro de nuestro sistema solar.,Amir,Amazon Translate
Las vacas se crían para obtener leche y carne.,Amir,Amazon Translate
Las hojas se vuelven amarillas en otoño.,Amir,Amazon Translate
La mayoría de los ríos fluyen hacia el mar.,Amir,Amazon Translate
Las plantas necesitan agua para sobrevivir.,Amir,Amazon Translate
Los lápices se utilizan para escribir o dibujar.,Amir,Amazon Translate
La leche se conserva fría en el frigorífico.,Amir,Amazon Translate
Los rayos pueden caer durante las tormentas.,Amir,Amazon Translate
Los búhos ven bien en la oscuridad.,Amir,Amazon Translate
Los loros tienen picos curvos.,Amir,Amazon Translate
El Pacífico es el océano más grande de la Tierra.,Amir,Amazon Translate
Los mapas pueden mostrar carreteras y ciudades.,Amir,Amazon Translate
Los perros mueven la cola cuando están felices.,Amir,Amazon Translate
Los mariscos viven en los océanos.,Amir,Amazon Translate
Los libros pueden ser de ficción o de no ficción.,Amir,Amazon Translate
Los diamantes se forman en las profundidades de la tierra.,Amir,Amazon Translate
Los leones son parte de la familia de los gatos.,Amir,Amazon Translate
Las ranas viven en el agua o cerca de ella.,Amir,Amazon Translate
Las pezuñas de los caballos necesitan cuidados regulares.,Amir,Amazon Translate
El invierno suele traer temperaturas frías.,Amir,Amazon Translate
Los aviones aterrizan en las pistas.,Amir,Amazon Translate
Los trenes viajan entre ciudades y pueblos.,Amir,Amazon Translate
Los automóviles necesitan recargas de combustible regulares.,Amir,Amazon Translate
Los tomates crecen en las vides.,Amir,Amazon Translate
Los mapas pueden mostrar las elevaciones de las montañas.,Amir,Amazon Translate
Las mariposas nacen de los capullos.,Amir,Amazon Translate
Las monedas tienen diferentes valores.,Amir,Amazon Translate
Las ballenas viven en los océanos.,Amir,Amazon Translate
Las hojas caen en la temporada de otoño.,Amir,Amazon Translate
El golf se juega con palos y pelotas.,Amir,Amazon Translate
Las abejas visitan muchos tipos de flores.,Amir,Amazon Translate
Las zanahorias son tubérculos.,Amir,Amazon Translate
El queso se produce a partir de leche animal.,Amir,Amazon Translate
Los perros ladran por muchas razones.,Amir,Amazon Translate
Las montañas están formadas por fuerzas geológicas.,Amir,Amazon Translate
Las estrellas producen energía a través de la fusión nuclear.,Amir,Amazon Translate
Los grillos son conocidos por su canto.,Amir,Amazon Translate
El plástico se utiliza en muchos productos.,Amir,Amazon Translate
Los casuarios son aves grandes que no vuelan.,Amir,Amazon Translate
El arroz crece en campos inundados.,Amir,Amazon Translate
Las tiendas de abarrotes venden frutas y verduras.,Amir,Amazon Translate
Las urracas recolectan objetos brillantes.,Amir,Amazon Translate
Los mapas utilizan símbolos para mostrar las características.,Amir,Amazon Translate
Los delfines son animales marinos inteligentes.,Amir,Amazon Translate
Los aviones viajan más rápido que los coches.,Amir,Amazon Translate
Los fósiles se encuentran en rocas sedimentarias.,Amir,Amazon Translate
Las uvas crecen en racimos en las vides.,Amir,Amazon Translate
La mantequilla se derrite en el pan caliente.,Amir,Amazon Translate
Los kiwis son un tipo de fruta.,Amir,Amazon Translate
El metal conduce bien la electricidad.,Amir,Amazon Translate
Los paneles solares requieren luz solar para funcionar.,Amir,Amazon Translate
Los periquitos son pájaros pequeños y coloridos.,Amir,Amazon Translate
La mayoría del té proviene de hojas de camellia sinensis.,Amir,Amazon Translate
Los mapas son valiosos para la navegación.,Amir,Amazon Translate
El agua hierve a cien grados centígrados al nivel del mar.,Amir,Amazon Translate
Los gatos tienen garras retráctiles para trepar y cazar.,Amir,Amazon Translate
Los desiertos reciben menos de diez pulgadas de lluvia al año.,Amir,Amazon Translate
Las abejas se comunican mediante patrones de baile.,Amir,Amazon Translate
Los planetas orbitan alrededor del sol debido a las fuerzas gravitacionales.,Amir,Amazon Translate
Las baterías almacenan energía eléctrica para uso futuro.,Amir,Amazon Translate
El corazón hace circular la sangre por todo el cuerpo humano.,Amir,Amazon Translate
Los tiburones deben seguir nadando para respirar.,Amir,Amazon Translate
Las ranas comienzan su vida como renacuajos acuáticos.,Amir,Amazon Translate
La sal se disuelve fácilmente en agua.,Amir,Amazon Translate
Los pingüinos son aves no voladoras adaptadas a los climas fríos.,Amir,Amazon Translate
"El fuego requiere calor, combustible y oxígeno.",Amir,Amazon Translate
Las medusas se mueven contrayendo y relajando sus cuerpos.,Amir,Amazon Translate
Los lagartos mudan su piel a medida que crecen.,Amir,Amazon Translate
La mayoría de las serpientes son carnívoras.,Amir,Amazon Translate
"Los mapas muestran países, ciudades y características geográficas.",Amir,Amazon Translate
La hierba crece a partir de semillas llamadas granos.,Amir,Amazon Translate
Las vacas comen pasto y producen leche.,Amir,Amazon Translate
Los aviones necesitan pistas para despegar y aterrizar.,Amir,Amazon Translate
Las colonias de hormigas tienen una división del trabajo.,Amir,Amazon Translate
Las selvas tropicales contienen una gran biodiversidad.,Amir,Amazon Translate
Los iglúes son refugios construidos con bloques de hielo.,Amir,Amazon Translate
Las palmeras crecen en climas tropicales.,Amir,Amazon Translate
Los musgos prosperan en ambientes húmedos y sombreados.,Amir,Amazon Translate
Los pulpos tienen tres corazones y sangre azul.,Amir,Amazon Translate
La luz solar es la principal fuente de energía de la Tierra.,Amir,Amazon Translate
Los arándanos flotan en el agua debido a las bolsas de aire.,Amir,Amazon Translate
Los glaciares se mueven lentamente por la tierra.,Amir,Amazon Translate
Los borradores eliminan las marcas de lápiz del papel.,Amir,Amazon Translate
El azúcar se disuelve rápidamente en líquidos calientes.,Amir,Amazon Translate
Los canguros saltan con sus poderosas patas traseras.,Amir,Amazon Translate
El agua de lluvia nutre los cultivos y las plantas.,Amir,Amazon Translate
Los libros son una fuente de información e historias.,Amir,Amazon Translate
Los volcanes entran en erupción cuando el magma llega a la superficie terrestre.,Amir,Amazon Translate
Las escaleras ayudan a las personas a alcanzar objetos altos.,Amir,Amazon Translate
El tiempo nublado reduce la luz solar en el suelo.,Amir,Amazon Translate
Los ríos fluyen de terrenos más altos a más bajos.,Amir,Amazon Translate
Los pavos pueden volar distancias cortas.,Amir,Amazon Translate
Las cebollas son bulbos que crecen bajo tierra.,Amir,Amazon Translate
Los castillos de arena se construyen en playas con arena húmeda.,Amir,Amazon Translate
Los caracoles se mueven con un pie musculoso.,Amir,Amazon Translate
Un rayo es una descarga de electricidad durante las tormentas.,Amir,Amazon Translate
Los saltamontes producen sonidos al frotarse las piernas.,Amir,Amazon Translate
Las pompas de jabón explotan cuando se secan.,Amir,Amazon Translate
Las chaquetas impermeables protegen la ropa en climas húmedos.,Amir,Amazon Translate
Los gatos se acicalan lamiéndose el pelaje.,Amir,Amazon Translate
Los ríos fluyen cuesta abajo debido a la gravedad.,Amir,Amazon Translate
Las hojas absorben la luz solar para el crecimiento de las plantas.,Amir,Amazon Translate
Los pingüinos viven principalmente cerca del Polo Sur.,Amir,Amazon Translate
Los mapas proporcionan información geográfica.,Amir,Amazon Translate
Las turbinas eólicas generan electricidad a partir de la energía eólica.,Amir,Amazon Translate
El chocolate se derrite en la boca.,Amir,Amazon Translate
Muchos mamíferos tienen pelaje para mantenerse calientes.,Amir,Amazon Translate
Las plumas ayudan a las aves a volar.,Amir,Amazon Translate
Las ruedas ayudan a los vehículos a moverse de manera eficiente.,Amir,Amazon Translate
Los glaciares son cuerpos de hielo masivos que se mueven lentamente.,Amir,Amazon Translate
Los fuegos artificiales muestran luces y colores brillantes.,Amir,Amazon Translate
Los perros son conocidos por su lealtad a los humanos.,Amir,Amazon Translate
Las selvas tropicales tienen una vegetación densa y una alta humedad.,Amir,Amazon Translate
Los murciélagos son mamíferos capaces de volar de verdad.,Amir,Amazon Translate
Los tigres tienen franjas naranjas y negras distintivas.,Amir,Amazon Translate
Las monedas se utilizan como dinero en las transacciones.,Amir,Amazon Translate
Los tiburones viven en los océanos de todo el mundo.,Amir,Amazon Translate
Las orcas son los miembros más grandes de la familia de los delfines.,Amir,Amazon Translate
Los clavos se clavan en la madera para la construcción.,Amir,Amazon Translate
Los relojes registran el tiempo.,Amir,Amazon Translate
Los grillos cantan para atraer a sus parejas.,Amir,Amazon Translate
Los hongos crecen en lugares húmedos y oscuros.,Amir,Amazon Translate
Las tortugas retraen sus cabezas dentro de sus caparazones para mayor seguridad.,Amir,Amazon Translate
Las puestas de sol se producen cuando el sol cae por debajo del horizonte.,Amir,Amazon Translate
La lluvia cae de las nubes de la atmósfera.,Amir,Amazon Translate
Los cangrejos tienen un exoesqueleto duro para protegerse.,Amir,Amazon Translate
"Los automóviles funcionan con gasolina, electricidad o diésel.",Amir,Amazon Translate
Las montañas atraen a los turistas para practicar senderismo y esquí.,Amir,Amazon Translate
Los mapas ayudan a localizar lugares de todo el mundo.,Amir,Amazon Translate
El pan se corta en rebanadas para sándwiches.,Amir,Amazon Translate
El maíz crece en tallos altos en los campos.,Amir,Amazon Translate
Los frijoles son una buena fuente de proteínas.,Amir,Amazon Translate
Las llaves abren las cerraduras por motivos de seguridad.,Amir,Amazon Translate
Las botellas de plástico suelen ser reciclables.,Amir,Amazon Translate
Los perros son mamíferos domesticados.,Amir,Amazon Translate
La hierba se encuentra comúnmente en el césped.,Amir,Amazon Translate
El sol es una estrella.,Amir,Amazon Translate
Las hojas realizan la fotosíntesis para obtener energía de las plantas.,Amir,Amazon Translate
La lana proviene de las ovejas.,Amir,Amazon Translate
Los neumáticos proporcionan tracción a los automóviles.,Amir,Amazon Translate
Los árboles producen anillos anuales.,Amir,Amazon Translate
El suelo sustenta la mayoría de las plantas terrestres.,Amir,Amazon Translate
Las motocicletas tienen dos ruedas.,Amir,Amazon Translate
Los pingüinos son pájaros.,Amir,Amazon Translate
La pintura se seca más rápido en aire seco.,Amir,Amazon Translate
La arena está hecha de rocas diminutas.,Amir,Amazon Translate
Las grullas tienen patas largas.,Amir,Amazon Translate
Las patatas son un alimento básico.,Amir,Amazon Translate
Los girasoles miran hacia el este por la mañana.,Amir,Amazon Translate
Los mapas muestran los puntos cardinales.,Amir,Amazon Translate
El musgo crece en lugares sombríos.,Amir,Amazon Translate
Los hongos se reproducen con esporas.,Amir,Amazon Translate
Las berenjenas son verduras moradas.,Amir,Amazon Translate
Las cebollas hacen que los ojos se lagrimeen.,Amir,Amazon Translate
Los escritorios se utilizan para escribir.,Amir,Amazon Translate
Los tiburones tienen esqueletos cartilaginosos.,Amir,Amazon Translate
Las palomas son aves comunes de la ciudad.,Amir,Amazon Translate
Las zanahorias son anaranjadas y dulces.,Amir,Amazon Translate
Los carámbanos se forman por el goteo del agua.,Amir,Amazon Translate
El aceite se extrae de las semillas.,Amir,Amazon Translate
Los trenes circulan por las vías.,Amir,Amazon Translate
Los albaricoques se pueden secar para picar.,Amir,Amazon Translate
Los impermeables son resistentes al agua.,Amir,Amazon Translate
Los pimientos pueden ser picantes.,Amir,Amazon Translate
Los altavoces emiten ondas sonoras.,Amir,Amazon Translate
Los cocos tienen cáscaras duras.,Amir,Amazon Translate
La cinta adhesiva une dos superficies.,Amir,Amazon Translate
Las cerraduras aseguran puertas y portones.,Amir,Amazon Translate
Los cangrejos se mueven hacia los lados.,Amir,Amazon Translate
Los tulipanes necesitan un clima frío para florecer.,Amir,Amazon Translate
Los cactus almacenan agua en los tallos.,Amir,Amazon Translate
La hierba es una planta común.,Amir,Amazon Translate
Los globos de helio flotan.,Amir,Amazon Translate
Las focas comen pescado.,Amir,Amazon Translate
El kiwi tiene la piel peluda.,Amir,Amazon Translate
Las montañas tienen una gran elevación.,Amir,Amazon Translate
Los mapas utilizan una barra de escala.,Amir,Amazon Translate
Las águilas tienen garras afiladas.,Amir,Amazon Translate
El viento mueve los sistemas meteorológicos.,Amir,Amazon Translate
Los tomates contienen semillas.,Amir,Amazon Translate
Los libros tienen páginas impresas.,Amir,Amazon Translate
La mayoría de las serpientes comen roedores.,Amir,Amazon Translate
Los clavos están hechos de acero.,Amir,Amazon Translate
Los arcoíris muestran siete colores.,Amir,Amazon Translate
Los túneles van bajo tierra.,Amir,Amazon Translate
Las puestas de sol se producen en el oeste.,Amir,Amazon Translate
Los mapas tienen una rosa de los vientos.,Amir,Amazon Translate
Los desiertos tienen poca lluvia.,Amir,Amazon Translate
Las grúas pueden volar largas distancias.,Amir,Amazon Translate
Los mangos son frutas tropicales.,Amir,Amazon Translate
Las nutrias usan las rocas como herramientas.,Amir,Amazon Translate
Los insectos pueden infestar los cultivos.,Amir,Amazon Translate
Las playas tienen arena o guijarros.,Amir,Amazon Translate
El agua de lluvia se acumula en gotas.,Amir,Amazon Translate
Los gatos cazan animales pequeños para alimentarse.,Amir,Amazon Translate
Las herramientas ayudan a las personas a completar las tareas manuales.,Amir,Amazon Translate
Los perros suelen ser mantenidos como mascotas.,Amir,Amazon Translate
La hierba crece en muchos ambientes de todo el mundo.,Amir,Amazon Translate
Las hojas realizan la fotosíntesis durante el día.,Amir,Amazon Translate
Los plátanos crecen en grandes plantas herbáceas.,Amir,Amazon Translate
Las zanahorias son tubérculos con alto contenido de vitamina A.,Amir,Amazon Translate
Los molinos de viento convierten el viento en energía rotacional.,Amir,Amazon Translate
Los grillos cantan frotándose las alas.,Amir,Amazon Translate
Los murciélagos son los únicos mamíferos voladores.,Amir,Amazon Translate
Los pimientos vienen en diferentes colores y concentraciones.,Amir,Amazon Translate
Los camiones de bomberos transportan bomberos y equipos.,Amir,Amazon Translate
Los árboles absorben dióxido de carbono de la atmósfera.,Amir,Amazon Translate
Los perros tienen un sentido del olfato mejorado.,Amir,Amazon Translate
Los mapas suelen incluir una escala y una clave.,Amir,Amazon Translate
Los tornados tienen vientos que giran extremadamente rápido.,Amir,Amazon Translate
Los mapas utilizan líneas y símbolos para las carreteras.,Amir,Amazon Translate
La electricidad alimenta las luces y los dispositivos electrónicos.,Amir,Amazon Translate
Las nutrias flotan en el agua utilizando la flotabilidad.,Amir,Amazon Translate
Las manzanas se comen crudas o cocidas.,Amir,Amazon Translate
Las farolas proporcionan alumbrado público por la noche.,Amir,Amazon Translate
Los aviones necesitan aeropuertos para un aterrizaje seguro.,Amir,Amazon Translate
Los halcones son aves conocidas por sus inmersiones rápidas.,Amir,Amazon Translate
Las fresas crecen a partir de pequeñas plantas con flores.,Amir,Amazon Translate
Los higos crecen en árboles caducifolios.,Amir,Amazon Translate
Los auriculares transmiten el sonido directamente a los oídos.,Amir,Amazon Translate
Las cebollas se utilizan en muchos alimentos cocinados.,Amir,Amazon Translate
Los pingüinos son aves acuáticas no voladoras.,Amir,Amazon Translate
Las monedas son formas pequeñas y metálicas de dinero.,Amir,Amazon Translate
Los aviones viajan rápidamente a través de grandes distancias.,Amir,Amazon Translate
Los hurones son animales domesticados y juguetones.,Amir,Amazon Translate
Los hongos son hongos que crecen a la sombra.,Amir,Amazon Translate
Los nidos albergan huevos y crías de aves.,Amir,Amazon Translate
Las plantas absorben agua a través de sus raíces.,Amir,Amazon Translate
El oro se ha utilizado como moneda.,Amir,Amazon Translate
Las focas son mamíferos adaptados al frío.,Amir,Amazon Translate
Los mapas indican la distancia relativa y absoluta.,Amir,Amazon Translate
Los ríos llevan agua a los mares.,Amir,Amazon Translate
La sal se usa para condimentar los alimentos.,Amir,Amazon Translate
Los halcones son aves depredadoras que vuelan rápido.,Amir,Amazon Translate
Los tulipanes vienen en muchos colores.,Amir,Amazon Translate
El pan se sirve a menudo en las comidas.,Amir,Amazon Translate
Las águilas tienen una excelente visión para cazar.,Amir,Amazon Translate
Los árboles proporcionan un hábitat importante para la vida silvestre.,Amir,Amazon Translate
Las rocas se pueden clasificar por composición mineral.,Amir,Amazon Translate
Los patos tienen patas palmeadas para nadar.,Amir,Amazon Translate
"Las cabras proporcionan leche, carne y fibra.",Amir,Amazon Translate
El vidrio se usa comúnmente para los cristales de las ventanas.,Amir,Amazon Translate
Los libros vienen en formato electrónico e impreso.,Amir,Amazon Translate
El sirope de arce está hecho de savia.,Amir,Amazon Translate
Las medusas contienen un 95% de agua en peso.,Amir,Amazon Translate
El hierro es un metal de construcción común.,Amir,Amazon Translate
El viento empuja a los veleros a través del agua.,Amir,Amazon Translate
Las montañas atraen tanto a senderistas como a esquiadores.,Amir,Amazon Translate
Los gatos persiguen a los pequeños roedores.,Amir,Amazon Translate
Los mapas muestran la geografía física.,Amir,Amazon Translate
Los plátanos son amarillos cuando están maduros.,Amir,Amazon Translate
Las patatas son tubérculos.,Amir,Amazon Translate
Las monedas son monedas planas y redondas.,Amir,Amazon Translate
Las montañas se elevan por encima del nivel del mar.,Amir,Amazon Translate
Las cigarras emiten fuertes zumbidos.,Amir,Amazon Translate
Los truenos siguen a los relámpagos en las tormentas.,Amir,Amazon Translate
Las hormigas forman colonias subterráneas.,Amir,Amazon Translate
Las urracas son aves inteligentes.,Amir,Amazon Translate
Los delfines utilizan la ecolocalización para navegar.,Amir,Amazon Translate
Las focas pasan tiempo en tierra y mar.,Amir,Amazon Translate
Las nutrias usan herramientas para abrir las conchas.,Amir,Amazon Translate
Los bomberos usan ropa protectora.,Amir,Amazon Translate
Los mapas representan continentes y países.,Amir,Amazon Translate
Las vacas proporcionan leche y cuero.,Amir,Amazon Translate
Los mapas muestran la escala para medir distancias.,Amir,Amazon Translate
Los petirrojos son pájaros cantores comunes.,Amir,Amazon Translate
Los arcoíris aparecen después de las lluvias.,Amir,Amazon Translate
Los cuervos resuelven acertijos sencillos.,Amir,Amazon Translate
La corteza del pan se forma al hornear.,Amir,Amazon Translate
Los nidos son construidos por muchas aves.,Amir,Amazon Translate
Los plátanos crecen en racimos.,Amir,Amazon Translate
Los tomates se utilizan en ensaladas.,Amir,Amazon Translate
La tiza marca las superficies.,Amir,Amazon Translate
El agua se evapora con el calor.,Amir,Amazon Translate
Las ranas ponen huevos en el agua.,Amir,Amazon Translate
Los mapas muestran los nombres de las ciudades.,Amir,Amazon Translate
La lluvia nutre la vida vegetal.,Amir,Amazon Translate
Las mariposas se alimentan de néctar.,Amir,Amazon Translate
Los mapas muestran los símbolos de los ríos.,Amir,Amazon Translate
Dos más dos son cuatro.,Amir,Amazon Translate
Las grullas son aves zancudas de gran tamaño.,Amir,Amazon Translate
El hierro es un elemento magnético.,Amir,Amazon Translate
Las patatas son tubérculos.,Amir,Amazon Translate
Los cuervos son aves muy inteligentes.,Amir,Amazon Translate
El pan se puede tostar.,Amir,Amazon Translate
Las montañas experimentan temperaturas más frías.,Amir,Amazon Translate
Los caballos llevan herraduras.,Amir,Amazon Translate
El trigo es un grano básico.,Amir,Amazon Translate
El fuego necesita tres elementos para arder.,Amir,Amazon Translate
Los cisnes se deslizan sobre las superficies del agua.,Amir,Amazon Translate
El agua de lluvia se recoge en charcos.,Amir,Amazon Translate
Los mapas pueden mostrar datos de población.,Amir,Amazon Translate
Los pimientos pueden ser suaves o picantes.,Amir,Amazon Translate
Los mapas muestran las características de las carreteras y el terreno.,Amir,Amazon Translate
Las montañas son áreas elevadas de la Tierra.,Amir,Amazon Translate
Los mapas proporcionan información sobre las distancias.,Amir,Amazon Translate
Las nubes se forman cuando el aire caliente se enfría.,Amir,Amazon Translate
Las mariposas emergen de las crisálidas.,Amir,Amazon Translate
Los mapas muestran la ubicación relativa de las ciudades.,Amir,Amazon Translate
Los tomates son rojos cuando están maduros.,Amir,Amazon Translate
Los mapas muestran las ubicaciones del océano y el mar.,Amir,Amazon Translate
Las grullas son aves migratorias.,Amir,Amazon Translate
Los mapas tienen una flecha hacia el norte.,Amir,Amazon Translate
Los mapas son fundamentales para el estudio geográfico.,Amir,Amazon Translate
Los mapas muestran paisajes naturales.,Amir,Amazon Translate
Las jirafas tienen abrigos estampados.,Amir,Amazon Translate
Los rollitos de huevo son un alimento popular.,Amir,Amazon Translate
La tiza deja polvo en las pizarras.,Amir,Amazon Translate
Los mapas muestran millas o kilómetros.,Amir,Amazon Translate
Los mapas suelen marcar ríos y lagos.,Amir,Amazon Translate
Las hojas utilizan la luz solar para producir comida.,Amir,Amazon Translate
Los mapas muestran las ubicaciones y direcciones con precisión.,Amir,Amazon Translate
El pan se hornea con harina y levadura.,Amir,Amazon Translate
Las ranas sufren metamorfosis a medida que maduran.,Amir,Amazon Translate
La fotosíntesis se produce en las hojas de las plantas.,Amir,Amazon Translate
Los guijarros son piedras pequeñas y redondeadas.,Amir,Amazon Translate
Los conejos comen verduras de hoja verde como alimento.,Amir,Amazon Translate
Las grullas usan picos para atrapar peces.,Amir,Amazon Translate
Los mapas pueden mostrar montañas y ríos.,Amir,Amazon Translate
La corteza del pan es más firme que las migas.,Amir,Amazon Translate
Los mapas usan letras para etiquetar las ciudades.,Amir,Amazon Translate
Las medusas tienen cuerpos gelatinosos en forma de paraguas.,Amir,Amazon Translate
Los mosquitos son plagas de insectos comunes.,Amir,Amazon Translate
El chocolate se derrite para hacer fondue.,Amir,Amazon Translate
Las montañas se desgastan más despacio que las colinas.,Amir,Amazon Translate
Los mapas etiquetan las fronteras estatales o nacionales.,Amir,Amazon Translate
Los libros proporcionan información y entretenimiento.,Amir,Amazon Translate
Los mapas ayudan a los excursionistas a evitar perderse.,Amir,Amazon Translate
Los mapas ayudan a planificar los viajes por carretera.,Amir,Amazon Translate
Los camiones de bomberos transportan a los socorristas.,Amir,Amazon Translate
Los mapas requieren escalas para obtener distancias precisas.,Amir,Amazon Translate
Los mapas muestran los aeropuertos y puertos marítimos.,Amir,Amazon Translate
El suelo proporciona nutrientes a las plantas.,Amir,Amazon Translate
Los bulbos de tulipán se plantan en otoño.,Amir,Amazon Translate
Los mapas son importantes para los exploradores.,Amir,Amazon Translate
Los flamencos tienen plumas rosas.,Amir,Amazon Translate
"Técnicamente, los cacahuetes no son verdaderos frutos secos.",Amir,Amazon Translate
Las montañas proporcionan un hábitat para la vida silvestre.,Amir,Amazon Translate
"Técnicamente, los tomates son frutas.",Amir,Amazon Translate
Mechones de césped cubren los campos de fútbol.,Amir,Amazon Translate
Los palitos de pan se sirven como aperitivos.,Amir,Amazon Translate
Los mapas se utilizan en las lecciones de geografía.,Amir,Amazon Translate
Las águilas se deslizan sobre las corrientes de aire.,Amir,Amazon Translate
La sal se usa para conservar las carnes.,Amir,Amazon Translate
Los mapas muestran cuerpos de agua.,Amir,Amazon Translate
Los diamantes son la sustancia natural más dura.,Amir,Amazon Translate
La COVID-19 es causada por un coronavirus.,Amir,Amazon Translate
La leche contiene calcio y vitamina D.,Amir,Amazon Translate
Los gansos suelen migrar en formaciones en forma de V.,Amir,Amazon Translate
Los océanos contienen agua salada que cubre la mayor parte de la Tierra.,Amir,Amazon Translate
Las abejas polinizan las plantas y producen miel.,Amir,Amazon Translate
La electricidad viaja a través de los cables en forma de corriente.,Amir,Amazon Translate
Las garrapatas pueden transmitir la enfermedad de Lyme a los humanos.,Amir,Amazon Translate
Los muebles proporcionan superficies y asientos.,Amir,Amazon Translate
Los gatos suelen dormir durante muchas horas.,Amir,Amazon Translate
Los mapas pueden mostrar información política o física.,Amir,Amazon Translate
Los trenes transportan mercancías y personas de manera eficiente.,Amir,Amazon Translate
Las ranas croan para atraer parejas.,Amir,Amazon Translate
Las moscas tienen ojos compuestos.,Amir,Amazon Translate
La leche se pasteuriza antes de venderse.,Amir,Amazon Translate
Los mapas muestran la dirección de la brújula para orientarse.,Amir,Amazon Translate
Los tigres son gatos solitarios y territoriales.,Amir,Amazon Translate
Las hojas tienen venas que suministran agua.,Amir,Amazon Translate
Los mapas usan colores para mostrar la elevación.,Amir,Amazon Translate
"Las nubes traen lluvia, nieve o granizo.",Amir,Amazon Translate
Los perros usan su nariz para rastrear.,Amir,Amazon Translate
Los mapas son importantes para la conciencia espacial.,Amir,Amazon Translate
Los ríos llevan agua dulce a los lagos.,Amir,Amazon Translate
Los mapas ayudan a visualizar la topografía y las regiones.,Amir,Amazon Translate
La nieve es precipitación congelada.,Amir,Amazon Translate
Los mapas muestran los límites geográficos.,Amir,Amazon Translate
Los mapas suelen incluir una leyenda.,Amir,Amazon Translate
Las luciérnagas producen luz por bioluminiscencia.,Amir,Amazon Translate
El pan es un alimento básico a nivel mundial.,Amir,Amazon Translate
Las baterías almacenan energía química.,Amir,Amazon Translate
Los bomberos usan agua para apagar incendios.,Amir,Amazon Translate
El brócoli es parte de la familia de las coles.,Amir,Amazon Translate
Las estrellas emiten su propia luz.,Amir,Amazon Translate
Los osos polares viven cerca del Polo Norte.,Amir,Amazon Translate
Un termómetro mide la temperatura.,Amir,Amazon Translate
Los gatos caen de pie.,Amir,Amazon Translate
Los cristales tienen estructuras atómicas ordenadas.,Amir,Amazon Translate
Las monedas pueden ser de plata o cobre.,Amir,Amazon Translate
Los perros son animales de manada domesticados.,Amir,Amazon Translate
Los mapas suelen utilizar colores para las características.,Amir,Amazon Translate
El salto de las ranas ayuda a escapar de los depredadores.,Amir,Amazon Translate
Las rosas florecen en los jardines de todo el mundo.,Amir,Amazon Translate
Las hojas contienen clorofila para la fotosíntesis.,Amir,Amazon Translate
Los gatos suelen ronronear cuando están relajados.,Amir,Amazon Translate
Las flores atraen a los polinizadores con colores vibrantes.,Amir,Amazon Translate
Las mariposas comienzan su vida como orugas.,Amir,Amazon Translate
Las calabazas se cosechan en otoño.,Amir,Amazon Translate
Las vacas comen pasto y forraje.,Amir,Amazon Translate
La sal se usa como conservante de alimentos.,Amir,Amazon Translate
El pan se hornea a menudo en hogazas.,Amir,Amazon Translate
Los mapas pueden mostrar las condiciones meteorológicas.,Amir,Amazon Translate
Los mapas ayudan a visualizar las relaciones espaciales.,Amir,Amazon Translate
La lluvia suele ser el resultado de nubes espesas.,Amir,Amazon Translate
Los mapas pueden mostrar los climas y la vegetación.,Amir,Amazon Translate
Las aves migran estacionalmente a regiones más cálidas.,Amir,Amazon Translate
El pan a menudo se corta en rodajas antes de comerlo.,Amir,Amazon Translate
Las montañas pueden influir en el clima y las precipitaciones.,Amir,Amazon Translate
Los huevos proporcionan proteínas esenciales.,Amir,Amazon Translate
La tiza se usa en las pizarras del aula.,Amir,Amazon Translate
El pan contiene gluten de trigo.,Amir,Amazon Translate
Los mapas ayudan a planificar las rutas.,Amir,Amazon Translate
Los cangrejos tienen caparazones protectores duros.,Amir,Amazon Translate
Los océanos contienen agua salada y vida marina.,Amir,Amazon Translate
La leche puede transformarse en yogur.,Amir,Amazon Translate
Los mapas a veces usan curvas de nivel para el relieve.,Amir,Amazon Translate
Las luciérnagas emiten luz para atraer parejas.,Amir,Amazon Translate
Los mapas a veces usan colores para la densidad de población.,Amir,Amazon Translate
Los delfines son mamíferos que viven en los océanos.,Amir,Amazon Translate
Los mapas muestran líneas de latitud y longitud.,Amir,Amazon Translate
Los crayones se utilizan para colorear imágenes.,Amir,Amazon Translate
"Los huevos se pueden revolver, freír o hervir.",Amir,Amazon Translate
Los mapas ayudan a localizar puntos de interés.,Amir,Amazon Translate
"Los cuerpos de agua incluyen lagos, ríos y océanos.",Amir,Amazon Translate
Las nubes contienen gotas de agua o cristales de hielo.,Amir,Amazon Translate
Los mapas pueden mostrar los patrones de votación.,Amir,Amazon Translate
Las luciérnagas producen luz para la comunicación.,Amir,Amazon Translate
Las monedas suelen tener imágenes de líderes.,Amir,Amazon Translate
El crepúsculo ocurre entre el atardecer y la noche.,Amir,Amazon Translate
Los días de lluvia disminuyen la visibilidad exterior.,Amir,Amazon Translate
Los mapas pueden incluir zonas horarias.,Amir,Amazon Translate
Los loros viven en regiones tropicales.,Amir,Amazon Translate
El pan se enmohece cuando se deja afuera.,Amir,Amazon Translate
Los automóviles se mueven con motores de combustión o eléctricos.,Amir,Amazon Translate
Los crayones son herramientas de dibujo de colores.,Amir,Amazon Translate
El oro es un metal blando valioso.,Amir,Amazon Translate
Los mapas pueden incluir datos de carreteras y tráfico.,Amir,Amazon Translate
Los pollos se crían para obtener huevos y carne.,Amir,Amazon Translate
Los caballos se utilizan para el transporte y el deporte.,Amir,Amazon Translate
Los mapas pueden ilustrar las zonas climáticas.,Amir,Amazon Translate
Las mariposas saben con los pies.,Amir,Amazon Translate
Los mapas utilizan referencias de cuadrícula para las ubicaciones.,Amir,Amazon Translate
Los valores de las monedas están impresos en cada pieza.,Amir,Amazon Translate
Los mapas muestran características físicas y humanas.,Amir,Amazon Translate
Las hojas son verdes debido a la clorofila.,Amir,Amazon Translate
Las gotas de lluvia forman las nubes.,Amir,Amazon Translate
El viento es aire en movimiento.,Amir,Amazon Translate
Las conchas protegen a los moluscos en los océanos.,Amir,Amazon Translate
Las mariposas tienen cuatro alas.,Amir,Amazon Translate
Las monedas suelen tener caras.,Amir,Amazon Translate
Los mapas muestran tanto la tierra como el agua.,Amir,Amazon Translate
Los niños usan bloques para construir.,Amir,Amazon Translate
Los mapas a veces muestran información climática.,Amir,Amazon Translate
Los mapas son útiles en caso de emergencia.,Amir,Amazon Translate
Los mapas se pueden descargar a los teléfonos.,Amir,Amazon Translate
Los tulipanes son populares como bulbos de flores.,Amir,Amazon Translate
Los mapas muestran las capitales del mundo como referencia.,Amir,Amazon Translate
Las focas tienen cuerpos aerodinámicos para nadar.,Amir,Amazon Translate
La leche proporciona calcio para fortalecer los huesos.,Amir,Amazon Translate
Los cangrejos tienen garras para defenderse y alimentarse.,Amir,Amazon Translate
Los mapas pueden mostrar los recursos naturales.,Amir,Amazon Translate
Las patatas son una de las verduras más consumidas.,Amir,Amazon Translate
El monte Everest está en el Himalaya.,Amir,Amazon Translate
Las zanahorias son raíces anaranjadas que se comen comúnmente crudas.,Amir,Amazon Translate
Las razas de perros varían mucho en tamaño.,Amir,Amazon Translate
Las picaduras de mosquitos pueden causar comezón.,Amir,Amazon Translate
Los grillos son insectos nocturnos.,Amir,Amazon Translate
Los huevos se cocinan comúnmente de varias maneras.,Amir,Amazon Translate
La tiza se puede limpiar fácilmente de las pizarras.,Amir,Amazon Translate
El pan es más fácil de cortar cuando está fresco.,Amir,Amazon Translate
Los mapas incluyen claves de mapa como guía.,Amir,Amazon Translate
El pan se vuelve rancio si no se protege.,Amir,Amazon Translate
Los mapas pueden mostrar el impacto de los desastres naturales.,Amir,Amazon Translate
Los mapas muestran los datos con diferentes colores.,Amir,Amazon Translate
Los lobos viven y cazan en grupos.,Amir,Amazon Translate
El pan es uno de los alimentos más antiguos.,Amir,Amazon Translate
Los mapas proporcionan una navegación esencial para los barcos.,Amir,Amazon Translate
Los tomates crecen a partir de plantas con flores.,Amir,Amazon Translate
La lluvia se puede medir con un medidor.,Amir,Amazon Translate
Los mapas pueden ilustrar las redes de transporte.,Amir,Amazon Translate
Los mapas son cruciales para la planificación urbana.,Amir,Amazon Translate
Los tulipanes crecen mejor en climas fríos.,Amir,Amazon Translate
Los mapas pueden revelar cambios históricos en la tierra.,Amir,Amazon Translate
Los mapas siguen siendo importantes para la navegación moderna.,Amir,Amazon Translate
Los huevos son producidos por aves y reptiles.,Amir,Amazon Translate
Las ballenas necesitan salir a la superficie para tomar aire.,Amir,Amazon Translate
Los mapas muestran varios tipos de elementos.,Amir,Amazon Translate
Los mapas suelen utilizar colores para diferenciarse.,Amir,Amazon Translate
Los mapas suelen utilizar escalas para la medición.,Amir,Amazon Translate
Los arces producen almíbar.,Amir,Amazon Translate
Los mapas ayudan a los viajeros a evitar perderse.,Amir,Amazon Translate
Los mapas muestran las áreas urbanas y rurales.,Amir,Amazon Translate
Los gansos migran en grupos cada año.,Amir,Amazon Translate
Los mapas identifican las capitales y las principales ciudades.,Amir,Amazon Translate
Los mapas ofrecen una representación visual del espacio.,Amir,Amazon Translate
La fotosíntesis produce oxígeno para los animales y los seres humanos.,Amir,Amazon Translate
Las hojas absorben la luz solar y producen carbohidratos durante la fotosíntesis.,Amir,Amazon Translate
La mayoría de los tiburones viven solo en agua salada.,Amir,Amazon Translate
Las vacas proporcionan leche y carne a personas de todo el mundo.,Amir,Amazon Translate
El monte Everest es la montaña más alta de la Tierra sobre el nivel del mar.,Amir,Amazon Translate
Los colores del arcoíris siempre se observan en el mismo orden.,Amir,Amazon Translate
El suelo es esencial para el cultivo de la mayoría de las plantas terrestres.,Amir,Amazon Translate
Las plantas de cacahuete producen semillas comestibles bajo tierra.,Amir,Amazon Translate
Los peces absorben el oxígeno disuelto utilizando branquias bajo el agua.,Amir,Amazon Translate
Las medusas tienen cuerpos gelatinosos y tentáculos punzantes.,Amir,Amazon Translate
Las fresas maduran y se convierten en frutos rojos y dulces.,Amir,Amazon Translate
Los coyotes se adaptan bien a los entornos urbanos.,Amir,Amazon Translate
Las bolsas de plástico tardan décadas en descomponerse por completo.,Amir,Amazon Translate
El dinero se intercambia por bienes y servicios.,Amir,Amazon Translate
"Los mapas muestran con precisión carreteras, ciudades y puntos de referencia físicos.",Amir,Amazon Translate
Los pandas se alimentan casi exclusivamente de brotes de bambú.,Amir,Amazon Translate
La compota de manzana se hace cocinando y triturando manzanas.,Amir,Amazon Translate
Los mapas guían a los viajeros hacia destinos desconocidos.,Amir,Amazon Translate
El algodón proviene de las esponjosas cabezas de semillas de las plantas.,Amir,Amazon Translate
Los motores de los automóviles dependen de la gasolina para funcionar.,Amir,Amazon Translate
Las cebras pertenecen a la familia de los caballos y tienen un pelaje rayado.,Amir,Amazon Translate
Las escuelas organizan las clases según la edad y el área temática.,Amir,Amazon Translate
Las cebollas aportan un sabor fuerte a los platos cocinados.,Amir,Amazon Translate
La gasolina se evapora rápidamente a temperatura ambiente.,Amir,Amazon Translate
Los aviones despegan con alas diseñadas para la aerodinámica.,Amir,Amazon Translate
Las trampas para ratones están configuradas para controlar la presencia de roedores en interiores.,Amir,Amazon Translate
"Los libros transmiten información en formato escrito, impreso o digital.",Amir,Amazon Translate
Las vides trepan envolviendo los tallos alrededor de los soportes.,Amir,Amazon Translate
Las sábanas generalmente están hechas de tela de algodón.,Amir,Amazon Translate
Las aglomeraciones aumentan los niveles de ruido en los espacios confinados.,Amir,Amazon Translate
El papel se rasga más fácilmente que la tela o el plástico.,Amir,Amazon Translate
Las llaves abren las puertas equipadas con cerraduras compatibles.,Amir,Amazon Translate
Los buitres se alimentan de carroña en lugar de cazar presas vivas.,Amir,Amazon Translate
Los caracoles se refugian dentro de las conchas para protegerse del peligro.,Amir,Amazon Translate
Los postres se comen después de las comidas principales.,Amir,Amazon Translate
Los dinosaurios se extinguieron hace aproximadamente 65 millones de años.,Amir,Amazon Translate
Los paraguas protegen a los usuarios de las fuertes lluvias.,Amir,Amazon Translate
Las plantas de tomate necesitan temperaturas cálidas para prosperar.,Amir,Amazon Translate
Las mochilas llevan libros y suministros cómodamente.,Amir,Amazon Translate
Los columpios son elementos comunes en los patios de recreo al aire libre.,Amir,Amazon Translate
Las abejas melíferas contribuyen directamente a los esfuerzos de polinización de las plantas.,Amir,Amazon Translate
Las maletas contienen ropa y pertenencias para viajes.,Amir,Amazon Translate
La luz de la luna es el resultado de la luz solar que se refleja en la luna.,Amir,Amazon Translate
Los cinturones ajustan el ajuste de los pantalones y las faldas.,Amir,Amazon Translate
Los guantes protegen los dedos del frío.,Amir,Amazon Translate
Los timbres indican a los visitantes que salen de las entradas.,Amir,Amazon Translate
El oro conduce la electricidad excepcionalmente bien.,Amir,Amazon Translate
Las anclas aseguran los barcos a una posición en el agua.,Amir,Amazon Translate
La pizza se corta en rodajas antes de servir porciones individuales.,Amir,Amazon Translate
"Las tijeras cortan papel, tela o hilo de manera eficiente.",Amir,Amazon Translate
Los muñecos de nieve se construyen con bolas de nieve enrolladas en invierno.,Amir,Amazon Translate
Los aspersores distribuyen el agua de manera uniforme sobre el césped o los jardines.,Amir,Amazon Translate
El ajedrez implica el movimiento estratégico de piezas únicas del juego.,Amir,Amazon Translate
"Los calendarios registran los días, las semanas y los meses de forma sistemática.",Amir,Amazon Translate
Los autobuses escolares transportan a los niños entre la casa y la escuela.,Amir,Amazon Translate
Las abejas melíferas producen miel a partir del néctar de las flores.,Amir,Amazon Translate
Los perros usan la cola para señalar diferentes emociones.,Amir,Amazon Translate
Los hongos prefieren crecer en ambientes húmedos.,Amir,Amazon Translate
Las arañas atrapan insectos con telarañas sedosas.,Amir,Amazon Translate
El oro es valioso debido a su rareza y apariencia.,Amir,Amazon Translate
Las patatas son tubérculos comestibles que se cultivan bajo tierra.,Amir,Amazon Translate
Los libros almacenan conocimientos e historias en forma escrita.,Amir,Amazon Translate
Los animales con cuernos pueden defenderse de los depredadores.,Amir,Amazon Translate
Las águilas ven los objetos distantes con mucha más claridad que los humanos.,Amir,Amazon Translate
Los edificios altos se llaman rascacielos en las ciudades.,Amir,Amazon Translate
Los puentes conectan terrenos separados por agua u obstáculos.,Amir,Amazon Translate
Los relámpagos se producen de forma natural durante las tormentas eléctricas.,Amir,Amazon Translate
Los frijoles suministran proteínas de origen vegetal en las dietas.,Amir,Amazon Translate
Los camellos prosperan en condiciones desérticas con escasez de agua.,Amir,Amazon Translate
Los despertadores despiertan a las personas mediante señales de sonido o vibración.,Amir,Amazon Translate
Las galletas son productos horneados dulces populares en todo el mundo.,Amir,Amazon Translate
Las llaves abren las puertas aseguradas con las cerraduras correspondientes.,Amir,Amazon Translate
Los refrigeradores mantienen frescos los alimentos perecederos durante más tiempo.,Amir,Amazon Translate
Los cinturones aseguran los pantalones o las faldas alrededor de la cintura.,Amir,Amazon Translate
Las velas emiten luz quemando mechas en cera.,Amir,Amazon Translate
Los calendarios registran las fechas y los eventos anuales relevantes.,Amir,Amazon Translate
Los unicornios son criaturas míticas que no se ha demostrado que existan.,Amir,Amazon Translate
Las bicicletas de montaña manejan fácilmente terrenos accidentados fuera de carretera.,Amir,Amazon Translate
Los mapas suelen incluir rosas de la brújula que indican direcciones.,Amir,Amazon Translate
Las computadoras procesan la información electrónicamente mediante código binario.,Amir,Amazon Translate
Los guantes brindan protección y calor a las manos.,Amir,Amazon Translate
Los dentistas promueven la higiene bucal para tener dientes sanos.,Amir,Amazon Translate
Las tabletas sirven como dispositivos informáticos electrónicos portátiles.,Amir,Amazon Translate
El vidrio es transparente y permite el paso de la luz visible.,Amir,Amazon Translate
Las plantas de interior mejoran la calidad del aire interior y los niveles de humedad.,Amir,Amazon Translate
Los pronósticos meteorológicos predicen los próximos cambios de temperatura y precipitaciones.,Amir,Amazon Translate
Las mochilas distribuyen el peso de manera uniforme entre los hombros.,Amir,Amazon Translate
Los sistemas de rociadores riegan el césped y los jardines automáticamente.,Amir,Amazon Translate
Los ascensores suben y bajan a las personas dentro de edificios altos.,Amir,Amazon Translate
Los espejos proporcionan reflejos precisos de las apariencias.,Amir,Amazon Translate
Los relojes de pared muestran la hora de un vistazo.,Amir,Amazon Translate
Los patinetes tienen dos ruedas para el transporte personal.,Amir,Amazon Translate
Los tulipanes florecen en los meses de primavera de cada año.,Amir,Amazon Translate
Las ovejas producen lana que se hila en hilo.,Amir,Amazon Translate
Las botellas de plástico tardan años en descomponerse de forma natural.,Amir,Amazon Translate
El arroz se cultiva en campos llamados arrozales.,Amir,Amazon Translate
Los conejos tienen orejas largas para detectar amenazas.,Amir,Amazon Translate
Las medusas tienen tentáculos punzantes que se utilizan como defensa.,Amir,Amazon Translate
Las rosas tienen espinas para disuadir a los herbívoros de comérselas.,Amir,Amazon Translate
"Las manzanas vienen en variedades rojas, verdes y amarillas.",Amir,Amazon Translate
Las jirafas usan cuellos largos para alcanzar las hojas altas de los árboles.,Amir,Amazon Translate
El velcro se pega con pequeños ganchos y bucles.,Amir,Amazon Translate
Los trenes circulan a lo largo de las vías utilizando la potencia del motor.,Amir,Amazon Translate
Los desiertos reciben pocas precipitaciones anuales en comparación con los bosques.,Amir,Amazon Translate
Los volcanes expulsan lava y ceniza fundidas durante las erupciones.,Amir,Amazon Translate
Combina los fuegos encendidos por fricción o reacción química.,Amir,Amazon Translate
Los libros son colecciones de páginas encuadernadas.,Amir,Amazon Translate
Los dientes ayudan a descomponer los alimentos durante la masticación.,Amir,Amazon Translate
"La hierba cubre llanuras, céspedes y varios paisajes.",Amir,Amazon Translate
Los tazones contienen líquidos o alimentos sólidos sueltos.,Amir,Amazon Translate
El hilo dental limpia entre los dientes donde los cepillos no pueden llegar.,Amir,Amazon Translate
El detergente ayuda a eliminar las manchas de las telas de la ropa.,Amir,Amazon Translate
La pizza consiste en masa horneada con aderezos añadidos.,Amir,Amazon Translate
El jabón de manos mata los gérmenes durante las rutinas de lavado adecuadas.,Amir,Amazon Translate
Los espejos reflejan las imágenes con precisión cuando las superficies están limpias.,Amir,Amazon Translate
Las hormigas se coordinan de manera eficiente para las tareas de supervivencia de las colonias.,Amir,Amazon Translate
Las cebras viven en manadas en las sabanas africanas.,Amir,Amazon Translate
Las radios transmiten señales de audio a través de ondas electromagnéticas.,Amir,Amazon Translate
Las maletas hacen que transportar artículos de viaje sea más cómodo.,Amir,Amazon Translate
Las grúas levantan cargas pesadas mediante sistemas de cables.,Amir,Amazon Translate
Los caballos se mueven rápidamente y ayudan a los jinetes humanos.,Amir,Amazon Translate
Los paraguas ayudan a proteger contra la lluvia o la luz solar intensa.,Amir,Amazon Translate
Las tabletas combinan pantallas táctiles y potencia informática para ofrecer portabilidad.,Amir,Amazon Translate
Los ventiladores hacen circular el aire para enfriar los espacios cerrados.,Amir,Amazon Translate
Los despertadores despiertan a las personas a horas específicas.,Amir,Amazon Translate
Las bicicletas transportan a los pasajeros mediante pedales impulsados por los pies.,Amir,Amazon Translate
Los helicópteros vuelan verticalmente gracias a las palas giratorias.,Amir,Amazon Translate
Las almohadas acolchan los cabezales para lograr posiciones cómodas para dormir.,Amir,Amazon Translate
Las cortinas bloquean la entrada de luz a las habitaciones.,Amir,Amazon Translate
Las aspiradoras aspiran el polvo y la suciedad de los pisos.,Amir,Amazon Translate
Los timbres alertan a los ocupantes de la vivienda de la llegada de visitas.,Amir,Amazon Translate
Los bancos proporcionan asientos en lugares públicos o privados.,Amir,Amazon Translate
Los rollos de pintura añaden color de manera uniforme a las paredes.,Amir,Amazon Translate
Los carritos de compras simplifican la compra de alimentos en las tiendas.,Amir,Amazon Translate
"Las carteras contienen tarjetas de identificación, dinero y recibos.",Amir,Amazon Translate
Los cuadernos permiten a los usuarios escribir y organizar notas.,Amir,Amazon Translate
El pan se vuelve rancio después de la exposición al aire.,Amir,Amazon Translate
Los loros pueden imitar muchos sonidos ambientales.,Amir,Amazon Translate
Las hormigas construyen colonias con funciones especializadas.,Amir,Amazon Translate
Las cebras muestran franjas únicas en blanco y negro.,Amir,Amazon Translate
El clima nublado puede indicar lluvia o tormentas.,Amir,Amazon Translate
"Los pingüinos no pueden volar, pero nadan hábilmente bajo el agua.",Amir,Amazon Translate
Los dragones de Komodo son los lagartos vivos más grandes.,Amir,Amazon Translate
Los hongos descomponen la materia orgánica del suelo.,Amir,Amazon Translate
Los fuegos artificiales crean ruidos fuertes y exhibiciones de luces coloridas.,Amir,Amazon Translate
Los osos polares habitan en las regiones de hielo marino del Ártico.,Amir,Amazon Translate
Las puestas de sol aparecen más vívidas en cielos despejados.,Amir,Amazon Translate
La tiza escribe fácilmente en superficies rugosas.,Amir,Amazon Translate
Los cacahuetes crecen bajo la superficie en forma de leguminosas.,Amir,Amazon Translate
Los granos de café son semillas tostadas de cerezas de café.,Amir,Amazon Translate
El brócoli tiene un alto contenido de vitaminas y fibra dietética.,Amir,Amazon Translate
Los mapas suelen utilizar colores para representar los tipos de terreno.,Amir,Amazon Translate
La contaminación plástica amenaza los ecosistemas de vida silvestre oceánica.,Amir,Amazon Translate
Los pastizales sustentan el pastoreo de rebaños de animales grandes.,Amir,Amazon Translate
"La vida marina incluye criaturas como peces, cangrejos y pulpos.",Amir,Amazon Translate
Los glaciares remodelan lentamente los paisajes a lo largo de los siglos.,Amir,Amazon Translate
Los automóviles suelen funcionar con motores de combustión interna.,Amir,Amazon Translate
Los carritos de compras ayudan a transportar los alimentos.,Amir,Amazon Translate
Los espejos reflejan la luz para mostrar imágenes.,Amir,Amazon Translate
Los terneros son ganado joven antes de la edad adulta.,Amir,Amazon Translate
Las carteras almacenan tarjetas de identificación y dinero de forma segura.,Amir,Amazon Translate
Los periódicos informan sobre eventos e información recientes a diario.,Amir,Amazon Translate
El pegamento une diversos materiales de forma sólida.,Amir,Amazon Translate
Los nidos protegen los huevos y las crías de forma segura.,Amir,Amazon Translate
El cristal se rompe al impactar con fuerza.,Amir,Amazon Translate
Los plátanos proporcionan potasio y azúcares naturales para obtener energía.,Amir,Amazon Translate
Los recipientes de plástico almacenan los alimentos de forma segura y cómoda.,Amir,Amazon Translate
Las naranjas contienen vitamina C importante para la inmunidad.,Amir,Amazon Translate
Las abejas producen miel en colonias organizadas llamadas colmenas.,Amir,Amazon Translate
El arroz es un alimento básico que se cultiva en ambientes húmedos.,Amir,Amazon Translate
Las ranas comienzan como renacuajos antes de desarrollar las patas.,Amir,Amazon Translate
La tiza se usa con frecuencia con fines de escritura educativa.,Amir,Amazon Translate
Los desiertos reciben pocas lluvias cada año y permanecen secos.,Amir,Amazon Translate
Los mapas muestran los cambios de elevación mediante líneas de contorno.,Amir,Amazon Translate
Las focas se mueven con elegancia en las frías aguas del océano.,Amir,Amazon Translate
Las plantas de tomate necesitan calor y sol para madurar la fruta.,Amir,Amazon Translate
El pegamento adhiere fuertemente los trozos de papel a las superficies.,Amir,Amazon Translate
Los carritos de compras ayudan a los clientes en las grandes tiendas de abarrotes.,Amir,Amazon Translate
Las llaves están cortadas para que se ajusten con precisión a las cerraduras correspondientes.,Amir,Amazon Translate
Los aviones viajan largas distancias a grandes altitudes.,Amir,Amazon Translate
Los tejidos de algodón son materiales suaves y muy absorbentes.,Amir,Amazon Translate
Los despertadores suenan a horas preestablecidas para despertar a los usuarios.,Amir,Amazon Translate
Las mochilas llevan los suministros cómodamente sobre los hombros.,Amir,Amazon Translate
Las nueces crecen en cáscaras protectoras duras en los árboles.,Amir,Amazon Translate
Las tijeras cortan varios papeles y materiales delgados y flexibles.,Amir,Amazon Translate
Los caballos suelen galopar rápidamente sobre terrenos abiertos.,Amir,Amazon Translate
Las camas ayudan a dormir y descansar cómodamente durante la noche.,Amir,Amazon Translate
Las escaleras conectan los pisos verticalmente dentro de los edificios.,Amir,Amazon Translate
Las ventanas dejan pasar la luz mientras evitan la intemperie.,Amir,Amazon Translate
Los cinturones sujetan los pantalones con trabillas alrededor de la cintura.,Amir,Amazon Translate
El zumo de naranja proviene del prensado de naranjas maduras.,Amir,Amazon Translate
Las cortinas bloquean la luz solar y añaden privacidad en el interior.,Amir,Amazon Translate
Los televisores transmiten señales de entretenimiento de vídeo y audio.,Amir,Amazon Translate
Los niños pierden los dientes de leche antes de que les salgan los dientes permanentes.,Amir,Amazon Translate
Los trenes viajan por vías para un transporte público eficiente.,Amir,Amazon Translate
Los mapas ayudan a navegar fácilmente por lugares o ciudades desconocidos.,Amir,Amazon Translate
Los huevos contienen proteínas esenciales para el crecimiento muscular.,Amir,Amazon Translate
Las monedas se producen estampando planchas metálicas.,Amir,Amazon Translate
Los lobos cazan pequeños mamíferos en manadas coordinadas.,Amir,Amazon Translate
Las focas se mueven de manera eficiente tanto en tierra como en agua.,Amir,Amazon Translate
Las ovejas producen lana que se utiliza ampliamente en textiles a nivel mundial.,Amir,Amazon Translate
Los automóviles necesitan motores de combustión o motores eléctricos para funcionar.,Amir,Amazon Translate
Los cacahuetes maduran bajo tierra dentro de cáscaras biodegradables de forma natural.,Amir,Amazon Translate
La tiza escribe visiblemente en superficies de pizarra oscura.,Amir,Amazon Translate
Los tomates maduran en rojo debido a los pigmentos de licopeno presentes.,Amir,Amazon Translate
Las plantas de interior requieren riego regular y luz solar indirecta en interiores.,Amir,Amazon Translate
Los arrozales se denominan arrozales y suelen estar inundados.,Amir,Amazon Translate
Las águilas vuelan alto con alas emplumadas anchas y poderosas.,Amir,Amazon Translate
Los libros organizan la información en páginas impresas o digitales.,Amir,Amazon Translate
Las computadoras procesan los datos a través de señales eléctricas binarias.,Amir,Amazon Translate
Los dientes descomponen los alimentos sólidos durante el proceso de masticación.,Amir,Amazon Translate
"Los termómetros miden la temperatura con mercurio, alcohol o aparatos electrónicos.",Amir,Amazon Translate
Las nutrias abren los mariscos con piedras sostenidas en sus patas.,Amir,Amazon Translate
Los relámpagos son el resultado de la electricidad estática durante las tormentas eléctricas.,Amir,Amazon Translate
Los cuadernos proporcionan páginas rayadas para escribir notas y recordatorios.,Amir,Amazon Translate
Los pinceles esparcen la pintura líquida sobre las superficies con suavidad.,Amir,Amazon Translate
Los espejos reflejan las imágenes utilizando superficies de vidrio pulido en la parte posterior.,Amir,Amazon Translate
Los bancos dan asientos para varias personas simultáneamente.,Amir,Amazon Translate
Las nueces son frutos secos de cáscara dura ricos en grasas saludables.,Amir,Amazon Translate
Las aspiradoras eliminan las partículas de polvo de los pisos de manera eficiente.,Amir,Amazon Translate
Las lámparas proporcionan luz dirigida para leer por la noche.,Amir,Amazon Translate
Los ascensores elevan cómodamente a los ocupantes entre niveles de edificios de varios pisos.,Amir,Amazon Translate
Los aires acondicionados regulan la temperatura interior durante los veranos calurosos.,Amir,Amazon Translate
Los teclados introducen letras escritas en los dispositivos informáticos con precisión.,Amir,Amazon Translate
Los relojes mantienen la hora de manera constante durante los ciclos diurnos y nocturnos.,Amir,Amazon Translate
Las palas cavan la tierra de manera eficaz para proyectos de jardinería o paisajismo.,Amir,Amazon Translate
Los cascos reducen las lesiones en la cabeza durante las actividades de ciclismo o motociclismo.,Amir,Amazon Translate
El jabón rompe las moléculas de grasa para eliminarlas durante el lavado.,Amir,Amazon Translate
Los huevos contienen proteínas y otros nutrientes importantes para el crecimiento.,Amir,Amazon Translate
El queso se produce cuajando las proteínas de la leche.,Amir,Amazon Translate
El plástico tarda siglos en descomponerse de forma natural en exteriores.,Amir,Amazon Translate
Los refrigeradores mantienen frescos los productos perecederos al mantener bajas temperaturas.,Amir,Amazon Translate
El pan crece porque la levadura libera dióxido de carbono.,Amir,Amazon Translate
La tiza se usa con frecuencia para dibujar en tablas.,Amir,Amazon Translate
Las mariposas nacen de las crisálidas después de la metamorfosis.,Amir,Amazon Translate
Los impermeables protegen a quienes los usan de empaparse de la lluvia.,Amir,Amazon Translate
El hielo flota en el agua debido a su estructura molecular.,Amir,Amazon Translate
Los relámpagos se producen durante las tormentas eléctricas debido a los desequilibrios de carga eléctrica.,Amir,Amazon Translate
Las monedas funcionan para compras pequeñas utilizando los valores de las divisas de los países.,Amir,Amazon Translate
Las llaves abren puertas que coinciden con las ranuras cortadas con precisión.,Amir,Amazon Translate
"Las carteras guardan el efectivo, las monedas y las tarjetas de forma segura.",Amir,Amazon Translate
Las camas ofrecen comodidad y apoyo para las rutinas de sueño regulares.,Amir,Amazon Translate
Los carritos de compras permiten la recolección de alimentos dentro de las tiendas.,Amir,Amazon Translate
"Las tabletas permiten a los usuarios navegar, leer y escribir digitalmente.",Amir,Amazon Translate
Los relojes muestran la hora exacta durante el día y la noche.,Amir,Amazon Translate
"Los calendarios organizan los meses, las semanas, los días festivos y las citas con claridad.",Amir,Amazon Translate
Las mochilas facilitan el transporte de objetos con correas para los hombros.,Amir,Amazon Translate
Los columpios se mueven hacia adelante y hacia atrás para jugar.,Amir,Amazon Translate
Los despertadores suenan con fuerza para despertar a los durmientes de manera confiable.,Amir,Amazon Translate
Las manzanas crecen en árboles caducifolios en climas templados.,Amir,Amazon Translate
La sal mejora el sabor y se usa para la conservación.,Amir,Amazon Translate
Los conejos comen vegetación verde y tienen orejas largas.,Amir,Amazon Translate
"Las colonias de hormigas están formadas por obreras, soldados y reinas.",Amir,Amazon Translate
Los cacahuetes se desarrollan bajo tierra dentro de las cáscaras protectoras.,Amir,Amazon Translate
Los libros organizan la información acumulada en registros escritos.,Amir,Amazon Translate
"Los frutos del tomate maduran en rojo, amarillo o rosa según la variedad.",Amir,Amazon Translate
Las abejas melíferas se comunican a través de danzas de meneo.,Amir,Amazon Translate
El jabón ayuda a eliminar la suciedad y los aceites de las manos de manera eficiente.,Amir,Amazon Translate
Los teclados introducen caracteres para ordenadores o dispositivos digitales.,Amir,Amazon Translate
"Las tijeras cortan papel, tela u hojas delgadas con precisión.",Amir,Amazon Translate
"Las páginas del calendario dividen el tiempo en días, semanas y meses.",Amir,Amazon Translate
"Los pinceles extienden acabados uniformes sobre madera, paredes o lienzos.",Amir,Amazon Translate
Las películas presentan historias usando imágenes en movimiento secuenciales.,Amir,Amazon Translate
El pegamento une los materiales de forma rápida y permanente cuando se seca.,Amir,Amazon Translate
Los globos aerostáticos se elevan porque el aire caliente es menos denso que el frío.,Amir,Amazon Translate
Los espejos reflejan la luz visible con claridad para el aseo personal.,Amir,Amazon Translate
"Las carteras mantienen organizados el dinero, las tarjetas y los documentos importantes.",Amir,Amazon Translate
Los dientes mastican los alimentos para facilitar la digestión en el estómago.,Amir,Amazon Translate
Los perros ladran para comunicar emoción o alertar de peligro.,Amir,Amazon Translate
Los plátanos proporcionan el potasio necesario para la función muscular.,Amir,Amazon Translate
Las colonias de hormigas se organizan con distintas castas sociales.,Amir,Amazon Translate
Los trenes viajan por vías entre destinos lejanos.,Amir,Amazon Translate
Las vacas suministran la leche que consumen millones de personas.,Amir,Amazon Translate
Las medusas se mueven pasivamente utilizando las corrientes oceánicas.,Amir,Amazon Translate
Las fresas comienzan de color blanco y se vuelven de color rojo brillante cuando están maduras.,Amir,Amazon Translate
Las manzanas crecen mejor en climas fríos y templados de todo el mundo.,Amir,Amazon Translate
La tiza funciona bien para marcar pizarras oscuras.,Amir,Amazon Translate
Los canguros transportan las alegrías jóvenes dentro de las bolsas abdominales.,Amir,Amazon Translate
Las ballenas salen a la superficie con regularidad para respirar el oxígeno atmosférico.,Amir,Amazon Translate
Las águilas detectan a sus presas con habilidades visuales excepcionales.,Amir,Amazon Translate
Los martillos clavos clavan clavos en la madera de forma segura.,Amir,Amazon Translate
Las nutrias usan piedras para romper las harinas de mariscos.,Amir,Amazon Translate
Los arrozales se inundan para un desarrollo óptimo de las plantas.,Amir,Amazon Translate
Las mochilas permiten a las personas llevar sus pertenencias cómodamente con las manos libres.,Amir,Amazon Translate
Los sistemas de rociadores riegan automáticamente el césped durante los intervalos programados.,Amir,Amazon Translate
"La electricidad ilumina hogares, oficinas y calles.",Amir,Amazon Translate
Las vacas suministran carne y productos lácteos.,Amir,Amazon Translate
La tiza marca las pizarras y es fácil de borrar.,Amir,Amazon Translate
Los pandas consumen bambú casi exclusivamente a diario.,Amir,Amazon Translate
Las medusas flotan libremente y pican para defenderse.,Amir,Amazon Translate
El pan crece porque la levadura crea burbujas de gas.,Amir,Amazon Translate
Las manzanas se desarrollan en los árboles con flores en primavera.,Amir,Amazon Translate
"El queso es el resultado de la fermentación de leche de vaca, cabra u oveja.",Amir,Amazon Translate
Los osos polares viven solo en hábitats árticos.,Amir,Amazon Translate
Los delfines utilizan los clics del sonar para navegar bajo el agua.,Amir,Amazon Translate
Los cacahuetes maduran dentro del suelo en lugar de por encima del suelo.,Amir,Amazon Translate
Las sillas brindan a las personas una comodidad al sentarse en interiores.,Amir,Amazon Translate
Los libros contienen hechos e historias impresas en páginas de papel.,Amir,Amazon Translate
Las llaves se ajustan a las cerraduras para permitir la entrada por las puertas.,Amir,Amazon Translate
Los asientos tipo banco permiten que varias personas descansen afuera.,Amir,Amazon Translate
Las nueces son frutos secos cubiertos por cáscaras y cáscaras duras.,Amir,Amazon Translate
La sopa se sirve comúnmente bien caliente en tazones.,Amir,Amazon Translate
Las camas ayudan a los humanos a dormir cómodamente cada noche.,Amir,Amazon Translate
Las vacunas protegen contra varias enfermedades contagiosas.,Amir,Amazon Translate
Las maletas guardan la ropa mientras las personas viajan fuera de casa.,Amir,Amazon Translate
Las grapadoras sujetan hojas de papel sueltas con grapas metálicas.,Amir,Amazon Translate
Las nutrias abren los mariscos usando rocas que se encuentran bajo el agua.,Amir,Amazon Translate
Las linternas iluminan los lugares oscuros con pilas.,Amir,Amazon Translate
Los bancos sirven como muebles de descanso públicos al aire libre.,Amir,Amazon Translate
Los cascos protegen la cabeza al andar en bicicleta y actividades similares.,Amir,Amazon Translate
Las aspiradoras utilizan la fuerza de succión para limpiar el polvo y la suciedad.,Amir,Amazon Translate
Shakespeare escribió muchas obras famosas.,Amir,Amazon Translate
La Mona Lisa cuelga en el Museo del Louvre.,Amir,Amazon Translate
Leonardo da Vinci pintó La última cena.,Amir,Amazon Translate
Frida Kahlo fue una pintora mexicana.,Amir,Amazon Translate
Atenas fue sede de los primeros Juegos Olímpicos modernos.,Amir,Amazon Translate
Correr mejora la salud cardiovascular.,Amir,Amazon Translate
La música rap se originó en los Estados Unidos.,Amir,Amazon Translate
Venecia es conocida por sus canales.,Amir,Amazon Translate
La vitamina C estimula la función inmunológica.,Amir,Amazon Translate
Las pirámides antiguas se encuentran en Egipto.,Amir,Amazon Translate
Japón se compone de cuatro islas principales.,Amir,Amazon Translate
Beber agua previene la deshidratación.,Amir,Amazon Translate
El período renacentista comenzó en Italia.,Amir,Amazon Translate
El fútbol es popular en todo el mundo.,Amir,Amazon Translate
Australia tiene marsupiales únicos como los canguros.,Amir,Amazon Translate
La tos expulsa los irritantes de las vías respiratorias.,Amir,Amazon Translate
El impresionismo cambió la forma en que los artistas usaban la luz.,Amir,Amazon Translate
Canadá comparte frontera con los Estados Unidos.,Amir,Amazon Translate
Fumar daña el tejido pulmonar.,Amir,Amazon Translate
Alexander Graham Bell inventó el teléfono.,Amir,Amazon Translate
La selva amazónica se extiende por nueve países.,Amir,Amazon Translate
El haiku es una forma de poesía japonesa.,Amir,Amazon Translate
Las Cataratas del Niágara están en la frontera entre Estados Unidos y Canadá.,Amir,Amazon Translate
La escultura implica dar forma a materiales como piedra o metal.,Amir,Amazon Translate
África contiene más de cincuenta países.,Amir,Amazon Translate
El Big Ben de Londres es una famosa torre del reloj.,Amir,Amazon Translate
El ejercicio fortalece los músculos y los huesos.,Amir,Amazon Translate
El asma afecta la capacidad respiratoria.,Amir,Amazon Translate
La música clásica a menudo utiliza orquestas.,Amir,Amazon Translate
Roma es el hogar del Coliseo.,Amir,Amazon Translate
Los cómics cuentan historias con imágenes y palabras.,Amir,Amazon Translate
Islandia es conocida por su actividad geotérmica.,Amir,Amazon Translate
El África subsahariana incluye diversas culturas e idiomas.,Amir,Amazon Translate
El ballet utiliza movimientos formales y precisos.,Amir,Amazon Translate
Abraham Lincoln abolió la esclavitud en Estados Unidos.,Amir,Amazon Translate
El baloncesto requiere habilidades de regate y tiro.,Amir,Amazon Translate
Grecia tiene miles de islas.,Amir,Amazon Translate
Dejar de fumar reduce el riesgo de cáncer.,Amir,Amazon Translate
El flúor ayuda a mantener los dientes sanos.,Amir,Amazon Translate
El Taj Mahal está en la India.,Amir,Amazon Translate
La anemia es el resultado de un nivel bajo de glóbulos rojos.,Amir,Amazon Translate
La caligrafía es un estilo de escritura decorativa.,Amir,Amazon Translate
Kenia es famosa por sus safaris de vida silvestre.,Amir,Amazon Translate
"La cinematografía combina la escritura de guiones, la actuación y la edición.",Amir,Amazon Translate
Brasil acoge el mayor festival de carnaval.,Amir,Amazon Translate
Las flexiones aumentan la fuerza de la parte superior del cuerpo.,Amir,Amazon Translate
El bronce se obtiene mezclando cobre y estaño.,Amir,Amazon Translate
El jazz se originó en Nueva Orleans.,Amir,Amazon Translate
Nepal se encuentra entre China e India.,Amir,Amazon Translate
El accidente cerebrovascular interrumpe el flujo sanguíneo cerebral.,Amir,Amazon Translate
La ópera combina el canto y la representación teatral.,Amir,Amazon Translate
América del Sur tiene selvas tropicales y montañas altas.,Amir,Amazon Translate
Machu Picchu es un sitio antiguo en Perú.,Amir,Amazon Translate
La natación es un excelente ejercicio aeróbico.,Amir,Amazon Translate
Los resfriados son causados por virus.,Amir,Amazon Translate
España es conocida por el baile flamenco.,Amir,Amazon Translate
Marie Curie descubrió los elementos radiactivos.,Amir,Amazon Translate
El senderismo quema calorías y tonifica los músculos de las piernas.,Amir,Amazon Translate
Los fósiles proporcionan evidencia de vida prehistórica.,Amir,Amazon Translate
Las islas del Caribe atraen a los turistas a las playas.,Amir,Amazon Translate
La meditación puede reducir los niveles de estrés.,Amir,Amazon Translate
El Japón feudal tenía guerreros samuráis.,Amir,Amazon Translate
Indonesia está formada por miles de islas.,Amir,Amazon Translate
La presión arterial debe controlarse con regularidad.,Amir,Amazon Translate
El cubismo es un movimiento de arte abstracto.,Amir,Amazon Translate
La ciudad de Nueva York contiene cinco distritos.,Amir,Amazon Translate
El levantamiento de pesas aumenta la fuerza muscular.,Amir,Amazon Translate
La malaria se propaga a través de las picaduras de mosquitos.,Amir,Amazon Translate
Las alfombras persas son obras de arte tejidas a mano.,Amir,Amazon Translate
Alaska tiene la costa más larga de los EE. UU.,Amir,Amazon Translate
Un sueño saludable mejora la memoria y el estado de ánimo.,Amir,Amazon Translate
Los castillos medievales eran estructuras defensivas.,Amir,Amazon Translate
El budismo se extendió de la India a Asia.,Amir,Amazon Translate
La basílica de San Pedro se encuentra en la Ciudad del Vaticano.,Amir,Amazon Translate
Los tifones golpean con frecuencia las costas de Asia oriental.,Amir,Amazon Translate
Las verduras proporcionan fibra dietética.,Amir,Amazon Translate
El Instituto Smithsoniano preserva la historia estadounidense.,Amir,Amazon Translate
Noruega tiene fiordos a lo largo de las zonas costeras.,Amir,Amazon Translate
El baile del tango se originó en Argentina.,Amir,Amazon Translate
El Muro de Berlín cayó en 1989.,Amir,Amazon Translate
El origami es un arte tradicional de plegado de papel de Japón.,Amir,Amazon Translate
Tailandia tiene mercados flotantes.,Amir,Amazon Translate
La Segunda Guerra Mundial terminó en 1945.,Amir,Amazon Translate
El consumo excesivo de azúcar conduce a la obesidad.,Amir,Amazon Translate
Francia es famosa por su producción de vino.,Amir,Amazon Translate
Las fotografías capturan momentos de la vida real de forma permanente.,Amir,Amazon Translate
Jerusalén tiene importancia para varias religiones.,Amir,Amazon Translate
Turquía une Europa y Asia.,Amir,Amazon Translate
La civilización maya construyó templos piramidales.,Amir,Amazon Translate
El yoga beneficia tanto a la mente como al cuerpo.,Amir,Amazon Translate
La música barroca está muy ornamentada.,Amir,Amazon Translate
Tesla desarrolló la tecnología de corriente alterna.,Amir,Amazon Translate
"Las naciones BRICS son Brasil, Rusia, India, China y Sudáfrica.",Amir,Amazon Translate
Los peregrinos desembarcaron en Plymouth Rock.,Amir,Amazon Translate
Siberia cubre un vasto territorio del norte de Rusia.,Amir,Amazon Translate
La escalada en roca desarrolla la fuerza de agarre.,Amir,Amazon Translate
Cleopatra gobernó el antiguo Egipto.,Amir,Amazon Translate
El sesgo influye en los resultados de la investigación social.,Amir,Amazon Translate
El confucianismo influyó en la filosofía china.,Amir,Amazon Translate
La energía solar alimenta algunos hogares.,Amir,Amazon Translate
La India celebra el Diwali todos los años.,Amir,Amazon Translate
El virus del Zika puede causar defectos de nacimiento.,Amir,Amazon Translate
La medicina tradicional china utiliza hierbas.,Amir,Amazon Translate
Miguel Ángel esculpió a David durante el Renacimiento.,Amir,Amazon Translate
El río Misisipi divide los Estados Unidos de este a oeste.,Amir,Amazon Translate
La cultura hip-hop surgió en las comunidades urbanas.,Amir,Amazon Translate
Subir escaleras es un ejercicio con pesas.,Amir,Amazon Translate
Neptuno es el octavo planeta desde el Sol.,Amir,Amazon Translate
El judo enfatiza los lanzamientos y las retenciones.,Amir,Amazon Translate
Walt Disney revolucionó la animación.,Amir,Amazon Translate
"Singapur combina la herencia malaya, china e india.",Amir,Amazon Translate
Platón enseñó a Aristóteles en la Antigua Grecia.,Amir,Amazon Translate
Los kibutzim israelíes practican la vida en comunidad.,Amir,Amazon Translate
La deforestación amenaza la biodiversidad.,Amir,Amazon Translate
Stonehenge data de la Gran Bretaña prehistórica.,Amir,Amazon Translate
Chile se extiende a lo largo de la costa oeste de Sudamérica.,Amir,Amazon Translate
Los análisis de sangre verifican la función de los órganos.,Amir,Amazon Translate
La batería Taiko es una enérgica actuación teatral japonesa.,Amir,Amazon Translate
La cultura amish practica una vida sencilla.,Amir,Amazon Translate
La Torre Eiffel simboliza París.,Amir,Amazon Translate
La pizza se originó en Italia.,Amir,Amazon Translate
El río Nilo atraviesa Egipto.,Amir,Amazon Translate
La hidratación diaria mantiene la salud renal.,Amir,Amazon Translate
La Primera Guerra Mundial comenzó en 1914.,Amir,Amazon Translate
La pintura es una forma de expresión creativa.,Amir,Amazon Translate
Tokio es la capital de Japón.,Amir,Amazon Translate
El ciclismo mejora la resistencia cardiovascular.,Amir,Amazon Translate
Julio César fue asesinado en Roma.,Amir,Amazon Translate
La agricultura suministra alimentos a muchas sociedades.,Amir,Amazon Translate
Las emociones afectan la toma de decisiones personales.,Amir,Amazon Translate
La ética guía los juicios morales y el comportamiento.,Amir,Amazon Translate
El catolicismo tiene sacramentos como el bautismo.,Amir,Amazon Translate
Las democracias implican que los ciudadanos voten sobre leyes o líderes.,Amir,Amazon Translate
Los teléfonos inteligentes acceden a la información desde cualquier lugar con señales.,Amir,Amazon Translate
Las células cancerosas crecen incontrolablemente dentro del cuerpo.,Amir,Amazon Translate
La Europa medieval vio castillos y caballeros.,Amir,Amazon Translate
Hay rutas de senderismo en los parques nacionales.,Amir,Amazon Translate
Canadá es famoso por el sirope de arce.,Amir,Amazon Translate
Los jeroglíficos fueron utilizados por los antiguos egipcios.,Amir,Amazon Translate
Los bailarines de ballet usan zapatos de punta para bailar.,Amir,Amazon Translate
Australia está rodeada por los océanos Pacífico e Índico.,Amir,Amazon Translate
La proteína ayuda a la recuperación muscular después de los entrenamientos.,Amir,Amazon Translate
Napoleón Bonaparte gobernó Francia a principios del siglo XIX.,Amir,Amazon Translate
Cocinar implica combinar ingredientes crudos con calor.,Amir,Amazon Translate
Los números primos tienen solo dos factores.,Amir,Amazon Translate
Los átomos se combinan para formar moléculas.,Amir,Amazon Translate
La autoestima influye en el bienestar mental.,Amir,Amazon Translate
La lógica ayuda a resolver problemas complejos de manera racional.,Amir,Amazon Translate
El Islam incluye prácticas llamadas Cinco Pilares.,Amir,Amazon Translate
La economía estudia la producción y distribución de los recursos.,Amir,Amazon Translate
Las impresoras 3D crean modelos físicos a partir de diseños digitales.,Amir,Amazon Translate
La migración de las aves sigue patrones estacionales a nivel mundial.,Amir,Amazon Translate
El origami convierte el papel en figuras decorativas.,Amir,Amazon Translate
Machu Picchu fue construido por los incas.,Amir,Amazon Translate
China inventó la pólvora hace siglos.,Amir,Amazon Translate
Las compras impulsan las economías locales.,Amir,Amazon Translate
La multiplicación es una suma repetida.,Amir,Amazon Translate
Sigmund Freud desarrolló el psicoanálisis.,Amir,Amazon Translate
El utilitarismo apunta a la máxima felicidad en general.,Amir,Amazon Translate
El hinduismo incorpora los conceptos de karma y reencarnación.,Amir,Amazon Translate
Las normas sociales dan forma a los comportamientos grupales.,Amir,Amazon Translate
La inteligencia artificial imita algunos procesos de pensamiento humanos.,Amir,Amazon Translate
Los tobillos apoyan el movimiento de caminar y correr.,Amir,Amazon Translate
Berlín acoge un importante festival internacional de cine.,Amir,Amazon Translate
La selva amazónica cubre millones de kilómetros cuadrados.,Amir,Amazon Translate
Las banderas de los países representan las identidades nacionales.,Amir,Amazon Translate
El cepillado de los dientes previene las caries y las enfermedades de las encías.,Amir,Amazon Translate
El Apolo 11 llevó a los humanos a la luna.,Amir,Amazon Translate
El Renacimiento italiano produjo artistas y pensadores famosos.,Amir,Amazon Translate
Las pirámides de Egipto sirven como tumbas para los faraones.,Amir,Amazon Translate
La pesca proporciona alimento y recreación.,Amir,Amazon Translate
"Los números pueden ser naturales, enteros, enteros o racionales.",Amir,Amazon Translate
"Los antibióticos tratan las infecciones bacterianas, no los virus.",Amir,Amazon Translate
La salud mental afecta las actividades de la vida diaria.,Amir,Amazon Translate
El dualismo divide la existencia en mente y materia.,Amir,Amazon Translate
Los sistemas de justicia penal hacen cumplir los códigos legales.,Amir,Amazon Translate
Los satélites transmiten transmisiones de televisión a nivel internacional.,Amir,Amazon Translate
Las vacunas previenen las enfermedades infecciosas comunes.,Amir,Amazon Translate
Las jirafas viven principalmente en las sabanas africanas.,Amir,Amazon Translate
Las sinfonías requieren que las orquestas interpreten composiciones completas.,Amir,Amazon Translate
Las artes marciales desarrollan habilidades de defensa personal.,Amir,Amazon Translate
La Gran Muralla se extiende sobre el norte de China.,Amir,Amazon Translate
Los alimentos sin gluten ayudan a las personas con enfermedad celíaca.,Amir,Amazon Translate
La Revolución Francesa puso fin al gobierno de la monarquía.,Amir,Amazon Translate
La danza expresa emociones a través de movimientos corporales.,Amir,Amazon Translate
Las galaxias están formadas por miles de millones de estrellas.,Amir,Amazon Translate
El lenguaje corporal transmite sentimientos tácitos.,Amir,Amazon Translate
El pensamiento racional evalúa la evidencia de manera lógica.,Amir,Amazon Translate
Los budistas buscan la iluminación a través de la práctica.,Amir,Amazon Translate
El voto otorga a los ciudadanos representación política.,Amir,Amazon Translate
La computación en nube almacena los archivos en servidores externos.,Amir,Amazon Translate
Las cruzadas implicaron guerras religiosas en la época medieval.,Amir,Amazon Translate
Acampar implica dormir al aire libre temporalmente.,Amir,Amazon Translate
Las variables de ecuación representan valores desconocidos.,Amir,Amazon Translate
Las órbitas planetarias siguen trayectorias elípticas alrededor del sol.,Amir,Amazon Translate
El Canal de Suez conecta los mares Mediterráneo y Rojo.,Amir,Amazon Translate
El río Amazonas es más largo que la mayoría de los ríos del mundo.,Amir,Amazon Translate
El ajedrez se juega en una cuadrícula de ocho por ocho.,Amir,Amazon Translate
Los ejercicios de respiración calman el cuerpo.,Amir,Amazon Translate
Los vikingos cruzaban los océanos en barcos de madera.,Amir,Amazon Translate
Las tendencias de la moda evolucionan con los cambios culturales.,Amir,Amazon Translate
"La geometría estudia formas, ángulos y superficies.",Amir,Amazon Translate
La física explica cómo la energía interactúa con la materia.,Amir,Amazon Translate
La adolescencia marca la transición a la edad adulta.,Amir,Amazon Translate
La empatía permite comprender las perspectivas de los demás.,Amir,Amazon Translate
El agnosticismo cuestiona la certeza del conocimiento sobre los dioses.,Amir,Amazon Translate
El monte Fuji es la montaña más alta de Japón.,Amir,Amazon Translate
"El hip hop se originó en el Bronx, Nueva York.",Amir,Amazon Translate
El desierto del Sahara cubre gran parte del norte de África.,Amir,Amazon Translate
El Imperio Romano cayó en el 476 d.C.,Amir,Amazon Translate
Los centros comerciales ofrecen múltiples tiendas bajo un mismo techo.,Amir,Amazon Translate
Pi representa la circunferencia del círculo dividida por el diámetro.,Amir,Amazon Translate
Los introvertidos recuperan energía de la soledad.,Amir,Amazon Translate
El pensamiento crítico cuestiona las suposiciones y la evidencia.,Amir,Amazon Translate
Los festivales hindúes celebran a los dioses y los eventos estacionales.,Amir,Amazon Translate
Las clases sociales organizan a las personas por estatus.,Amir,Amazon Translate
Los coches eléctricos utilizan baterías en lugar de motores de gasolina.,Amir,Amazon Translate
La música jazz presenta improvisación.,Amir,Amazon Translate
El río Nilo es el río más largo de África.,Amir,Amazon Translate
La Segunda Guerra Mundial comenzó en 1939.,Amir,Amazon Translate
Cocinar en casa ahorra dinero.,Amir,Amazon Translate
El álgebra resuelve variables desconocidas.,Amir,Amazon Translate
Los valores personales influyen en la toma de decisiones.,Amir,Amazon Translate
El debate fomenta el pensamiento analítico.,Amir,Amazon Translate
La Torá contiene textos religiosos judíos.,Amir,Amazon Translate
Los gobiernos hacen cumplir las leyes en los países.,Amir,Amazon Translate
Las computadoras portátiles permiten la computación mientras se viaja.,Amir,Amazon Translate
Los aguacates crecen en árboles nativos de México.,Amir,Amazon Translate
El cubismo cambió la forma en que el arte representaba el espacio.,Amir,Amazon Translate
Yellowstone es el primer parque nacional de Estados Unidos.,Amir,Amazon Translate
Una hidratación adecuada evita el golpe de calor al hacer ejercicio.,Amir,Amazon Translate
Napoleón fue derrotado en Waterloo.,Amir,Amazon Translate
La jardinería puede reducir los niveles de estrés.,Amir,Amazon Translate
Un polígono tiene tres o más lados.,Amir,Amazon Translate
El cobre conduce bien la electricidad.,Amir,Amazon Translate
El autocontrol ayuda a alcanzar metas a largo plazo.,Amir,Amazon Translate
La deducción deduce aspectos específicos de los principios generales.,Amir,Amazon Translate
El confucianismo hace hincapié en el desarrollo moral.,Amir,Amazon Translate
Las encuestas muestran la opinión pública en las democracias.,Amir,Amazon Translate
Wi-Fi proporciona acceso inalámbrico a Internet.,Amir,Amazon Translate
La ópera comenzó en Italia durante el Renacimiento.,Amir,Amazon Translate
Moscú es la ciudad más grande de Rusia.,Amir,Amazon Translate
El entrenamiento de fuerza desarrolla el tejido muscular.,Amir,Amazon Translate
La vacunación contra la viruela erradicó la enfermedad en todo el mundo.,Amir,Amazon Translate
La Torre Eiffel se terminó en 1889.,Amir,Amazon Translate
El breakdance incluye movimientos y giros acrobáticos.,Amir,Amazon Translate
Las Cataratas Victoria se encuentran entre Zimbabue y Zambia.,Amir,Amazon Translate
Correr quema calorías de manera eficiente.,Amir,Amazon Translate
Catalina la Grande amplió el territorio ruso.,Amir,Amazon Translate
Los picnics combinan la comida con el ocio al aire libre.,Amir,Amazon Translate
Las ecuaciones matemáticas deben tener respuestas que satisfagan las afirmaciones.,Amir,Amazon Translate
El trabajo en equipo se basa en las habilidades de cooperación y comunicación.,Amir,Amazon Translate
El razonamiento analítico divide los problemas en partes más pequeñas.,Amir,Amazon Translate
El karma afecta al renacimiento en los sistemas de creencias hindúes.,Amir,Amazon Translate
Las estructuras familiares difieren de una sociedad a otra.,Amir,Amazon Translate
Los engranajes de bicicleta ayudan a los ciclistas a manejar diferentes terrenos.,Amir,Amazon Translate
El kiwi es rico en vitamina C.,Amir,Amazon Translate
La música pop moderna combina muchos estilos musicales.,Amir,Amazon Translate
Portugal limita solo con España en Europa.,Amir,Amazon Translate
Las largas caminatas promueven la salud del corazón.,Amir,Amazon Translate
La guerra civil divide a las naciones internamente.,Amir,Amazon Translate
La lavandería limpia la ropa con agua y jabón.,Amir,Amazon Translate
El precálculo prepara a los estudiantes para los conceptos de cálculo.,Amir,Amazon Translate
El manejo del estrés aumenta la resiliencia general.,Amir,Amazon Translate
Los acertijos lógicos ponen a prueba la capacidad de razonamiento sistemático.,Amir,Amazon Translate
El ayuno religioso por lo general restringe ciertos alimentos.,Amir,Amazon Translate
La globalización conecta los mercados a nivel mundial.,Amir,Amazon Translate
Los robots aspiradores limpian los pisos automáticamente.,Amir,Amazon Translate
El graffiti se considera arte urbano urbano.,Amir,Amazon Translate
"Escandinavia incluye Suecia, Noruega y Dinamarca.",Amir,Amazon Translate
El sueño ayuda a la consolidación de la memoria.,Amir,Amazon Translate
Los caballeros medievales seguían los códigos de caballería.,Amir,Amazon Translate
Los barcos balleneros exploraron las aguas árticas y antárticas.,Amir,Amazon Translate
El acolchado convierte los restos de tela en mantas y arte.,Amir,Amazon Translate
El puente Golden Gate cruza la bahía de San Francisco.,Amir,Amazon Translate
La fisioterapia restaura el movimiento después de las lesiones.,Amir,Amazon Translate
Harriet Tubman llevó a las personas esclavizadas a la libertad.,Amir,Amazon Translate
La alfarería implica dar forma y cocer arcilla.,Amir,Amazon Translate
Los logaritmos simplifican los cálculos de multiplicación y división.,Amir,Amazon Translate
Los rasgos del carácter dan forma a la personalidad de un individuo.,Amir,Amazon Translate
El escepticismo duda de las afirmaciones sin pruebas suficientes.,Amir,Amazon Translate
La oración islámica mira hacia La Meca.,Amir,Amazon Translate
El transporte público reduce la congestión del tráfico.,Amir,Amazon Translate
El almacenamiento en la nube mantiene los datos alejados de los dispositivos personales.,Amir,Amazon Translate
Las aceitunas se cultivan principalmente en las regiones mediterráneas.,Amir,Amazon Translate
Los artistas del Renacimiento avanzaron en técnicas de perspectiva.,Amir,Amazon Translate
El esnórquel permite la exploración submarina cerca de la superficie.,Amir,Amazon Translate
La química orgánica estudia las moléculas a base de carbono.,Amir,Amazon Translate
Los roles sociales definen las expectativas de comportamiento.,Amir,Amazon Translate
Los firewalls protegen las redes informáticas del acceso no autorizado.,Amir,Amazon Translate
La vitamina D ayuda a absorber el calcio para la salud ósea.,Amir,Amazon Translate
Los señores feudales gobernaban las tierras europeas medievales.,Amir,Amazon Translate
Los cuentos populares comparten la sabiduría cultural de generación en generación.,Amir,Amazon Translate
Asia tiene la población más grande del mundo.,Amir,Amazon Translate
"Los eventos de atletismo incluyen correr, saltar y lanzar.",Amir,Amazon Translate
La comprensión de las listas simplifica la estructura del código de programación.,Amir,Amazon Translate
Las supernovas marcan la muerte de estrellas masivas.,Amir,Amazon Translate
La inteligencia emocional promueve relaciones saludables.,Amir,Amazon Translate
La metafísica examina la realidad más allá del mundo físico.,Amir,Amazon Translate
La reencarnación sugiere que las almas regresan en cuerpos nuevos.,Amir,Amazon Translate
Mozart compuso sinfonías en la era clásica.,Amir,Amazon Translate
Indonesia es el país insular más grande del mundo.,Amir,Amazon Translate
África tiene la mayor cantidad de países de todos los continentes.,Amir,Amazon Translate
Caminar todos los días puede reducir la presión arterial.,Amir,Amazon Translate
Julio César se declaró dictador vitalicio.,Amir,Amazon Translate
"Los escultores utilizan arcilla, piedra, madera o metal como materiales.",Amir,Amazon Translate
El monte Kilimanjaro es el más alto de África.,Amir,Amazon Translate
El levantamiento de pesas aumenta la densidad ósea.,Amir,Amazon Translate
El Día de la Independencia marca la liberación del dominio colonial.,Amir,Amazon Translate
La Vía Láctea es nuestra galaxia natal.,Amir,Amazon Translate
La confianza en uno mismo apoya las interacciones sociales positivas.,Amir,Amazon Translate
La lógica deductiva saca conclusiones a partir de premisas.,Amir,Amazon Translate
Las prácticas de meditación existen en muchas religiones orientales.,Amir,Amazon Translate
Los matrimonios son asociaciones formalizadas reconocidas por las sociedades.,Amir,Amazon Translate
La música folclórica conserva las historias tradicionales en forma de canción.,Amir,Amazon Translate
El lago Superior es el lago más grande de América del Norte.,Amir,Amazon Translate
Los ejercicios aeróbicos requieren una ingesta continua de oxígeno.,Amir,Amazon Translate
La Primera Guerra Mundial terminó con el Tratado de Versalles.,Amir,Amazon Translate
Las barbacoas cocinan los alimentos con calor directo.,Amir,Amazon Translate
Los ácidos tienen un pH inferior a 7.,Amir,Amazon Translate
El desarrollo personal a menudo significa aprender nuevas habilidades.,Amir,Amazon Translate
Los dilemas éticos tienen argumentos de diferentes lados.,Amir,Amazon Translate
El Islam exige rezar en momentos específicos cada día.,Amir,Amazon Translate
Las redes sociales conectan a personas de todo el mundo en línea.,Amir,Amazon Translate
Los libros electrónicos permiten el acceso portátil a la literatura.,Amir,Amazon Translate
Las papayas crecen mejor en climas tropicales.,Amir,Amazon Translate
El surrealismo hace hincapié en las escenas oníricas en el arte.,Amir,Amazon Translate
Bagdad se encuentra cerca del río Tigris.,Amir,Amazon Translate
La fibra mejora la salud del sistema digestivo.,Amir,Amazon Translate
La Ley de Derechos Civiles prohibió la discriminación racial.,Amir,Amazon Translate
Hacer ejercicio libera endorfinas que mejoran el estado de ánimo.,Amir,Amazon Translate
Albert Einstein desarrolló la teoría de la relatividad general.,Amir,Amazon Translate
La jardinería urbana cultiva plantas dentro de las ciudades.,Amir,Amazon Translate
Los factores primos se multiplican para dar los números originales.,Amir,Amazon Translate
Los relámpagos se producen cuando las cargas eléctricas se descargan repentinamente.,Amir,Amazon Translate
La empatía ayuda a construir comunidades más fuertes.,Amir,Amazon Translate
El razonamiento por analogía hace comparaciones entre situaciones.,Amir,Amazon Translate
El taoísmo sugiere que la armonía con la naturaleza trae alegría.,Amir,Amazon Translate
La opinión pública influye en las decisiones políticas.,Amir,Amazon Translate
Los drones fotografían paisajes desde arriba.,Amir,Amazon Translate
Los cantantes de ópera se someten a un riguroso entrenamiento vocal.,Amir,Amazon Translate
Las montañas de los Andes se extienden a lo largo del oeste de Sudamérica.,Amir,Amazon Translate
El café se originó en Etiopía.,Amir,Amazon Translate
El consumo moderado de café puede aumentar el estado de alerta.,Amir,Amazon Translate
El rey Enrique VIII estableció la Iglesia de Inglaterra.,Amir,Amazon Translate
Los partidos de fútbol dividen el tiempo en dos mitades.,Amir,Amazon Translate
Los rompecabezas de sudoku desafían las habilidades del pensamiento lógico.,Amir,Amazon Translate
Las ramas de la química incluyen tipos orgánicos e inorgánicos.,Amir,Amazon Translate
Los átomos se organizan en patrones repetidos en los cristales.,Amir,Amazon Translate
La gratitud mejora el bienestar emocional.,Amir,Amazon Translate
Las afirmaciones lógicas deben ser verdaderas o falsas.,Amir,Amazon Translate
El deísmo cree en Dios pero no en la religión organizada.,Amir,Amazon Translate
El divorcio altera las relaciones legales familiares.,Amir,Amazon Translate
Los motores de búsqueda ayudan a localizar la información digital con rapidez.,Amir,Amazon Translate
Las cerezas crecen en especies de árboles en flor.,Amir,Amazon Translate
Las sonatas son composiciones musicales para instrumentos solistas.,Amir,Amazon Translate
Las saunas promueven la sudoración para relajarse.,Amir,Amazon Translate
Las civilizaciones crearon la escritura cuneiforme en Mesopotamia.,Amir,Amazon Translate
El remo activa los principales grupos musculares.,Amir,Amazon Translate
El archipiélago describe cadenas de islas.,Amir,Amazon Translate
El gas natural calienta los hogares de manera eficiente.,Amir,Amazon Translate
"La sabiduría consiste en experiencia, conocimiento y buen juicio.",Amir,Amazon Translate
El sesgo nubla la objetividad de la investigación.,Amir,Amazon Translate
El cristianismo ortodoxo griego sigue las tradiciones bizantinas.,Amir,Amazon Translate
El censo cuenta los datos de la población con regularidad.,Amir,Amazon Translate
Los relojes inteligentes registran los eventos del calendario y el estado físico.,Amir,Amazon Translate
Los ríos erosionan los valles gradualmente a lo largo de los siglos.,Amir,Amazon Translate
El arte callejero incluye murales e instalaciones en lugares públicos.,Amir,Amazon Translate
El valle de Yosemite en California atrae a los amantes de las actividades al aire libre.,Amir,Amazon Translate
Las proteínas en polvo complementan las dietas de los atletas.,Amir,Amazon Translate
Juana de Arco dirigió los ejércitos franceses contra las fuerzas inglesas.,Amir,Amazon Translate
"Los postres suelen incluir sabores de azúcar, chocolate o frutas.",Amir,Amazon Translate
Los exponentes muestran la multiplicación repetida de números.,Amir,Amazon Translate
Las mareas oceánicas cambian principalmente debido a la atracción gravitacional lunar.,Amir,Amazon Translate
Las variables de los experimentos afectan los resultados de forma sistemática.,Amir,Amazon Translate
La expresión creativa fomenta la individualidad.,Amir,Amazon Translate
El absurdo resalta la falta de sentido en las perspectivas filosóficas.,Amir,Amazon Translate
El sintoísmo honra a los espíritus llamados kami en Japón.,Amir,Amazon Translate
Las libertades civiles protegen los derechos de libertad personal.,Amir,Amazon Translate
La criptografía asegura la comunicación digital mediante algoritmos complejos.,Amir,Amazon Translate
La computación en nube comparte los recursos de procesamiento a través de conexiones a Internet.,Amir,Amazon Translate
Las naranjas florecen en los climas mediterráneos y subtropicales.,Amir,Amazon Translate
Las obras de arte en mosaico unen pequeños azulejos o piedras.,Amir,Amazon Translate
La Antártida es el continente más seco y frío.,Amir,Amazon Translate
El ciclismo de montaña requiere un equilibrio y una coordinación hábiles.,Amir,Amazon Translate
La paleontología estudia los fósiles para comprender los organismos antiguos.,Amir,Amazon Translate
Los partidos políticos organizan a sus miembros en torno a creencias compartidas.,Amir,Amazon Translate
El software de firewall evita que el tráfico no deseado entre en los sistemas informáticos.,Amir,Amazon Translate
La vitamina B12 ayuda a la función nerviosa y a la formación de glóbulos rojos.,Amir,Amazon Translate
Carlomagno gobernó Europa occidental tras la caída de Roma.,Amir,Amazon Translate
La poesía épica utiliza acciones heroicas y grandes temas.,Amir,Amazon Translate
Asia cubre más tierra que otros continentes.,Amir,Amazon Translate
El pentatlón combina cinco eventos deportivos.,Amir,Amazon Translate
La lógica booleana limita los valores a estados verdaderos o falsos.,Amir,Amazon Translate
Las galaxias giran lentamente alrededor de sus centros masivos.,Amir,Amazon Translate
La moralidad determina lo que se considera correcto e incorrecto.,Amir,Amazon Translate
El panteísmo ve la divinidad en todos los aspectos del universo.,Amir,Amazon Translate
Picasso fundó el movimiento cubista en el arte.,Amir,Amazon Translate
Groenlandia es la isla más grande de la Tierra.,Amir,Amazon Translate
Los Estados Unidos abarcan varias zonas horarias.,Amir,Amazon Translate
La Segunda Guerra Mundial terminó con la rendición de Japón.,Amir,Amazon Translate
La sangre fluye a través de una red de vasos.,Amir,Amazon Translate
La identidad determina la forma en que las personas se ven a sí mismas.,Amir,Amazon Translate
Los silogismos utilizan la lógica para el razonamiento deductivo.,Amir,Amazon Translate
El ateísmo es la incredulidad en la existencia de las deidades.,Amir,Amazon Translate
Las sociedades seculares separan la religión de los asuntos gubernamentales.,Amir,Amazon Translate
Bluetooth conecta dispositivos de forma inalámbrica a distancias cortas.,Amir,Amazon Translate
El renacimiento de Harlem fomentó las artes afroamericanas.,Amir,Amazon Translate
Madrid es la capital y la ciudad más grande de España.,Amir,Amazon Translate
Las vueltas de natación mejoran la aptitud aeróbica.,Amir,Amazon Translate
Los tratados formalizan la paz entre las naciones.,Amir,Amazon Translate
La fritura cocina los alimentos en aceite caliente.,Amir,Amazon Translate
Las calculadoras aceleran las tareas aritméticas.,Amir,Amazon Translate
Toda la materia está formada por átomos.,Amir,Amazon Translate
El sueño rutinario mejora la salud emocional.,Amir,Amazon Translate
La lógica inductiva extrae generalizaciones de la evidencia.,Amir,Amazon Translate
"Los taoístas se esfuerzan por actuar sin esfuerzo, o wu wei.",Amir,Amazon Translate
Las organizaciones benéficas ayudan a las comunidades necesitadas.,Amir,Amazon Translate
Las fábricas automatizadas aumentan la producción de productos de manera eficiente.,Amir,Amazon Translate
Los kiwis crecen mejor en climas templados.,Amir,Amazon Translate
"Las bandas pop suelen utilizar la guitarra, el bajo y la batería.",Amir,Amazon Translate
Matterhorn se extiende entre Suiza e Italia.,Amir,Amazon Translate
Comer despacio puede reducir la ingesta de calorías.,Amir,Amazon Translate
Las dinastías chinas marcaron los períodos históricos de las familias gobernantes.,Amir,Amazon Translate
El patinaje sobre ruedas combina habilidades de equilibrio y coordinación.,Amir,Amazon Translate
Los transportadores miden los tamaños de los ángulos para problemas de geometría.,Amir,Amazon Translate
Los conductores transmiten corriente eléctrica con facilidad.,Amir,Amazon Translate
La atención plena ayuda a centrar la atención en el presente.,Amir,Amazon Translate
Las analogías comparan similitudes entre temas no relacionados.,Amir,Amazon Translate
"El humanismo valora la razón, la ciencia y la dignidad humana.",Amir,Amazon Translate
Los textos sagrados definen las enseñanzas religiosas.,Amir,Amazon Translate
Los poderes judiciales interpretan las leyes dentro de los sistemas judiciales.,Amir,Amazon Translate
Los vehículos híbridos combinan gasolina y energía eléctrica.,Amir,Amazon Translate
Los mangos son frutas con hueso originarias de Asia.,Amir,Amazon Translate
El collage digital mezcla varios elementos visuales de forma electrónica.,Amir,Amazon Translate
Las gaitas producen música con cañas cerradas.,Amir,Amazon Translate
La costa de Amalfi es famosa por su belleza escénica.,Amir,Amazon Translate
Correr con regularidad mitiga los riesgos de enfermedad cardíaca.,Amir,Amazon Translate
La guerra de Crimea reconfiguró las alianzas europeas.,Amir,Amazon Translate
El tejido utiliza hilo y agujas para hacer tela.,Amir,Amazon Translate
La suma de series suma números consecutivos.,Amir,Amazon Translate
La electricidad estática hace que el cabello se erice a veces.,Amir,Amazon Translate
La vitamina E actúa como antioxidante.,Amir,Amazon Translate
Las etnias influyen en las costumbres y tradiciones diarias.,Amir,Amazon Translate
Los luteranos siguen las doctrinas establecidas durante la Reforma Protestante.,Amir,Amazon Translate
El consenso implica un acuerdo general entre los miembros del grupo.,Amir,Amazon Translate
Los auriculares inalámbricos eliminan los cables de los dispositivos de audio.,Amir,Amazon Translate
Las zanahorias almacenan nutrientes bajo tierra en forma de raíces.,Amir,Amazon Translate
Las máscaras venecianas presentan decoraciones elaboradas.,Amir,Amazon Translate
Los islandeses disfrutan de las piscinas geotérmicas climatizadas.,Amir,Amazon Translate
La espinaca contiene hierro y vitaminas A y C.,Amir,Amazon Translate
Esparta era conocida por su cultura militarista en Grecia.,Amir,Amazon Translate
Jugar al ajedrez mejora la capacidad de pensamiento estratégico.,Amir,Amazon Translate
"La gravedad atrae los objetos que caen hacia la Tierra a 9,8 m/s².",Amir,Amazon Translate
El nodualismo elimina la distinción entre la experiencia del sujeto y la del objeto.,Amir,Amazon Translate
El budismo zen practica la meditación de atención plena.,Amir,Amazon Translate
Los referendos permiten la votación directa sobre temas específicos.,Amir,Amazon Translate
Las señales de tráfico regulan las intersecciones.,Amir,Amazon Translate
Los tigres viven principalmente en los bosques y praderas de Asia.,Amir,Amazon Translate
Las óperas incluyen arias cantadas por artistas solistas.,Amir,Amazon Translate
Los checos hablan checo oficialmente.,Amir,Amazon Translate
Los egipcios desarrollaron una de las primeras formas de escritura.,Amir,Amazon Translate
Los caniches pertenecen a razas de perros de compañía.,Amir,Amazon Translate
Barbarroja fue la campaña de la Alemania nazi contra la Unión Soviética.,Amir,Amazon Translate
El equipaje protege las pertenencias durante el viaje.,Amir,Amazon Translate
El área mide el tamaño de la superficie en matemáticas.,Amir,Amazon Translate
Las masas atómicas son aproximadamente iguales a protones y neutrones combinados.,Amir,Amazon Translate
La influencia de los compañeros afecta significativamente a las elecciones de los adolescentes.,Amir,Amazon Translate
El racionalismo crítico hace hincapié en probar las ideas para mejorarlas.,Amir,Amazon Translate
El simbolismo de la cruz aparece en muchas religiones.,Amir,Amazon Translate
El Parlamento debate y aprueba nuevos estatutos legales.,Amir,Amazon Translate
Las cuadrículas ayudan a los geógrafos a localizar lugares con precisión.,Amir,Amazon Translate
El suelo alberga organismos esenciales para el crecimiento de las plantas.,Amir,Amazon Translate
La toronja pertenece a la familia de los cítricos.,Amir,Amazon Translate
El jade es apreciado para tallar y hacer joyas.,Amir,Amazon Translate
El sonido de las campanas se usa para señalar eventos.,Amir,Amazon Translate
El Imperio Inca se extendió por el oeste de Sudamérica.,Amir,Amazon Translate
"Históricamente, la segregación dividió las instalaciones estadounidenses por raza.",Amir,Amazon Translate
El aire acondicionado enfría los edificios en regiones cálidas.,Amir,Amazon Translate
Las alertas de notificaciones push llegan a los usuarios de dispositivos móviles de forma instantánea.,Amir,Amazon Translate
Rembrandt pintó muchos autorretratos.,Amir,Amazon Translate
Sumatra es una de las islas más grandes de Indonesia.,Amir,Amazon Translate
Islandia se encuentra en la Cordillera del Atlántico Medio.,Amir,Amazon Translate
El estiramiento antes del ejercicio previene las lesiones musculares.,Amir,Amazon Translate
La Revolución Francesa comenzó en 1789.,Amir,Amazon Translate
"Las artes culinarias incluyen hornear, asar a la parrilla, asar y saltear.",Amir,Amazon Translate
Un hexágono tiene seis lados.,Amir,Amazon Translate
El sonido necesita un medio para viajar.,Amir,Amazon Translate
La autorreflexión mejora la comprensión personal.,Amir,Amazon Translate
El razonamiento inductivo utiliza la observación para formar teorías.,Amir,Amazon Translate
Los santuarios sintoístas son comunes en Japón.,Amir,Amazon Translate
Las constituciones describen las estructuras y los derechos del gobierno.,Amir,Amazon Translate
Los cables de fibra óptica transmiten señales luminosas.,Amir,Amazon Translate
Las granadas son originarias de Irán y el norte de la India.,Amir,Amazon Translate
El ballet clásico se originó en Italia durante el Renacimiento.,Amir,Amazon Translate
Montreal es una ciudad en la provincia de Quebec.,Amir,Amazon Translate
Caminar a paso ligero quema más calorías que caminar despacio.,Amir,Amazon Translate
El Día del Armisticio conmemora el final de la Primera Guerra Mundial.,Amir,Amazon Translate
Las sopas pueden ser caldosas o cremosas.,Amir,Amazon Translate
Las expresiones algebraicas utilizan letras para representar números.,Amir,Amazon Translate
"La materia existe en forma de sólidos, líquidos o gases.",Amir,Amazon Translate
La dopamina regula el estado de ánimo y la motivación.,Amir,Amazon Translate
Los argumentos lógicos tienen formas válidas o no válidas.,Amir,Amazon Translate
El panteísmo considera que la naturaleza es divina.,Amir,Amazon Translate
Los miembros del clero suelen dirigir ceremonias religiosas.,Amir,Amazon Translate
Las cámaras de los drones filman las perspectivas aéreas.,Amir,Amazon Translate
La col rizada crece bien en climas fríos.,Amir,Amazon Translate
El clavecín era popular en la música barroca.,Amir,Amazon Translate
El lago Baikal es el más profundo del mundo.,Amir,Amazon Translate
Saltar la cuerda mejora la frecuencia cardíaca y la coordinación.,Amir,Amazon Translate
Las misiones Apolo exploraron la superficie lunar.,Amir,Amazon Translate
Los artistas utilizan técnicas mixtas para lograr efectos creativos.,Amir,Amazon Translate
Los mapas de bits son imágenes digitales hechas de píxeles.,Amir,Amazon Translate
Las terrazas de arroz controlan el agua para la agricultura.,Amir,Amazon Translate
La inanición se produce cuando la ingesta calórica cae demasiado.,Amir,Amazon Translate
Las enzimas aceleran las reacciones químicas en las células.,Amir,Amazon Translate
Los objetos circulares ruedan suavemente sobre superficies planas.,Amir,Amazon Translate
Las casas de té sirven a los bebedores que socializan con amigos en Asia.,Amir,Amazon Translate
La cosmología explora el origen y la estructura del universo.,Amir,Amazon Translate
Las virtudes guían el comportamiento ético en todas las culturas.,Amir,Amazon Translate
Las tradiciones religiosas influyen en las elecciones morales.,Amir,Amazon Translate
La votación garantiza la participación pública en la gobernanza.,Amir,Amazon Translate
Las copias de seguridad basadas en la nube protegen los datos digitales fuera de las instalaciones.,Amir,Amazon Translate
"Las bandas de jazz presentan secciones de viento, metal y ritmo.",Amir,Amazon Translate
La península del Sinaí conecta África y Asia.,Amir,Amazon Translate
El bádminton requiere agilidad y reflejos rápidos.,Amir,Amazon Translate
"Los átomos contienen protones, neutrones y electrones.",Amir,Amazon Translate
Las neuronas sensoriales transmiten los estímulos al cerebro.,Amir,Amazon Translate
La poesía confesional revela experiencias emocionales privadas.,Amir,Amazon Translate
El lago Chad varía mucho de tamaño cada año.,Amir,Amazon Translate
Correr hacia atrás desafía diferentes músculos.,Amir,Amazon Translate
La terapia de sauna estimula la sudoración de las toxinas.,Amir,Amazon Translate
La erosión da forma a los paisajes al eliminar el suelo y las rocas.,Amir,Amazon Translate
Las monjas dedican sus vidas al servicio espiritual.,Amir,Amazon Translate
El diseño de iluminación crea ambiente en teatros y eventos.,Amir,Amazon Translate
Los crucigramas mejoran las habilidades del vocabulario en inglés.,Amir,Amazon Translate
Los bronquiolos suministran aire a los alvéolos de los pulmones.,Amir,Amazon Translate
La nanotecnología manipula la materia a escalas atómicas.,Amir,Amazon Translate
Los sufijos modifican el significado de las palabras base.,Amir,Amazon Translate
La evolución humana se remonta a millones de años atrás.,Amir,Amazon Translate
Los tranvías alguna vez dominaron las redes de transporte urbano.,Amir,Amazon Translate
La probabilidad estima matemáticamente la probabilidad del evento.,Amir,Amazon Translate
La desviación estándar mide la variabilidad de los datos.,Amir,Amazon Translate
"Freud desarrolló los conceptos de id, ego y superego.",Amir,Amazon Translate
La iconoclasia resistió históricamente las imágenes religiosas.,Amir,Amazon Translate
Los gobiernos estatales promulgan políticas locales.,Amir,Amazon Translate
Los sultanes gobernaron el Imperio Otomano.,Amir,Amazon Translate
Los países firman tratados para resolver las disputas de manera pacífica.,Amir,Amazon Translate
Las filas y las columnas organizan la información de la hoja de cálculo.,Amir,Amazon Translate
Las corrientes ascendentes alejan a los nadadores de la costa.,Amir,Amazon Translate
Las mariposas polinizan las plantas con flores.,Amir,Amazon Translate
Los actuarios evalúan el riesgo financiero mediante modelos matemáticos.,Amir,Amazon Translate
La termodinámica describe las relaciones entre el calor y el trabajo.,Amir,Amazon Translate
Los poemas líricos expresan emociones fuertes de manera sucinta.,Amir,Amazon Translate
El politeísmo adora a múltiples deidades.,Amir,Amazon Translate
La poligamia permite el matrimonio con varias parejas.,Amir,Amazon Translate
Los automóviles revolucionaron el transporte del siglo XX.,Amir,Amazon Translate
Las bombillas LED consumen menos electricidad que las incandescentes.,Amir,Amazon Translate
Las trincheras de aguas profundas marcan los límites entre las placas tectónicas.,Amir,Amazon Translate
El crowdfunding apoya proyectos a través de pequeñas donaciones individuales.,Amir,Amazon Translate
Los carnívoros comen principalmente tejido animal.,Amir,Amazon Translate
Las leyendas urbanas se difunden ampliamente a pesar de la verdad cuestionable.,Amir,Amazon Translate
El realismo crítico combina hechos objetivos y perspectivas subjetivas.,Amir,Amazon Translate
Las técnicas de fresco implican pintar sobre yeso húmedo.,Amir,Amazon Translate
Los coros de la iglesia cantan himnos en armonía.,Amir,Amazon Translate
Los espectros de absorción ayudan a identificar la composición de los elementos.,Amir,Amazon Translate
Los jaguares habitan en las selvas tropicales de América Central y del Sur.,Amir,Amazon Translate
Beijing fue sede de los Juegos Olímpicos de Verano en 2008.,Amir,Amazon Translate
Los códigos de cifrado de datos restringen el acceso no autorizado.,Amir,Amazon Translate
La sensación térmica hace que el aire frío se sienta más frío.,Amir,Amazon Translate
La Esfinge está cerca de las pirámides de Egipto.,Amir,Amazon Translate
Madagascar es una nación insular frente a la costa de África.,Amir,Amazon Translate
Los saltos de tijera aumentan la frecuencia cardíaca rápidamente.,Amir,Amazon Translate
La Carta Magna limitó la autoridad real inglesa.,Amir,Amazon Translate
El graffiti es arte dibujado en superficies públicas.,Amir,Amazon Translate
Un pentágono tiene cinco lados rectos.,Amir,Amazon Translate
El respeto construye un autoconcepto positivo en las personas.,Amir,Amazon Translate
La evidencia empírica valida las conclusiones lógicas.,Amir,Amazon Translate
Los rituales recrean eventos clave para los fieles.,Amir,Amazon Translate
Los derechos civiles existen para proteger las libertades individuales.,Amir,Amazon Translate
La tecnología Bluetooth reemplaza los cables físicos.,Amir,Amazon Translate
Los pistachos son un tipo de nuez verde.,Amir,Amazon Translate
La alta costura representa la moda personalizada de alta gama.,Amir,Amazon Translate
Casablanca es la ciudad más grande de Marruecos por población.,Amir,Amazon Translate
El ciclismo regular fortalece los músculos de las piernas.,Amir,Amazon Translate
Alejandro Magno difundió la cultura helenística.,Amir,Amazon Translate
La cocción lenta desarrolla sabores más profundos.,Amir,Amazon Translate
Una ecuación usa signos iguales entre dos expresiones.,Amir,Amazon Translate
Las moléculas se forman cuando los átomos comparten o transfieren electrones.,Amir,Amazon Translate
Las rutinas consistentes reducen el estrés y la ansiedad.,Amir,Amazon Translate
La lógica deductiva aplica reglas generales a casos específicos.,Amir,Amazon Translate
El humanismo prioriza el bienestar y la dignidad humanos.,Amir,Amazon Translate
Los sermones transmiten mensajes y lecciones religiosas.,Amir,Amazon Translate
Los rastreadores de actividad física controlan los niveles de actividad física.,Amir,Amazon Translate
Los mangos prosperan en climas cálidos y húmedos.,Amir,Amazon Translate
La pintura barroca muestra dramáticos contrastes de luces y sombras.,Amir,Amazon Translate
La Toscana se encuentra en las ondulantes colinas del centro de Italia.,Amir,Amazon Translate
Comer demasiados refrigerios conduce al aumento de peso.,Amir,Amazon Translate
El Imperio Romano se extendió por tres continentes en su apogeo.,Amir,Amazon Translate
El alquiler permite arreglos de vivienda temporales.,Amir,Amazon Translate
Los clavos de hierro se oxidan en condiciones de humedad.,Amir,Amazon Translate
La práctica regular de atención plena reduce las conductas impulsivas.,Amir,Amazon Translate
Las analogías aclaran las ideas abstractas utilizando ejemplos identificables.,Amir,Amazon Translate
El pragmatismo juzga las acciones en función de los resultados prácticos.,Amir,Amazon Translate
Los textos sagrados dan forma a las tradiciones religiosas.,Amir,Amazon Translate
Las legislaturas escriben y revisan los estatutos legales.,Amir,Amazon Translate
Los teléfonos celulares usan redes celulares para comunicarse.,Amir,Amazon Translate
Los nabos crecen como tubérculos bajo tierra.,Amir,Amazon Translate
Las vidrieras decoran muchas iglesias antiguas.,Amir,Amazon Translate
Singapur es conocida por sus estrictas normas de limpieza.,Amir,Amazon Translate
El potasio mantiene el equilibrio de líquidos en las células.,Amir,Amazon Translate
Los roles de género están moldeados por la cultura y la historia.,Amir,Amazon Translate
Los arzobispos supervisan grandes territorios cristianos.,Amir,Amazon Translate
Los contratos sociales explican cómo las leyes surgen de un acuerdo público.,Amir,Amazon Translate
Los foros en línea permiten discusiones grupales en todo el mundo.,Amir,Amazon Translate
Los mosaicos bizantinos ilustran escenas bíblicas sobre fondos dorados.,Amir,Amazon Translate
El Kilimanjaro se eleva sobre las llanuras de África Oriental.,Amir,Amazon Translate
El hockey sobre césped utiliza palos y pelotas duras.,Amir,Amazon Translate
Los átomos de carbono se unen fácilmente en moléculas orgánicas largas.,Amir,Amazon Translate
Las señales nerviosas envían mensajes sensoriales con rapidez.,Amir,Amazon Translate
El medidor mide la longitud en el sistema métrico.,Amir,Amazon Translate
Las novelas épicas siguen a los héroes a través de generaciones y viajes.,Amir,Amazon Translate
El animismo ve a los espíritus habitando objetos naturales.,Amir,Amazon Translate
La sharia influye en la ley en algunos países islámicos.,Amir,Amazon Translate
La diplomacia negocia acuerdos de paz a nivel internacional.,Amir,Amazon Translate
Los referendos invitan a la democracia directa en algunos temas.,Amir,Amazon Translate
La latitud mide la distancia al norte o al sur del ecuador.,Amir,Amazon Translate
Los huracanes giran debido al efecto Coriolis de la Tierra.,Amir,Amazon Translate
Los abejorros ayudan a fertilizar las flores mientras buscan néctar.,Amir,Amazon Translate
Los analistas interpretan las tendencias del mercado de valores a diario.,Amir,Amazon Translate
Los sensores de movimiento detectan el movimiento en interiores y exteriores.,Amir,Amazon Translate
Los puentes sostienen las carreteras que cruzan ríos o valles.,Amir,Amazon Translate
El asma restringe la respiración durante ciertos desencadenantes.,Amir,Amazon Translate
Los glifos transmiten el lenguaje a través de símbolos basados en imágenes.,Amir,Amazon Translate
Los exploradores del Ártico se enfrentan al frío extremo y al aislamiento.,Amir,Amazon Translate
La cinematografía es vital para la narración de historias en las películas.,Amir,Amazon Translate
Los cuadrúpedos caminan sobre cuatro patas de forma natural.,Amir,Amazon Translate
Las huellas dactilares proporcionan métodos de identificación personal únicos.,Amir,Amazon Translate
Banksy es un conocido artista callejero anónimo.,Amir,Amazon Translate
El Tíbet se encuentra en la meseta más alta del mundo.,Amir,Amazon Translate
"Brasil limita con todos los países de América del Sur, excepto Chile y Ecuador.",Amir,Amazon Translate
Las sentadillas ejercitan los músculos abdominales y la fuerza central.,Amir,Amazon Translate
El alunizaje ocurrió en 1969.,Amir,Amazon Translate
La fotografía callejera captura momentos sinceros en espacios públicos.,Amir,Amazon Translate
Los líquidos toman la forma de sus recipientes.,Amir,Amazon Translate
Los logros personales aumentan la autoestima y la motivación.,Amir,Amazon Translate
La intuición complementa el análisis lógico en la toma de decisiones.,Amir,Amazon Translate
El sijismo comenzó en el Punjab del siglo XV.,Amir,Amazon Translate
Las bibliotecas públicas ofrecen libros gratuitos para uso comunitario.,Amir,Amazon Translate
Las semillas de sésamo se utilizan para hornear y cocinar.,Amir,Amazon Translate
"Las películas de Bollywood combinan música, drama y danza.",Amir,Amazon Translate
Bangkok es la capital y ciudad más grande de Tailandia.,Amir,Amazon Translate
La marcha rápida aumenta la resistencia con un impacto mínimo en las articulaciones.,Amir,Amazon Translate
La Declaración de Independencia se firmó en 1776.,Amir,Amazon Translate
La elaboración casera crea cerveza a través de una fermentación controlada.,Amir,Amazon Translate
Los decimales expresan valores fraccionarios mediante la notación de valor posicional.,Amir,Amazon Translate
Los gases se expanden para llenar cualquier espacio disponible.,Amir,Amazon Translate
La rutina ayuda a los niños a sentirse seguros y protegidos.,Amir,Amazon Translate
El razonamiento circular repite afirmaciones sin pruebas válidas.,Amir,Amazon Translate
El trascendentalismo enfatiza la intuición y la espiritualidad natural.,Amir,Amazon Translate
Los ministros dirigen las congregaciones y ceremonias cristianas.,Amir,Amazon Translate
"La tecnología portátil rastrea los pasos, la frecuencia cardíaca o los ciclos de sueño.",Amir,Amazon Translate
La guayaba crece en árboles tropicales de hoja perenne.,Amir,Amazon Translate
El expresionismo transmite emociones a través de colores y formas audaces.,Amir,Amazon Translate
Río de Janeiro tiene playas famosas y desfiles de carnaval.,Amir,Amazon Translate
Los refrigerios a media mañana pueden interrumpir la regulación del apetito.,Amir,Amazon Translate
El Imperio azteca dominó el centro de México antes del contacto europeo.,Amir,Amazon Translate
Los compañeros de habitación comparten los costos y las tareas del hogar.,Amir,Amazon Translate
Un año bisiesto añade un día extra a febrero.,Amir,Amazon Translate
El aluminio resiste la corrosión mejor que el hierro.,Amir,Amazon Translate
La presupuestación restringe los gastos innecesarios a largo plazo.,Amir,Amazon Translate
El simbolismo da a los objetos significados más amplios en las historias o el arte.,Amir,Amazon Translate
La fenomenología estudia las experiencias conscientes de forma sistemática.,Amir,Amazon Translate
Las parábolas enseñan la moral en las escrituras religiosas.,Amir,Amazon Translate
Los poderes ejecutivos hacen cumplir las leyes a nivel gubernamental.,Amir,Amazon Translate
La fibra óptica mejora enormemente la velocidad de Internet.,Amir,Amazon Translate
El grafiti expresa mensajes sociales en las superficies urbanas.,Amir,Amazon Translate
Los pastores aconsejan a los feligreses en asuntos de fe.,Amir,Amazon Translate
Las demandas civiles resuelven desacuerdos legales no penales.,Amir,Amazon Translate
Las plataformas digitales permiten mantener conversaciones globales con facilidad.,Amir,Amazon Translate
Los polinizadores ayudan a las plantas a reproducirse mediante la transferencia de polen.,Amir,Amazon Translate
La arquitectura art déco utiliza diseños geométricos y aerodinámicos.,Amir,Amazon Translate
Las Montañas Rocosas forman la cadena montañosa continua más larga de América del Norte.,Amir,Amazon Translate
El béisbol consiste en golpear pelotas con bates hacia las bases.,Amir,Amazon Translate
Las neuronas motoras controlan el movimiento muscular en todo el cuerpo.,Amir,Amazon Translate
Los dramas se centran en el desarrollo emocional o el conflicto.,Amir,Amazon Translate
El estoicismo enseña que la virtud es el mayor bien de la vida.,Amir,Amazon Translate
Los predicadores dan sermones durante los servicios de adoración.,Amir,Amazon Translate
Los jueces interpretan las reglas de acuerdo con la ley establecida.,Amir,Amazon Translate
Los teléfonos inteligentes funcionan con sistemas operativos móviles.,Amir,Amazon Translate
Los rábanos maduran rápidamente desde la semilla hasta la cosecha.,Amir,Amazon Translate
Los murales decoran los edificios con grandes imágenes pintadas.,Amir,Amazon Translate
Seúl es la capital de Corea del Sur.,Amir,Amazon Translate
El fósforo favorece la formación de huesos y dientes sanos.,Amir,Amazon Translate
Los roles sociales definen los comportamientos esperados en los grupos.,Amir,Amazon Translate
Los monjes dedican sus vidas a la oración y al aprendizaje.,Amir,Amazon Translate
Las peticiones recopilan firmas para las solicitudes de cambio de políticas.,Amir,Amazon Translate
Los mensajes de texto transmiten comunicaciones breves de forma digital.,Amir,Amazon Translate
Las especies endémicas viven solo en regiones geográficas específicas.,Amir,Amazon Translate
Los trineos tirados por perros transportan suministros a través de terrenos nevados.,Amir,Amazon Translate
Los mosaicos romanos decoraban pisos y paredes con pequeños azulejos.,Amir,Amazon Translate
El campamento base del Everest atrae a senderistas de todo el mundo.,Amir,Amazon Translate
Los chefs crean recetas culinarias de forma profesional.,Amir,Amazon Translate
La división larga separa los números en partes enteras.,Amir,Amazon Translate
La genética explica las características heredadas de los seres vivos.,Amir,Amazon Translate
La ficción corta cuenta historias completas en pocas páginas.,Amir,Amazon Translate
Los tótems representan la ascendencia entre los pueblos nativos.,Amir,Amazon Translate
Los animadores dan vida a los personajes cuadro por cuadro.,Amir,Amazon Translate
"Los crustáceos incluyen cangrejos, langostas y camarones.",Amir,Amazon Translate
Hokusai creó el famoso grabado «La gran ola de Kanagawa».,Amir,Amazon Translate
Tasmania es un estado insular de Australia.,Amir,Amazon Translate
Suiza no tiene salida al mar y limita con cinco países.,Amir,Amazon Translate
Las flexiones utilizan el peso corporal para el entrenamiento de resistencia.,Amir,Amazon Translate
El Apolo 13 fue una misión lunar cercana al desastre.,Amir,Amazon Translate
La caligrafía requiere un control cuidadoso de las pinceladas o bolígrafos.,Amir,Amazon Translate
Un círculo tiene infinitas líneas de simetría.,Amir,Amazon Translate
La materia se conserva en reacciones físicas o químicas.,Amir,Amazon Translate
Las afirmaciones diarias pueden apoyar el crecimiento de la autoestima.,Amir,Amazon Translate
Los métodos de investigación prueban las hipótesis mediante la observación.,Amir,Amazon Translate
"Los jardines zen arreglan las rocas, la arena y las plantas de forma estética.",Amir,Amazon Translate
Los deberes cívicos incluyen la votación y el servicio de jurado.,Amir,Amazon Translate
Las redes inalámbricas permiten la conectividad de los dispositivos sin cables.,Amir,Amazon Translate
Los tomates secados al sol se utilizan como ingredientes culinarios.,Amir,Amazon Translate
La música salsa combina ritmos afrocubanos y elementos de jazz.,Amir,Amazon Translate
Vancouver se encuentra entre el Océano Pacífico y las montañas de la costa.,Amir,Amazon Translate
El remo utiliza la fuerza coordinada de los brazos y la espalda.,Amir,Amazon Translate
El Edicto de Nantes permitió la libertad religiosa francesa.,Amir,Amazon Translate
El vapor cocina las verduras a la vez que retiene más nutrientes.,Amir,Amazon Translate
El sistema hexadecimal utiliza dieciséis dígitos posibles.,Amir,Amazon Translate
Los plasmas conducen la electricidad mejor que los gases.,Amir,Amazon Translate
El ritmo circadiano afecta el estado de alerta en diferentes momentos.,Amir,Amazon Translate
Las señales analógicas varían continuamente con el tiempo.,Amir,Amazon Translate
El estructuralismo analiza los patrones dentro de los sistemas culturales.,Amir,Amazon Translate
Los sacerdotes realizan rituales en muchas religiones del mundo.,Amir,Amazon Translate
Los servicios de transporte compartido se basan en aplicaciones móviles.,Amir,Amazon Translate
La fruta durian huele fuerte pero tiene un sabor dulce.,Amir,Amazon Translate
El Art Nouveau presenta curvas fluidas y formas naturales.,Amir,Amazon Translate
La Filarmónica de Viena es una reconocida orquesta clásica.,Amir,Amazon Translate
Comer de pie a veces reduce el tamaño de las porciones.,Amir,Amazon Translate
Los incas construyeron extensas redes de carreteras en Sudamérica.,Amir,Amazon Translate
Los dormitorios proporcionan viviendas compartidas en las universidades.,Amir,Amazon Translate
La acumulación de hábitos crea nuevas rutinas a partir de los hábitos existentes.,Amir,Amazon Translate
Las metáforas visuales muestran simbólicamente las ideas en el arte.,Amir,Amazon Translate
El consecuencialismo juzga la moralidad por los resultados de las acciones.,Amir,Amazon Translate
Las liturgias son formas establecidas de adoración pública.,Amir,Amazon Translate
El código civil cubre asuntos de derecho no penal.,Amir,Amazon Translate
El cifrado codifica los datos digitales para garantizar la privacidad.,Amir,Amazon Translate
La achicoria agrega un sabor amargo a las ensaladas mixtas.,Amir,Amazon Translate
"Al etiquetar graffitis, se deja el identificador del artista en las paredes públicas.",Amir,Amazon Translate
Las monjas pueden dar clases en la escuela o cuidar a los enfermos.,Amir,Amazon Translate
La ley de patentes protege temporalmente las obras originales de los inventores.,Amir,Amazon Translate
El crowdfunding ayuda a las pequeñas empresas a obtener capital financiero.,Amir,Amazon Translate
La red alimentaria describe cómo fluye la energía en los ecosistemas.,Amir,Amazon Translate
Las iglesias barrocas utilizaban esculturas doradas en los altares.,Amir,Amazon Translate
Los Apalaches se extienden desde Alabama hasta Canadá.,Amir,Amazon Translate
Las raquetas de bádminton tienen mangos largos y cabezas con cuerdas.,Amir,Amazon Translate
El metano libera calor cuando se quema.,Amir,Amazon Translate
La luz viaja más rápido que cualquier otro fenómeno conocido.,Amir,Amazon Translate
Las sillas soportan el peso corporal durante el trabajo o el descanso.,Amir,Amazon Translate
La poesía épica narra aventuras o misiones heroicas.,Amir,Amazon Translate
Los pactos establecen promesas vinculantes en la tradición judía.,Amir,Amazon Translate
Los tribunales constitucionales deciden si las leyes se ajustan a la constitución de una nación.,Amir,Amazon Translate
La siembra de nubes tiene como objetivo provocar lluvias de forma artificial.,Amir,Amazon Translate
La banda ancha proporciona conexiones a Internet de alta velocidad.,Amir,Amazon Translate
Los eventos de resistencia desafían la resistencia de los participantes a lo largo de la distancia.,Amir,Amazon Translate
Los grupos de danza se entrenan extensamente para actuaciones sincronizadas.,Amir,Amazon Translate
Las verduras crucíferas contienen compuestos que promueven la salud.,Amir,Amazon Translate
La memoria episódica almacena experiencias personales específicas.,Amir,Amazon Translate
Los pintores de iconos crean imágenes espirituales llamadas iconos.,Amir,Amazon Translate
El derecho canónico rige los procedimientos dentro de la Iglesia Católica Romana.,Amir,Amazon Translate
Los minaretes marcan visualmente las mezquitas islámicas.,Amir,Amazon Translate
Las salas de emergencia tratan situaciones médicas que ponen en peligro la vida.,Amir,Amazon Translate
El ámbar proviene de resina de árbol endurecida.,Amir,Amazon Translate
Los herbívoros solo consumen material vegetal.,Amir,Amazon Translate
Los aprendizajes combinan el aprendizaje con la experiencia laboral práctica.,Amir,Amazon Translate
La alfabetización mediática permite analizar la credibilidad de las noticias.,Amir,Amazon Translate
Las biosferas abarcan todos los seres vivos que interactúan a nivel mundial.,Amir,Amazon Translate
Los tubos de ensayo contienen líquidos durante los experimentos científicos.,Amir,Amazon Translate
Los glosarios definen términos especializados en libros.,Amir,Amazon Translate
Las grullas de origami simbolizan la esperanza y la curación.,Amir,Amazon Translate
Las funciones del hemisferio izquierdo enfatizan la lógica y la orientación detallada.,Amir,Amazon Translate
Los murales de Banksy suelen abordar temas políticos.,Amir,Amazon Translate
Sicilia es la isla más grande del Mediterráneo.,Amir,Amazon Translate
Greenwich marca el primer meridiano en la longitud cero.,Amir,Amazon Translate
Las estocadas fortalecen las piernas y los glúteos.,Amir,Amazon Translate
Los hermanos Wright pilotaron el primer avión.,Amir,Amazon Translate
La animación stop-motion utiliza imágenes fijas para crear movimiento.,Amir,Amazon Translate
Los cuadriláteros tienen cuatro lados.,Amir,Amazon Translate
Las soluciones son mezclas homogéneas de sustancias.,Amir,Amazon Translate
La gestión del tiempo aumenta la autoeficacia de los estudiantes.,Amir,Amazon Translate
La heurística acelera los procesos de decisión complejos.,Amir,Amazon Translate
Las peregrinaciones atraen a los creyentes a lugares sagrados.,Amir,Amazon Translate
Las organizaciones sin fines de lucro operan sin distribuir las ganancias en forma de dividendos.,Amir,Amazon Translate
Los termostatos inteligentes adaptan automáticamente los programas de calefacción.,Amir,Amazon Translate
La polka es originaria de Europa Central.,Amir,Amazon Translate
Berlín se encuentra a lo largo del río Spree.,Amir,Amazon Translate
Las mujeres obtuvieron el derecho al voto en Estados Unidos en 1920.,Amir,Amazon Translate
Los baristas preparan bebidas de café de forma profesional.,Amir,Amazon Translate
Los porcentajes expresan valores de un máximo de cien.,Amir,Amazon Translate
La destilación separa los líquidos por puntos de ebullición.,Amir,Amazon Translate
Las etiquetas nutricionales informan sobre la elección de alimentos saludables.,Amir,Amazon Translate
La validez se refiere a qué tan bien una prueba mide algo.,Amir,Amazon Translate
Las paradojas lógicas revelan contradicciones no intencionadas.,Amir,Amazon Translate
El cristianismo ortodoxo emplea íconos en las prácticas de adoración.,Amir,Amazon Translate
Las órdenes ejecutivas dirigen las acciones de las agencias gubernamentales.,Amir,Amazon Translate
Los auriculares Bluetooth permiten realizar llamadas con manos libres.,Amir,Amazon Translate
La cúrcuma agrega color amarillo y sabor terroso a la cocina.,Amir,Amazon Translate
Las tiras cómicas cuentan historias secuenciales con ilustraciones.,Amir,Amazon Translate
El palacio de la Alhambra refleja la arquitectura islámica en España.,Amir,Amazon Translate
El pollo a la parrilla proporciona proteínas magras para las dietas.,Amir,Amazon Translate
El Imperio Otomano se extendió por partes de tres continentes.,Amir,Amazon Translate
Los inquilinos firman contratos de arrendamiento cuando alquilan apartamentos.,Amir,Amazon Translate
El perímetro calcula la distancia total alrededor del borde del polígono.,Amir,Amazon Translate
Los relojes de cuarzo mantienen la hora precisa mediante vibraciones de cristal.,Amir,Amazon Translate
El control de los impulsos previene las conductas de riesgo en los niños.,Amir,Amazon Translate
La filosofía existencial aborda la libertad y el propósito humanos.,Amir,Amazon Translate
Las fábulas usan animales para enseñar lecciones morales.,Amir,Amazon Translate
Los alcaldes actúan como líderes de la ciudad.,Amir,Amazon Translate
Amazon Kindle popularizó la lectura electrónica digital en todo el mundo.,Amir,Amazon Translate
"Las chirivías se parecen a las zanahorias, pero son más pálidas y dulces.",Amir,Amazon Translate
El claroscuro contrasta dramáticamente la luz y la sombra en el arte.,Amir,Amazon Translate
El lago Ness se encuentra en el norte de Escocia.,Amir,Amazon Translate
"El pickleball combina reglas de tenis, bádminton y ping pong.",Amir,Amazon Translate
El níquel resiste la corrosión y forma aleaciones con facilidad.,Amir,Amazon Translate
La luz se dobla a través de diferentes materiales transparentes.,Amir,Amazon Translate
Las adaptaciones cinematográficas traducen los libros en narraciones visuales.,Amir,Amazon Translate
La enseñanza confuciana enfatiza la lealtad familiar.,Amir,Amazon Translate
La policía hace cumplir las leyes penales a nivel local.,Amir,Amazon Translate
Las aplicaciones móviles ofrecen una utilidad especializada en los teléfonos inteligentes.,Amir,Amazon Translate
Los rábanos maduran rápidamente para ensaladas frescas.,Amir,Amazon Translate
Las grullas de papel en origami representan la esperanza en la cultura japonesa.,Amir,Amazon Translate
El claqué presenta sonidos de pies sincronizados.,Amir,Amazon Translate
Los kumquats son pequeños cítricos que se comen enteros.,Amir,Amazon Translate
La autorrealización representa la máxima satisfacción psicológica.,Amir,Amazon Translate
Los modelos a seguir influyen positivamente en el desarrollo de los jóvenes.,Amir,Amazon Translate
Los capellanes brindan apoyo espiritual en los hospitales.,Amir,Amazon Translate
Los tribunales eclesiásticos se pronuncian sobre cuestiones legales religiosas.,Amir,Amazon Translate
Los gimnasios ofrecen instalaciones para el entrenamiento cardiovascular y de resistencia.,Amir,Amazon Translate
Los portafolios recopilan obras de arte para su revisión o presentación.,Amir,Amazon Translate
La teoría de grafos estudia las relaciones entre los nodos conectados.,Amir,Amazon Translate
Los recursos humanos gestionan las relaciones laborales dentro de las empresas.,Amir,Amazon Translate
"La adoración incluye oraciones, canciones y rituales con devoción.",Amir,Amazon Translate
Las catedrales cuentan con techos abovedados y vidrieras.,Amir,Amazon Translate
Los pintores impresionistas usaron pinceladas rápidas y escenas al aire libre.,Amir,Amazon Translate
Los alimentos halal se ajustan a las normas dietéticas islámicas.,Amir,Amazon Translate
El cuidado de personas mayores apoya las necesidades de la vida diaria de las personas mayores.,Amir,Amazon Translate
Los jardines botánicos exhiben una variedad de especies de plantas.,Amir,Amazon Translate
Las misiones a Marte buscan evidencias de vida.,Amir,Amazon Translate
El papel tornasol comprueba la acidez o alcalinidad de las sustancias.,Amir,Amazon Translate
La higiene personal protege contra enfermedades e infecciones.,Amir,Amazon Translate
La asesoría ayuda a resolver problemas personales y emocionales.,Amir,Amazon Translate
Las novelas gráficas combinan imágenes y narraciones escritas.,Amir,Amazon Translate
Pi es una constante matemática irracional.,Amir,Amazon Translate
La agronomía mejora la fertilidad del suelo y el rendimiento de los cultivos.,Amir,Amazon Translate
Los tabernáculos almacenan pan consagrado en las iglesias católicas.,Amir,Amazon Translate
La arqueología examina las culturas pasadas a través de restos materiales.,Amir,Amazon Translate
Las puertas torii sintoístas marcan las entradas a los santuarios.,Amir,Amazon Translate
La carbonatación crea burbujas en los refrescos.,Amir,Amazon Translate
"Los símiles se comparan, a diferencia de las cosas que usan «me gusta» o «como».",Amir,Amazon Translate
La magnetita es un mineral magnético natural.,Amir,Amazon Translate
Los libros de referencia generales proporcionan una visión general de muchos temas.,Amir,Amazon Translate
El diccionario define las palabras y sus usos.,Amir,Amazon Translate
Las enciclopedias recopilan conocimientos de múltiples disciplinas.,Amir,Amazon Translate
Los atlas muestran colecciones de mapas como referencia.,Amir,Amazon Translate
Las bibliotecas de referencia organizan los materiales para uso público.,Amir,Amazon Translate
Las estadísticas resumen grandes cantidades de información numérica.,Amir,Amazon Translate
Las bibliografías enumeran las fuentes a las que se hace referencia en trabajos académicos.,Amir,Amazon Translate
Los índices ayudan a localizar temas específicos dentro de un libro.,Amir,Amazon Translate
Los glosarios aclaran los términos utilizados en el texto.,Amir,Amazon Translate
Los almanaques presentan datos y hechos anuales.,Amir,Amazon Translate
Los formatos de citación garantizan la claridad en la redacción académica.,Amir,Amazon Translate
Las cronologías describen los eventos en orden secuencial.,Amir,Amazon Translate
Los catálogos organizan los artículos o productos por categorías relevantes.,Amir,Amazon Translate
Las guías brindan consejos prácticos sobre lugares o actividades.,Amir,Amazon Translate
Los tesauros ofrecen opciones de palabras alternativas.,Amir,Amazon Translate
Los resúmenes resumen el contenido de los trabajos de investigación.,Amir,Amazon Translate
Los manuales explican cómo utilizar varios dispositivos.,Amir,Amazon Translate
Los compendios combinan varios cuerpos de conocimiento en una sola fuente.,Amir,Amazon Translate
Los horarios organizan las tareas o los eventos de forma cronológica.,Amir,Amazon Translate
Los documentos oficiales registran transacciones o acuerdos importantes.,Amir,Amazon Translate
"Los museos de arte recopilan, preservan y exhiben obras de arte.",Amir,Amazon Translate
El ballet usa el movimiento y la música para contar historias.,Amir,Amazon Translate
La poesía expresa sentimientos a través de un lenguaje cuidadosamente elegido.,Amir,Amazon Translate
Las novelas crean mundos imaginarios para los lectores.,Amir,Amazon Translate
Las canciones populares reflejan la identidad y el patrimonio culturales.,Amir,Amazon Translate
La escultura transforma los materiales en formas tridimensionales.,Amir,Amazon Translate
La arquitectura da forma a los entornos humanos a través de estructuras diseñadas.,Amir,Amazon Translate
Los cómics mezclan imágenes y diálogos para lograr un efecto narrativo.,Amir,Amazon Translate
Las sinfonías son composiciones musicales orquestales complejas.,Amir,Amazon Translate
Las películas utilizan imágenes en movimiento para contar historias.,Amir,Amazon Translate
Las pinturas murales decoran grandes paredes con escenas artísticas.,Amir,Amazon Translate
El drama representa el conflicto a través de diálogos y acciones habladas.,Amir,Amazon Translate
El diseño de moda influye en las tendencias de ropa de todo el mundo.,Amir,Amazon Translate
La fotografía captura momentos con las cámaras.,Amir,Amazon Translate
La cerámica convierte la arcilla en objetos funcionales o decorativos.,Amir,Amazon Translate
Las artes escénicas requieren una presentación en vivo ante el público.,Amir,Amazon Translate
La encuadernación crea volúmenes duraderos y accesibles de representaciones escritas.,Amir,Amazon Translate
Las tradiciones culturales varían entre los diferentes grupos étnicos.,Amir,Amazon Translate
Los festivales marcan ocasiones sociales o religiosas importantes.,Amir,Amazon Translate
La artesanía hace hincapié en la hábil creación a mano.,Amir,Amazon Translate
Las técnicas de pintura pueden incluir acuarelas u óleos.,Amir,Amazon Translate
La literatura analiza la sociedad a través de la ficción o la poesía.,Amir,Amazon Translate
La danza transmite significado sin usar palabras habladas.,Amir,Amazon Translate
Los mitos representan las explicaciones tradicionales de los fenómenos naturales.,Amir,Amazon Translate
El arte digital utiliza la tecnología para la expresión creativa.,Amir,Amazon Translate
Los museos interpretan la historia a través de exhibiciones de artefactos.,Amir,Amazon Translate
Las capitales del mundo sirven como centros administrativos para los países.,Amir,Amazon Translate
Las islas son masas continentales rodeadas de agua.,Amir,Amazon Translate
Las selvas tropicales contienen una vegetación densa y una vida silvestre diversa.,Amir,Amazon Translate
Las mesetas tienen un terreno plano a gran altura.,Amir,Amazon Translate
Los bosques ofrecen hábitats para numerosas especies.,Amir,Amazon Translate
Los cañones son el resultado de procesos de erosión prolongados.,Amir,Amazon Translate
Las fronteras separan países o regiones geográficamente.,Amir,Amazon Translate
Los lagos almacenan agua dulce tierra adentro.,Amir,Amazon Translate
Los valles se encuentran entre colinas o montañas.,Amir,Amazon Translate
Las penínsulas se extienden hacia masas de agua más grandes.,Amir,Amazon Translate
Los deltas se forman donde los ríos se encuentran con aguas más grandes.,Amir,Amazon Translate
Los centros urbanos concentran la población y la infraestructura.,Amir,Amazon Translate
Los estuarios equilibran los ecosistemas de agua salada y dulce.,Amir,Amazon Translate
Las cuevas se desarrollan de forma natural bajo tierra.,Amir,Amazon Translate
Los humedales sustentan plantas adaptadas a suelos saturados.,Amir,Amazon Translate
El ejercicio mantiene la aptitud cardiovascular.,Amir,Amazon Translate
La hidratación evita la deshidratación y el agotamiento por calor.,Amir,Amazon Translate
La restauración del sueño apoya una función inmunológica saludable.,Amir,Amazon Translate
Las vitaminas contribuyen a los procesos metabólicos esenciales.,Amir,Amazon Translate
El lavado de manos reduce la transmisión de enfermedades infecciosas.,Amir,Amazon Translate
Una dieta balanceada incluye frutas y verduras todos los días.,Amir,Amazon Translate
Los chequeos de rutina promueven la detección temprana de los problemas de salud.,Amir,Amazon Translate
La actividad física ayuda a controlar el aumento de peso.,Amir,Amazon Translate
Los dentistas previenen las caries y las enfermedades de las encías.,Amir,Amazon Translate
Caminar beneficia el bienestar físico y mental.,Amir,Amazon Translate
La postura correcta evita el dolor y las lesiones en las articulaciones.,Amir,Amazon Translate
La relajación mental reduce las hormonas del estrés.,Amir,Amazon Translate
Las vacunas protegen contra ciertas enfermedades virales.,Amir,Amazon Translate
Los hábitos alimenticios saludables reducen la probabilidad de enfermedades crónicas.,Amir,Amazon Translate
Desayunar aumenta los niveles de energía por la mañana.,Amir,Amazon Translate
Las alergias se producen cuando el sistema inmunitario reacciona a sustancias inofensivas.,Amir,Amazon Translate
La Primera Guerra Mundial terminó en 1918.,Amir,Amazon Translate
El Gran Incendio de Londres ocurrió en 1666.,Amir,Amazon Translate
La antigua Grecia contribuyó ampliamente a la civilización occidental.,Amir,Amazon Translate
Roma se convirtió en república antes de convertirse en imperio.,Amir,Amazon Translate
La Carta Magna se firmó en 1215.,Amir,Amazon Translate
Cristóbal Colón llegó a América en 1492.,Amir,Amazon Translate
Mahatma Gandhi dirigió el movimiento independentista de la India.,Amir,Amazon Translate
El feudalismo prevalecía en la Europa medieval.,Amir,Amazon Translate
La esclavitud fue abolida en los Estados Unidos en 1865.,Amir,Amazon Translate
La exploración espacial comenzó a mediados del siglo XX.,Amir,Amazon Translate
Nelson Mandela luchó contra el apartheid en Sudáfrica.,Amir,Amazon Translate
La invención de la imprenta revolucionó la comunicación.,Amir,Amazon Translate
La revolución industrial aumentó la mecanización y el crecimiento urbano.,Amir,Amazon Translate
Las mujeres obtuvieron el derecho al sufragio en todo el mundo a lo largo del siglo XX.,Amir,Amazon Translate
El desarrollo de Internet se aceleró rápidamente después de 1990.,Amir,Amazon Translate
El Renacimiento redescubrió el conocimiento y el arte clásicos en Europa.,Amir,Amazon Translate
El inglés se habla ampliamente en todo el mundo.,Amir,Amazon Translate
Los viajeros usan pasaportes para viajes internacionales.,Amir,Amazon Translate
El comercio minorista implica vender productos directamente a los consumidores.,Amir,Amazon Translate
Las negociaciones resuelven las diferencias entre las partes.,Amir,Amazon Translate
La jardinería cultiva plantas para la belleza o la alimentación.,Amir,Amazon Translate
La cocción prepara los ingredientes para el consumo.,Amir,Amazon Translate
La votación permite a los ciudadanos elegir a los líderes de forma democrática.,Amir,Amazon Translate
El trabajo comprende el empleo remunerado o el trabajo por cuenta propia.,Amir,Amazon Translate
Las compras intercambian dinero por los productos necesarios.,Amir,Amazon Translate
La enseñanza transmite conocimientos y habilidades a los alumnos.,Amir,Amazon Translate
La conducción conduce vehículos en la vía pública.,Amir,Amazon Translate
La natación se mueve de manera eficiente en el agua mediante un movimiento coordinado.,Amir,Amazon Translate
El senderismo explora los entornos naturales a pie.,Amir,Amazon Translate
Las carreras a pie miden la velocidad y la resistencia.,Amir,Amazon Translate
La carpintería fabrica objetos útiles a partir de recursos madereros.,Amir,Amazon Translate
La actuación asume papeles en presentaciones dramáticas.,Amir,Amazon Translate
El estudio revisa el material para retener o aprender nuevas ideas.,Amir,Amazon Translate
La construcción ensambla edificios de acuerdo con planos.,Amir,Amazon Translate
"Las matemáticas estudian los números, los patrones y las relaciones.",Amir,Amazon Translate
La suma combina valores para producir una suma.,Amir,Amazon Translate
La división divide las cantidades de manera uniforme entre los grupos.,Amir,Amazon Translate
La resta encuentra diferencias entre dos números.,Amir,Amazon Translate
Las fracciones indican porciones de un todo.,Amir,Amazon Translate
Los decimales expresan partes de menos de una unidad.,Amir,Amazon Translate
La probabilidad estima las probabilidades de posibles resultados.,Amir,Amazon Translate
El cálculo aborda el cambio y la acumulación de forma cuantitativa.,Amir,Amazon Translate
La lógica investiga los principios del razonamiento válido.,Amir,Amazon Translate
Los gráficos visualizan los conjuntos de datos para su análisis.,Amir,Amazon Translate
Los números primos son divisibles solo por uno y por sí mismos.,Amir,Amazon Translate
El área mide el espacio dentro de un límite determinado.,Amir,Amazon Translate
Las proporciones comparan los tamaños de dos cantidades directamente.,Amir,Amazon Translate
Las funciones relacionan las entradas con las salidas de forma coherente.,Amir,Amazon Translate
Las fórmulas estandarizan los procedimientos de cálculo.,Amir,Amazon Translate
La densidad describe la masa por volumen de material.,Amir,Amazon Translate
La erosión desgasta las rocas y el suelo.,Amir,Amazon Translate
La gravedad atrae todo hacia los núcleos planetarios.,Amir,Amazon Translate
Los imanes inducen atracción o repulsión entre los polos.,Amir,Amazon Translate
Los metales conducen la corriente eléctrica con facilidad.,Amir,Amazon Translate
El oxígeno favorece la respiración animal y humana.,Amir,Amazon Translate
El carbono forma la base de los compuestos orgánicos.,Amir,Amazon Translate
Los ácidos tienen un sabor agrio y liberan iones de hidrógeno en solución.,Amir,Amazon Translate
Las bases se sienten resbaladizas y neutralizan los ácidos.,Amir,Amazon Translate
Los virus infectan a los organismos vivos para su reproducción.,Amir,Amazon Translate
Las ondas sonoras se doblan alrededor de obstáculos y barreras.,Amir,Amazon Translate
El calor fluye espontáneamente de los objetos más calientes a los más fríos.,Amir,Amazon Translate
La ampliación amplía las muestras microscópicas para su observación.,Amir,Amazon Translate
La nutrición proporciona los componentes básicos para la reparación corporal.,Amir,Amazon Translate
El número atómico cuenta los protones en los núcleos de los elementos.,Amir,Amazon Translate
"Las personas interactúan a través del habla, el lenguaje corporal y las expresiones faciales.",Amir,Amazon Translate
La memoria conserva las experiencias pasadas para recordarlas en el futuro.,Amir,Amazon Translate
Los rasgos de personalidad distinguen a los individuos de manera única.,Amir,Amazon Translate
El envejecimiento introduce cambios biológicos graduales en los seres humanos.,Amir,Amazon Translate
Las tasas de crecimiento varían en todas las etapas de la vida.,Amir,Amazon Translate
La curiosidad motiva el aprendizaje y la exploración.,Amir,Amazon Translate
La colaboración logra más de lo que suele lograr el esfuerzo en solitario.,Amir,Amazon Translate
La motivación impulsa la búsqueda de objetivos personales.,Amir,Amazon Translate
La confianza fortalece las relaciones interpersonales.,Amir,Amazon Translate
El pensamiento crítico evalúa la evidencia disponible de manera lógica.,Amir,Amazon Translate
La autorreflexión evalúa las fortalezas y dirige la mejora.,Amir,Amazon Translate
Los hábitos moldean el comportamiento durante períodos prolongados.,Amir,Amazon Translate
El estrés afecta negativamente a la salud mental y física.,Amir,Amazon Translate
La creatividad produce soluciones o ideas originales.,Amir,Amazon Translate
Los valores guían los juicios morales y las elecciones diarias.,Amir,Amazon Translate
Las creencias informan la formación de la cosmovisión.,Amir,Amazon Translate
La capacidad de atención fluctúa según el interés o la fatiga.,Amir,Amazon Translate
La inferencia extrae conclusiones a partir de las pistas observadas.,Amir,Amazon Translate
"La filosofía debate la existencia, el propósito y la moralidad.",Amir,Amazon Translate
La razón considera las consecuencias antes de tomar decisiones.,Amir,Amazon Translate
La inducción deduce principios generales a partir de las observaciones.,Amir,Amazon Translate
La ética cuestiona qué comportamientos son buenos o correctos.,Amir,Amazon Translate
El libre albedrío supone la capacidad de elección voluntaria.,Amir,Amazon Translate
El dualismo separa conceptualmente la mente del cuerpo.,Amir,Amazon Translate
La objetividad apunta a la imparcialidad y la falta de sesgo.,Amir,Amazon Translate
El conocimiento busca creencias verdaderas justificadas.,Amir,Amazon Translate
La estética aprecia la belleza o la calidad artística.,Amir,Amazon Translate
El determinismo propone que todos los eventos siguen las leyes causales.,Amir,Amazon Translate
La virtud prioriza la excelencia del carácter por encima de las recompensas externas.,Amir,Amazon Translate
El utilitarismo maximiza la felicidad para el mayor número de personas.,Amir,Amazon Translate
La analogía compara similitudes entre conceptos.,Amir,Amazon Translate
El idealismo postula que la realidad está construida mentalmente.,Amir,Amazon Translate
El materialismo afirma que solo la materia constituye la existencia.,Amir,Amazon Translate
La fe confía más allá de la prueba empírica.,Amir,Amazon Translate
El dogma acepta las enseñanzas como una verdad incuestionable.,Amir,Amazon Translate
La Escritura contiene escrituras sagradas veneradas por sus seguidores.,Amir,Amazon Translate
La oración comunica deseos o gratitud a las deidades.,Amir,Amazon Translate
La peregrinación honra la tradición religiosa a través de los viajes.,Amir,Amazon Translate
El monoteísmo cree en una deidad suprema.,Amir,Amazon Translate
"El animismo atribuye las almas a los animales, las plantas o los objetos.",Amir,Amazon Translate
El ritual promulga creencias espirituales a través de ceremonias repetidas.,Amir,Amazon Translate
El clero dirige los servicios de adoración congregacionales.,Amir,Amazon Translate
El pecado identifica los actos contrarios a la ley divina.,Amir,Amazon Translate
La redención promete perdón por las malas acciones.,Amir,Amazon Translate
La doctrina sistematiza la interpretación de las creencias religiosas.,Amir,Amazon Translate
Witness comparte su fe públicamente con los demás.,Amir,Amazon Translate
El tabú prohíbe ciertos comportamientos cultural o espiritualmente.,Amir,Amazon Translate
La salvación ofrece la esperanza de la plenitud o la liberación en la vida después de la muerte.,Amir,Amazon Translate
Las normas sociales orientan el comportamiento grupal esperado.,Amir,Amazon Translate
La democracia elige a los líderes por mayoría de votos.,Amir,Amazon Translate
Las familias fomentan el desarrollo más temprano de los niños.,Amir,Amazon Translate
Las comunidades comparten recursos para beneficio mutuo.,Amir,Amazon Translate
Las economías intercambian bienes y servicios por divisas.,Amir,Amazon Translate
La educación imparte la alfabetización y la experiencia necesarias.,Amir,Amazon Translate
Los medios de comunicación difunden las noticias ampliamente entre el público.,Amir,Amazon Translate
El gobierno hace cumplir las leyes y mantiene el orden cívico.,Amir,Amazon Translate
La desigualdad divide a las poblaciones según el acceso a las oportunidades.,Amir,Amazon Translate
El voluntariado apoya el bienestar colectivo sin remuneración.,Amir,Amazon Translate
La ayuda en casos de desastre ayuda a las víctimas que se enfrentan a dificultades repentinas.,Amir,Amazon Translate
La justicia garantiza un trato justo según las normas acordadas.,Amir,Amazon Translate
La política pública responde prácticamente a problemas compartidos.,Amir,Amazon Translate
La resolución de conflictos fomenta el compromiso pacífico.,Amir,Amazon Translate
Los mercados determinan los precios utilizando la oferta y la demanda.,Amir,Amazon Translate
La tecnología resuelve problemas utilizando principios científicos.,Amir,Amazon Translate
Internet conecta redes globales al instante.,Amir,Amazon Translate
"Los teléfonos inteligentes integran llamadas telefónicas, informática y cámaras.",Amir,Amazon Translate
Los programas de software instruyen a las computadoras con comandos codificados.,Amir,Amazon Translate
La robótica automatiza las funciones repetitivas o peligrosas.,Amir,Amazon Translate
Los satélites monitorean la Tierra remotamente desde la órbita.,Amir,Amazon Translate
Los motores eléctricos transforman la electricidad en trabajo mecánico.,Amir,Amazon Translate
La impresión 3D construye objetos capa por capa.,Amir,Amazon Translate
El almacenamiento en la nube guarda los archivos fuera del sitio a través de la web.,Amir,Amazon Translate
Las imágenes médicas visualizan las afecciones internas del cuerpo de forma no invasiva.,Amir,Amazon Translate
"La energía renovable aprovecha la energía solar, eólica o hidráulica.",Amir,Amazon Translate
La inteligencia artificial realiza tareas que antes requerían la cognición humana.,Amir,Amazon Translate
La nanotecnología diseña estructuras a escala molecular.,Amir,Amazon Translate
La ingeniería genética modifica intencionalmente las características de los organismos.,Amir,Amazon Translate
La mecánica cuántica modela los fenómenos atómicos y subatómicos.,Amir,Amazon Translate
La ciberseguridad protege los sistemas de información contra el acceso no autorizado.,Amir,Amazon Translate
Los plásticos biodegradables reducen la contaminación ambiental.,Amir,Amazon Translate
Los semiconductores permiten la producción de circuitos electrónicos compactos.,Amir,Amazon Translate
Una receta proporciona instrucciones de cocción paso a paso.,Amir,Amazon Translate
Los historiadores estudian los acontecimientos pasados en busca de contexto.,Amir,Amazon Translate
Lavar las verduras elimina los pesticidas de la superficie.,Amir,Amazon Translate
Cocinar implica preparar los alimentos con calor.,Amir,Amazon Translate
El álgebra usa letras para representar números.,Amir,Amazon Translate
El hidrógeno es el elemento químico más simple.,Amir,Amazon Translate
La personalidad influye en las interacciones sociales y el comportamiento.,Amir,Amazon Translate
El escepticismo requiere cuestionar antes de creer en las afirmaciones.,Amir,Amazon Translate
El budismo fomenta la atención plena y la compasión.,Amir,Amazon Translate
Las familias crían a los niños hasta la edad adulta.,Amir,Amazon Translate
El correo electrónico permite la comunicación digital a distancia.,Amir,Amazon Translate
Las puertas automáticas utilizan sensores para abrirse.,Amir,Amazon Translate
Los tesauros enumeran los sinónimos de las palabras de uso común.,Amir,Amazon Translate
"Las orquestas contienen instrumentos de cuerda, viento, metal y percusión.",Amir,Amazon Translate
París es conocida como la «Ciudad de la Luz».,Amir,Amazon Translate
Correr fortalece significativamente los músculos de las piernas.,Amir,Amazon Translate
Pintar paredes cambia la apariencia de una habitación.,Amir,Amazon Translate
Los números primos tienen solo dos divisores.,Amir,Amazon Translate
La risa puede aliviar el estrés temporalmente.,Amir,Amazon Translate
El razonamiento distingue la lógica de la emoción.,Amir,Amazon Translate
Los rituales culturales dan forma a la identidad del grupo a lo largo del tiempo.,Amir,Amazon Translate
Las elecciones determinan democráticamente a los líderes políticos.,Amir,Amazon Translate
Las turbinas eólicas generan energía sin contaminar el aire.,Amir,Amazon Translate
Los libros de texto resumen la información de la asignatura de forma sistemática.,Amir,Amazon Translate
El arte moderno a menudo rompe las reglas tradicionales.,Amir,Amazon Translate
Dormir bien favorece la concentración mental.,Amir,Amazon Translate
La escritura aumenta rápidamente la productividad de la oficina.,Amir,Amazon Translate
Multiplicar por cero produce cero.,Amir,Amazon Translate
La gravedad mantiene a los planetas en órbitas estables.,Amir,Amazon Translate
El respeto gana confianza en las relaciones.,Amir,Amazon Translate
El pensamiento abstracto reconoce patrones más allá de lo obvio.,Amir,Amazon Translate
El libro sagrado del Islam se llama Corán.,Amir,Amazon Translate
Las normas sociales varían de una cultura a otra.,Amir,Amazon Translate
La Internet inalámbrica conecta los dispositivos móviles de manera eficiente.,Amir,Amazon Translate
El trabajo manual requiere esfuerzo físico.,Amir,Amazon Translate
Los diccionarios ordenan las definiciones de palabras alfabéticamente.,Amir,Amazon Translate
Las flexiones fortalecen los músculos del pecho y los brazos.,Amir,Amazon Translate
"La jardinería produce flores, frutas y verduras.",Amir,Amazon Translate
La división distribuye los artículos en grupos iguales.,Amir,Amazon Translate
La autoestima refleja la confianza en las habilidades personales.,Amir,Amazon Translate
El debate desarrolla las habilidades de razonamiento.,Amir,Amazon Translate
El sintoísmo adora a los espíritus que se encuentran en la naturaleza.,Amir,Amazon Translate
La urbanización concentra a las personas en las ciudades.,Amir,Amazon Translate
Los coches eléctricos funcionan con baterías de litio.,Amir,Amazon Translate
Las enciclopedias recopilan conocimientos alfabéticamente o por temas.,Amir,Amazon Translate
Los teatros de la antigua Grecia acogían representaciones dramáticas.,Amir,Amazon Translate
El río Amazonas es el río más largo de Sudamérica.,Amir,Amazon Translate
La invención de la imprenta aumentó las tasas de alfabetización.,Amir,Amazon Translate
Las calculadoras aproximan rápidamente los resultados numéricos.,Amir,Amazon Translate
La asertividad expresa las necesidades respetando los límites de los demás.,Amir,Amazon Translate
El cuestionamiento aclara las suposiciones subyacentes.,Amir,Amazon Translate
La votación afecta a las políticas gubernamentales.,Amir,Amazon Translate
"La ingeniería construye puentes, carreteras y vehículos.",Amir,Amazon Translate
Los mapas de carreteras muestran autopistas e intersecciones.,Amir,Amazon Translate
Los cómics combinan dibujos con diálogos.,Amir,Amazon Translate
La Ópera de Sídney es el edificio icónico de Australia.,Amir,Amazon Translate
El taichí integra el movimiento lento y la respiración.,Amir,Amazon Translate
El Imperio Romano se expandió por gran parte de Europa.,Amir,Amazon Translate
El planchado elimina las arrugas de la ropa.,Amir,Amazon Translate
Los biólogos clasifican los organismos según sus similitudes.,Amir,Amazon Translate
La integridad personal fomenta una reputación confiable.,Amir,Amazon Translate
Los argumentos requieren evidencia que respalde la creencia.,Amir,Amazon Translate
El confucianismo hace hincapié en el respeto por los mayores y la armonía.,Amir,Amazon Translate
Los certificados de nacimiento documentan la situación legal al nacer.,Amir,Amazon Translate
Los paneles solares producen energía eléctrica limpia.,Amir,Amazon Translate
Las guías de referencia organizan los datos para un acceso rápido.,Amir,Amazon Translate
El arte del mosaico utiliza pequeñas piezas de colores.,Amir,Amazon Translate
Londres se encuentra a lo largo del río Támesis.,Amir,Amazon Translate
Las planchas desarrollan la fuerza muscular central.,Amir,Amazon Translate
El tejido crea tela a partir de bucles entrelazados.,Amir,Amazon Translate
Las fracciones representan cantidades parciales.,Amir,Amazon Translate
La fricción resiste el movimiento entre las superficies.,Amir,Amazon Translate
Las hipótesis alimentan la experimentación científica.,Amir,Amazon Translate
Las fiestas religiosas marcan creencias o eventos importantes.,Amir,Amazon Translate
Los sistemas legales regulan la conducta de la comunidad.,Amir,Amazon Translate
Los códigos de barras almacenan los datos del producto para escanearlos.,Amir,Amazon Translate
Los glosarios definen los términos técnicos de forma concisa.,Amir,Amazon Translate
Las galerías de arte organizan exposiciones para que el público las vea.,Amir,Amazon Translate
Los Pirineos crean una frontera natural entre Francia y España.,Amir,Amazon Translate
Las legumbres aportan proteínas en las dietas.,Amir,Amazon Translate
El Holocausto conmemora a las víctimas del genocidio.,Amir,Amazon Translate
La fotografía captura momentos a través de lentes.,Amir,Amazon Translate
Los ángulos miden los grados de rotación.,Amir,Amazon Translate
La ebullición esteriliza los utensilios de cocina.,Amir,Amazon Translate
La meditación reduce la presión arterial de forma natural.,Amir,Amazon Translate
Las premisas establecen puntos en la argumentación lógica.,Amir,Amazon Translate
Los textos védicos son las antiguas escrituras del hinduismo.,Amir,Amazon Translate
Los sindicatos negocian los intereses de los trabajadores de forma colectiva.,Amir,Amazon Translate
Los robots médicos ayudan con cirugías precisas.,Amir,Amazon Translate
Las bibliografías citan materiales de origen.,Amir,Amazon Translate
Los pintores impresionistas capturaron los efectos de luz natural.,Amir,Amazon Translate
Hawái se compone en su totalidad de islas volcánicas.,Amir,Amazon Translate
Las tensiones de la Guerra Fría dividieron la política mundial después de la Segunda Guerra Mundial.,Amir,Amazon Translate
La teoría de conjuntos estudia las colecciones matemáticas.,Amir,Amazon Translate
Las fortalezas reconocen las capacidades personales de manera objetiva.,Amir,Amazon Translate
La coherencia alinea las acciones con los valores establecidos.,Amir,Amazon Translate
La deontología evalúa la moralidad basada en el deber.,Amir,Amazon Translate
Los uniformes escolares estandarizan la vestimenta de los estudiantes.,Amir,Amazon Translate
Los datos almacenados viajan a través de cables de fibra óptica.,Amir,Amazon Translate
Los manuales de instrucciones guían a los usuarios con claridad.,Amir,Amazon Translate
Los tapices decoran los interiores con imágenes tejidas.,Amir,Amazon Translate
El Gran Cañón presenta una geología estratificada.,Amir,Amazon Translate
El Tratado de Versalles siguió a la Primera Guerra Mundial,Amir,Amazon Translate
El adiestramiento canino enseña sistemáticamente los comportamientos deseados.,Amir,Amazon Translate
Las leyes de Newton explican la mecánica clásica.,Amir,Amazon Translate
Pruebas químicas para determinar la acidez o alcalinidad de las soluciones.,Amir,Amazon Translate
Las fobias limitan las actividades debido a miedos intensos.,Amir,Amazon Translate
La evaluación examina el mérito de las ideas.,Amir,Amazon Translate
Los centros de adoración ofrecen reuniones espirituales.,Amir,Amazon Translate
Las naciones establecen legalmente los requisitos de ciudadanía.,Amir,Amazon Translate
El aprendizaje automático automatiza la toma de decisiones con algoritmos.,Amir,Amazon Translate
Los sitios web proporcionan un acceso rápido a la información.,Amir,Amazon Translate
La gente usa Internet para comunicarse.,Amir,Amazon Translate
El hinduismo se originó en el sur de Asia.,Amir,Amazon Translate
Los teléfonos móviles se basan en la tecnología inalámbrica.,Amir,Amazon Translate
Las enciclopedias resumen el conocimiento sobre diversos temas.,Amir,Amazon Translate
"El monte Kilimanjaro se eleva en Tanzania, África.",Amir,Amazon Translate
El ejercicio diario mejora la salud cardiovascular.,Amir,Amazon Translate
La antigua Roma influyó en la arquitectura moderna.,Amir,Amazon Translate
Cocinar requiere seguir recetas o instrucciones.,Amir,Amazon Translate
La lógica se basa en un razonamiento coherente.,Amir,Amazon Translate
El sijismo enseña la igualdad y el servicio comunitario.,Amir,Amazon Translate
El ballet combina la danza con una narración expresiva.,Amir,Amazon Translate
Los deportes implican actividad física y competición.,Amir,Amazon Translate
El razonamiento distingue los argumentos válidos de los inválidos.,Amir,Amazon Translate
El judaísmo observa leyes dietéticas llamadas kashrut.,Amir,Amazon Translate
Los recuentos del censo ayudan a los gobiernos a planificar los recursos.,Amir,Amazon Translate
Las cámaras digitales almacenan las imágenes electrónicamente.,Amir,Amazon Translate
Los manuales ofrecen una guía paso a paso.,Amir,Amazon Translate
La selva amazónica se encuentra en América del Sur.,Amir,Amazon Translate
El sueño regular favorece la función cerebral saludable.,Amir,Amazon Translate
El Movimiento de Derechos Civiles promovió la igualdad racial en los EE. UU.,Amir,Amazon Translate
El álgebra usa variables para resolver ecuaciones.,Amir,Amazon Translate
La Tierra gira alrededor del sol todos los años.,Amir,Amazon Translate
La autoestima afecta la motivación y el logro de las metas.,Amir,Amazon Translate
La lógica deductiva comienza con principios generales.,Amir,Amazon Translate
La oración se practica en muchas religiones.,Amir,Amazon Translate
Las normas sociales guían los comportamientos grupales aceptables.,Amir,Amazon Translate
Las velocidades de Internet varían de un proveedor a otro.,Amir,Amazon Translate
El trabajo manual implica trabajar con las manos.,Amir,Amazon Translate
El arte contemporáneo rompe los límites creativos tradicionales.,Amir,Amazon Translate
La Ópera de Sídney se encuentra en el puerto de Sídney.,Amir,Amazon Translate
Los coches eléctricos reducen las emisiones de gases de efecto invernadero.,Amir,Amazon Translate
La lluvia de ideas genera soluciones innovadoras.,Amir,Amazon Translate
El Islam considera el viernes como un día sagrado.,Amir,Amazon Translate
Los museos conservan los artefactos para su visualización pública.,Amir,Amazon Translate
El Himalaya abarca varios países asiáticos.,Amir,Amazon Translate
El consumo de fruta aporta vitaminas esenciales.,Amir,Amazon Translate
Luis XIV reinó como rey de Francia.,Amir,Amazon Translate
Aprender nuevos idiomas amplía la comprensión cultural.,Amir,Amazon Translate
El cálculo analiza matemáticamente el cambio y el movimiento.,Amir,Amazon Translate
El respeto fomenta las relaciones sociales positivas.,Amir,Amazon Translate
Los filósofos cuestionan la existencia y la ética.,Amir,Amazon Translate
El confucianismo valora la piedad filial y la educación.,Amir,Amazon Translate
Las antologías recopilan obras literarias por tema o época.,Amir,Amazon Translate
La escultura forma arte visual tridimensional.,Amir,Amazon Translate
El lago Baikal contiene el mayor volumen de agua dulce de Rusia.,Amir,Amazon Translate
La actividad aeróbica fortalece la capacidad pulmonar.,Amir,Amazon Translate
La probabilidad mide la probabilidad de los resultados.,Amir,Amazon Translate
La inducción saca conclusiones basadas en la evidencia.,Amir,Amazon Translate
El aprendizaje automático simula los procesos de inteligencia humana.,Amir,Amazon Translate
Los índices clasifican el contenido para facilitar la búsqueda.,Amir,Amazon Translate
La Ciudad del Vaticano es una ciudad-estado independiente.,Amir,Amazon Translate
La imprenta transformó la comunicación después de la imprenta de Gutenberg.,Amir,Amazon Translate
El ciclismo tonifica los músculos de las piernas y quema calorías.,Amir,Amazon Translate
Las reacciones de neutralización producen sal y agua.,Amir,Amazon Translate
Las creencias dan forma a las actitudes y perspectivas.,Amir,Amazon Translate
Las analogías comparan similitudes para obtener explicaciones más claras.,Amir,Amazon Translate
Las comunidades organizan eventos para fomentar la pertenencia.,Amir,Amazon Translate
El trabajo en equipo logra objetivos complejos de manera eficiente.,Amir,Amazon Translate
Las reglas gramaticales garantizan una comunicación escrita clara.,Amir,Amazon Translate
El arte abstracto prioriza las ideas conceptuales.,Amir,Amazon Translate
El remo ejercita la fuerza de la parte superior del cuerpo.,Amir,Amazon Translate
El lenguaje de señas facilita la comunicación de las personas sordas.,Amir,Amazon Translate
Las habilidades de observación mejoran la investigación científica.,Amir,Amazon Translate
La genética examina la herencia en los organismos vivos.,Amir,Amazon Translate
Los premios Nobel honran los logros sobresalientes.,Amir,Amazon Translate
Las sinfonías requieren la colaboración orquestal.,Amir,Amazon Translate
Los continentes dividen la superficie terrestre de la Tierra.,Amir,Amazon Translate
El descanso favorece la recuperación muscular después del ejercicio.,Amir,Amazon Translate
Napoleón Bonaparte dirigió las campañas militares francesas.,Amir,Amazon Translate
Los decimales representan valores fraccionarios.,Amir,Amazon Translate
Las placas tectónicas se mueven por debajo de la corteza terrestre.,Amir,Amazon Translate
La empatía cierra los malentendidos personales.,Amir,Amazon Translate
La ética discute qué acciones son moralmente correctas.,Amir,Amazon Translate
El cristianismo se centra en las enseñanzas de Jesucristo.,Amir,Amazon Translate
Los gobiernos promulgan políticas a través de órganos representativos.,Amir,Amazon Translate
Los teléfonos inteligentes integran funciones informáticas y de telecomunicaciones.,Amir,Amazon Translate
Los gráficos de referencia simplifican visualmente la información compleja.,Amir,Amazon Translate
La enciclopedia recopila información general sobre muchos temas.,Amir,Amazon Translate
Los tesauros enumeran los sinónimos de las palabras para mejorar la escritura.,Amir,Amazon Translate
Los mapas globales muestran los continentes y los océanos con precisión.,Amir,Amazon Translate
El yoga aumenta la flexibilidad y la conciencia corporal.,Amir,Amazon Translate
Atenas es la capital de Grecia.,Amir,Amazon Translate
El agua potable apoya la función renal.,Amir,Amazon Translate
La carpintería implica carpintería especializada.,Amir,Amazon Translate
Los rasgos personales afectan las elecciones profesionales.,Amir,Amazon Translate
El análisis divide los conceptos en partes más pequeñas.,Amir,Amazon Translate
El budismo enseña la meditación de atención plena.,Amir,Amazon Translate
Las reglas sociales regulan el comportamiento aceptable.,Amir,Amazon Translate
Los teléfonos inteligentes proporcionan herramientas de comunicación portátiles.,Amir,Amazon Translate
Los relojes digitales muestran la hora solo con números.,Amir,Amazon Translate
La pintura al óleo permite técnicas ricas de mezcla de colores.,Amir,Amazon Translate
Australia es a la vez un país y un continente.,Amir,Amazon Translate
La civilización romana influyó en las culturas europeas posteriores.,Amir,Amazon Translate
El salteado cocina rápidamente los alimentos a fuego alto.,Amir,Amazon Translate
La felicidad estimula el funcionamiento inmunológico.,Amir,Amazon Translate
Los métodos deductivos prueban si las reclamaciones provienen de las instalaciones.,Amir,Amazon Translate
El animismo atribuye cualidades espirituales a la naturaleza.,Amir,Amazon Translate
El correo electrónico ahora es esencial para la correspondencia comercial.,Amir,Amazon Translate
Los manuales de instrucciones ofrecen instrucciones de funcionamiento para los productos.,Amir,Amazon Translate
La música de cámara presenta actuaciones de pequeños conjuntos.,Amir,Amazon Translate
"Mount Rainier se encuentra en el estado de Washington, EE. UU.",Amir,Amazon Translate
El entrenamiento en circuito combina ejercicios de fuerza y cardio.,Amir,Amazon Translate
Las leyes de derechos civiles protegen la igualdad de oportunidades.,Amir,Amazon Translate
La multiplicación repite los procesos de suma de manera eficiente.,Amir,Amazon Translate
"Los continentes incluyen Asia, África y Europa.",Amir,Amazon Translate
La confianza fortalece las colaboraciones laborales.,Amir,Amazon Translate
La reflexión revisa las experiencias para mejorar la comprensión.,Amir,Amazon Translate
El catolicismo incluye sacramentos y tradiciones únicas.,Amir,Amazon Translate
La demografía rastrea los cambios en las poblaciones de los grupos.,Amir,Amazon Translate
Los chips de computadora procesan las señales electrónicas con rapidez.,Amir,Amazon Translate
Las cartas de referencia describen las calificaciones de los candidatos de manera neutral.,Amir,Amazon Translate
Madagascar es famosa por su diversidad de especies de vida silvestre.,Amir,Amazon Translate
Cocinar la cena a menudo reúne a las familias.,Amir,Amazon Translate
La división separa los artículos en partes iguales.,Amir,Amazon Translate
La empatía mejora las tasas de satisfacción del trabajo en equipo.,Amir,Amazon Translate
Los argumentos razonados utilizan pruebas sólidas.,Amir,Amazon Translate
Los sistemas judiciales interpretan y hacen cumplir las leyes de manera imparcial.,Amir,Amazon Translate
La tecnología inalámbrica transmite datos sin cables.,Amir,Amazon Translate
Las guías recomiendan las atracciones locales para los visitantes.,Amir,Amazon Translate
El estilo art déco floreció durante la década de 1920.,Amir,Amazon Translate
El río Danubio atraviesa Europa Central y Oriental.,Amir,Amazon Translate
La hidratación mejora la concentración durante la actividad física.,Amir,Amazon Translate
El ataque a Pearl Harbor ocurrió en diciembre de 1941.,Amir,Amazon Translate
Las variables algebraicas representan cantidades desconocidas.,Amir,Amazon Translate
Los insectos tienen seis patas anatómicamente.,Amir,Amazon Translate
El crecimiento personal sigue las prácticas regulares de autorreflexión.,Amir,Amazon Translate
Los errores lógicos se producen sin conexiones válidas.,Amir,Amazon Translate
El Islam fomenta la caridad a través de la entrega del zakat.,Amir,Amazon Translate
La votación pública decide los nombramientos de líderes.,Amir,Amazon Translate
Los léxicos organizan los significados de las palabras alfabéticamente.,Amir,Amazon Translate
Las sesiones parlamentarias establecen leyes nacionales de forma rutinaria.,Amir,Amazon Translate
La religión puede moldear los hábitos alimentarios.,Amir,Amazon Translate
Los grupos vecinales apoyan los programas de seguridad a nivel local.,Amir,Amazon Translate
Los catálogos organizan los artículos para una revisión organizada.,Amir,Amazon Translate
El grabado implica cortar imágenes o diseños en superficies.,Amir,Amazon Translate
El desierto de Gobi se extiende por el norte de China y Mongolia.,Amir,Amazon Translate
La abolición estadounidense puso fin oficialmente a la esclavitud.,Amir,Amazon Translate
Las máquinas de coser aumentan la velocidad de producción de prendas.,Amir,Amazon Translate
Los puntos decimales separan los números enteros de las fracciones.,Amir,Amazon Translate
La termodinámica explora las transformaciones de la energía térmica.,Amir,Amazon Translate
La compasión fortalece los lazos sociales.,Amir,Amazon Translate
Los estándares éticos guían las prioridades del lugar de trabajo.,Amir,Amazon Translate
Los santuarios sintoístas salpican el paisaje de Japón.,Amir,Amazon Translate
La legislación convierte las propuestas del gobierno en ley estatutaria.,Amir,Amazon Translate
Las microondas cocinan los alimentos agitando las moléculas de agua.,Amir,Amazon Translate
Los atlas consolidan las colecciones de mapas geográficamente.,Amir,Amazon Translate
La música punk rock surgió como protesta cultural.,Amir,Amazon Translate
"El lago Victoria limita con Uganda, Kenia y Tanzania.",Amir,Amazon Translate
Las clases aeróbicas coordinan el movimiento con los ritmos rítmicos.,Amir,Amazon Translate
La famosa Armada Española zarpó en 1588.,Amir,Amazon Translate
Las habilidades de reparación mantienen la funcionalidad de los equipos domésticos.,Amir,Amazon Translate
Los porcentajes comparan las proporciones fácilmente.,Amir,Amazon Translate
La meiosis produce células reproductoras a través de la división.,Amir,Amazon Translate
Las teorías de la física explican las fuerzas fundamentales.,Amir,Amazon Translate
La creatividad impulsa el desarrollo de nuevos productos.,Amir,Amazon Translate
La fe influye profundamente en las visiones del mundo.,Amir,Amazon Translate
Los días festivos marcan las celebraciones nacionales.,Amir,Amazon Translate
La banca en línea administra el dinero electrónicamente.,Amir,Amazon Translate
El debate respetuoso promueve sociedades armoniosas.,Amir,Amazon Translate
La gramática organiza las estructuras lingüísticas de forma coherente.,Amir,Amazon Translate
El arte impresionista resalta los efectos de luz y atmósfera.,Amir,Amazon Translate
"Los tetones se levantan en el oeste de Wyoming, EE. UU.",Amir,Amazon Translate
Los premios Nobel honran los logros científicos mundiales.,Amir,Amazon Translate
La clasificación clasifica los organismos por características y linaje.,Amir,Amazon Translate
La teoría de conjuntos apoya la lógica matemática avanzada.,Amir,Amazon Translate
Las tablas periódicas clasifican los elementos con precisión.,Amir,Amazon Translate
La escucha activa resuelve los malentendidos en las relaciones.,Amir,Amazon Translate
La ética de la virtud enfatiza el desarrollo del carácter moral.,Amir,Amazon Translate
El cristianismo ofrece esperanza en la salvación eterna.,Amir,Amazon Translate
Los deberes cívicos incluyen pagar impuestos de manera responsable.,Amir,Amazon Translate
La navegación por satélite localiza coordenadas específicas con precisión.,Amir,Amazon Translate
Los hipervínculos conectan el contenido del sitio web de forma interactiva.,Amir,Amazon Translate
El impresionismo introdujo nuevos estilos en la pintura.,Amir,Amazon Translate
La Gran Depresión comenzó en 1929.,Amir,Amazon Translate
Las transacciones bancarias incluyen depósitos y retiros.,Amir,Amazon Translate
El álgebra usa letras para valores desconocidos.,Amir,Amazon Translate
Charles Darwin desarrolló la teoría de la evolución.,Amir,Amazon Translate
La automotivación apoya el crecimiento personal.,Amir,Amazon Translate
El estoicismo enseña resiliencia emocional.,Amir,Amazon Translate
El cristianismo tiene muchas denominaciones en todo el mundo.,Amir,Amazon Translate
Los dispositivos GPS utilizan tecnología satelital.,Amir,Amazon Translate
Los manuales resumen la información básica rápidamente.,Amir,Amazon Translate
El lago Superior limita con Canadá y los Estados Unidos.,Amir,Amazon Translate
La hidratación afecta directamente al rendimiento mental.,Amir,Amazon Translate
La Primera Guerra Mundial terminó con el Tratado de Versalles.,Amir,Amazon Translate
La escuela exige la asistencia de los niños por ley.,Amir,Amazon Translate
Las tablas de multiplicar ayudan a resolver ecuaciones rápidamente.,Amir,Amazon Translate
La herencia genética transmite rasgos entre generaciones.,Amir,Amazon Translate
El lenguaje corporal se comunica sin palabras habladas.,Amir,Amazon Translate
El razonamiento abductivo saca conclusiones plausibles.,Amir,Amazon Translate
Las jerarquías sociales organizan a las personas en clases clasificadas.,Amir,Amazon Translate
Las aplicaciones móviles realizan funciones específicas en los teléfonos inteligentes.,Amir,Amazon Translate
Los índices ordenan alfabéticamente los temas para una fácil localización.,Amir,Amazon Translate
El cubismo fragmentó los temas en las artes visuales.,Amir,Amazon Translate
El monte Etna es el volcán más activo de Europa.,Amir,Amazon Translate
El entrenamiento básico fortalece los músculos de la espalda y el abdomen.,Amir,Amazon Translate
El orden cronológico organiza los eventos por tiempo.,Amir,Amazon Translate
Los supermercados ofrecen opciones de autoservicio.,Amir,Amazon Translate
Los decimales expresan fracciones mediante un sistema de puntos.,Amir,Amazon Translate
La energía puede ser cinética o potencial.,Amir,Amazon Translate
El refuerzo positivo fomenta los comportamientos repetidos.,Amir,Amazon Translate
La edad para votar varía de un país a otro.,Amir,Amazon Translate
Bluetooth permite que los dispositivos intercambien datos de forma inalámbrica.,Amir,Amazon Translate
Los grabados en madera producen grabados con bloques de madera tallados.,Amir,Amazon Translate
Los saltos de tijera aumentan la resistencia aeróbica.,Amir,Amazon Translate
Napoleón se coronó emperador de Francia.,Amir,Amazon Translate
Las agencias de viajes organizan el transporte y el alojamiento.,Amir,Amazon Translate
La división calcula cuántas veces uno encaja en otro.,Amir,Amazon Translate
El ADN contiene instrucciones para los procesos de la vida.,Amir,Amazon Translate
Las emociones saludables mejoran la toma de decisiones diarias.,Amir,Amazon Translate
Las paradojas desafían lógicamente las verdades convencionales.,Amir,Amazon Translate
El anglicanismo surgió durante el período de la Reforma de Inglaterra.,Amir,Amazon Translate
Las leyes regulan las acciones y disputas públicas.,Amir,Amazon Translate
El seguro médico ayuda a cubrir los costos médicos.,Amir,Amazon Translate
Las guías de usuario explican paso a paso las herramientas de software.,Amir,Amazon Translate
El jazz fusionó las tradiciones musicales africanas y europeas.,Amir,Amazon Translate
Las bandas de resistencia ayudan a los ejercicios de fuerza muscular.,Amir,Amazon Translate
Los ferrocarriles transcontinentales unieron históricamente regiones distantes.,Amir,Amazon Translate
La adición de conjuntos aumenta matemáticamente el tamaño de la colección.,Amir,Amazon Translate
Las partículas de neutrones no tienen carga eléctrica.,Amir,Amazon Translate
Las habilidades de aprendizaje mejoran la adaptabilidad en el trabajo.,Amir,Amazon Translate
Los LED emiten luz con poco calor generado.,Amir,Amazon Translate
Los himnarios recopilan canciones religiosas para el culto grupal.,Amir,Amazon Translate
Stonehenge se erige como monumento prehistórico en Inglaterra.,Amir,Amazon Translate
Las bicicletas de spinning simulan el ejercicio de ciclismo al aire libre.,Amir,Amazon Translate
Martín Lutero promovió las reformas protestantes.,Amir,Amazon Translate
El comercio electrónico permite realizar transacciones comerciales en línea a nivel mundial.,Amir,Amazon Translate
La fotosíntesis almacena la energía solar en las plantas.,Amir,Amazon Translate
La topología examina las propiedades que no han sido alteradas por la deformación.,Amir,Amazon Translate
La empatía crea conexiones sólidas con los compañeros.,Amir,Amazon Translate
El pragmatismo se centra en los resultados prácticos de las ideas.,Amir,Amazon Translate
Las normas dan forma a las expectativas sociales de comportamiento.,Amir,Amazon Translate
Los glosarios definen los términos de referencia.,Amir,Amazon Translate
Sumi-e representa pinturas a tinta japonesa.,Amir,Amazon Translate
Los montes Urales dividen Europa y Asia geográficamente.,Amir,Amazon Translate
El Pilates mejora la postura y la estabilidad del tronco.,Amir,Amazon Translate
Los abolicionistas lucharon contra la esclavitud en el siglo XIX.,Amir,Amazon Translate
Los textiles implican tejer fibras en productos textiles.,Amir,Amazon Translate
Las ecuaciones muestran claramente las relaciones matemáticas.,Amir,Amazon Translate
La evaporación convierte el agua líquida en gas.,Amir,Amazon Translate
La consistencia fomenta la confianza en las interacciones a largo plazo.,Amir,Amazon Translate
Los argumentos ontológicos debaten la existencia de realidades superiores.,Amir,Amazon Translate
La adoración a la naturaleza presenta reverencia por las fuerzas naturales.,Amir,Amazon Translate
Los miembros del consejo promulgan políticas de gobierno local.,Amir,Amazon Translate
La investigación de vacunas previene los brotes de enfermedades virales.,Amir,Amazon Translate
Los menús de inicio rápido simplifican la configuración electrónica.,Amir,Amazon Translate
El río Yangtze forma la vía fluvial más larga de China.,Amir,Amazon Translate
La calistenia desarrolla el control corporal con un equipo mínimo.,Amir,Amazon Translate
Trail of Tears desplazó a las comunidades nativas americanas.,Amir,Amazon Translate
El servicio de catering ofrece servicios de alimentación para grupos o eventos.,Amir,Amazon Translate
Las fracciones indican cantidades parciales de unidades enteras.,Amir,Amazon Translate
La curiosidad inspira a los inventores a resolver problemas.,Amir,Amazon Translate
La deducción aplica reglas conocidas para llegar a conclusiones.,Amir,Amazon Translate
Los mitos de la creación explican culturalmente los orígenes del universo.,Amir,Amazon Translate
Los gremios regulaban la artesanía y las profesiones medievales.,Amir,Amazon Translate
Los drones capturan fotos aéreas mediante control remoto.,Amir,Amazon Translate
Las enciclopedias presentan datos verificados para los lectores.,Amir,Amazon Translate
Un libro informativo recopila estadísticas esenciales sobre los países.,Amir,Amazon Translate
La música pop a menudo incluye estribillos repetitivos.,Amir,Amazon Translate
Beber té hidrata como el agua.,Amir,Amazon Translate
La revolución industrial comenzó en Gran Bretaña.,Amir,Amazon Translate
La observación de aves registra los avistamientos y comportamientos de las especies.,Amir,Amazon Translate
La multiplicación encuentra el total de grupos iguales.,Amir,Amazon Translate
Los relámpagos son el resultado de la unión de cargas negativas y positivas.,Amir,Amazon Translate
Aristóteles escribió obras influyentes sobre lógica y ciencia.,Amir,Amazon Translate
El trabajo en equipo mejora la productividad del grupo.,Amir,Amazon Translate
El pensamiento racional se basa en pasos razonados.,Amir,Amazon Translate
"El zoroastrismo adora a un dios, Ahura Mazda.",Amir,Amazon Translate
El matrimonio une a los cónyuges en un contrato social.,Amir,Amazon Translate
Los navegadores web muestran información de los sitios web de Internet.,Amir,Amazon Translate
Los libros electrónicos proporcionan una lectura accesible a través de dispositivos digitales.,Amir,Amazon Translate
La danza moderna enfatiza el movimiento expresivo.,Amir,Amazon Translate
El monte Everest limita con Nepal y China.,Amir,Amazon Translate
La cocción requiere medidas precisas para tener éxito.,Amir,Amazon Translate
Los gráficos visualizan las relaciones matemáticas.,Amir,Amazon Translate
La fotosíntesis produce moléculas ricas en energía en las plantas.,Amir,Amazon Translate
El altruismo significa ayudar a los demás sin esperar una recompensa.,Amir,Amazon Translate
La formulación de hipótesis guía la investigación posterior.,Amir,Amazon Translate
El sijismo enseña creencias sobre una vida honesta.,Amir,Amazon Translate
Las leyes garantizan el orden en las sociedades.,Amir,Amazon Translate
El trabajo remoto permite el empleo fuera de las oficinas tradicionales.,Amir,Amazon Translate
Los nombres de usuario identifican a las personas en las plataformas de Internet.,Amir,Amazon Translate
Los catálogos organizan los artículos para una navegación sistemática.,Amir,Amazon Translate
El arte cerámico da forma a la arcilla y luego la quema.,Amir,Amazon Translate
Venecia se encuentra en lo alto de una red de canales.,Amir,Amazon Translate
La Guerra Fría vio una división ideológica entre el este y el oeste.,Amir,Amazon Translate
La investigación de mercado informa la estrategia de desarrollo de productos.,Amir,Amazon Translate
Divida las cantidades de piezas en unidades más pequeñas.,Amir,Amazon Translate
La tranquilidad reduce la sensación de ansiedad.,Amir,Amazon Translate
La heurística simplifica las tareas complejas de resolución de problemas.,Amir,Amazon Translate
La peregrinación fomenta el crecimiento de la identidad religiosa.,Amir,Amazon Translate
Los marcos éticos debaten los estándares de acción correcta.,Amir,Amazon Translate
Los medios de comunicación transmiten noticias en todo el mundo.,Amir,Amazon Translate
La tecnología de baterías alimenta los dispositivos electrónicos portátiles.,Amir,Amazon Translate
Los resúmenes acortan los artículos para una referencia más rápida.,Amir,Amazon Translate
Los artistas barrocos enfatizaron los contrastes visuales dramáticos.,Amir,Amazon Translate
Correr apoya la resistencia cardiovascular.,Amir,Amazon Translate
Los derechos civiles estadounidenses aseguraron la protección de los votantes.,Amir,Amazon Translate
Los minoristas ofrecen productos directamente a los compradores.,Amir,Amazon Translate
Las fracciones expresan proporciones o comparaciones.,Amir,Amazon Translate
Las leyes de Kepler explican el movimiento de los planetas.,Amir,Amazon Translate
Las reacciones químicas solo reorganizan los enlaces atómicos.,Amir,Amazon Translate
El mérito aumenta las posibilidades de ascenso en el lugar de trabajo.,Amir,Amazon Translate
El análisis de los datos aclara las decisiones o tendencias.,Amir,Amazon Translate
Las oraciones musulmanas se realizan cinco veces al día.,Amir,Amazon Translate
Los parlamentos legislan las leyes nacionales democráticamente.,Amir,Amazon Translate
Bluetooth sincroniza los dispositivos a corta distancia.,Amir,Amazon Translate
Los glosarios simplifican los términos especializados de los textos.,Amir,Amazon Translate
Los muralistas usan paredes para pinturas a gran escala.,Amir,Amazon Translate
Las Montañas Rocosas se extienden por el oeste de Norteamérica.,Amir,Amazon Translate
El taichí combina las artes marciales con el enfoque meditativo.,Amir,Amazon Translate
Las librerías venden libros impresos o electrónicos.,Amir,Amazon Translate
Los decimales van más allá de los números enteros.,Amir,Amazon Translate
Las especies clave estabilizan los ecosistemas en general.,Amir,Amazon Translate
Llevar un diario ayuda a aclarar los pensamientos personales.,Amir,Amazon Translate
El relativismo sugiere que las verdades dependen de las perspectivas.,Amir,Amazon Translate
Las prácticas animistas veneran a los espíritus de los antepasados.,Amir,Amazon Translate
Los municipios brindan servicios de gobierno local.,Amir,Amazon Translate
Los desarrolladores de aplicaciones escriben software para teléfonos inteligentes.,Amir,Amazon Translate
Las listas de enlaces conectan temas relacionados en los documentos.,Amir,Amazon Translate
Las sinfonías contienen varios movimientos que se tocan juntos.,Amir,Amazon Translate
Los ejercicios aeróbicos acuáticos proporcionan una gran resistencia para el ejercicio.,Amir,Amazon Translate
La Declaración Universal de Derechos Humanos garantiza las libertades básicas.,Amir,Amazon Translate
Los cocineros profesionales se especializan en diversas cocinas.,Amir,Amazon Translate
Los lugares se organizan según las coordenadas de latitud y longitud.,Amir,Amazon Translate
La electricidad se mueve cuando los electrones fluyen libremente.,Amir,Amazon Translate
La teselación repite patrones geométricos sin problemas.,Amir,Amazon Translate
La comprensión de las metáforas mejora la fluidez del lenguaje.,Amir,Amazon Translate
El consecuencialismo sopesa los resultados antes de tomar decisiones.,Amir,Amazon Translate
Las fiestas judías siguen una estructura de calendario lunar.,Amir,Amazon Translate
Las encuestas del censo recopilan estadísticas demográficas de la población.,Amir,Amazon Translate
Los motores de búsqueda encuentran páginas web utilizando palabras clave.,Amir,Amazon Translate
Las guías prácticas enseñan nuevas habilidades de manera metódica.,Amir,Amazon Translate
El grabado crea imágenes cortando superficies metálicas.,Amir,Amazon Translate
Manila es la capital de Filipinas.,Amir,Amazon Translate
Los deportes grupales apoyan el trabajo en equipo y el juego limpio.,Amir,Amazon Translate
El comercio triangular influyó en las economías de colonización a nivel mundial.,Amir,Amazon Translate
La densidad indica qué tan compacta está estructuralmente la materia.,Amir,Amazon Translate
Los comentarios positivos fomentan la repetición de acciones.,Amir,Amazon Translate
El consentimiento informado respeta la autonomía de los participantes en la toma de decisiones.,Amir,Amazon Translate
El cristianismo ortodoxo mantiene la liturgia tradicional.,Amir,Amazon Translate
Las campañas intentan influir en la opinión pública.,Amir,Amazon Translate
Los libros de referencia proporcionan datos para una consulta rápida.,Amir,Amazon Translate
Los museos exhiben arte y objetos históricos públicamente.,Amir,Amazon Translate
Estambul se extiende por dos continentes: Europa y Asia.,Amir,Amazon Translate
El ciclismo aumenta la resistencia cardiorrespiratoria.,Amir,Amazon Translate
El Día D ocurrió el 6 de junio de 1944.,Amir,Amazon Translate
Los conductores profesionales requieren licencias específicas.,Amir,Amazon Translate
Las fracciones muestran partes menores que un todo.,Amir,Amazon Translate
El optimismo fomenta la resiliencia en la adversidad.,Amir,Amazon Translate
El sesgo cognitivo influye en el juicio de manera subconsciente.,Amir,Amazon Translate
El taoísmo hace hincapié en el equilibrio con la naturaleza.,Amir,Amazon Translate
Los archivos adjuntos de correo electrónico transmiten archivos electrónicamente.,Amir,Amazon Translate
Los dispositivos domésticos inteligentes automatizan las funciones del hogar.,Amir,Amazon Translate
El haiku usa tres líneas con sílabas fijas.,Amir,Amazon Translate
Petra es una antigua ciudad de piedra en Jordania.,Amir,Amazon Translate
El baile aeróbico mejora la coordinación y la resistencia.,Amir,Amazon Translate
El arte renacentista revivió las técnicas griegas clásicas.,Amir,Amazon Translate
La preparación de comidas organiza la comida para horarios apretados.,Amir,Amazon Translate
La trigonometría explora las relaciones entre los ángulos de los triángulos.,Amir,Amazon Translate
Los intereses personales impulsan las elecciones recreativas.,Amir,Amazon Translate
El sesgo de confirmación distorsiona la interpretación objetiva de la evidencia.,Amir,Amazon Translate
Los rituales sintoístas respetan a los espíritus ancestrales.,Amir,Amazon Translate
Los jurados deciden la culpabilidad o la inocencia en los juicios.,Amir,Amazon Translate
Las tiendas de aplicaciones distribuyen el software de forma digital.,Amir,Amazon Translate
Las bibliografías aumentan la credibilidad en la investigación académica.,Amir,Amazon Translate
Los diseños de batik utilizan cera para resistir el tinte sobre la tela.,Amir,Amazon Translate
Mónaco es el principado más pequeño del mundo.,Amir,Amazon Translate
Los ejercicios con el peso corporal no necesitan ningún equipo especial.,Amir,Amazon Translate
La Revolución Francesa estableció un gobierno republicano.,Amir,Amazon Translate
El servicio de atención al cliente gestiona las inquietudes y comentarios de los clientes.,Amir,Amazon Translate
Los gases nobles son elementos químicamente no reactivos.,Amir,Amazon Translate
La adaptación ayuda a las especies a sobrevivir al cambio ambiental.,Amir,Amazon Translate
La presión de grupo moldea profundamente los comportamientos de los adolescentes.,Amir,Amazon Translate
El establecimiento de objetivos logra un progreso mensurable a lo largo del tiempo.,Amir,Amazon Translate
Los relativistas niegan la existencia de verdades morales universales.,Amir,Amazon Translate
Las obras públicas benefician a la sociedad a través de proyectos de infraestructura.,Amir,Amazon Translate
Las pantallas táctiles permiten al usuario introducir información mediante el contacto con la punta de los dedos.,Amir,Amazon Translate
Los bibliotecarios organizan y mantienen los recursos informativos.,Amir,Amazon Translate
La arquitectura románica presenta arcos redondeados y paredes gruesas.,Amir,Amazon Translate
El río Amazonas atraviesa Brasil y Perú.,Amir,Amazon Translate
La frecuencia del pulso mide los latidos del corazón por minuto.,Amir,Amazon Translate
Los acuerdos de tratados resuelven las disputas entre las naciones.,Amir,Amazon Translate
El comercio electrónico permite la venta directa en línea.,Amir,Amazon Translate
Los decimales representan numéricamente unidades parciales.,Amir,Amazon Translate
La ósmosis difunde el agua a través de las membranas de forma natural.,Amir,Amazon Translate
La asertividad expresa opiniones con respeto.,Amir,Amazon Translate
La lógica deductiva deriva aspectos específicos de las afirmaciones generales.,Amir,Amazon Translate
La creencia panteísta equipara la divinidad con el universo.,Amir,Amazon Translate
Los mercados facilitan el intercambio de bienes a nivel local o mundial.,Amir,Amazon Translate
Las prácticas sostenibles tienen como objetivo conservar los recursos naturales.,Amir,Amazon Translate
Las guías de usuario proporcionan instrucciones paso a paso sobre el producto.,Amir,Amazon Translate
Los collages digitales combinan imágenes mediante herramientas de edición.,Amir,Amazon Translate
Los remeros se fortalecen remando en botes de forma competitiva.,Amir,Amazon Translate
La Organización Mundial de la Salud establece las normas sanitarias mundiales.,Amir,Amazon Translate
Las agencias de viajes organizan viajes y excursiones turísticas.,Amir,Amazon Translate
La flotabilidad mantiene los objetos a flote en los fluidos.,Amir,Amazon Translate
Los modelos de conducta positivos inspiran cambios de comportamiento constructivos.,Amir,Amazon Translate
Los datos empíricos validan las hipótesis científicas.,Amir,Amazon Translate
Los sacramentos cristianos marcan etapas importantes de la vida.,Amir,Amazon Translate
Los gobiernos federales dividen el poder entre los niveles.,Amir,Amazon Translate
El almacenamiento en la nube hace copias de seguridad de los archivos importantes de forma remota.,Amir,Amazon Translate
Las bibliografías anotadas describen brevemente cada fuente.,Amir,Amazon Translate
El tallado en madera crea diseños decorativos en superficies de madera.,Amir,Amazon Translate
El valle del Loira alberga muchos castillos en Francia.,Amir,Amazon Translate
La expansión colonial dio forma a las geografías de todo el mundo.,Amir,Amazon Translate
Los gráficos circulares visualizan las proporciones en los datos estadísticos.,Amir,Amazon Translate
Newton descubrió la gravedad tras observar la caída de manzanas.,Amir,Amazon Translate
Las rocas sedimentarias se forman a partir de capas minerales comprimidas.,Amir,Amazon Translate
La colaboración acelera la resolución de problemas en los equipos.,Amir,Amazon Translate
El judaísmo celebra la Pascua todos los años en primavera.,Amir,Amazon Translate
Los parques nacionales protegen la vida silvestre y los paisajes únicos.,Amir,Amazon Translate
La agregación de enlaces agrupa las conexiones de red de manera eficiente.,Amir,Amazon Translate
La música rap usa letras habladas rítmicas en lugar de ritmos.,Amir,Amazon Translate
Ottawa es la capital de Canadá.,Amir,Amazon Translate
El Muro de Berlín simbolizaba la división de la Guerra Fría en Europa.,Amir,Amazon Translate
Los autónomos prestan servicios sin contratos de trabajo a largo plazo.,Amir,Amazon Translate
Los porcentajes comparan números con 100 como punto de referencia.,Amir,Amazon Translate
Las ondas sonoras requieren un medio de transmisión.,Amir,Amazon Translate
Marie Curie investigó ampliamente la radiactividad.,Amir,Amazon Translate
La autodisciplina promueve el logro de objetivos a largo plazo.,Amir,Amazon Translate
"Las deidades hindúes incluyen a Vishnu, Shiva y Brahma.",Amir,Amazon Translate
Los jueces interpretan las leyes dentro de los sistemas judiciales.,Amir,Amazon Translate
Las carteras digitales permiten realizar transacciones sin efectivo utilizando teléfonos inteligentes.,Amir,Amazon Translate
Las pantallas táctiles detectan electrónicamente los movimientos de los dedos o del lápiz.,Amir,Amazon Translate
El arte de la acuarela utiliza pigmentos mezclados con agua.,Amir,Amazon Translate
La aptitud aeróbica mejora la eficiencia cardíaca y pulmonar.,Amir,Amazon Translate
Las catedrales góticas presentan arcos apuntados y vidrieras.,Amir,Amazon Translate
El horario de las comidas regula la energía a lo largo del día.,Amir,Amazon Translate
La fotosíntesis libera oxígeno a la atmósfera terrestre.,Amir,Amazon Translate
Las redes de apoyo social mejoran el bienestar emocional.,Amir,Amazon Translate
La metacognición significa pensar en tus propios pensamientos.,Amir,Amazon Translate
Los panteístas creen que la divinidad existe en todo lo natural.,Amir,Amazon Translate
Las elecciones a la alcaldía controlan el liderazgo del gobierno local.,Amir,Amazon Translate
La televisión transmite señales de vídeo a pantallas digitales.,Amir,Amazon Translate
Los mensajes cifrados aumentan la privacidad en línea y la seguridad de los datos.,Amir,Amazon Translate
Los tapices cuentan historias a través de imágenes de telas tejidas.,Amir,Amazon Translate
Singapur es tanto una ciudad como un país.,Amir,Amazon Translate
La terapia acuática rehabilita las lesiones con resistencia al agua.,Amir,Amazon Translate
La Revolución Francesa abolió la monarquía de forma permanente.,Amir,Amazon Translate
Los comentarios de los clientes moldean las decisiones de desarrollo de productos.,Amir,Amazon Translate
Compartir divide las posesiones entre varios destinatarios.,Amir,Amazon Translate
La materia cambia de estado de líquido a gas al hervir.,Amir,Amazon Translate
La transpiración traslada la humedad de las hojas al aire.,Amir,Amazon Translate
Las amistades saludables reducen los niveles generales de estrés.,Amir,Amazon Translate
Las analogías ilustran ideas desconocidas utilizando conceptos familiares.,Amir,Amazon Translate
Los códigos éticos protegen los derechos y la dignidad en el trabajo.,Amir,Amazon Translate
Las sucursales bancarias administran las cuentas financieras a nivel local.,Amir,Amazon Translate
Los diseñadores utilizan software de modelado 3D para los prototipos.,Amir,Amazon Translate
Las pinturas murales de Ndebele son símbolos culturales en Sudáfrica.,Amir,Amazon Translate
La cuerda para saltar aumenta la velocidad del pie de manera efectiva.,Amir,Amazon Translate
El Día de la Independencia de Vietnam celebra la liberación nacional.,Amir,Amazon Translate
Los grandes minoristas venden grandes volúmenes de bienes de consumo.,Amir,Amazon Translate
Los gráficos circulares muestran visualmente los porcentajes relativos.,Amir,Amazon Translate
El cero absoluto es la temperatura más baja posible medida.,Amir,Amazon Translate
El análisis de los resultados de los experimentos lleva a conclusiones científicas.,Amir,Amazon Translate
Los voluntarios de servicio comunitario aportan habilidades para el beneficio común.,Amir,Amazon Translate
Los automóviles ahora usan sistemas de gestión de motores controlados por computadora.,Amir,Amazon Translate
El monte McKinley (Denali) es el punto más alto de Norteamérica.,Amir,Amazon Translate
El Día de la Victoria en Europa marca el final de la Segunda Guerra Mundial en Europa.,Amir,Amazon Translate
Los consultores asesoran sobre cuestiones profesionales especializadas.,Amir,Amazon Translate
Los decimales expresan valores de décimas o centésimas de forma sencilla.,Amir,Amazon Translate
Los perros de terapia visitan los hospitales para consolar a los pacientes.,Amir,Amazon Translate
Las zonas horarias alinean la configuración del reloj en todas las ubicaciones del mundo.,Amir,Amazon Translate
Las afirmaciones positivas refuerzan las creencias de autoestima.,Amir,Amazon Translate
Los axiomas sirven como puntos de partida fundamentales en el razonamiento.,Amir,Amazon Translate
Los filósofos materialistas limitan la realidad a la materia física únicamente.,Amir,Amazon Translate
Las oraciones piden orientación o ayuda a las deidades.,Amir,Amazon Translate
Los feriados legales varían según la jurisdicción cada año.,Amir,Amazon Translate
Los libros electrónicos amplían el acceso digital a las bibliotecas en todo el mundo.,Amir,Amazon Translate
La ilustración de pizarra graba líneas blancas en superficies negras.,Amir,Amazon Translate
"El Parque Nacional de Yosemite se encuentra en Sierra Nevada, California.",Amir,Amazon Translate
"Las artes marciales promueven la concentración, la disciplina y el respeto.",Amir,Amazon Translate
Las convenciones constitucionales redactan nuevos documentos de gobierno.,Amir,Amazon Translate
Las máquinas hidráulicas funcionan mediante fluidos presurizados.,Amir,Amazon Translate
La resta resta los números más pequeños de los más grandes.,Amir,Amazon Translate
"Históricamente, Ohlone vivió a lo largo de la costa central de California.",Amir,Amazon Translate
La representación proporcional asigna los escaños políticos de manera uniforme.,Amir,Amazon Translate
Las varillas de grafito conducen la electricidad de manera eficiente en las baterías.,Amir,Amazon Translate
Los terremotos liberan energía sísmica que provoca el movimiento del suelo.,Amir,Amazon Translate
Los mentores inspiran el crecimiento de los aprendices a través de experiencias compartidas.,Amir,Amazon Translate
La ética basada en reglas enfatiza el seguimiento estricto de los principios.,Amir,Amazon Translate
Los pioneros mormones se establecieron en el valle del Lago Salado de Utah.,Amir,Amazon Translate
Las cámaras aprueban proyectos de ley para hacer leyes.,Amir,Amazon Translate
Los autos inteligentes integran sensores y controles de seguridad automatizados.,Amir,Amazon Translate
Una guía telefónica contiene la información de contacto residencial y comercial.,Amir,Amazon Translate
"Zúrich, Suiza, se encuentra en la costa norte del lago de Zúrich.",Amir,Amazon Translate
El cuidado de niños implica responsabilidades de cuidado infantil a corto plazo.,Amir,Amazon Translate
La superficie de la Tierra se compone principalmente de agua.,Amir,Amazon Translate
Isaac Newton desarrolló tres leyes del movimiento.,Amir,Amazon Translate
La amistad brinda seguridad emocional a lo largo del tiempo.,Amir,Amazon Translate
La deliberación considera las opciones antes de tomar decisiones.,Amir,Amazon Translate
Las creencias sijs enfatizan la igualdad ante Dios.,Amir,Amazon Translate
El Parlamento autoriza nuevos impuestos o proyectos de ley de gastos.,Amir,Amazon Translate
Los servicios de streaming ofrecen contenido de vídeo a través de Internet.,Amir,Amazon Translate
Los teclados inalámbricos se comunican con las computadoras mediante señales de radio.,Amir,Amazon Translate
Los grafitis pueden expresar mensajes de protesta política.,Amir,Amazon Translate
La Ciudad de México se encuentra a gran altura sobre el nivel del mar.,Amir,Amazon Translate
El entrenamiento de fuerza quema calorías más rápido que caminar.,Amir,Amazon Translate
La civilización azteca floreció en el centro de México.,Amir,Amazon Translate
Las recetas de sopa combinan ingredientes cocidos a fuego lento en líquido.,Amir,Amazon Translate
El magnetismo mueve las agujas de la brújula hacia los polos magnéticos.,Amir,Amazon Translate
La información nutricional etiquete el contenido del paquete de alimentos.,Amir,Amazon Translate
La inferencia deductiva aplica reglas a un caso.,Amir,Amazon Translate
Los koans zen desafían el pensamiento habitual.,Amir,Amazon Translate
Los comités revisan las propuestas legislativas para detectar posibles cambios.,Amir,Amazon Translate
Las aplicaciones móviles permiten a los usuarios realizar operaciones bancarias desde casa.,Amir,Amazon Translate
Los manuales se pueden actualizar mediante descargas electrónicas.,Amir,Amazon Translate
Las vidrieras colorean la luz del sol que entra en las catedrales.,Amir,Amazon Translate
La Patagonia cubre las regiones del sur de Argentina y Chile.,Amir,Amazon Translate
Los cráneos de remo desarrollan la fuerza muscular de la parte superior del cuerpo.,Amir,Amazon Translate
El puente aéreo de Berlín suministró a Berlín Occidental durante el bloqueo.,Amir,Amazon Translate
Los patios de comidas agrupan varios restaurantes.,Amir,Amazon Translate
Las fracciones comparan números que no están divididos de manera uniforme.,Amir,Amazon Translate
La lava se enfría y forma capas de rocas ígneas.,Amir,Amazon Translate
El juicio evalúa las alternativas para obtener los mejores resultados.,Amir,Amazon Translate
Las estadísticas utilizan muestras para inferir acerca de las poblaciones.,Amir,Amazon Translate
La ética de la virtud destaca actuar con buena intención.,Amir,Amazon Translate
Los consulados ofrecen asistencia a los nacionales en el extranjero.,Amir,Amazon Translate
Los iconos de las aplicaciones suelen simbolizar las funciones clave de la aplicación.,Amir,Amazon Translate
Las áreas de observación pública permiten la observación segura de la vida silvestre.,Amir,Amazon Translate
Los esquís acuáticos se deslizan rápidamente por las superficies de los lagos.,Amir,Amazon Translate
El patinaje activa los músculos centrales y de las piernas por igual.,Amir,Amazon Translate
Los tratados reconocen la independencia nacional una vez finalizada la guerra.,Amir,Amazon Translate
Las ferreterías venden herramientas y materiales de construcción.,Amir,Amazon Translate
Los decimales permiten una comparación precisa de las mediciones.,Amir,Amazon Translate
El rocío se forma cuando el aire se enfría por debajo del punto de saturación.,Amir,Amazon Translate
Los argumentos persuasivos se basan en una lógica sólida.,Amir,Amazon Translate
Las doctrinas resumen las enseñanzas religiosas oficiales.,Amir,Amazon Translate
Los fideicomisarios administran la propiedad en nombre de los beneficiarios.,Amir,Amazon Translate
Las cámaras de seguridad impiden el robo en los espacios públicos.,Amir,Amazon Translate
El aprendizaje automático automatiza el análisis de grandes conjuntos de datos.,Amir,Amazon Translate
Los capítulos organizan el contenido del libro en secciones lógicas.,Amir,Amazon Translate
La pintura con arena se usa en ceremonias culturales.,Amir,Amazon Translate
Ben Nevis es la montaña más alta de Escocia.,Amir,Amazon Translate
"El parkour combina correr, saltar y escalar obstáculos sin problemas.",Amir,Amazon Translate
La imprenta revolucionó la comunicación de masas para siempre.,Amir,Amazon Translate
Los catálogos de venta por correo precedieron a las oportunidades de compra en línea.,Amir,Amazon Translate
La simetría crea composiciones artísticas visualmente equilibradas.,Amir,Amazon Translate
La tectónica de placas explica los terremotos en el Cinturón de Fuego del Pacífico.,Amir,Amazon Translate
La energía solar alimenta los paneles de los tejados de manera eficiente.,Amir,Amazon Translate
Las cartas de agradecimiento expresan aprecio de manera significativa.,Amir,Amazon Translate
La inducción desarrolla teorías después de observar tendencias comunes.,Amir,Amazon Translate
La vida monástica enfatiza la simplicidad y el servicio comunitario.,Amir,Amazon Translate
Los donantes de la campaña financian las actividades electorales de forma voluntaria.,Amir,Amazon Translate
La programación define claramente las tareas informáticas paso a paso.,Amir,Amazon Translate
El orden alfabético organiza los libros de la biblioteca fácilmente.,Amir,Amazon Translate
Los álbumes de recortes conservan recuerdos en álbumes decorados.,Amir,Amazon Translate
Los bancos prestan dinero en función de los depósitos recibidos.,Amir,Amazon Translate
El concierto presenta un instrumento solista sobre un fondo orquestal.,Amir,Amazon Translate
Las Islas Malvinas se encuentran al este de la costa sudamericana.,Amir,Amazon Translate
La escalada de paredes requiere un movimiento y un agarre coordinados.,Amir,Amazon Translate
La Proclamación de Emancipación puso fin a la esclavitud en los estados rebeldes estadounidenses.,Amir,Amazon Translate
Los cronogramas de pago de la deuda requieren pagos puntuales.,Amir,Amazon Translate
El valor posicional da a los dígitos diferentes significados de magnitud.,Amir,Amazon Translate
Las fuerzas de flotación explican por qué los objetos flotan en los líquidos.,Amir,Amazon Translate
Los espejos reflectantes dan forma a una simetría visual.,Amir,Amazon Translate
El pensamiento utilitarista mide la felicidad total en las decisiones.,Amir,Amazon Translate
La ordenación formaliza la autoridad del clero dentro de las denominaciones.,Amir,Amazon Translate
La reforma penitenciaria aboga por aumentar los esfuerzos de rehabilitación.,Amir,Amazon Translate
Las llaves de tubo giran los pernos y tuercas con fuerza.,Amir,Amazon Translate
Las redes sociales permiten una rápida difusión de noticias en todo el mundo.,Amir,Amazon Translate
Un libro de estilo proporciona pautas para la coherencia de la escritura.,Amir,Amazon Translate
El realismo en el arte representa la vida cotidiana con precisión.,Amir,Amazon Translate
"El Cairo es la capital de Egipto, cerca del delta del Nilo.",Amir,Amazon Translate
La peste negra mató a millones de personas durante la época medieval.,Amir,Amazon Translate
Los cajeros procesan las transacciones en los puntos de venta.,Amir,Amazon Translate
El cero es un marcador de posición en nuestro sistema numérico.,Amir,Amazon Translate
Los electrones orbitan los núcleos atómicos en capas.,Amir,Amazon Translate
Marie Curie ganó dos premios Nobel.,Amir,Amazon Translate
La crítica constructiva mejora el rendimiento o las habilidades.,Amir,Amazon Translate
La memoria a corto plazo se desvanece rápidamente en cuestión de minutos.,Amir,Amazon Translate
Las enseñanzas confucianas enfatizan el respeto y los deberes filiales.,Amir,Amazon Translate
Los municipios supervisan la planificación y los servicios locales.,Amir,Amazon Translate
Las aplicaciones de pago móvil transfieren fondos electrónicamente.,Amir,Amazon Translate
Los altavoces inalámbricos utilizan Bluetooth para recibir audio.,Amir,Amazon Translate
El esmalte cerámico crea un acabado brillante e impermeable.,Amir,Amazon Translate
Los venecianos viajan en góndola por los canales de la ciudad.,Amir,Amazon Translate
El entrenamiento cruzado alterna los entrenamientos para prevenir lesiones.,Amir,Amazon Translate
La arquitectura barroca presenta detalles ornamentados.,Amir,Amazon Translate
Las porciones de comida afectan la ingesta de calorías y el metabolismo.,Amir,Amazon Translate
La refracción desvía la luz a través de diferentes materiales.,Amir,Amazon Translate
La fuerza de voluntad resiste la tentación de manera consistente.,Amir,Amazon Translate
La analogía ayuda a explicar los nuevos conceptos de forma sencilla.,Amir,Amazon Translate
Los escritores trascendentalistas preferían la naturaleza por encima de la sociedad industrial.,Amir,Amazon Translate
Los feligreses asisten juntos a los servicios de adoración regulares.,Amir,Amazon Translate
Los debates presentan puntos de vista diferentes sobre temas específicos.,Amir,Amazon Translate
Los tutoriales facilitan el aprendizaje autoguiado en línea.,Amir,Amazon Translate
Los libros de patrones ilustran las manualidades paso a paso.,Amir,Amazon Translate
Los frescos decoran las capillas con coloridas pinturas murales.,Amir,Amazon Translate
Las comunidades masai se extienden por Kenia y Tanzania.,Amir,Amazon Translate
Las artes marciales aumentan la agilidad y la disciplina.,Amir,Amazon Translate
Jamestown fue el primer asentamiento permanente de Inglaterra en Estados Unidos.,Amir,Amazon Translate
Las impresoras de recibos producen comprobantes de verificación de pagos al instante.,Amir,Amazon Translate
Las fases lunares varían a lo largo de cada mes.,Amir,Amazon Translate
La inclusión garantiza la igualdad de trato independientemente de las diferencias.,Amir,Amazon Translate
Las probabilidades calculan matemáticamente los riesgos esperados.,Amir,Amazon Translate
Los códigos morales proporcionan normas colectivas de comportamiento.,Amir,Amazon Translate
Las tradiciones místicas exploran directamente la unión espiritual.,Amir,Amazon Translate
La Declaración de Derechos protege las libertades estadounidenses básicas.,Amir,Amazon Translate
Los mandos a distancia universales funcionan con varios dispositivos electrónicos.,Amir,Amazon Translate
"Históricamente, la fotografía con tintype utilizó planchas de metal.",Amir,Amazon Translate
El estrecho del Bósforo divide Estambul en Europa y Asia.,Amir,Amazon Translate
"El kayak fortalece los músculos de la espalda, los brazos y el tronco.",Amir,Amazon Translate
La Convención de Ginebra establece los principios humanitarios en tiempos de guerra.,Amir,Amazon Translate
Los artesanos elaboran objetos utilizando técnicas especializadas.,Amir,Amazon Translate
Las hojas de cálculo que se pueden compartir ayudan a la gestión de proyectos en equipo.,Amir,Amazon Translate
Los exponentes negativos representan los recíprocos de los números.,Amir,Amazon Translate
Las zonas de subducción se producen donde las placas tectónicas se encuentran.,Amir,Amazon Translate
Los gráficos muestran visualmente las relaciones entre las variables.,Amir,Amazon Translate
El cultivo produce alimentos a partir del suelo de manera eficiente.,Amir,Amazon Translate
Las listas de virtudes fomentan el autodesarrollo ético a diario.,Amir,Amazon Translate
Las creencias animistas conectan a los espíritus con las plantas y los animales.,Amir,Amazon Translate
Las leyes uniformes estandarizan las regulaciones interestatales.,Amir,Amazon Translate
"El cronometraje registra horas, días, meses y años con precisión.",Amir,Amazon Translate
El cifrado guarda la información en secreto mediante algoritmos.,Amir,Amazon Translate
Los Poetry Slams presentan interpretaciones de poemas originales.,Amir,Amazon Translate
El puente de la bahía de Sídney une los distritos de la ciudad a través del agua.,Amir,Amazon Translate
El Niño altera los patrones climáticos globales de forma cíclica.,Amir,Amazon Translate
"Los combates de boxeo ponen a prueba la fuerza, la estrategia y la resistencia.",Amir,Amazon Translate
Las enmiendas actualizan cuidadosamente los textos legales.,Amir,Amazon Translate
La música impresionista captura estados de ánimo fugaces en el sonido.,Amir,Amazon Translate
Las campañas de salud pública combaten las epidemias a nivel local.,Amir,Amazon Translate
Los currículos resumen los aspectos más destacados de la carrera de manera concisa.,Amir,Amazon Translate
Los microscopios amplían muestras pequeñas para su observación.,Amir,Amazon Translate
Los programas de fidelización recompensan las compras repetidas de los clientes.,Amir,Amazon Translate
La tectónica estudia los movimientos de la corteza terrestre.,Amir,Amazon Translate
La conscripción recluta a ciudadanos para el servicio militar.,Amir,Amazon Translate
Los gestores de activos invierten el dinero de los clientes de forma estratégica.,Amir,Amazon Translate
La economía positiva analiza los hechos sin juzgarlos.,Amir,Amazon Translate
Los programas informáticos deterministas siempre tienen resultados predecibles.,Amir,Amazon Translate
El idioma nāhualt se originó entre los pueblos aztecas.,Amir,Amazon Translate
Roma es conocida por su arquitectura antigua.,Amir,Amazon Translate
El río Amazonas atraviesa Sudamérica.,Amir,Amazon Translate
Una dieta equilibrada favorece la salud y la energía en general.,Amir,Amazon Translate
La antigua Grecia influyó en la filosofía occidental.,Amir,Amazon Translate
El agua cubre la mayor parte de la superficie terrestre.,Amir,Amazon Translate
El oxígeno constituye el 21 por ciento de la atmósfera terrestre.,Amir,Amazon Translate
Las matemáticas usan números y símbolos para resolver problemas.,Amir,Amazon Translate
La resta elimina un número de otra cantidad.,Amir,Amazon Translate
El fútbol lo juegan dos equipos que usan una pelota.,Amir,Amazon Translate
El correo electrónico envía mensajes electrónicamente entre ordenadores.,Amir,Amazon Translate
El color de los ojos depende en parte de la genética.,Amir,Amazon Translate
La lluvia cae cuando el vapor de agua se condensa en gotas.,Amir,Amazon Translate
Las tormentas invernales producen nieve o hielo.,Amir,Amazon Translate
La primavera sigue al invierno cuando el eje de la Tierra se inclina.,Amir,Amazon Translate
Pitágoras desarrolló teorías sobre triángulos rectángulos.,Amir,Amazon Translate
El carbono es un elemento clave para los seres vivos.,Amir,Amazon Translate
San Petersburgo alguna vez se llamó Leningrado.,Amir,Amazon Translate
Los monjes viven bajo votos religiosos en algunas religiones.,Amir,Amazon Translate
Los médicos diagnostican enfermedades y lesiones.,Amir,Amazon Translate
Los pilotos controlan las aeronaves durante los vuelos.,Amir,Amazon Translate
La densidad de población mide las personas por unidad de área.,Amir,Amazon Translate
Los ruidos fuertes pueden dañar la audición con el tiempo.,Amir,Amazon Translate
Los huracanes implican fuertes vientos y lluvias intensas.,Amir,Amazon Translate
El francés se habla ampliamente en África occidental.,Amir,Amazon Translate
Las estatuas honran a personajes históricos importantes.,Amir,Amazon Translate
Las ballenas azules son los animales más grandes vivos en la actualidad.,Amir,Amazon Translate
Los organismos vivos se adaptan a los cambios ambientales.,Amir,Amazon Translate
Las plantas almacenan energía en las raíces y las semillas.,Amir,Amazon Translate
El combustible alimenta los automóviles y la maquinaria.,Amir,Amazon Translate
El ADN determina los rasgos físicos heredados de los padres.,Amir,Amazon Translate
Las escuelas públicas ofrecen educación gratuita.,Amir,Amazon Translate
El ajedrez requiere una planificación y una previsión cuidadosas.,Amir,Amazon Translate
Los terremotos liberan la energía almacenada de forma repentina.,Amir,Amazon Translate
Los ascensores mueven a las personas verticalmente entre los pisos del edificio.,Amir,Amazon Translate
Los agricultores cultivan para la producción de alimentos.,Amir,Amazon Translate
Las guitarras crean sonido al hacer vibrar las cuerdas.,Amir,Amazon Translate
El Parlamento británico aprueba leyes en el Reino Unido.,Amir,Amazon Translate
Las enfermeras ayudan a los médicos en la atención de los pacientes.,Amir,Amazon Translate
Las fibras de algodón se hilan en hilo.,Amir,Amazon Translate
"Las matemáticas incluyen aritmética, geometría y álgebra.",Amir,Amazon Translate
La tarta se hornea para las celebraciones.,Amir,Amazon Translate
La natación fortalece los músculos y la coordinación.,Amir,Amazon Translate
La lectura aumenta el vocabulario y la comprensión.,Amir,Amazon Translate
Los satélites orbitan por encima de la atmósfera terrestre.,Amir,Amazon Translate
Las luces de la pista guían a los aviones que aterrizan por la noche.,Amir,Amazon Translate
La música clásica sigue formas y armonías estructuradas.,Amir,Amazon Translate
Los festivales de cosecha celebran la recolección exitosa de las cosechas.,Amir,Amazon Translate
Los barómetros miden la presión atmosférica.,Amir,Amazon Translate
Las banderas simbolizan países y organizaciones.,Amir,Amazon Translate
Las sinfonías presentan a grandes grupos de músicos que tocan juntos.,Amir,Amazon Translate
El consumo de frutas aporta vitaminas y fibra.,Amir,Amazon Translate
La programación indica a las computadoras que completen tareas específicas.,Amir,Amazon Translate
La democracia otorga a los ciudadanos el derecho a votar.,Amir,Amazon Translate
El agua potable es fundamental para la salud.,Amir,Amazon Translate
La lectura mejora las habilidades de alfabetización.,Amir,Amazon Translate
Los terremotos son causados por el movimiento tectónico.,Amir,Amazon Translate
El dióxido de carbono es un gas de efecto invernadero.,Amir,Amazon Translate
Las nubes contienen pequeñas gotas de agua.,Amir,Amazon Translate
Los aviones llevan a los pasajeros de una ciudad a otra con rapidez.,Amir,Amazon Translate
Beijing es la capital de China.,Amir,Amazon Translate
Las orquestas interpretan música sinfónica con muchos músicos.,Amir,Amazon Translate
Las patatas fritas están hechas de patatas.,Amir,Amazon Translate
La conexión inalámbrica a Internet utiliza ondas de radio para la conexión.,Amir,Amazon Translate
La batería almacena energía para los dispositivos electrónicos.,Amir,Amazon Translate
Los mosquitos transmiten los parásitos de la malaria.,Amir,Amazon Translate
Los saxofones son comunes en las bandas de jazz.,Amir,Amazon Translate
El álgebra resuelve ecuaciones con letras que representan números.,Amir,Amazon Translate
Los océanos cubren aproximadamente el 71% de la superficie terrestre.,Amir,Amazon Translate
Venus es el segundo planeta desde el Sol.,Amir,Amazon Translate
El fútbol se juega en un campo de césped con porterías.,Amir,Amazon Translate
El correo entrega los mensajes y paquetes de forma física.,Amir,Amazon Translate
El baloncesto usa una pelota y dos aros.,Amir,Amazon Translate
Los calendarios llevan un registro de las fechas y los meses.,Amir,Amazon Translate
"Los ingenieros diseñan edificios, puentes y vehículos.",Amir,Amazon Translate
La cocina transforma las materias primas en comidas.,Amir,Amazon Translate
"La física estudia la materia, la energía y las fuerzas.",Amir,Amazon Translate
"La astronomía explora las estrellas, los planetas y las galaxias.",Amir,Amazon Translate
Los coches eléctricos funcionan con baterías recargables.,Amir,Amazon Translate
Los libros cuentan historias o brindan información.,Amir,Amazon Translate
"La gimnasia combina fuerza, flexibilidad y coordinación.",Amir,Amazon Translate
Los tubérculos crecen debajo del suelo.,Amir,Amazon Translate
El hip-hop fusiona el habla rítmica y la música.,Amir,Amazon Translate
La observación de aves implica observar aves silvestres en la naturaleza.,Amir,Amazon Translate
Los antibióticos matan las bacterias que causan infecciones.,Amir,Amazon Translate
Las luciérnagas producen luz por bioluminiscencia.,Amir,Amazon Translate
Las águilas construyen nidos en lo alto de los árboles o acantilados.,Amir,Amazon Translate
Los tomates se clasifican botánicamente como bayas.,Amir,Amazon Translate
Londres tiene un tren subterráneo llamado «el metro».,Amir,Amazon Translate
Los deltas de los ríos depositan sedimentos donde los ríos se encuentran con los mares.,Amir,Amazon Translate
Los planetas giran alrededor del Sol en órbitas.,Amir,Amazon Translate
Las bibliotecas públicas prestan libros sin costo alguno.,Amir,Amazon Translate
La antigua Roma construyó acueductos para el suministro de agua dulce.,Amir,Amazon Translate
Los senos paranasales son cavidades en el cráneo cerca de la nariz.,Amir,Amazon Translate
Los romanos construyeron carreteras en todo su imperio.,Amir,Amazon Translate
Los abogados representan a los clientes en asuntos legales.,Amir,Amazon Translate
Las ballenas migran grandes distancias cada año.,Amir,Amazon Translate
El senderismo quema calorías y beneficia la salud mental.,Amir,Amazon Translate
La teletransportación actualmente solo existe en la ciencia ficción.,Amir,Amazon Translate
El fútbol se llama fútbol fuera de Norteamérica.,Amir,Amazon Translate
El papel maché crea esculturas y modelos ligeros.,Amir,Amazon Translate
El Coliseo de Roma acogió peleas de gladiadores.,Amir,Amazon Translate
"Los geólogos estudian las rocas, los minerales y los terremotos.",Amir,Amazon Translate
Los títeres aportan un movimiento realista a las muñecas y figuras.,Amir,Amazon Translate
Los compositores crean nuevas obras instrumentales y vocales.,Amir,Amazon Translate
Los monociclos requieren equilibrio para conducir ruedas individuales.,Amir,Amazon Translate
Las focas viven a lo largo de las costas y se alimentan de peces.,Amir,Amazon Translate
Los grandes maestros del ajedrez ganan torneos internacionales al dominar la estrategia.,Amir,Amazon Translate
Los agricultores rotan los cultivos para mantener los suelos sanos.,Amir,Amazon Translate
La cerámica se moldea y luego se cuece en hornos.,Amir,Amazon Translate
Los diccionarios definen las palabras en inglés alfabéticamente.,Amir,Amazon Translate
Disneyland abrió sus puertas en California en 1955.,Amir,Amazon Translate
Los violonchelos tocan tonos bajos en las orquestas.,Amir,Amazon Translate
Los carnívoros dependen principalmente de la carne animal.,Amir,Amazon Translate
El agua hierve más rápido a una presión atmosférica más baja.,Amir,Amazon Translate
Las corrientes en chorro fluyen por encima de la superficie terrestre.,Amir,Amazon Translate
La digestión descompone los alimentos en nutrientes.,Amir,Amazon Translate
Los zoológicos albergan animales exóticos y en peligro de extinción de forma segura.,Amir,Amazon Translate
El drama presenta la emoción de la historia a través del diálogo y la acción.,Amir,Amazon Translate
Los planes de estudio especifican lo que los estudiantes deben aprender en la escuela.,Amir,Amazon Translate
El Día de Pi se celebra cada catorce de marzo.,Amir,Amazon Translate
Shakespeare escribió obras de teatro y sonetos en la literatura inglesa.,Amir,Amazon Translate
Los diamantes están hechos de carbono altamente comprimido.,Amir,Amazon Translate
La altura del monte Everest supera los 8.800 metros sobre el nivel del mar.,Amir,Amazon Translate
Los plátanos proporcionan fibra y potasio para la nutrición.,Amir,Amazon Translate
"Los mapas muestran las regiones, las fronteras y los elementos de forma visual.",Amir,Amazon Translate
Los médicos tratan las enfermedades para mejorar la salud de los pacientes.,Amir,Amazon Translate
Los triángulos tienen tres ángulos cuya suma es igual a 180 grados.,Amir,Amazon Translate
El jazz enfatiza la improvisación por encima de las notas estrictas.,Amir,Amazon Translate
Los museos preservan la historia y la cultura para las generaciones futuras.,Amir,Amazon Translate
"Las posturas de yoga aumentan la fuerza, la flexibilidad y el equilibrio.",Amir,Amazon Translate
Los átomos se combinan para crear distintos compuestos químicos.,Amir,Amazon Translate
El Wi-Fi permite la conexión inalámbrica de los dispositivos.,Amir,Amazon Translate
La lluvia se produce cuando las nubes liberan vapor de agua condensado.,Amir,Amazon Translate
El dinero actúa como medio de intercambio en los mercados.,Amir,Amazon Translate
El bambú puede crecer un metro por día en condiciones ideales.,Amir,Amazon Translate
Los conductores deben obedecer las normas de tráfico por motivos de seguridad.,Amir,Amazon Translate
Las abejas producen miel a partir de fuentes de azúcar de origen vegetal.,Amir,Amazon Translate
El sonido se mueve más rápido en medios materiales sólidos.,Amir,Amazon Translate
La gravedad hace que los cuerpos planetarios sigan trayectorias elípticas.,Amir,Amazon Translate
Los diccionarios explican los significados y corrigen la ortografía de las palabras.,Amir,Amazon Translate
La pintura utiliza pigmentos aplicados con pinceles o cuchillos.,Amir,Amazon Translate
"Los colores neutros incluyen blanco, negro, gris y beige.",Amir,Amazon Translate
Las orquestas interpretan composiciones de partituras clásicas.,Amir,Amazon Translate
Los aviones viajan rápidamente entre destinos utilizando motores a reacción.,Amir,Amazon Translate
Los reptiles regulan la temperatura al disfrutar de la luz solar.,Amir,Amazon Translate
Los teléfonos permiten la comunicación por voz a largas distancias.,Amir,Amazon Translate
Las vitaminas complementan las carencias dietéticas para mejorar la salud.,Amir,Amazon Translate
"Los libros comparten conocimientos, ideas o historias con los lectores.",Amir,Amazon Translate
El clima nublado difunde ampliamente la luz solar natural.,Amir,Amazon Translate
El jazz se originó en las comunidades afroamericanas.,Amir,Amazon Translate
Los dentistas cuidan los dientes y las encías específicamente.,Amir,Amazon Translate
Los paneles solares convierten la energía de los fotones en electricidad.,Amir,Amazon Translate
La democracia permite a los ciudadanos votar por los líderes.,Amir,Amazon Translate
El queso se forma al fermentar las enzimas de la leche animal.,Amir,Amazon Translate
Los agricultores cultivan plantas para el consumo o el ganado.,Amir,Amazon Translate
Las fracciones describen números menores que valores enteros.,Amir,Amazon Translate
La ópera fusiona la interpretación vocal y la narración dramática.,Amir,Amazon Translate
Los nenúfares flotan en los estanques con hojas anchas.,Amir,Amazon Translate
Los Juegos Olímpicos se celebran cada cuatro años en todo el mundo.,Amir,Amazon Translate
La temperatura mide la energía térmica de las sustancias.,Amir,Amazon Translate
Los limones añaden acidez y sabor a los alimentos.,Amir,Amazon Translate
"La Antártida no tiene residentes permanentes, excepto científicos.",Amir,Amazon Translate
"Los diarios registran experiencias, pensamientos y sentimientos personales.",Amir,Amazon Translate
La pesca proporciona recursos alimenticios ricos en proteínas.,Amir,Amazon Translate
El vidrio se fabrica derritiendo arena y carbonato de sodio.,Amir,Amazon Translate
Los arcos de violín utilizan crin de caballo para producir sonido.,Amir,Amazon Translate
Las jirafas se alimentan de acacias con cuellos altos.,Amir,Amazon Translate
El hierro resiste mejor la corrosión cuando está recubierto con pintura.,Amir,Amazon Translate
Las estrellas fusionan átomos de hidrógeno en núcleos de helio liberando energía.,Amir,Amazon Translate
La gramática describe cómo los idiomas estructuran las oraciones de manera lógica.,Amir,Amazon Translate
Los relámpagos se producen cuando las cargas opuestas se igualan en la atmósfera.,Amir,Amazon Translate
Las cámaras digitales graban las fotos como imágenes electrónicas.,Amir,Amazon Translate
"La ingeniería desarrolla máquinas, carreteras, dispositivos o estructuras.",Amir,Amazon Translate
Los tulipanes son flores de bulbo originarias de las regiones de Asia Central.,Amir,Amazon Translate
Las zanahorias contienen betacaroteno que el cuerpo convierte en vitamina A.,Amir,Amazon Translate
Las manzanas crecen en árboles caducifolios que pierden hojas cada año.,Amir,Amazon Translate
La ciencia implica hacer preguntas y realizar experimentos metódicamente.,Amir,Amazon Translate
Las bibliotecas públicas prestan libros y artículos multimedia de forma gratuita.,Amir,Amazon Translate
Las puestas de sol cambian el color del cielo al dispersar los rayos del sol.,Amir,Amazon Translate
Las hogueras queman grandes cantidades de madera al aire libre.,Amir,Amazon Translate
Los medicamentos ayudan a aliviar los síntomas de enfermedad o infección.,Amir,Amazon Translate
Las cebras se mezclan con los pastizales gracias al camuflaje a rayas.,Amir,Amazon Translate
El invierno trae tormentas de nieve a las zonas de clima frío.,Amir,Amazon Translate
Los profesores apoyan los objetivos de aprendizaje en las instituciones educativas.,Amir,Amazon Translate
Los arqueólogos estudian artefactos de sociedades pasadas.,Amir,Amazon Translate
Los jugadores de fútbol marcan goles pateando una pelota.,Amir,Amazon Translate
Los huracanes causan graves daños por el viento e inundaciones.,Amir,Amazon Translate
El papel proviene de fibras de árboles procesadas.,Amir,Amazon Translate
El chocolate comienza como granos de cacao cultivados en climas tropicales.,Amir,Amazon Translate
Los libros de cocina dan instrucciones sobre recetas y técnicas de cocción.,Amir,Amazon Translate
Los atletas entrenan para mejorar los niveles de rendimiento físico.,Amir,Amazon Translate
Roma fue el hogar de emperadores como Julio César.,Amir,Amazon Translate
Las guitarras eléctricas requieren amplificadores para aumentar el volumen.,Amir,Amazon Translate
Las islas se forman cuando los volcanes emergen por encima de la línea de flotación.,Amir,Amazon Translate
Las semillas germinan cuando son humedecidas y calentadas por el ambiente.,Amir,Amazon Translate
La psicología estudia científicamente los procesos mentales y el comportamiento.,Amir,Amazon Translate
El clima influye en los tipos de vegetación que se encuentran en las ubicaciones geográficas.,Amir,Amazon Translate
Los icebergs se desprenden de los grandes glaciares que flotan en el océano.,Amir,Amazon Translate
"Shakespeare escribió obras de teatro, como Hamlet y Macbeth.",Amir,Amazon Translate
"Una dieta balanceada incluye proteínas, verduras y granos.",Amir,Amazon Translate
La atmósfera terrestre se compone principalmente de nitrógeno y oxígeno.,Amir,Amazon Translate
Los huertos de manzanas producen frutos cada otoño.,Amir,Amazon Translate
La sal conserva la carne antes de que existiera la refrigeración.,Amir,Amazon Translate
Los polígonos son formas cerradas con lados rectos únicamente.,Amir,Amazon Translate
La radio transmite ondas sonoras a distancia de forma inalámbrica.,Amir,Amazon Translate
Las grullas usan patas largas para vadear en el agua.,Amir,Amazon Translate
Las monedas sirven como moneda para pequeñas transacciones.,Amir,Amazon Translate
Las hojas cambian de color en otoño debido a la temperatura.,Amir,Amazon Translate
Los profesionales de la salud diagnostican y tratan enfermedades.,Amir,Amazon Translate
El ajedrez usa movimientos estratégicos en un tablero de juego a cuadros.,Amir,Amazon Translate
Los médicos recetan medicamentos y terapias a los pacientes.,Amir,Amazon Translate
Los mosquitos son portadores comunes de diversas enfermedades.,Amir,Amazon Translate
La lógica constituye la base de la argumentación racional.,Amir,Amazon Translate
"Las matemáticas analizan patrones, cantidades y estructuras.",Amir,Amazon Translate
Los actores interpretan papeles en producciones teatrales.,Amir,Amazon Translate
Los profesores educan a los estudiantes en las aulas de todo el mundo.,Amir,Amazon Translate
Frida Kahlo pintó autorretratos expresivos.,Amir,Amazon Translate
"La Torre Eiffel se encuentra en París, Francia.",Amir,Amazon Translate
El baloncesto utiliza equipos de cinco jugadores que compiten para sumar puntos.,Amir,Amazon Translate
Las excavadoras mueven la tierra durante los proyectos de construcción.,Amir,Amazon Translate
Las comillas indican el discurso o las citas en el texto.,Amir,Amazon Translate
Las computadoras procesan la información electrónicamente a altas velocidades.,Amir,Amazon Translate
Los relámpagos se producen durante las tormentas eléctricas.,Amir,Amazon Translate
Las pirámides ejemplifican los logros arquitectónicos antiguos.,Amir,Amazon Translate
Las vitaminas ayudan a mantener las funciones corporales y el metabolismo.,Amir,Amazon Translate
La música clásica utiliza composiciones estructuradas con instrumentos orquestados.,Amir,Amazon Translate
Los planos guían a los ingenieros en los diseños de edificios.,Amir,Amazon Translate
Marte es visible a simple vista durante la oposición.,Amir,Amazon Translate
Los pronósticos meteorológicos predicen las condiciones atmosféricas futuras a nivel local.,Amir,Amazon Translate
El arroz es el grano básico en las dietas asiáticas.,Amir,Amazon Translate
Los títeres dan vida a las historias con figuras controladas a mano.,Amir,Amazon Translate
El cáncer describe un grupo de enfermedades con un crecimiento celular anormal.,Amir,Amazon Translate
El motor de búsqueda de Google indexa millones de páginas web a diario.,Amir,Amazon Translate
El queso proviene de leche láctea cuajada almacenada adecuadamente.,Amir,Amazon Translate
Los cocodrilos habitan en las riberas de los ríos y en los humedales cálidos.,Amir,Amazon Translate
La Antártida recibe seis meses de luz diurna continua al año.,Amir,Amazon Translate
"Los ingenieros diseñan máquinas, edificios e infraestructuras.",Amir,Amazon Translate
Los violinistas tocan melodías inclinando las cuerdas con precisión.,Amir,Amazon Translate
Las islas están rodeadas en su totalidad por cuerpos de agua.,Amir,Amazon Translate
Correr mejora la resiliencia frente a los estilos de vida sedentarios.,Amir,Amazon Translate
El hielo se forma naturalmente cuando las temperaturas descienden por debajo del punto de congelación.,Amir,Amazon Translate
El fútbol usa una pelota esférica y postes de portería por equipo.,Amir,Amazon Translate
Los escultores crean obras tridimensionales a partir de bloques de piedra o metal.,Amir,Amazon Translate
Una alimentación saludable apoya una función sólida del sistema inmunitario.,Amir,Amazon Translate
La electricidad alimenta los dispositivos electrónicos en todas partes.,Amir,Amazon Translate
Los médicos tratan las lesiones y enfermedades a diario.,Amir,Amazon Translate
Los estantes de la biblioteca organizan los libros por tema o autor.,Amir,Amazon Translate
La historia estudia las personas y los acontecimientos del pasado.,Amir,Amazon Translate
Los terremotos son el resultado del movimiento a lo largo de fallas subterráneas.,Amir,Amazon Translate
"El yoga incorpora técnicas de postura, respiración y concentración.",Amir,Amazon Translate
Los bailarines de ballet realizan movimientos coreografiados con gracia.,Amir,Amazon Translate
Los geógrafos estudian las distribuciones espaciales y las ubicaciones.,Amir,Amazon Translate
Los agricultores cultivan cereales y verduras para su consumo.,Amir,Amazon Translate
Las abejas producen miel en las colmenas.,Amir,Amazon Translate
Los antiguos griegos construyeron templos en honor a sus dioses.,Amir,Amazon Translate
Los autobuses públicos ofrecen transporte compartido por las ciudades.,Amir,Amazon Translate
Las focas viven tanto en tierra como en mares fríos.,Amir,Amazon Translate
El Muro de Berlín dividió Berlín Oriental y Occidental después de la Segunda Guerra Mundial.,Amir,Amazon Translate
Los grandes tiburones blancos poseen múltiples hileras de dientes.,Amir,Amazon Translate
Las bellotas maduran y se convierten en robles si no se tocan.,Amir,Amazon Translate
Los cacahuetes crecen bajo tierra en vainas.,Amir,Amazon Translate
El kiwi tiene piel marrón difusa y pulpa verde.,Amir,Amazon Translate
"Los átomos forman todos los tipos de materia sólida, líquida y gaseosa.",Amir,Amazon Translate
Los virus causan la gripe y los resfriados comunes.,Amir,Amazon Translate
"La memoria humana almacena hechos, habilidades y experiencias.",Amir,Amazon Translate
"Los supermercados venden alimentos, artículos para el hogar y artículos personales.",Amir,Amazon Translate
Los aviones transportan pasajeros rápidamente a través de los continentes.,Amir,Amazon Translate
Alejandro Magno conquistó gran parte del mundo antiguo.,Amir,Amazon Translate
Bluetooth conecta dispositivos digitales de forma inalámbrica.,Amir,Amazon Translate
Los artistas expresan sus ideas visualmente a través de diferentes medios.,Amir,Amazon Translate
El lavado de frutas y verduras elimina la suciedad y las bacterias.,Amir,Amazon Translate
El cálculo encuentra áreas bajo curvas y tasas de cambio.,Amir,Amazon Translate
Los mapas representan áreas geográficas visualmente con símbolos y líneas.,Amir,Amazon Translate
Una dieta balanceada apoya una función inmunológica fuerte.,Amir,Amazon Translate
"Los museos exhiben exhibiciones de arte, historia y ciencia.",Amir,Amazon Translate
La gravedad retiene los objetos en la superficie de la Tierra.,Amir,Amazon Translate
La fotografía captura imágenes con cámaras y películas o sensores.,Amir,Amazon Translate
Los conejos detectan a los depredadores con sus orejas grandes y sensibles.,Amir,Amazon Translate
Las computadoras procesan los datos mediante sistemas numéricos binarios.,Amir,Amazon Translate
Las monedas sirven como moneda para las transacciones comerciales.,Amir,Amazon Translate
Los violinistas tocan notas altas en orquestas y conjuntos.,Amir,Amazon Translate
Los aviones transportan pasajeros entre ciudades lejanas del mundo.,Amir,Amazon Translate
Los médicos diagnostican enfermedades y recomiendan tratamientos.,Amir,Amazon Translate
Las grullas vadean en aguas poco profundas cazando peces e insectos.,Amir,Amazon Translate
Las estatuas conmemoran a personas o eventos notables en espacios públicos.,Amir,Amazon Translate
"Los estudiantes aprenden materias académicas como matemáticas, ciencias y lenguaje.",Amir,Amazon Translate
Los sistemas de posicionamiento global (GPS) ayudan a navegar en exteriores.,Amir,Amazon Translate
Las temperaturas de verano generalmente superan a las de los meses de invierno.,Amir,Amazon Translate
Los lagos contienen masas de agua dulce o salada estancada.,Amir,Amazon Translate
Las nubes están formadas por gotas frías de vapor de agua condensado.,Amir,Amazon Translate
Los equipos de fútbol compiten para marcar goles con un balón.,Amir,Amazon Translate
La ciencia se basa en la observación y la evidencia experimental.,Amir,Amazon Translate
"Los anteojos corrigen problemas de visión, como la miopía.",Amir,Amazon Translate
"La aritmética incluye la suma, la resta, la multiplicación y la división.",Amir,Amazon Translate
Los relojes miden los intervalos de tiempo con precisión.,Amir,Amazon Translate
La penicilina fue descubierta como antibiótico por Alexander Fleming.,Amir,Amazon Translate
La NASA explora el espacio exterior con telescopios y naves espaciales.,Amir,Amazon Translate
Los carnívoros obtienen nutrición principalmente al comer otros animales.,Amir,Amazon Translate
El cerebro procesa los pensamientos y las emociones y controla las funciones corporales.,Amir,Amazon Translate
Los automóviles transportan personas y mercancías rápidamente por las carreteras.,Amir,Amazon Translate
Venus es el planeta más caliente de nuestro sistema solar.,Amir,Amazon Translate
Asia es el mayor de los continentes de la Tierra.,Amir,Amazon Translate
Frida Kahlo pintó autorretratos influenciados por la cultura mexicana.,Amir,Amazon Translate
"Los mapas simplifican los accidentes geográficos, las distancias y los límites políticos.",Amir,Amazon Translate
Un sueño saludable apoya la función inmunológica y la regulación del estado de ánimo.,Amir,Amazon Translate
Los médicos tratan las enfermedades mediante el diagnóstico y los medicamentos.,Amir,Amazon Translate
El yoga combina el estiramiento con la respiración para obtener beneficios para la salud.,Amir,Amazon Translate
Las plantas pierden hojas en otoño en climas templados.,Amir,Amazon Translate
Los pingüinos son aves que nadan pero no vuelan.,Amir,Amazon Translate
Los océanos cubren más de dos tercios de la superficie terrestre.,Amir,Amazon Translate
El plástico persiste en la naturaleza durante cientos de años.,Amir,Amazon Translate
Las bibliotecas públicas prestan libros de forma gratuita a los titulares de tarjetas.,Amir,Amazon Translate
Las ballenas expulsan chorros de aire cuando salen a la superficie para respirar.,Amir,Amazon Translate
Los conejos usan orejas grandes para detectar los sonidos ambientales.,Amir,Amazon Translate
"Las declaraciones de opinión reflejan creencias, no hechos universales.",Amir,Amazon Translate
Los ingenieros diseñan soluciones tecnológicas para desafíos prácticos.,Amir,Amazon Translate
Los artistas expresan sus sentimientos visualmente a través de obras creativas.,Amir,Amazon Translate
La lógica encuentra conclusiones válidas basadas en premisas formales.,Amir,Amazon Translate
Las narrativas estructuran las historias como secuencias de eventos.,Amir,Amazon Translate
Los diccionarios enumeran alfabéticamente las definiciones y pronunciaciones de las palabras.,Amir,Amazon Translate
Los geólogos estudian la composición y la historia de las rocas.,Amir,Amazon Translate
Los satélites orbitan planetas para transmitir señales a nivel mundial.,Amir,Amazon Translate
Los saltamontes saltan mucho en relación con el tamaño de su cuerpo.,Amir,Amazon Translate
Los mercados son lugares en los que los compradores y vendedores interactúan.,Amir,Amazon Translate
Los volcanes emiten lava caliente durante las erupciones.,Amir,Amazon Translate
África es el segundo continente más grande.,Amir,Amazon Translate
El corazón hace circular la sangre para llevar oxígeno a los tejidos.,Amir,Amazon Translate
"El ballet requiere fuerza, flexibilidad y un equilibrio preciso.",Amir,Amazon Translate
El río Yangtze atraviesa el este de China.,Amir,Amazon Translate
El crecimiento muscular es el resultado de un ejercicio de resistencia constante.,Amir,Amazon Translate
Las vacunas ayudan a reducir la transmisión de infecciones virales.,Amir,Amazon Translate
El protector solar ayuda a prevenir las quemaduras solares en los días soleados de verano.,Amir,Amazon Translate
Los osos polares nadan bien y cazan témpanos de hielo.,Amir,Amazon Translate
"Los kurdos habitan en regiones que abarcan Turquía, Siria, Irak e Irán.",Amir,Amazon Translate
Las papas crecen como tubérculos por debajo del nivel del suelo.,Amir,Amazon Translate
Las bibliotecas públicas prestan libros a los miembros de la comunidad de forma gratuita.,Amir,Amazon Translate
La arquitectura romana antigua fue pionera en arcos y cúpulas.,Amir,Amazon Translate
Los puentes Keystone Arch distribuyen el peso de manera eficiente entre los valles.,Amir,Amazon Translate
Las montañas son el resultado de cambios tectónicos que elevan la tierra hacia arriba.,Amir,Amazon Translate
El fútbol es un deporte de equipo en el que solo se utilizan pies y una pelota.,Amir,Amazon Translate
El queso es leche fermentada curada a diferentes edades.,Amir,Amazon Translate
"Las manzanas maduran en rojo, verde o amarillo según la variedad.",Amir,Amazon Translate
Los glaciares modelan lentamente las montañas mediante un movimiento lento.,Amir,Amazon Translate
Los ferrocarriles transportan pasajeros entre ciudades a largas distancias.,Amir,Amazon Translate
Los supermercados almacenan productos que van desde carne hasta productos de limpieza.,Amir,Amazon Translate
Las turbinas eólicas generan electricidad sin quemar combustibles fósiles.,Amir,Amazon Translate
Las fresas se encuentran entre las primeras frutas que se cosechan cada primavera.,Amir,Amazon Translate
El clima describe las tendencias climáticas generales a lo largo de períodos de tiempo más largos.,Amir,Amazon Translate
Los hongos florecen mejor en ambientes húmedos y sombreados.,Amir,Amazon Translate
Los ingenieros construyen estructuras para resistir terremotos e inundaciones.,Amir,Amazon Translate
La sal preserva las carnes de pescado contra la putrefacción.,Amir,Amazon Translate
Las nubes dispersan la luz del sol y producen cielos nocturnos pastel.,Amir,Amazon Translate
Los médicos tratan las enfermedades con medicamentos basados en la evidencia.,Amir,Amazon Translate
Los dentistas limpian los dientes para prevenir las caries.,Amir,Amazon Translate
Las matemáticas incluyen campos tan diversos como la geometría y la estadística.,Amir,Amazon Translate
El hockey usa palos para dirigir pequeños discos redondos.,Amir,Amazon Translate
Los conejos usan sus fuertes patas para escapar saltando.,Amir,Amazon Translate
Los envases de plástico protegen los alimentos perecederos del deterioro.,Amir,Amazon Translate
La moneda facilita las transacciones comerciales y los intercambios.,Amir,Amazon Translate
Los músicos de jazz interpretan solos en medio de armonías cambiantes.,Amir,Amazon Translate
Los escultores tallan figuras de piedra que representan a personajes históricos.,Amir,Amazon Translate
La gravedad hace que las mareas cambien periódicamente a lo largo de las costas costeras.,Amir,Amazon Translate
Los relámpagos iluminan brevemente el cielo nocturno.,Amir,Amazon Translate
La Antártida permanece casi cubierta de hielo durante todo el año.,Amir,Amazon Translate
La pintura en aerosol crea murales de arte pop en las paredes de la ciudad.,Amir,Amazon Translate
La penicilina se descubrió accidentalmente por contaminación por moho.,Amir,Amazon Translate
La lógica divide los argumentos en premisas y conclusiones racionales.,Amir,Amazon Translate
El follaje primaveral emerge después de las frías estaciones de invierno.,Amir,Amazon Translate
Las galletas se hornean más rápido en los hornos de convección que en los convencionales.,Amir,Amazon Translate
Los libros comunican historias e información de manera eficaz.,Amir,Amazon Translate
Las fotos capturan momentos visuales para disfrutarlos más adelante.,Amir,Amazon Translate
La tecnología avanza rápidamente debido a la colaboración científica mundial.,Amir,Amazon Translate
Las botellas de vidrio se pueden lavar y reutilizar varias veces.,Amir,Amazon Translate
El álgebra resuelve ecuaciones que involucran variables y operaciones aritméticas.,Amir,Amazon Translate
"Las tabletas integran pantallas, procesadores, baterías y altavoces de forma portátil.",Amir,Amazon Translate
Las jirafas pastan en árboles altos que otros herbívoros no pueden alcanzar.,Amir,Amazon Translate
"Los relojes muestran las horas, los minutos y los segundos con precisión.",Amir,Amazon Translate
Monet pintó famosas escenas de nenúfares.,Amir,Amazon Translate
El monte Everest marca el punto más alto de la Tierra.,Amir,Amazon Translate
El agua potable ayuda a regular la temperatura corporal.,Amir,Amazon Translate
El antiguo Egipto construyó grandes pirámides para los faraones.,Amir,Amazon Translate
El arte abstracto utiliza formas en lugar de realismo.,Amir,Amazon Translate
Argentina está al sur de Brasil en Sudamérica.,Amir,Amazon Translate
El consumo de verduras favorece la salud del sistema inmunitario.,Amir,Amazon Translate
La escultura talla o moldea obras de arte tridimensionales.,Amir,Amazon Translate
Los plátanos crecen bien en climas tropicales.,Amir,Amazon Translate
El pan debe crecer antes de hornearse.,Amir,Amazon Translate
La luz solar proporciona energía a todos los seres vivos.,Amir,Amazon Translate
Los automóviles reducen el tiempo de viaje en largas distancias.,Amir,Amazon Translate
"Los libros registran historias, información e historia.",Amir,Amazon Translate
Los huevos contienen proteínas y vitaminas A y D.,Amir,Amazon Translate
El arroz alimenta a miles de millones de personas en el mundo cada año.,Amir,Amazon Translate
La ópera combina el canto con el acompañamiento orquestal.,Amir,Amazon Translate
La música clásica utiliza secciones de cuerda y metal.,Amir,Amazon Translate
Las centrales eléctricas generan electricidad para las comunidades.,Amir,Amazon Translate
Las monedas sirven como moneda para los intercambios.,Amir,Amazon Translate
Napoleón gobernó Francia como su emperador.,Amir,Amazon Translate
Whitney Houston fue una cantante pop influyente.,Amir,Amazon Translate
Las computadoras procesan la información mediante circuitos electrónicos.,Amir,Amazon Translate
El álgebra contiene variables que representan valores desconocidos.,Amir,Amazon Translate
Las ovejas proporcionan fibra para la ropa de lana abrigada.,Amir,Amazon Translate
Los médicos diagnostican las afecciones según los síntomas y las pruebas.,Amir,Amazon Translate
"Los mapas resaltan los ríos, las ciudades y los límites de forma visual.",Amir,Amazon Translate
Los rayos caen con más frecuencia en las tormentas de verano.,Amir,Amazon Translate
Los músicos de jazz improvisan melodías de forma impredecible.,Amir,Amazon Translate
Las envolturas de plástico protegen los artículos de la humedad.,Amir,Amazon Translate
Un piano produce sonido a través de cuerdas golpeadas.,Amir,Amazon Translate
Las estrellas emiten luz debido a la fusión nuclear.,Amir,Amazon Translate
Los astronautas usan trajes espaciales para protegerse extraplanetaria.,Amir,Amazon Translate
"Las matemáticas incluyen el cálculo, las mediciones y el análisis.",Amir,Amazon Translate
Las operaciones comparten responsabilidades en los eventos internacionales.,Amir,Amazon Translate
Mona Lisa muestra misteriosas expresiones faciales.,Amir,Amazon Translate
Roma exhibe ruinas de civilizaciones antiguas.,Amir,Amazon Translate
La memoria de la computadora almacena datos temporalmente para su procesamiento.,Amir,Amazon Translate
Las calorías miden la energía disponible en los alimentos ingeridos.,Amir,Amazon Translate
La sangre transporta los nutrientes por todo el sistema circulatorio.,Amir,Amazon Translate
Las porciones regulan la ingesta nutricional en las comidas.,Amir,Amazon Translate
Los museos exhiben obras de valor histórico y artístico.,Amir,Amazon Translate
Los árboles de plátano producen frutos y hojas comestibles.,Amir,Amazon Translate
Un desayuno nutritivo favorece la concentración en la escuela.,Amir,Amazon Translate
Las ecuaciones matemáticas pueden tener una o varias soluciones.,Amir,Amazon Translate
La gravedad mantiene a las personas ancladas a la superficie terrestre.,Amir,Amazon Translate
El río Amazonas tiene una amplia cuenca hidrográfica.,Amir,Amazon Translate
Las formas triangulares son comunes en las cometas tradicionales.,Amir,Amazon Translate
El chocolate proviene de granos de cacao procesados.,Amir,Amazon Translate
Los médicos recomiendan vacunarse contra la gripe todos los años.,Amir,Amazon Translate
"La cultura influye en el arte, el idioma y las costumbres sociales.",Amir,Amazon Translate
El fútbol usa una pelota esférica y dos redes.,Amir,Amazon Translate
La meditación calma la ansiedad y aumenta la atención plena.,Amir,Amazon Translate
Tokio está densamente poblada y tecnológicamente avanzada.,Amir,Amazon Translate
Los libros transmiten conocimientos de generación en generación.,Amir,Amazon Translate
Las rutinas de entrenamiento fortalecen grupos musculares específicos.,Amir,Amazon Translate
Los polígonos son figuras cerradas con varios lados.,Amir,Amazon Translate
La sal preserva la carne al inhibir el crecimiento de bacterias.,Amir,Amazon Translate
La producción de queso implica la coagulación y la fermentación.,Amir,Amazon Translate
Los diamantes son principalmente carbonos dispuestos tetraédricamente.,Amir,Amazon Translate
Las patatas aportan hidratos de carbono en diversas recetas.,Amir,Amazon Translate
Las águilas capturan a sus presas con poderosas garras.,Amir,Amazon Translate
Las fotos capturan recuerdos visuales para la posteridad.,Amir,Amazon Translate
Los glaciares se mueven lentamente por su propio peso.,Amir,Amazon Translate
Las jirafas se alimentan de las hojas de las copas de los árboles que son inaccesibles para otros.,Amir,Amazon Translate
Los grillos cantan principalmente durante las noches cálidas.,Amir,Amazon Translate
Los sistemas legales hacen cumplir las reglas dentro de las sociedades.,Amir,Amazon Translate
Los molinos de viento convierten la energía cinética en trabajo mecánico.,Amir,Amazon Translate
La gente usa los calendarios para planificar eventos.,Amir,Amazon Translate
Los leones cazan cooperativamente en manadas.,Amir,Amazon Translate
La resta determina la diferencia entre cantidades.,Amir,Amazon Translate
Las fresas deben recogerse cuando estén maduras.,Amir,Amazon Translate
La alfabetización permite comprender las instrucciones escritas.,Amir,Amazon Translate
Las vacunas estimulan la respuesta inmunitaria de forma segura.,Amir,Amazon Translate
Los gráficos circulares representan visualmente fracciones de un todo.,Amir,Amazon Translate
Las tortugas marinas regresan a las playas para poner huevos.,Amir,Amazon Translate
Los periódicos informan a los lectores sobre las noticias actuales.,Amir,Amazon Translate
"Los campos de golf cuentan con greens, calles y bunkers de arena.",Amir,Amazon Translate
La luz se refleja en los espejos en ángulos iguales.,Amir,Amazon Translate
Los bosques densos albergan más diversidad animal.,Amir,Amazon Translate
Las neuronas transmiten señales por todo el sistema nervioso.,Amir,Amazon Translate
La vista depende de la luz que entra a través de las lentes.,Amir,Amazon Translate
Los coches híbridos utilizan motores eléctricos y motores de gasolina.,Amir,Amazon Translate
Los músculos se contraen para producir movimiento corporal.,Amir,Amazon Translate
Los diccionarios de palabras definen los términos con claridad.,Amir,Amazon Translate
El baloncesto presenta equipos que lanzan canastas por puntos.,Amir,Amazon Translate
Las piezas clásicas a menudo requieren arreglos orquestales.,Amir,Amazon Translate
Internet proporciona acceso global a la información.,Amir,Amazon Translate
Los huesos sostienen los órganos y tejidos blandos.,Amir,Amazon Translate
Los fósiles revelan estructuras de animales antiguos.,Amir,Amazon Translate
Las pinturas van desde estilos realistas hasta abstractos.,Amir,Amazon Translate
"La física explora la materia, las fuerzas y el movimiento.",Amir,Amazon Translate
Los matemáticos desarrollan teorías sobre números y espacios.,Amir,Amazon Translate
El canto de los pájaros comunica el territorio o las intenciones de atracción.,Amir,Amazon Translate
La aritmética básica apoya los cálculos diarios.,Amir,Amazon Translate
Los discos compactos almacenan datos de audio digital.,Amir,Amazon Translate
