statement,hash,behavior,everyday,figure_of_speech,judgment,opinion,reasoning
Cats are commonly kept as household pets.,4d02a661b0,0,1,0,1,0,0
Light travels faster than sound.,d5fc49d41d,0,1,0,0,0,0
Sugar dissolves in water.,08ba14eb1c,0,1,0,0,0,0
Winter days are usually colder than summer days.,b60d80ea74,0,1,0,0,0,0
Plants need sunlight for photosynthesis.,b5a55a4c4c,0,1,0,0,0,0
Most adults have 32 teeth.,4f671ecdf7,0,1,0,1,0,0
Books can be made from paper.,9c3d68787c,0,1,0,1,0,0
Rain forms from condensed water vapor.,c50cfcdc86,0,1,0,0,0,0
Cars require fuel to operate.,e13cc5bb86,0,1,0,0,0,0
Chess is played on a square board.,babd2a0bef,0,1,0,1,0,0
Bread turns stale when left uncovered.,0e2df0e12c,0,1,0,0,0,0
The moon orbits the Earth.,b81840c225,0,1,0,0,0,0
Iron rusts when exposed to moisture.,577e65e324,0,1,0,0,0,0
Spiders have eight legs.,3e87a6fe89,0,1,0,0,0,0
Elephants are the largest land animals.,4597251235,0,1,0,0,0,0
A triangle has three sides.,db9e335d21,0,1,0,0,0,0
Milk is often used to make cheese.,0e1944f96f,0,1,0,0,0,0
Coins are generally made of metal.,42a13d8a51,0,1,0,0,0,0
Refrigerators keep food cold.,078d1cdee4,0,1,0,0,0,0
Gravity pulls objects toward the Earth.,07094d5d12,0,1,0,0,0,0
Socks are worn on the feet.,93c468fa3c,0,1,0,1,0,0
Bees collect nectar from flowers.,280c7340bd,0,1,0,0,0,0
Fish use gills to breathe underwater.,a8cc3dbb41,0,1,0,0,0,0
Fire produces heat and light.,a7d462041e,0,1,0,0,0,0
Clouds are visible accumulations of water droplets.,2aa033d68c,0,1,0,0,0,0
Diamonds are considered valuable gemstones.,8369b8ee46,0,1,0,0,0,0
Volcanoes can erupt with molten lava.,3ff152c12a,0,1,0,0,0,0
Rice is a staple food in many countries.,73e701994e,0,1,0,1,0,0
The Amazon is a large rainforest.,0dd1b809f3,0,1,0,0,0,0
Birds build nests to lay eggs.,253abf2d7c,0,1,0,0,0,0
A week has seven days.,cedcf91e07,0,1,0,0,0,0
Telephone calls transmit voices over distances.,36c43375e4,0,1,0,0,0,0
Plastic can be recycled in some facilities.,035a0a47cd,0,1,0,0,0,0
Apples grow on trees.,3a747a0c0e,0,1,0,0,0,0
Kangaroos are native to Australia.,b361923eb8,0,1,0,0,0,0
Windmills can generate electricity.,42e7970d8c,0,1,0,0,0,0
People vote in democratic elections.,0e9de04b2e,1,1,0,1,1,0
Libraries lend books to the public.,d994f38de6,0,1,0,1,0,0
Trains travel on rails.,dba7b668f8,0,1,0,0,0,0
Most pencils contain graphite.,247302456b,0,1,0,0,0,0
Cameras capture photographs.,8bd6823d6f,0,1,0,0,0,0
Football is played with an oval ball.,da9aa976b4,0,1,0,0,0,0
Ice cream melts when exposed to heat.,59b821c974,0,1,0,0,0,0
Televisions display moving images.,dd17325944,0,1,0,0,0,0
Airplanes fly using wings.,35e3be6fb5,0,1,0,0,0,0
Potatoes grow underground.,a492836867,0,1,0,0,0,0
Sugar tastes sweet to most people.,aa62e7b425,0,1,0,0,0,0
Shoes protect your feet.,7700c948ee,0,1,0,0,0,0
"Dolphins are mammals, not fish.",8e8f3d2211,0,1,0,0,0,0
Keys are used to unlock doors.,d153f7f050,0,1,0,1,0,0
Paris is the capital of France.,557be7eca2,0,1,0,0,0,0
Satellites orbit planets in space.,00ac4df478,0,1,0,0,0,0
Pine trees remain green all year.,847944c684,0,1,0,0,0,0
Jellyfish live in oceans.,67f8cd6624,0,1,0,0,0,0
The Sahara is a vast desert.,97b989c530,0,1,0,0,0,0
Power outages stop electricity flow.,7075076396,0,1,0,1,0,0
Sunflowers turn towards sunlight.,26b61ea5e0,0,1,0,0,0,0
The Statue of Liberty stands in New York Harbor.,17086afbc0,0,1,0,0,0,0
Rainbows form when light passes through water droplets.,3a34c7bbd8,0,1,0,0,0,0
Most frogs can jump long distances.,f6512d62b2,0,1,0,0,0,0
Wolves hunt in packs.,fb70609818,0,1,0,0,0,0
Turtles have hard shells.,62d99ab41e,0,1,0,0,0,0
Earthquakes result from shifting tectonic plates.,9f1d311b0e,0,1,0,0,0,0
Butterflies undergo metamorphosis.,443b879a0c,0,1,0,0,0,0
Clocks measure time.,857e2cab0c,0,1,0,0,0,0
Gold has a yellow metallic luster.,93e6658df9,0,1,0,0,0,0
A compass shows cardinal directions.,5d801e34de,0,1,0,0,0,0
Owls are nocturnal birds.,993332dac2,0,1,0,0,0,0
Boats float on water.,21bbd88766,0,0,0,0,0,0
Pizza is a popular food.,783dd5fba4,0,1,0,1,0,0
Giraffes have long necks.,8944fa51a1,0,1,0,0,0,0
Candles provide light when burned.,5c7fbad72b,0,1,0,0,0,0
Bamboo grows quickly.,e331c8606e,0,1,0,0,0,0
Soccer is played with a round ball.,315ac565b9,0,1,0,0,0,0
"Mushrooms are fungi, not plants.",7b19e8acdc,0,1,0,0,0,0
Lasers emit focused beams of light.,63f512f62f,0,1,0,0,0,0
The Great Wall is located in China.,256babf1c2,0,1,0,0,0,0
Mosquitoes bite to feed on blood.,1fa890dff0,0,1,0,0,0,0
Eggs are a common breakfast food.,51afcc9b58,0,1,0,1,0,0
Horses have hooves.,6e67c691b7,0,1,0,0,0,0
Soap removes dirt from skin.,0ce6b56da4,0,1,0,0,0,0
Many insects undergo complete metamorphosis.,99ce91b98d,0,1,0,0,0,0
The Arctic is home to polar bears.,93529ddec9,0,1,0,0,0,0
Maps show locations of places.,ad669b5522,0,1,0,0,0,0
Raincoats keep you dry.,3aa6271095,0,1,0,0,0,0
Lightning can strike tall objects.,aaa2be64e6,0,1,0,0,0,0
Water freezes at zero degrees Celsius.,ad41c9c907,0,1,0,0,0,0
Dogs are common domestic animals.,cd2165ea57,0,1,0,1,0,0
Leaves change color in autumn.,cabb625f8a,0,1,0,0,0,0
Paper is made from wood pulp.,7f4a37fc86,0,1,0,0,0,0
Most birds lay eggs.,509ae9c33c,0,1,0,0,0,0
Tomatoes contain vitamin C.,5835c6b1f4,0,1,0,0,0,0
Computers process digital information.,b77142f71a,0,1,0,0,0,0
Cows produce milk for dairy products.,8b389a9e58,0,1,0,0,0,0
Trains carry passengers or cargo.,d3444017c7,0,1,0,0,0,0
Bicycles are powered by pedaling.,230127da9d,0,1,0,0,0,0
Honey is made by bees.,fe715cdb8f,0,1,0,0,0,0
The ocean covers most of Earth’s surface.,4363dbf667,0,1,0,0,0,0
Mountains can affect local weather.,f2e556dd83,0,1,0,0,0,0
Most watches display the time.,d4c42027e3,0,1,0,1,0,0
The brain controls body functions.,91bbdc7470,0,1,0,0,0,0
Pineapples have spiky outer skin.,fdbc984b57,0,1,0,0,0,0
Most plants have green leaves.,dab234c48e,0,1,0,0,0,0
The giraffe is the tallest animal.,9b767aa58c,0,1,0,0,0,0
Plastic is made from petroleum.,5bdf3513c9,0,1,0,0,0,0
Coffee contains caffeine.,d5e9ab7717,0,1,0,0,0,0
Music can be produced by instruments.,9c7bced558,0,1,0,1,0,0
Lions live in prides.,3d6f496db8,0,0,0,1,0,0
Diamonds are formed under high pressure.,fa5e81ea76,0,1,0,0,0,0
London is in the United Kingdom.,04b811adaa,0,1,0,0,0,0
Reptiles are cold-blooded animals.,f600c04516,0,1,0,0,0,0
Most people eat three meals daily.,39f2343e49,0,1,0,1,0,0
Feathers cover most birds.,55dab47961,0,1,0,0,0,0
Carrots are high in beta-carotene.,5b84d7aaac,0,1,0,0,0,0
Peanuts grow underground.,21143dd4ed,0,1,0,0,0,0
Shoelaces secure shoes on your feet.,706dae1644,0,1,0,1,0,0
Mars is known as the red planet.,b8ec543566,0,1,0,0,0,0
Basketball is played indoors or outdoors.,355824ed99,0,1,0,1,0,0
Whales breathe air through blowholes.,3e9e5ef6d6,0,1,0,0,0,0
Maps help with navigation.,4c63c4481b,0,1,0,0,0,0
Steel is an alloy of iron and carbon.,bc78873afc,0,1,0,0,0,0
Some fungi decompose dead plants.,f58cc933d6,0,1,0,0,0,0
The keyboard is used to type.,13801fa0f7,0,1,0,1,0,0
Tigers have striped fur.,351d2317b1,0,1,0,0,0,0
Most airplanes have two wings.,c5a9e52a72,0,1,0,0,0,0
Some deserts have sand dunes.,1cc51fa40b,0,1,0,0,0,0
Car engines use combustion to run.,7be99e79a8,0,1,0,0,0,0
A rainbow has multiple visible colors.,86cbc5de7d,0,1,0,0,0,0
Penguins live in cold climates.,fa25eff6c4,0,1,0,0,0,0
Hydrogen is the lightest element.,16870dc2de,0,1,0,0,0,0
Most mammals have hair or fur.,8235d479bf,0,1,0,0,0,0
Libraries store information resources.,2afd243afc,0,1,0,1,0,0
Oranges are juicy citrus fruits.,1223f821c8,0,1,0,0,0,0
Stars emit energy as light and heat.,608ecd443f,0,1,0,0,0,0
Monkeys are primates.,965246456f,0,1,0,0,0,0
Penguins cannot fly.,14ac42f21a,0,0,0,0,0,0
A river flows toward lower elevations.,4fbcbd97ca,0,1,0,0,0,0
Sharks have sharp teeth.,c1168f7baf,0,1,0,0,0,0
Sugar cane grows in tropical regions.,0d5daa0fe7,0,1,0,0,0,0
You can see your breath in cold air.,105cb015ed,0,1,0,0,0,0
Seashells are found on beaches.,e75cfb1295,0,1,0,0,0,0
Internet connects computers worldwide.,1fe87b69f7,0,1,0,0,0,0
Many laptops have touchpads.,a6f4d11190,0,1,0,1,0,0
Parrots can mimic human speech.,176fe55d7a,0,1,0,1,0,0
The cheetah is the fastest land animal.,457618b418,0,1,0,0,0,0
Tornadoes form in severe storms.,f82a03d38b,0,1,0,0,0,0
Peacocks display colorful tail feathers.,58a01c5a27,0,1,0,0,0,0
Rain can fill rivers and lakes.,af359d5ee9,0,1,0,0,0,0
Toothpaste cleans teeth.,de61c02497,0,1,0,1,0,0
Grapes can be made into wine.,cbdbc0237a,0,1,0,0,0,0
Roses are flowering plants.,2e6b211975,0,1,0,0,0,0
Coyotes are wild canines.,7763a12107,0,1,0,0,0,0
Dolphins communicate with clicks and whistles.,e205cea108,0,1,0,1,0,0
Spider webs trap insects.,8472d4dc4b,0,1,0,0,0,0
Some buses are powered by electricity.,cc17b53b2d,0,1,0,1,0,0
Koalas eat eucalyptus leaves.,410bfee435,0,1,0,0,0,0
Horseback riding is an outdoor activity.,0f902bb2fb,0,1,0,1,0,0
Desks provide a surface for working.,d04eec0d81,0,1,0,1,0,0
Flights depart from airports.,2dce25c2ea,0,1,0,0,0,0
Crickets make chirping sounds at night.,0b23fce9d9,0,1,0,0,0,0
Whales can communicate over long distances.,7a7da56abc,0,1,0,0,0,0
Triangles are basic geometric shapes.,0cee045fa6,0,1,0,0,0,0
Shampoo cleans your hair.,bc0c239378,0,1,0,1,0,0
Penguins waddle when they walk.,64ac7986b1,0,1,0,0,0,0
Spaghetti is a type of pasta.,32504639fe,0,1,0,0,0,0
Cameras can record video and still images.,2016ecc875,0,1,0,0,0,0
Mice are small rodents.,69c49d75d5,0,1,0,0,0,0
Most city buses follow a schedule.,6ef3d603db,0,1,0,1,0,0
The pancreas produces insulin.,278ba81626,0,1,0,0,0,0
Tulips are spring flowers.,e323a4a88d,0,1,0,0,0,0
Rainforest plants grow rapidly.,1d5e699af1,0,1,0,0,0,0
Mosquitoes are attracted to standing water.,7e43aa9c11,0,1,0,0,0,0
Chess pieces move in specific ways.,21a715ea47,0,1,0,0,0,0
Coral reefs harbor diverse marine life.,a9ebef82f3,0,1,0,0,0,0
Bears hibernate in winter.,f8f99b305f,0,1,0,0,0,0
Maps can be digital or paper.,dc2e4e48ac,0,1,0,0,0,0
Laptops can run on batteries.,8ca5b82b10,0,1,0,1,0,0
Wood floats on water.,7cf8f0b640,0,0,0,0,0,0
Leaves capture sunlight for energy.,79e033374f,0,1,0,0,0,0
Kites fly in the wind.,0019c0cff5,0,1,0,0,0,0
Tigers hunt large prey.,a5d98a78af,0,1,0,0,0,0
Light allows humans to see their environment.,c491ad2c22,0,1,0,0,0,0
Most mammals give birth to live young.,fb3dece768,0,1,0,0,0,0
Salt enhances the taste of many foods.,e1ee32f7dd,0,1,0,0,0,0
The Milky Way is a galaxy containing Earth.,d3db8f62d8,0,1,0,0,0,0
Cats use whiskers to sense their surroundings.,a4ff0dddd5,0,1,0,1,0,0
The Earth rotates once every 24 hours.,ccca554dc9,0,1,0,0,0,0
Coins can be used to pay for small purchases.,88920ff315,0,1,0,1,0,0
Butter melts at room temperature.,b5c4240062,0,1,0,0,0,0
Mail is delivered by postal services.,764dfadaf9,0,1,0,0,0,0
Dogs can be trained to obey commands.,d5cbceca1f,1,1,0,1,0,0
Rabbits eat mainly plants and vegetables.,25e435a52d,0,1,0,0,0,0
The sun provides energy for Earth’s ecosystems.,aaf1bb8510,0,1,0,0,0,0
Many lakes are formed by glaciers.,c0d9b56825,0,1,0,0,0,0
Sugar can cause tooth decay.,a2fca842ff,0,1,0,0,0,0
Wind moves air from high to low pressure.,26d02209e5,0,1,0,0,0,0
Tea is made by steeping leaves in hot water.,348e82ec04,0,1,0,0,0,0
Wolves are related to domestic dogs.,d10b7c32c7,0,1,0,0,0,0
Sunburn is caused by ultraviolet rays.,c27dc0e4e6,0,1,0,0,0,0
Octopuses have eight arms.,2b67baa302,0,1,0,0,0,0
A marathon is 42 kilometers long.,70a76ee182,0,1,0,0,0,0
Some birds can mimic human voices.,f83ea98b15,0,1,0,1,0,0
Leaves fall from trees in autumn.,5c0aa2c823,0,1,0,0,0,0
Coal is a fossil fuel.,e1fe8468c3,0,1,0,0,0,0
Foxes have bushy tails.,71b779ca7e,0,1,0,1,0,0
Bicycles help reduce air pollution.,a35f02c6f1,0,1,0,0,0,0
Zebras have black and white stripes.,fc4fe839ab,0,1,0,0,0,0
Earthquakes measure movement along faults.,40e5d134df,0,1,0,0,0,0
Most ships float by displacing water.,591dc5a07c,0,1,0,0,0,0
Chocolate contains cocoa.,217ebd71a9,0,1,0,0,0,0
Clouds predict changing weather.,da10d344c8,0,1,0,0,0,0
Some spiders use venom to subdue prey.,f3b5b35032,0,1,0,1,0,0
Cows chew cud to digest food.,f7263aab79,0,1,0,0,0,0
Roses have thorny stems.,47a127c9e8,0,1,0,0,0,0
Many owls hunt at night.,213c4ce9d5,0,1,0,0,0,0
Potatoes can be prepared in multiple ways.,62134fed02,0,1,0,1,0,0
Leaves take in carbon dioxide.,03d723b6a6,0,1,0,0,0,0
Wolves travel together in packs.,2e9a72a752,0,1,0,1,0,0
Mosquitoes can transmit diseases like malaria.,9fa345081b,0,1,0,0,0,0
Seals are marine mammals.,505607241a,0,1,0,0,0,0
Aircraft take off from runways.,1e9de7d028,0,1,0,0,0,0
Crayons are made of colored wax.,8efcc9531d,0,1,0,0,0,0
Stars are visible at night.,365dbd61c1,0,1,0,0,0,0
Broccoli is a nutritious vegetable.,c9d77f9e35,0,1,0,0,0,0
Ice forms when water freezes.,fa6cebb495,0,1,0,0,0,0
The giraffe has a long neck for feeding.,99657611f6,0,1,0,1,0,0
Clock towers display time to the public.,478b4c035a,0,1,0,1,0,0
Magnifying glasses make objects appear larger.,43fc67ea93,0,1,0,0,0,0
Maps use symbols for landmarks.,533feb780e,0,1,0,0,0,0
Parrots are known for their bright feathers.,f4849d1608,0,1,0,1,0,0
Jackrabbits have long ears.,528ad5e2c1,0,1,0,0,0,0
Seashells are made by marine animals.,6f860abd5e,0,1,0,0,0,0
The sun is approximately 93 million miles from Earth.,992dddaa23,0,1,0,0,0,0
Fire needs oxygen to burn.,e01302b8b4,0,1,0,0,0,0
Caterpillars transform into butterflies.,08c3090d2a,0,1,0,0,0,0
Oranges are peeled before eating.,9f2f0291f4,0,1,0,1,0,0
Pluto is classified as a dwarf planet.,359ba0478a,0,1,0,0,0,0
Blinking keeps eyes moist.,815bc12910,0,1,0,0,0,0
Cucumbers are mostly water.,75f6742c98,0,1,0,0,0,0
Many fish lay eggs in water.,9d8ce6948f,0,1,0,0,0,0
Compasses use magnetism to find North.,e84d2b120b,0,1,0,0,0,0
Lightning can cause wildfires.,5736c36eeb,0,1,0,0,0,0
Soap bubbles are spherical.,5626659234,0,1,0,0,0,0
Many mushrooms grow in damp forests.,25f75e6532,0,1,0,0,0,0
Planes fly above clouds.,4ea9ec6175,0,1,0,0,0,0
Hermit crabs find empty shells to live in.,b615d71782,0,1,0,0,0,0
Wristwatches show the current time.,0db6c63a44,0,1,0,1,0,0
Whale song travels long distances underwater.,1cc3575d6e,0,1,0,0,0,0
Cats can retract their claws.,821d9d9917,0,1,0,1,0,0
The violin is played with a bow.,a549e9d60e,0,1,0,1,0,0
Orchids are tropical flowers.,dd07d508cc,0,1,0,0,0,0
Rain cools the air on hot days.,ff76df1852,0,1,0,0,0,0
Eagles have excellent eyesight.,5947f51750,0,1,0,1,0,0
Bees are important pollinators.,7116873e59,0,1,0,0,0,0
Pine trees have needle-like leaves.,02613394c2,0,1,0,0,0,0
Most apartment buildings have multiple floors.,d8e6dff5b7,0,1,0,1,0,0
Cranes lift heavy materials at construction sites.,f576626b34,0,1,0,0,0,0
Camels store fat in their humps.,cb62eff1a5,0,1,0,0,0,0
Maps help people find directions.,f4f2afbecf,0,1,0,1,0,0
Rabbits have long ears.,70c2093173,0,1,0,0,0,0
Sleep restores energy in humans and animals.,359be618a2,0,1,0,0,0,0
Pigeons live in cities around the world.,7b438f82ea,0,1,0,0,0,0
Knives are used to cut food.,85cc84506f,0,1,0,0,0,0
Ravens are highly intelligent birds.,53bc7208dc,0,1,0,0,0,0
Seedlings grow from planted seeds.,468f346664,0,1,0,0,0,0
Aluminum is a lightweight metal used in cans.,6f53c0e3f2,0,1,0,0,0,0
Mountains experience lower air pressure at the summit.,5c83c4e9f9,0,1,0,0,0,0
Rivers can erode rocks and soil.,db2cfe010f,0,1,0,0,0,0
Ants live in organized colonies.,8f99b7dbf5,0,1,0,0,0,0
Children usually lose baby teeth by age twelve.,44c244b82c,0,1,0,1,0,0
Birds have hollow bones to help them fly.,320eda336a,0,1,0,0,0,0
Gold is used in making jewelry.,69d6263f1d,0,1,0,1,0,0
Lemons taste sour due to citric acid.,52feb26c18,0,1,0,0,0,0
Red blood cells carry oxygen.,d06ff0f2ed,0,1,0,0,0,0
Some bats use echolocation to navigate.,8b5d6e83ff,0,1,0,0,0,0
Green is a secondary color.,6b779c9496,0,1,0,0,0,0
Water is a compound of hydrogen and oxygen.,5a241a805d,0,1,0,0,0,0
Some owls can rotate their heads 270 degrees.,8e4a677a19,0,1,0,0,0,0
Triangles always have three angles.,3eef79fdc1,0,1,0,0,0,0
Snakes shed their skin periodically.,89044ce005,0,1,0,0,0,0
Cheese is made from fermented milk.,92643388ba,0,1,0,0,0,0
Maps use a legend to explain symbols.,28035478a4,0,1,0,0,0,0
Most people have twenty primary teeth.,a61b822be9,0,1,0,1,0,0
Wind moves clouds across the sky.,3e4a7bffaa,0,1,0,0,0,0
Watches are powered by batteries or springs.,1142615d45,0,1,0,0,0,0
Some fish change color as camouflage.,2c858f9bef,0,1,0,0,0,0
Bread rises using yeast or baking powder.,9b474af9fd,0,1,0,0,0,0
An octopus squirts ink when threatened.,4e4c5f4f22,0,1,0,0,0,0
Some animals hibernate during winter.,58bc44b7c6,0,1,0,0,0,0
Cheetahs can reach high speeds for short bursts.,5fcae476b8,0,1,0,1,0,1
Sunrises occur in the east.,27f57f7ab6,0,1,0,0,0,0
Seahorses anchor themselves with prehensile tails.,4b70441b78,0,1,0,0,0,0
Chocolate is toxic to many animals.,f843431a42,0,1,0,0,0,0
Bees store honey in hives.,f11e375527,0,1,0,0,0,0
Copper is a good electrical conductor.,ee5d92f08e,0,1,0,0,0,0
Camels have long eyelashes for sand protection.,9f90445e57,0,1,0,1,0,0
The Atlantic Ocean borders several continents.,5e82d1b372,0,1,0,0,0,0
Tornadoes have a funnel-shaped appearance.,e3b78e17f8,0,1,0,0,0,0
Roses need sunlight and water to grow.,82f26a3619,0,1,0,0,0,0
Post offices handle mail distribution.,6cc5b3d5c0,0,1,0,1,0,0
Most modern phones are smartphones.,2c42999f39,0,1,0,1,0,0
The moon’s gravity causes tides on Earth.,ea4080d565,0,1,0,0,0,0
Antarctica is mostly covered in ice.,7439c4edb1,0,1,0,0,0,0
Earthworms help improve soil structure.,e2e40f15a9,0,1,0,0,0,0
Most spiders are harmless to humans.,ca40011fb3,0,1,0,1,0,0
Fans circulate air in a room.,bccd2463f1,0,1,0,0,0,0
Kiwis are flightless birds from New Zealand.,9f354b6b80,0,1,0,0,0,0
Most fabrics are woven from threads.,ed30ec38fa,0,1,0,0,0,0
Lightning is caused by electrical discharge in clouds.,15eefb4cb1,0,1,0,0,0,0
Penguins hunt fish underwater.,594e43557a,0,1,0,0,0,0
The cheetah is known for its sprinting speed.,fc09c96239,0,1,0,1,0,0
Cats often purr when content.,aef3770a8d,0,1,0,1,0,0
Koalas sleep for long periods.,b8e4fb7a72,0,1,0,0,0,0
Trees provide shade and shelter.,2c655d1dd9,0,1,0,0,0,0
Pandas eat mainly bamboo.,ad5b92fd23,0,1,0,0,0,0
The freezer keeps food frozen.,8a93e312e4,0,1,0,0,0,0
Ice floats because it is less dense than water.,186cfd73e8,0,1,0,0,0,0
Maps help travelers plan trips.,7bb7b08b04,0,1,0,1,0,0
Lava cools into solid rock.,c5e5689bb1,0,1,0,0,0,0
Cranes are machines used for lifting.,cb0ade8482,0,1,0,0,0,0
Lizards bask in sunlight to warm up.,7705b28bcd,0,1,0,0,0,0
Rice paddies need standing water.,f10dfc845e,0,1,0,0,0,0
Smoke detectors sense particles from fires.,6b654a09e4,0,1,0,0,0,0
Fireflies emit light from their abdomens.,2f80bf6618,0,1,0,0,0,0
Sponges live in the ocean.,3911822576,0,1,0,0,0,0
Salmon swim upstream to lay eggs.,ff81547ced,0,1,0,0,0,0
Most mammals have warm blood.,0dc6e3cb6d,0,1,0,0,0,0
Stripes help zebras camouflage in grass.,57997c8258,0,1,0,0,0,0
"Rocks can be sedimentary, igneous, or metamorphic.",3c88825ec6,0,1,0,0,0,0
Penguins use flippers for swimming.,7431b1ebc6,0,1,0,0,0,0
Clouds block sunlight on overcast days.,d5e64c7ddb,0,1,0,0,0,0
Snowflakes have six sides.,8bcd673d56,0,1,0,0,0,0
Babies crawl before they walk.,20000de021,0,0,0,0,0,0
Leaves lose chlorophyll and fade in autumn.,bc6118dbb9,0,1,0,0,0,0
Oceans are salty due to dissolved minerals.,58eacbc7dc,0,1,0,0,0,0
Owls hunt silently at night.,801284f24f,0,1,0,1,0,0
Seeds contain embryonic plants.,149799fdfb,0,1,0,0,0,0
Maps often show mountains with triangles.,69c12f1572,0,1,0,0,0,0
Ostriches are the largest birds.,b20284dbc6,0,1,0,0,0,0
Babies drink milk for nourishment.,73b8a58509,0,1,0,0,0,0
Firefighters extinguish blazes with water hoses.,e8cb5d0ebc,0,1,0,0,0,0
Maps are oriented with north at the top.,ae918b280d,0,1,0,0,0,0
Tides rise and fall twice daily.,7fbffc7154,0,0,0,0,0,0
Otters use rocks to crack open shells.,17d24c64b2,0,1,0,0,0,0
Rainwater replenishes rivers and lakes.,f6fed6253d,0,1,0,0,0,0
Lightning can cause power outages.,56a3757d6b,0,1,0,0,0,0
Seals use flippers for swimming.,eefb729b1a,0,1,0,0,0,0
Bacteria can multiply quickly.,afc723e531,0,1,0,0,0,0
Oak trees produce acorns.,1c31296270,0,1,0,0,0,0
Crickets produce sounds by rubbing wings.,f94d889ad8,0,1,0,0,0,0
Geckos can stick to walls.,8c10685a08,0,1,0,0,0,0
Polar bears are strong swimmers.,27ed94e8a8,0,1,0,0,0,0
Planets orbit stars in solar systems.,7322162ea5,0,1,0,0,0,0
Vultures scavenge for food.,b1658dbf5b,0,1,0,0,0,0
The violin is a string instrument.,1ba9433ffa,0,1,0,1,0,0
Goats can climb steep terrain.,820f8725ad,0,1,0,1,0,0
Fire is hot to the touch.,55c96fbdec,0,1,0,0,0,0
Oceans are habitats for many animals.,d061deb025,0,1,0,0,0,0
A rainbow appears after rain when sunlight refracts.,b5989315b5,0,1,0,0,0,0
Smartphones have built-in cameras for taking pictures.,0da0fe3e76,0,1,0,1,0,0
Most cars use gasoline or diesel as fuel.,5d973bab08,0,1,0,0,0,0
Fish use fins to swim in water.,e15f1ec434,0,1,0,0,0,0
Coffee is often served hot.,386984fe0c,0,1,0,1,0,0
Spiders spin webs to catch prey.,01b0d965f9,0,1,0,0,0,0
Honey bees live in colonies.,0f25f5d6df,0,1,0,0,0,0
Balloons rise because helium is lighter than air.,c987244af2,0,1,0,0,0,0
Pine trees produce cones as seeds.,ddb6ba1895,0,1,0,0,0,0
Rain usually makes the ground wet.,fc0710a1ea,0,1,0,0,0,0
Frogs jump to move around.,d441085042,0,1,0,0,0,1
Airplanes can fly long distances.,623c0bc571,0,1,0,0,0,0
Butterflies have colorful wings.,233969f607,0,1,0,0,0,0
"Apples can be red, green, or yellow.",439f7e97dc,0,1,0,0,0,0
Trains travel on metal tracks.,7d6ac0fb13,0,1,0,0,0,0
Giraffes eat leaves from tall trees.,365f91ccc5,0,1,0,0,0,0
Shoes are worn on the feet.,a7f74abf4d,0,1,0,1,0,0
Rivers flow towards oceans or lakes.,2140fd02f9,0,1,0,0,0,0
Volcanoes release ash and lava during eruptions.,498417bf09,0,1,0,0,0,0
Kangaroos can hop long distances.,2cfb018a2e,0,1,0,1,0,0
Broccoli is green and edible.,131dd54091,0,1,0,0,0,0
Oranges are a source of vitamin C.,a68877f57b,0,1,0,0,0,0
Clouds form from evaporated water vapor.,2861dadc3b,0,1,0,0,0,0
Cats clean themselves with their tongues.,6b7596f63a,0,1,0,1,0,1
Grass is green and grows from the ground.,ee1c483fbf,0,1,0,0,0,0
Winter is characterized by colder temperatures.,d2a3a578ca,0,1,0,0,0,0
Dogs can bark to communicate.,ee772dd101,0,1,0,1,0,0
Elephants have large ears and trunks.,8f320b5b8d,0,1,0,0,0,0
Hot air rises above cooler air.,de99f6390a,0,1,0,0,0,0
Deer have antlers that shed annually.,6ee1479c89,0,1,0,0,0,0
Whales are the largest marine mammals.,10de88d7e9,0,1,0,0,0,0
Coal is used as a fuel source.,d19e4b513e,0,1,0,0,0,0
The Moon affects ocean tides.,163a16ec43,0,1,0,0,0,0
Cranes are tall birds with long necks.,375225b655,0,1,0,0,0,0
Monkeys use tails for balance.,80514ed3e0,0,1,0,0,0,0
Wind moves tree branches.,8952f814c1,0,1,0,0,0,0
Sheep grow wool annually.,f6106e23ef,0,1,0,1,0,0
Fuel powers most cars.,5602519323,0,1,0,0,0,0
Deserts are typically dry environments.,a9d6460e18,0,1,0,0,0,0
Salt preserves certain foods.,1bee3d7894,0,1,0,0,0,0
Eggplants grow on plants.,e09c4335a8,0,1,0,0,0,0
Chalk writes on blackboards.,d14dc19899,0,0,0,1,0,0
Otters live in rivers and lakes.,3f5dc6e629,0,1,0,0,0,0
Mosquitoes bite humans and animals.,f7cff4328d,0,1,0,0,0,0
Laptops are portable computers.,4ac7dad553,0,1,0,0,0,0
Maps show borders and countries.,c5ac21cbb4,0,1,0,0,0,0
Sunblock protects skin from sunburn.,2d8ca35036,0,1,0,0,0,0
Football requires teamwork to play effectively.,fe87c6c94b,1,1,0,1,0,0
Carnivores eat meat.,2155f1b941,0,1,0,0,0,0
Insects have three body segments.,164568a533,0,1,0,0,0,0
Milk is a staple drink in many cultures.,f271c5ba1a,0,1,0,0,0,0
Snowflakes have unique patterns.,91f336c6b5,0,1,0,0,0,0
Grasshoppers can leap long distances.,dd378a9e1f,0,1,0,0,0,0
Gravity keeps objects grounded.,1d9ed40e24,0,1,0,0,0,0
Pigs are farm animals.,5f7c563c9a,0,1,0,0,0,0
Radios broadcast music and news.,43b1b500ea,0,1,0,1,0,0
Chickens lay eggs for food.,460975e080,0,1,0,1,0,0
Maps can be drawn to various scales.,7c3267e5fe,0,1,0,0,0,0
Rainwater waters plants and trees.,e68dfc62bb,0,1,0,0,0,0
Steel is stronger than iron.,231996f39b,0,1,0,0,0,0
Water is essential for all known life.,d76fa04fa0,0,1,0,0,0,0
Frogs can croak loudly.,cee5f5481c,0,1,0,0,0,0
Corn is harvested in late summer.,6f2886b3b8,0,1,0,0,0,0
Dolphins are social creatures in the wild.,3a05c19ac0,0,1,0,0,0,0
Snails have spiral shells.,2104b6a441,0,1,0,0,0,0
Ants carry loads heavier than their bodies.,b622da639c,0,1,0,0,0,0
Tulips are grown from bulbs in soil.,82522be234,0,1,0,0,0,0
The sun provides light during the day.,3aa7a02b8a,0,1,0,0,0,0
Rain forms when clouds become saturated.,7f0db05636,0,1,0,0,0,0
Cats use their tails for balance.,66ce07e174,0,1,0,1,0,0
Boiling water kills many germs.,b55a46a08c,0,1,0,0,0,0
Bananas grow in clusters on trees.,0193b12d9f,0,1,0,0,0,0
Electric fans cool down rooms.,8cd7044672,0,1,0,0,0,0
Wolves communicate by howling.,eeac0e8f39,0,1,0,1,0,0
Corn is a common cereal crop.,23b1f4f5e1,0,1,0,0,0,0
Aeroplanes transport passengers over long distances.,46ed08a712,0,1,0,0,0,0
Most fish have scales on their skin.,0e8b04cb0d,0,1,0,0,0,0
Rabbits dig burrows for shelter.,ae64e4a4a9,0,1,0,0,0,0
Television broadcasts a variety of programs.,cc8e27fe9f,0,1,0,1,0,0
Dogs bark to alert owners.,7673a8a944,0,1,0,1,0,1
Penguins waddle on land.,b704a6aedd,0,1,0,0,0,0
Watermelons contain mostly water.,0489519b0d,0,1,0,0,0,0
Monkeys often swing from tree branches.,2c8e7d7453,0,1,0,1,0,0
Butterflies grow from caterpillars.,3c74084655,0,1,0,0,0,0
France is located in Europe.,051567cb1d,0,1,0,0,0,0
Horses gallop to run quickly.,9b7753ea3f,0,1,0,1,0,0
Dolphins live in saltwater environments.,5914b95639,0,1,0,0,0,0
Pens are used for writing on paper.,55518dc3f2,0,1,0,0,0,0
The moon's surface has many craters.,d2f1921807,0,1,0,0,0,0
Milk is a source of calcium.,1cdd2f3216,0,1,0,0,0,0
Lightning can start forest fires.,dc6d97d5c1,0,1,0,0,0,0
Cucumbers can be pickled.,21c52dbb6a,0,1,0,0,0,0
Most shirts have sleeves.,b8a58664fc,0,1,0,1,0,0
Tigers are carnivorous mammals.,b97d280cd2,0,1,0,0,0,0
Bread is baked in ovens.,171a41b044,0,1,0,0,0,0
Zebras have striped hides.,2eca12c02c,0,1,0,0,0,0
Apples ripen in late summer.,d492c58249,0,1,0,0,0,0
Soap dissolves grease and dirt.,df68e6cd34,0,1,0,0,0,0
Mt. Everest is a popular climbing destination.,be4fc403ae,0,1,0,0,0,0
Books can tell fictional stories.,02ce06d31f,0,1,0,1,0,0
Bald eagles are native to North America.,c538dd7faa,0,1,0,0,0,0
Sharks are apex predators in oceans.,21298e3a6c,0,1,0,0,0,0
Pianos have black and white keys.,f40450518b,0,1,0,1,0,0
Digital clocks show time numerically.,3558b353cd,0,1,0,0,0,0
Chairs are designed for sitting.,1a01731f48,0,1,0,1,0,0
Roosters crow at dawn.,4f8c312ee8,0,1,0,0,0,0
Roses come in many colors.,ff8ce365a0,0,1,0,0,0,0
Hippos live in African rivers and lakes.,8162991186,0,1,0,0,0,0
"Calendars show days, weeks, and months.",aebc08a144,0,1,0,0,0,0
Parachutes help slow descent from heights.,d82631c015,0,1,0,0,0,0
"Lions are known as ""king of the jungle.""",9f6c2b9cf1,0,0,0,1,0,0
Peanuts can cause allergic reactions.,31a5a03163,0,1,0,0,0,0
Carrots are good for vision health.,793ad5cd01,0,1,0,0,0,0
Geese fly in V-formation.,2a8247b778,0,1,0,0,0,0
Pine trees keep their needles in winter.,b955e11e79,0,1,0,0,0,0
Grapes grow in clusters.,546d4abe04,0,1,0,0,0,0
Ice cubes form in freezers.,0560f44176,0,1,0,0,0,0
Jellyfish sting with their tentacles.,503d538461,0,1,0,0,0,0
Horse manure is used as fertilizer.,b5bb3795dc,0,1,0,0,0,0
Raincoats are worn during wet seasons.,5459a38f57,0,1,0,1,0,0
Earthquakes shake ground due to tectonic movement.,c463fdd78b,0,1,0,0,0,0
Lasers can scan barcodes quickly.,f60d3b9df4,0,1,0,0,0,0
Coins are used to make change.,f52b49a99e,0,1,0,1,0,0
Strawberries are red when mature.,c980bee958,0,1,0,0,0,0
Table salt is sodium chloride.,b4df377703,0,1,0,0,0,0
Rhinos have one or two horns.,d27566c873,0,1,0,0,0,0
Octopuses have flexible arms.,be568ec31d,0,1,0,0,0,0
Squirrels gather nuts for winter.,bfae62a968,0,1,0,0,0,0
Lava hardens into volcanic rock.,ef7ffbd4f5,0,1,0,0,0,0
Zucchini is a type of squash.,486f6f3aeb,0,1,0,0,0,0
"Tornadoes are violent, spinning winds.",790572929f,0,1,0,0,0,0
Ferns reproduce using spores.,e0f9b622fa,0,1,0,0,0,0
Maps can indicate elevation changes.,1cfe747b64,0,1,0,0,0,0
The Pacific Ocean covers large areas of Earth.,e0b18960b0,0,1,0,0,0,0
Dogs can recognize familiar people.,a193c0823c,1,1,0,1,0,0
Tree roots anchor the plant in soil.,2ac52fcd8e,0,1,0,0,0,0
Birds have beaks instead of teeth.,f23b95ea38,0,1,0,0,0,0
Ice melts at temperatures above zero Celsius.,f6e1f1f088,0,1,0,0,0,0
Rain helps crops grow.,77d9a72455,0,1,0,0,0,0
Chocolate melts in warm conditions.,634ba6761c,0,1,0,0,0,0
Mice are small nocturnal rodents.,1e4ba0ae18,0,1,0,0,0,0
Steam rises from boiling water.,a072869dde,0,1,0,0,0,0
The Moon reflects sunlight at night.,3420b09325,0,1,0,0,0,0
Bats sleep hanging upside down.,ef93c8f59b,0,1,0,1,0,0
Yogurt is made with bacterial cultures.,977b794e33,0,1,0,0,0,0
Books are kept for reading.,0ed0c8b25f,0,1,0,1,0,0
Strawberries grow close to the ground.,ff7c55f586,0,1,0,0,0,0
Cold air is denser than warm air.,8db8895875,0,1,0,0,0,0
Camels can store water in their bodies.,4bf02c6336,0,1,0,0,0,0
Gold does not rust.,bed35ac7f6,0,1,0,0,0,0
Plants release oxygen during photosynthesis.,67ca0abbf4,0,1,0,0,0,0
Lions live in African savannahs.,452cd54d29,0,1,0,0,0,0
Lettuce is often used in salads.,8f929b77a1,0,1,0,1,0,0
Bamboo is a grass species.,46c1ed453c,0,1,0,0,0,0
Potatoes can be mashed or fried.,a0d703f8ef,0,1,0,0,0,0
Bananas turn brown when overripe.,f163b4fb06,0,1,0,0,0,0
The Arctic Circle has long winter nights.,a94b466210,0,1,0,0,0,0
Jellyfish bodies are mostly water.,9cc294d3ba,0,1,0,0,0,0
Kiwi fruit contains black seeds inside.,62609d6c03,0,1,0,0,0,0
Crocodiles have strong jaws.,13bd5a75c6,0,1,0,0,0,0
Mountain tops have lower temperatures than valleys.,d9bb4cec04,0,1,0,0,0,0
Plastic is common in packaging.,3c53971b05,0,1,0,0,0,0
"Rhinos have thick, protective skin.",36bbd070c1,0,1,0,0,0,0
Basketball is played on a court.,122325e79c,0,1,0,0,0,0
Fresh air is important for respiration.,75ec036441,0,1,0,0,0,0
Pandan leaves are used in Asian cooking.,9aac7201df,0,1,0,0,0,0
Carrots grow underground.,d3f955283d,0,1,0,0,0,0
Coffee beans grow on bushes.,1b03ae560f,0,1,0,0,0,0
Goats eat leaves and grass.,5c5a20f973,0,1,0,0,0,0
Cheese is aged for flavor.,4222906c78,0,1,0,1,0,0
Zebras run in herds for safety.,5e32b53012,0,1,0,0,0,0
Otters have dense fur for insulation.,e3a4b91412,0,1,0,0,0,0
Peanuts are actually legumes.,7b1fcb71bf,0,1,0,0,0,0
Acorns fall from oak trees in autumn.,acfa060740,0,1,0,0,0,0
A wolf’s howl travels long distances.,3d7be2d25d,0,1,0,1,0,0
Helicopters can take off vertically.,684fde38bf,0,1,0,0,0,0
Mosquitoes are attracted to human breath.,b5662e133c,0,1,0,0,0,0
Rainwater can be collected in barrels.,99abd966e4,0,1,0,0,0,0
Computer mice control on-screen movement.,7981b58f73,0,1,0,1,0,0
Starfish can regrow lost arms.,8295872c53,0,1,0,0,0,0
Sloths move slowly through trees.,0adc3e22d5,0,1,0,1,0,0
Penguins huddle to conserve warmth.,1193153329,0,1,0,0,0,0
Most oranges are harvested in winter.,53edea6050,0,1,0,0,0,0
Caterpillars eat leaves before pupating.,c944a3671e,0,1,0,0,0,0
Lighthouses guide ships at sea.,3c84fe148c,0,1,0,0,0,0
Turtles protect themselves using shells.,b4f27c5812,0,1,0,0,0,0
Rivers carve channels over time.,5c03cd6a3d,0,1,0,0,0,0
Pumpkins are used for pies.,8339b7c5bd,0,1,0,1,0,0
Sunflowers produce edible seeds.,b3f27e9c4f,0,1,0,0,0,0
Geckos cling to surfaces with special toe pads.,3fc6f7ed5c,0,1,0,0,0,0
Venus is called Earth’s twin planet.,8b5e382f77,0,1,0,0,0,0
Paperclips are made from bent wire.,0d5452b7f7,0,1,0,1,0,0
Snow forms from frozen water vapor.,b3184fc208,0,1,0,0,0,0
Mountains are often formed by tectonic plates.,618970eba6,0,1,0,0,0,0
Lions communicate through roars.,6b142fa314,0,1,0,1,0,0
Chess uses two armies of pieces.,e1dda2c0f1,0,1,0,1,0,0
Wheat is ground to make flour.,4cea9b4f8f,0,1,0,0,0,0
Bamboo shoots are edible.,decf94eaaa,0,1,0,0,0,0
Smoke rises above fire.,0fccbb545a,0,1,0,0,0,0
Radar detects objects using radio waves.,a3caab2ae4,0,1,0,0,0,0
Icebergs float in polar oceans.,511085ee65,0,1,0,0,0,0
Most snakes lay eggs.,e146be69a0,0,1,0,0,0,0
Ants use pheromones for communication.,f5e7db77ef,0,1,0,0,0,0
Lightning can strike multiple times.,e7a10c8b83,0,1,0,0,0,0
Tadpoles transform into frogs.,25326d166b,0,1,0,0,0,0
The heart beats involuntarily.,453d5b2404,0,1,0,0,0,0
Lizards can drop tails to escape predators.,1b79f1c2aa,0,1,0,1,0,0
Fruits often contain seeds for reproduction.,f4ac825a3d,0,1,0,0,0,0
Light bulbs convert electricity to visible light.,5a321a74d4,0,1,0,0,0,0
Cars have four wheels for stability.,589039bde3,0,1,0,0,0,0
Pie is typically made with a pastry crust.,070771d0ef,0,1,0,0,0,0
Bicycles require pedaling to move forward.,677e685f7c,0,1,0,0,0,0
Paper is used for writing and printing.,2fff1c5d01,0,1,0,0,0,0
Coffee is brewed from roasted beans.,dcb5628bb4,0,1,0,0,0,0
Cheetahs can run faster than other animals.,17f7b81d0f,0,1,0,0,0,0
Wolves live in family groups called packs.,ad6110febc,1,1,0,0,0,0
Toothbrushes clean teeth and gums.,2919898393,0,1,0,1,0,0
Dentists recommend brushing twice a day.,bd2782969b,0,1,0,1,0,0
Sheep are kept for their wool.,bde9b082bc,0,1,0,1,0,0
Computers store and process information.,285ea31ea8,0,1,0,0,0,0
Water is essential for plant growth.,0b6de94c62,0,1,0,0,0,0
Many mushrooms grow after rain.,0bdc19f82a,0,1,0,0,0,0
Bees pollinate many flowering plants.,f9dc883c19,0,1,0,0,0,0
Cats purr when they feel comfortable.,d8a88badd7,0,1,0,1,0,0
Apples are popular in pies.,57fd0a75fd,0,1,0,1,0,0
Most reptiles lay eggs.,6aaa794f1c,0,1,0,0,0,0
Snakes move without legs by slithering.,db38ae7f33,0,1,0,0,0,0
Birds have feathers for insulation.,bcfcc6c7dd,0,1,0,0,0,0
Rain carries nutrients into the soil.,a7effc1165,0,1,0,0,0,0
Bananas ripen after being picked.,71f67211d8,0,1,0,0,0,0
Grass is a common ground cover.,bfc50239b9,0,1,0,0,0,0
Sunsets signal the end of the day.,1960d72fef,0,1,0,1,0,0
Snow covers the ground during winter.,e8e8c9b479,0,1,0,0,0,0
Mammals feed milk to their young.,7d929c31c4,0,1,0,0,0,1
Chess is a two-player board game.,1700132686,0,1,0,1,0,0
Spider webs are made from silk.,d189eb90ad,0,1,0,0,0,0
Milk comes from mammals.,76880a942a,0,1,0,0,0,0
Peanuts are used to make butter.,fd62e61f64,0,1,0,0,0,0
Steel is created by adding carbon to iron.,d19afbc47e,0,1,0,0,0,0
Rainbows are arcs of colored light.,1b42b5f482,0,1,0,0,0,0
Polar bears have thick fur for warmth.,70d0559638,0,1,0,0,0,0
The arctic is cold for most of the year.,a2e7120ebe,0,1,0,0,0,0
Plants absorb carbon dioxide for photosynthesis.,41da7247fb,0,1,0,0,0,0
Cities are densely populated urban areas.,aa9ba7938b,0,1,0,0,0,0
Kangaroos carry young in pouches.,52490f6667,0,1,0,0,0,1
Sweet potatoes are rich in fiber.,aee1c68a8a,0,1,0,0,0,0
Maps can show elevation with contour lines.,29bf44cc94,0,1,0,0,0,0
Cars require regular maintenance.,adda25788e,0,1,0,0,0,0
Magnets have north and south poles.,bb7c0595c2,0,1,0,0,0,0
Bats navigate in darkness using sound.,95489e089a,0,1,0,0,0,0
Penguins have waterproof feathers.,f60cd596f5,0,1,0,0,0,0
Honey is often used as a sweetener.,05c934c359,0,1,0,0,0,0
Glass is made from sand and heat.,71ca9829fc,0,1,0,0,0,0
Whales communicate with low-frequency sounds.,e90cb0b80a,0,1,0,0,0,0
Paperclips hold sheets of paper together.,e24e7eb0b0,0,1,0,1,0,0
Mayonnaise is made from eggs and oil.,1349d9d6e7,0,1,0,0,0,0
Cheese comes in many varieties.,966b083f80,0,1,0,1,0,0
Chalk marks can be wiped away.,99e631a96d,0,1,0,1,0,0
Soup is usually served hot.,369afd74a1,0,1,0,1,0,0
Maps display information visually.,69df8a7e13,0,1,0,0,0,0
Fire is used for cooking food.,2a6b256665,0,1,0,0,0,0
Gold is considered a precious metal.,cae4e2de1f,0,1,0,0,0,0
Rain can replenish underground water sources.,95f315a239,0,1,0,0,0,0
Most adults need eight hours of sleep.,89afefc33b,0,1,0,1,0,0
Cucumbers are eaten in salads.,c550aa809f,0,1,0,1,0,0
Soup can be made with many ingredients.,5d7612b427,0,1,0,1,0,0
Turtles lay eggs on sandy beaches.,58de004282,0,1,0,0,0,0
Quartz is a common mineral.,59e92e7674,0,1,0,0,0,0
Keyboard keys input data to computers.,f09984ada6,0,1,0,1,0,0
Walruses live in cold marine environments.,c90d869812,0,1,0,0,0,0
Acorns are eaten by squirrels.,e817e14325,0,1,0,0,0,0
Staplers fasten papers together.,681b15f615,0,1,0,1,0,0
Rain increases soil moisture.,8e454642a3,0,1,0,0,0,0
Dogs are used as service animals.,92253d67cc,1,1,0,1,0,0
Cars travel on paved roads.,242cbafdd5,0,1,0,0,0,0
Bread is made from wheat flour.,27569957eb,0,1,0,0,0,0
Cats communicate by meowing and purring.,c5515b8b6b,0,1,0,1,0,0
Eggs provide protein in diets.,df51b497bb,0,1,0,0,0,0
Ice melts at warm temperatures.,d097eab714,0,1,0,0,0,0
Buses transport multiple passengers at once.,baa7a8b1b7,0,1,0,0,0,0
Water hydrates living organisms.,bb165af550,0,1,0,0,0,0
Cows graze in open fields.,082d7fcc9f,0,1,0,0,0,0
Cameras can record moving images.,22f79ecf8b,0,1,0,0,0,0
Books contain written information.,3cb0d034ec,0,1,0,1,0,0
Tigers have stripes for camouflage.,e9576651cc,0,1,0,0,0,0
Mosquitoes lay eggs in water.,a0ee862bf5,0,1,0,0,0,0
Roses bloom in spring.,d54e966a65,0,1,0,0,0,0
Soil supports plant roots.,b93bf14d0f,0,1,0,0,0,0
Soap helps remove germs.,394f58aa06,0,1,0,0,0,0
Electric fans circulate cool air.,e99a1a3c9c,0,1,0,0,0,0
Maps represent geographic spaces.,77e26a1c11,0,1,0,0,0,0
Grass grows quickly in spring.,cb5eb42fa9,0,1,0,0,0,0
Cats can climb trees.,47afa39b12,0,1,0,1,0,0
Rainboots are worn in wet conditions.,2b272052e7,0,1,0,0,0,0
Football is played on a field.,dc0d546a04,0,1,0,0,0,0
Pencils are made of wood and graphite.,e51583598c,0,1,0,0,0,0
Socks keep feet warm.,df5191ecc0,0,1,0,0,0,0
Birds fly using wings.,5398183425,0,1,0,0,0,0
Water flows downhill.,33e78724f5,0,1,0,0,0,0
The sun appears larger at sunrise.,a2daf8c4c0,0,1,0,0,0,0
Wind impacts weather patterns.,3749b02d46,0,1,0,0,0,0
Bamboo is used in construction.,4a7abcb3be,0,1,0,0,0,0
Whales are mammals.,9dba371c04,0,1,0,0,0,0
Milk spoils if left unrefrigerated.,3805b19296,0,1,0,0,0,1
Coins can be collected as a hobby.,134d512708,0,1,0,1,0,0
Pillows provide head support.,8b427a783e,0,1,0,1,0,0
Honey is stored in honeycombs.,b6461bdb5c,0,1,0,0,0,0
Maps highlight political boundaries.,82250c6505,0,1,0,0,0,0
Geese migrate long distances.,b30ecf5f5a,0,1,0,0,0,0
Sap flows from maple trees.,430a4d49c2,0,1,0,0,0,0
Cars are fueled by gasoline or electricity.,3b5103e849,0,1,0,0,0,0
Showers clean the human body.,f1da2f0866,0,1,0,0,0,0
Tornadoes are rapid rotating columns of air.,089b538cfe,0,1,0,0,0,0
Apples are picked in autumn.,812358fd59,0,1,0,1,0,0
Lightning accompanies many thunderstorms.,11d97f6cff,0,1,0,0,0,0
Eagles hunt small animals.,558ef94223,0,1,0,0,0,0
Doors provide entry and exit.,d9b1b1c6c3,0,1,0,0,0,0
Dolphins are capable of jumping.,405d14e2ef,0,1,0,1,0,0
Plastic bags can be recycled.,446349a753,0,1,0,0,0,0
Corn is eaten fresh or as popcorn.,8e25acbdcc,0,1,0,0,0,0
Magnifiers enlarge small objects.,f9d69f5b8e,0,1,0,0,0,0
Pasta is made from durum wheat.,f3ab4701c9,0,1,0,0,0,0
Pumpkins contain edible seeds.,9fe12fbc96,0,1,0,0,0,0
Radios receive broadcast signals.,349cb1045f,0,1,0,0,0,0
Parrots can learn simple tricks.,a0c3945cab,1,1,0,1,0,0
Otters use tools to open food.,898c1e5265,0,1,0,1,0,1
Lizards have scaly skin.,42f054e216,0,1,0,0,0,0
The sun is a star at the center of our solar system.,9991746d8a,0,1,0,0,0,0
Cows are raised for milk and meat.,e4a54758fa,0,1,0,1,0,0
Leaves turn yellow in autumn.,e1bc27f145,0,1,0,0,0,0
Most rivers flow towards the sea.,87e98f515b,0,1,0,0,0,0
Plants require water to survive.,ea2d2bd4e1,0,1,0,0,0,0
Pencils are used for writing or drawing.,e813ef558c,0,1,0,1,0,0
Milk is kept cold in a refrigerator.,2cc452816c,0,1,0,0,0,0
Lightning can strike during storms.,f0ae289d07,0,1,0,0,0,0
Owls can see well in darkness.,5815698a67,0,0,0,0,0,0
Parrots have curved beaks.,9dedf941a0,0,1,0,0,0,0
The Pacific is Earth’s largest ocean.,f6587d411d,0,1,0,0,0,0
Maps can show roads and cities.,c08c1fcf7c,0,1,0,0,0,0
Dogs wag their tails when happy.,3cfc194d88,1,1,0,1,0,0
Shellfish live in oceans.,1a7e1b4e24,0,1,0,0,0,0
Books can be fiction or nonfiction.,32bf0f3e6a,0,1,0,1,0,0
Diamonds are formed deep in the earth.,46e95bf953,0,1,0,0,0,0
Lions are part of the cat family.,a5560c74ff,0,1,0,0,0,0
Frogs live in or near water.,e0b48b2281,0,1,0,0,0,0
Horse hooves need regular care.,c36dd0283e,0,1,0,1,0,0
Winter often brings cold temperatures.,75f79c7e99,0,1,0,0,0,0
Planes land on runways.,4a28606e55,0,1,0,0,0,0
Trains travel between cities and towns.,5d98fc36fc,0,1,0,0,0,0
Cars need regular fuel refills.,bbcab348e0,0,1,0,0,0,0
Tomatoes grow on vines.,4760dd6aa2,0,1,0,0,0,0
Maps can show mountain elevations.,5a7f31df26,0,1,0,0,0,0
Butterflies hatch from cocoons.,706dff7d61,0,1,0,0,0,0
Coins have different values.,58cfeab9cb,0,1,0,1,0,0
Whales live in oceans.,8c9d9d432a,0,1,0,0,0,0
Leaves drop in the fall season.,582d8031c0,0,1,0,0,0,0
Golf is played with clubs and balls.,df646fa333,0,1,0,1,0,0
Bees visit many types of flowers.,459d9544f9,0,1,0,0,0,0
Carrots are root vegetables.,cd854688d1,0,1,0,0,0,0
Cheese is produced from animal milk.,c88e135ca9,0,1,0,0,0,0
Dogs bark for many reasons.,3d4c448a92,1,1,0,1,0,0
Mountains are formed by geological forces.,efd1ae6264,0,1,0,0,0,0
Stars produce energy through nuclear fusion.,f9de941e56,0,1,0,0,0,0
Crickets are known for their chirping.,30d6ee6107,0,1,0,0,0,0
Plastic is used for many products.,2773d33a10,0,1,0,0,0,0
"Cassowaries are large, flightless birds.",286e298af6,0,1,0,0,0,0
Rice grows in flooded fields.,4b32eae76d,0,1,0,0,0,0
Grocers sell fruits and vegetables.,edf2461f3a,0,1,0,1,0,0
Magpies collect shiny objects.,f93b9eba58,0,1,0,1,0,0
Maps use symbols to show features.,5515cc66f4,0,1,0,0,0,0
Dolphins are intelligent marine animals.,3551b2ec34,0,1,0,0,0,0
Airplanes travel faster than cars.,f911b3cd07,0,1,0,0,0,0
Fossils are found in sedimentary rocks.,422cb86859,0,1,0,0,0,0
Grapes grow in bunches on vines.,130f9ea220,0,1,0,0,0,0
Butter melts on warm bread.,bb0643ed22,0,1,0,0,0,0
Kiwis are a type of fruit.,85a3d66235,0,1,0,0,0,0
Metal conducts electricity well.,82a6cee688,0,1,0,0,0,0
Solar panels require sunlight to work.,cb4fc4eb37,0,1,0,0,0,0
"Parakeets are small, colorful birds.",1ba57f7bf4,0,1,0,0,0,0
Most tea comes from camellia sinensis leaves.,3d01946691,0,1,0,0,0,0
Maps are valuable for navigation.,319f5731c7,0,1,0,0,0,0
Water boils at one hundred degrees Celsius at sea level.,96198f31d2,0,1,0,0,0,0
Cats have retractable claws for climbing and hunting.,ef2873e020,0,1,0,1,0,0
Deserts receive less than ten inches of rain annually.,bd7c676916,0,1,0,0,0,0
Honeybees communicate using dance patterns.,dbf2db78ba,0,1,0,0,0,0
Planets orbit the sun due to gravitational forces.,b7d4898a0b,0,1,0,0,0,0
Batteries store electrical energy for future use.,e23fb54b57,0,1,0,0,0,0
The heart circulates blood throughout the human body.,198449ca22,0,1,0,0,0,0
Sharks must keep swimming to breathe.,2c4dfe54ef,0,0,0,0,0,0
Frogs begin life as aquatic tadpoles.,5fc77b1283,0,1,0,0,0,0
Salt dissolves easily in water.,12bccaf8a7,0,1,0,0,0,0
Penguins are flightless birds adapted to cold climates.,3c9022ac2e,0,1,0,0,0,0
"Fire requires heat, fuel, and oxygen.",f69955b9b9,0,1,0,0,0,0
Jellyfish move by contracting and relaxing their bodies.,4a2534d52a,0,1,0,0,0,0
Lizards shed their skin as they grow.,815f5a3fcd,0,1,0,0,0,0
Most snakes are carnivorous.,7f872f06d0,0,1,0,0,0,0
"Maps display countries, cities, and geographic features.",26d4c076e3,0,1,0,0,0,0
Grass grows from seeds called grains.,2d0cc0c80b,0,1,0,0,0,0
Cows eat grass and produce milk.,0417b2ef16,0,1,0,0,0,0
Airplanes need runways for takeoff and landing.,35ff2c5843,0,1,0,0,0,0
Ant colonies have a division of labor.,18e9ed17b7,0,1,0,1,0,0
Rainforests contain high biodiversity.,ab409b0f61,0,1,0,0,0,0
Igloos are shelters built from blocks of ice.,b2a639f733,0,1,0,0,0,0
Palm trees grow in tropical climates.,b4311cf8e4,0,1,0,0,0,0
"Mosses thrive in moist, shaded environments.",472ca172bb,0,1,0,0,0,0
Octopuses have three hearts and blue blood.,a50ce64fab,0,1,0,0,0,0
Sunlight is the main source of Earth’s energy.,7d659a8a30,0,1,0,0,0,0
Cranberries float in water due to air pockets.,b24c4361a1,0,1,0,0,0,0
Glaciers slowly move across land.,4ca700ec9f,0,1,0,0,0,0
Erasers remove pencil marks from paper.,1973d1b4de,0,1,0,0,0,0
Sugar dissolves quickly in hot liquids.,1368168130,0,1,0,0,0,0
Kangaroos hop using their powerful hind legs.,6fa81bcfcb,0,1,0,1,0,0
Rainwater nourishes crops and plants.,4797daffc8,0,1,0,0,0,0
Books are a source of information and stories.,4d30d48b8d,1,0,0,1,0,0
Volcanoes erupt when magma reaches Earth’s surface.,c27b39e4a7,0,1,0,0,0,0
Ladders help people reach high objects.,14169de069,0,1,0,1,0,0
Cloudy weather reduces sunlight on the ground.,13783cb8ab,0,1,0,0,0,0
Rivers flow from higher to lower ground.,cd750e8e2b,0,1,0,0,0,0
Turkeys can fly short distances.,90cbaf978b,0,1,0,0,0,0
Onions are bulbs that grow underground.,ed1b267dd4,0,1,0,0,0,0
Sandcastles are built on beaches with wet sand.,82def78e89,0,1,0,0,0,0
Snails move using a muscular foot.,c84ff3822e,0,1,0,0,0,0
Lightning is a discharge of electricity during storms.,dcfd584671,0,1,0,0,0,0
Grasshoppers produce sounds by rubbing their legs.,0fae3bbe7b,0,1,0,0,0,0
Soap bubbles pop when they dry out.,1a0c153e85,0,1,0,0,0,0
Rain jackets protect clothing in wet weather.,9945c7404e,0,1,0,0,0,0
Cats groom themselves by licking their fur.,8debe37740,0,1,0,1,0,1
Rivers flow downhill due to gravity.,88e9ba598c,0,1,0,0,0,0
Leaves absorb sunlight for plant growth.,df20926a8b,0,1,0,0,0,0
Penguins live mainly near the South Pole.,ba003d93fd,0,1,0,0,0,0
Maps provide geographic information.,e401c3da8b,0,1,0,0,0,0
Wind turbines generate electricity from wind energy.,730d12628f,0,1,0,0,0,0
Chocolate melts in your mouth.,0fbf0dedf1,0,1,0,0,0,0
Many mammals have fur to stay warm.,993673815a,0,1,0,0,0,0
Feathers help birds fly.,a78a6c09c3,0,1,0,0,0,0
Wheels help vehicles move efficiently.,54c1169135,0,1,0,0,0,0
Glaciers are massive slow-moving ice bodies.,499a4de0dc,0,1,0,0,0,0
Fireworks display bright lights and colors.,9254a5303a,0,1,0,1,0,0
Dogs are known for loyalty to humans.,62833d45ee,1,1,0,1,1,0
Rainforests have dense vegetation and high humidity.,82ab299b4a,0,1,0,0,0,0
Bats are mammals capable of true flight.,a642b72e04,0,1,0,0,0,0
Tigers have distinctive orange and black stripes.,8dc5b639db,0,1,0,0,0,0
Coins are used as money in transactions.,5f7fca61dc,0,1,0,1,0,0
Sharks live in oceans around the world.,cc2cee7746,0,1,0,0,0,0
Orcas are the largest members of the dolphin family.,78826b65b9,0,1,0,0,0,0
Nails are hammered into wood for construction.,8bcd10f98d,0,1,0,1,0,0
Watches keep track of time.,48225baa15,0,1,0,0,0,0
Crickets chirp to attract mates.,f5ce71ed26,0,1,0,0,0,0
"Mushrooms grow in damp, dark places.",a0aeed1a53,0,1,0,0,0,0
Turtles retract their heads into their shells for safety.,1c6b28fe6e,0,1,0,0,0,0
Sunsets occur when the sun drops below the horizon.,74e7d730fe,0,1,0,0,0,0
Rain falls from clouds in the atmosphere.,eaba8e5556,0,1,0,0,0,0
Crabs have a hard exoskeleton for protection.,07a773344c,0,1,0,0,0,0
"Cars run on gasoline, electricity, or diesel.",561c30f9cf,0,1,0,0,0,0
Mountains attract tourists for hiking and skiing.,6cef9d513e,0,1,0,1,0,0
Maps help locate places around the world.,c6a5ea9e1d,0,1,0,0,0,0
Bread is sliced for sandwiches.,16457b3ac5,0,1,0,0,0,0
Corn grows in tall stalks in fields.,895fc09995,0,1,0,0,0,0
Beans are a good source of protein.,4e8051c0fb,0,1,0,0,0,0
Keys open locks for security.,5b2910861d,0,1,0,1,0,0
Plastic bottles are often recyclable.,083dcaa18b,0,1,0,0,0,0
Dogs are domesticated mammals.,b4b62e72e8,0,1,0,0,0,0
Grass is commonly found in lawns.,60c06057e3,0,1,0,0,0,0
The sun is a star.,37a86ab29a,0,1,0,0,0,0
Leaves photosynthesize for plant energy.,b23a3aea44,0,1,0,0,0,0
Wool comes from sheep.,33b20746ab,0,1,0,0,0,0
Tires provide traction for cars.,da2526d6fc,0,1,0,0,0,0
Trees grow annual rings.,41063f0f15,0,1,0,0,0,0
Soil supports most terrestrial plants.,9c3cf864a6,0,1,0,0,0,0
Motorcycles have two wheels.,944e2bfe88,0,1,0,0,0,0
Penguins are birds.,de64989ef1,0,1,0,0,0,0
Paint dries faster in dry air.,8a861eb24c,0,1,0,0,0,0
Sand is made of tiny rocks.,eefca259c6,0,1,0,0,0,0
Cranes have long legs.,29271ad37e,0,1,0,0,0,0
Potatoes are a staple food.,10590d47e9,0,1,0,1,0,0
Sunflowers face east in the morning.,7bfa17117f,0,1,0,0,0,0
Maps show cardinal directions.,9107a2206c,0,1,0,0,0,0
Moss grows in shady spots.,6483479c2d,0,1,0,0,0,0
Mushrooms reproduce with spores.,d2c759a32a,0,1,0,0,0,0
Eggplants are purple vegetables.,03f19a69cc,0,1,0,0,0,0
Onions cause eyes to tear.,f63fb93c61,0,1,0,0,0,0
Desks are used for writing.,a3e2916dc8,0,1,0,1,0,0
Sharks have cartilaginous skeletons.,23a3a897c8,0,1,0,0,0,0
Pigeons are common city birds.,ea1e06415f,0,1,0,0,0,0
Carrots are orange and sweet.,c3ade12769,0,1,0,0,0,0
Icicles form from dripping water.,66cb633006,0,1,0,0,0,0
Oil is extracted from seeds.,bd3f4c7379,0,1,0,0,0,0
Trains run on tracks.,ac5a43f5d1,0,1,0,0,0,0
Apricots can be dried for snacks.,119fbb6a2e,0,1,0,0,0,0
Raincoats are water-resistant.,9e83ef90ff,0,1,0,0,0,0
Peppers can be spicy.,56cecfd37f,0,1,0,0,0,0
Speakers emit sound waves.,a4ca793909,0,1,0,0,0,0
Coconuts have hard shells.,2c2e2d6557,0,1,0,0,0,0
Tape sticks two surfaces together.,93f5926cf6,0,1,0,0,0,0
Locks secure doors and gates.,2ac4a74c8c,0,1,0,1,0,0
Crabs move sideways.,f716520972,0,1,0,0,0,0
Tulips need cold weather to bloom.,d9111f02f0,0,1,0,0,0,0
Cacti store water in stems.,d1a6a5a3d5,0,1,0,0,0,0
Grass is a common plant.,b8e731e61b,0,1,0,0,0,0
Helium balloons float.,5eb7fabbc0,0,1,0,0,0,0
Seals eat fish.,965a232025,0,1,0,0,0,0
Kiwifruit has fuzzy skin.,4958ae986a,0,1,0,0,0,0
Mountains have high elevation.,165e4fa8de,0,1,0,0,0,0
Maps use a scale bar.,ee7f3460ac,0,1,0,0,0,0
Eagles have sharp talons.,cc9da6c989,0,1,0,0,0,0
Wind moves weather systems.,d857c675cb,0,1,0,0,0,0
Tomatoes contain seeds.,d8ac5c3b38,0,1,0,0,0,0
Books have printed pages.,2e138c8a29,0,1,0,0,0,0
Most snakes eat rodents.,69b87abd8b,0,1,0,1,0,0
Nails are made of steel.,2bd4f882e1,0,1,0,1,0,0
Rainbows show seven colors.,52ba00787d,0,1,0,0,0,0
Tunnels go underground.,a0f7a9a373,0,1,0,0,0,0
Sunsets occur in the west.,1cc03e9ccf,0,1,0,0,0,0
Maps have a compass rose.,f0873d4128,0,1,0,0,0,0
Deserts have little rain.,ec08e7056a,0,1,0,0,0,0
Cranes can fly long distances.,280b50ca99,0,1,0,0,0,0
Mangoes are tropical fruits.,ceff9f43bf,0,1,0,0,0,0
Otters use rocks as tools.,abd026a5c7,0,1,0,0,0,0
Bugs can infest crops.,b50a4832a6,0,1,0,0,0,0
Beaches have sand or pebbles.,b491618dc1,0,1,0,0,0,0
Rainwater collects in droplets.,67dfc94ed5,0,1,0,0,0,0
Cats hunt small animals for food.,0dc0c0ebd5,0,1,0,1,0,1
Tools help people complete manual tasks.,756691def0,0,1,0,1,0,0
Dogs are often kept as pets.,e5b985334d,1,1,0,1,0,0
Grass grows in many environments worldwide.,b6cd76c146,0,1,0,0,0,0
Leaves perform photosynthesis during daylight.,7a9a78d093,0,1,0,0,0,0
Bananas grow on large herbaceous plants.,d05a0c5d29,0,1,0,0,0,0
Carrots are root vegetables high in vitamin A.,713dd7f590,0,1,0,0,0,0
Windmills convert wind into rotational energy.,511d3d6a98,0,1,0,0,0,0
Crickets chirp by rubbing their wings.,0b4ee65bae,0,1,0,0,0,0
Bats are the only flying mammals.,51f15c95d5,0,1,0,0,0,0
Peppers come in different colors and strengths.,5e0820b072,0,1,0,0,0,0
Fire engines transport firefighters and equipment.,a2a524920f,0,1,0,0,0,0
Trees absorb carbon dioxide from the atmosphere.,7672c21b82,0,1,0,0,0,0
Dogs have an enhanced sense of smell.,13f96e3da4,0,1,0,0,0,0
Maps typically include a scale and key.,a3dfeea929,0,1,0,0,0,0
Tornadoes have extremely fast rotating winds.,eeb2faa11a,0,1,0,0,0,0
Maps use lines and symbols for roads.,9d2d403c0c,0,1,0,0,0,0
Electricity powers lights and electronic devices.,68e07bb211,0,1,0,1,0,0
Otters float on water using buoyancy.,9eea642cb5,0,1,0,0,0,0
Apples are eaten raw or cooked.,e952b5836e,0,1,0,1,0,0
Lamp posts provide street lighting at night.,3332a2f6f3,0,1,0,0,0,0
Planes require airports for safe landing.,2cfa7b5c0d,0,1,0,0,0,0
Falcons are birds known for fast dives.,3a1c1c40e2,0,1,0,0,0,0
Strawberries grow from small flowering plants.,f256dae642,0,1,0,0,0,0
Figs grow on deciduous trees.,01be75a6cb,0,1,0,0,0,0
Headphones deliver sound directly to ears.,635d0fd9ad,0,1,0,1,0,0
Onions are used in many cooked foods.,70db45e4dd,0,1,0,0,0,0
Penguins are flightless aquatic birds.,aeede9b08b,0,1,0,0,0,0
"Coins are small, metallic forms of money.",95e1c1cd50,0,1,0,0,0,0
Airplanes travel quickly across great distances.,d21e2f68e0,0,1,0,0,0,0
"Ferrets are domesticated, playful animals.",8974e77d54,0,1,0,1,0,0
Mushrooms are fungi that grow in shade.,546e793eda,0,1,0,0,0,0
Nests house bird eggs and hatchlings.,5bbb066543,0,1,0,0,0,0
Plants absorb water through their roots.,7251dc18e3,0,1,0,0,0,0
Gold has been used as currency.,5c823bd57d,0,1,0,1,0,0
Seals are mammals adapted to cold.,11bb7c33d8,0,1,0,0,0,0
Maps indicate relative and absolute distance.,630cf1e3f3,0,1,0,0,0,0
Rivers carry water to seas.,8db48fb177,0,1,0,0,0,0
Salt is used to season foods.,2d4e6d6908,0,1,0,0,0,0
Falcons are fast-flying predatory birds.,1ab58a66af,0,1,0,0,0,0
Tulips come in many colors.,aa4ec18bd4,0,1,0,0,0,0
Bread is often served at meals.,42c159b244,0,1,0,1,0,0
Eagles have excellent vision for hunting.,60c45a7f7a,0,1,0,0,0,0
Trees provide important habitat for wildlife.,531a6820ce,0,1,0,0,0,0
Rocks can be classified by mineral composition.,16d0ace14d,0,1,0,0,0,0
Ducks have webbed feet for swimming.,21a01a2473,0,1,0,0,0,0
"Goats provide milk, meat, and fiber.",c66106aaed,0,1,0,0,0,0
Glass is commonly used for windowpanes.,22f823679f,0,1,0,0,0,0
Books come in electronic and printed forms.,a069023a9d,0,1,0,1,0,0
Maple syrup is made from sap.,05a878465a,0,1,0,0,0,0
Jellyfish are 95% water by weight.,e53be2cdd6,0,1,0,0,0,0
Iron is a common building metal.,ebca674655,0,1,0,0,0,0
Wind pushes sailboats across water.,e4c126c575,0,1,0,0,0,0
Mountains attract hikers and skiers alike.,c33439c89b,0,1,0,1,0,0
Cats chase small rodents.,db05d0bd5e,0,1,0,1,0,1
Maps show physical geography.,31d32bd758,0,1,0,0,0,0
Bananas are yellow when ripe.,3af851a1a4,0,1,0,0,0,0
Potatoes are tuber vegetables.,3b77d3572f,0,1,0,0,0,0
"Coins are flat, round currency.",70f5611523,0,1,0,0,0,0
Mountains rise high above sea level.,0ba77f8646,0,1,0,0,0,0
Cicadas make loud buzzing sounds.,e29244d37d,0,1,0,0,0,0
Thunder follows lightning in storms.,3303a58518,0,1,0,0,0,0
Ants form colonies underground.,f02b9d00bb,0,1,0,0,0,0
Magpies are clever birds.,1702b075f2,0,1,0,1,1,0
Dolphins use echolocation to navigate.,e7c3798d9b,0,1,0,0,0,0
Seals spend time on land and sea.,3d77a5d4cc,0,1,0,0,0,0
Otters use tools to open shells.,7c969cae6c,0,1,0,1,0,1
Firefighters wear protective clothing.,824dbb744e,0,1,0,1,0,0
Maps represent continents and countries.,0f3471e4b5,0,1,0,0,0,0
Cows provide milk and leather.,f83bc99abd,0,1,0,1,0,0
Maps show scale for measuring distances.,ba69fb4c20,0,1,0,0,0,0
Robins are common songbirds.,457a0f6187,0,1,0,0,0,0
Rainbows appear after rain showers.,231a1196ad,0,1,0,0,0,0
Crows solve simple puzzles.,ee2b71f477,0,1,0,1,0,0
Bread crust forms in baking.,7b5458677f,0,1,0,0,0,0
Nests are built by many birds.,bf98ca564d,0,1,0,0,0,0
Bananas grow in bunches.,085a13bc92,0,1,0,0,0,0
Tomatoes are used in salads.,a088364d49,0,1,0,1,0,0
Chalk marks surfaces.,4fcb09c904,0,1,0,0,0,0
Water evaporates under heat.,4e68560ca5,0,1,0,0,0,0
Frogs lay eggs in water.,09ae2c615f,0,1,0,0,0,0
Maps show city names.,8df32196a5,0,1,0,0,0,0
Rain nourishes plant life.,8ea93cbc85,0,1,0,0,0,0
Butterflies feed on nectar.,df93c3907b,0,1,0,0,0,0
Maps display symbols for rivers.,5970dd28d4,0,1,0,0,0,0
Two plus two equals four.,18eb2ed3ac,0,1,0,0,0,0
Cranes are large wading birds.,5130661119,0,1,0,0,0,0
Iron is a magnetic element.,497c15d1fa,0,1,0,0,0,0
Potatoes are root vegetables.,27cdc5e01d,0,1,0,0,0,0
Crows are highly intelligent birds.,d7ca3da3da,0,1,0,0,0,0
Bread can be toasted.,5af8d123c6,0,1,0,0,0,0
Mountains experience colder temperatures.,4ea408353b,0,1,0,0,0,0
Horses wear horseshoes.,c6fcd131ec,0,1,0,1,0,0
Wheat is a staple grain.,edc3c0aeaf,0,1,0,0,0,0
Fire requires three elements to burn.,7f7e622327,0,1,0,0,0,0
Swans glide on water surfaces.,36ac21ce0d,0,1,0,0,0,0
Rainwater is collected in puddles.,cc5fafa545,0,1,0,0,0,0
Maps may show population data.,72a976e832,0,1,0,0,0,0
Peppers can be mild or hot.,f2ff99e771,0,1,0,0,0,0
Maps show roads and terrain features.,bbbeca2e47,0,1,0,0,0,0
Mountains are elevated areas on Earth.,f93e69b1c0,0,1,0,0,0,0
Maps provide information about distances.,7b1a914b52,0,1,0,0,0,0
Clouds form when warm air cools.,ca449b6ac3,0,1,0,0,0,0
Butterflies emerge from chrysalides.,28b764393c,0,1,0,0,0,0
Maps show relative location of cities.,dc5604036f,0,1,0,0,0,0
Tomatoes are red when ripe.,82b9d8f729,0,1,0,0,0,0
Maps show ocean and sea locations.,ab48371048,0,1,0,0,0,0
Cranes are migratory birds.,d5d89b351c,0,1,0,0,0,0
Maps have a north arrow.,c0d5421bde,0,1,0,0,0,0
Maps are critical for geographic study.,4872d85b40,0,1,0,0,0,0
Maps display natural landscapes.,447ee74144,0,1,0,0,0,0
Giraffes have patterned coats.,88853093ee,0,1,0,0,0,0
Egg rolls are a popular food.,7a742a0227,0,1,0,1,0,0
Chalk leaves dust on blackboards.,3b20a750bb,0,1,0,0,0,0
Maps show miles or kilometers.,7fce56f734,0,1,0,0,0,0
Maps often mark rivers and lakes.,19f5985c1b,0,1,0,0,0,0
Leaves use sunlight to make food.,38285d87d4,0,1,0,0,0,0
Maps show locations and directions accurately.,7d3e5c6f2d,0,1,0,0,0,0
Bread is baked from flour and yeast.,d4ebe007b6,0,1,0,0,0,0
Frogs undergo metamorphosis as they mature.,84f01d643b,0,1,0,0,0,0
Photosynthesis occurs in the leaves of plants.,79c1609d7d,0,1,0,0,0,0
"Pebbles are small, rounded stones.",494dd56d2c,0,1,0,0,0,0
Rabbits eat leafy greens for food.,3d5167d35e,0,1,0,0,0,0
Cranes use beaks to catch fish.,f6df2c413c,0,1,0,0,0,0
Maps can show mountains and rivers.,92d0af0449,0,1,0,0,0,0
Bread crust is firmer than crumbs.,3bb7956455,0,1,0,0,0,0
Maps use letters to label cities.,6b080dbb1a,0,1,0,0,0,0
Jellyfish have gelatinous umbrella-shaped bodies.,f0c2f4819e,0,1,0,0,0,0
Mosquitoes are common insect pests.,466efb2996,0,1,0,0,0,0
Chocolate is melted to make fondue.,a518c91dd1,0,1,0,0,0,0
Mountains weather slower than hills.,024c47ddb6,0,1,0,0,0,0
Maps label state or country borders.,d73a3c850e,0,1,0,0,0,0
Books provide information and entertainment.,34572b3093,1,1,0,1,0,0
Maps help hikers avoid getting lost.,3ea2172f91,0,1,0,1,0,0
Maps help plan road trips.,a45f000da1,0,1,0,1,0,0
Fire trucks transport emergency responders.,a1362965ca,0,1,0,0,0,0
Maps require scales for accurate distances.,bc4436986e,0,1,0,0,0,0
Maps show airports and seaports.,526c3edf9d,0,1,0,0,0,0
Soil provides nutrients for plants.,98e6f20dfc,0,1,0,0,0,0
Tulip bulbs are planted in the fall.,293ba26ed7,0,1,0,0,0,0
Maps are important for explorers.,b0a1c5a97f,0,0,0,0,0,0
Flamingos have pink feathers.,9d51ddea07,0,1,0,0,0,0
Peanuts are technically not true nuts.,25425a0f80,0,1,0,1,0,0
Mountains provide habitat for wildlife.,7d82591583,0,1,0,0,0,0
Tomatoes are technically fruits.,5cb5e99320,0,1,0,0,0,0
Tufts of grass cover soccer fields.,cf0538ec7e,0,1,0,0,0,0
Breadsticks are served as appetizers.,0fb8b0862a,0,1,0,1,0,0
Maps are used in geography lessons.,82e9154234,0,1,0,1,0,0
Eagles glide on air currents.,6d882dc133,0,0,0,0,0,0
Salt is used to preserve meats.,2220224ce6,0,1,0,0,0,0
Maps show bodies of water.,cf8dacce88,0,1,0,0,0,0
Diamonds are the hardest natural substance.,5d946c426a,0,1,0,0,0,0
COVID-19 is caused by a coronavirus.,b05f837aa9,0,1,0,0,0,0
Milk contains calcium and Vitamin D.,e4c98a3bd5,0,1,0,0,0,0
Geese often migrate in V-shaped formations.,7cd3ca4fd5,0,1,0,0,0,0
Oceans contain salty water covering most Earth.,226ad34a1e,0,1,0,0,0,0
Bees pollinate plants and produce honey.,15d599a2d5,0,1,0,0,0,0
Electricity travels through wires as current.,657e2c18e9,0,1,0,0,0,0
Ticks can transmit Lyme disease to humans.,08be13b19a,0,1,0,0,0,0
Furniture provides surfaces and seating.,000a745568,0,1,0,1,0,0
Cats often sleep for many hours.,bf2f4eda0a,0,1,0,1,0,0
Maps may display political or physical information.,c6aeb8f71b,0,1,0,1,0,0
Trains efficiently transport goods and people.,43771b9e46,0,1,0,0,0,0
Frogs croak to attract mates.,b1e14806e0,0,1,0,0,0,1
Flies have compound eyes.,5ecd7f3162,0,1,0,0,0,0
Milk is pasteurized before being sold.,6301255c3d,0,1,0,0,0,0
Maps display compass direction for orientation.,6085ffc5ed,0,1,0,0,0,0
"Tigers are solitary, territorial cats.",f217125e7b,0,1,0,1,0,0
Leaves have veins that supply water.,30a16b8a48,0,1,0,0,0,0
Maps use colors to show elevation.,3459b041de,0,1,0,0,0,0
"Clouds bring rain, snow, or hail.",25347a9e41,0,1,0,0,0,0
Dogs use their nose for tracking.,4c87712cc9,0,1,0,1,0,0
Maps are important for spatial awareness.,dda57686ea,0,1,0,1,0,0
Rivers carry fresh water to lakes.,a3e9f84da2,0,1,0,0,0,0
Maps help visualize topography and regions.,f47b26c307,0,1,0,0,0,0
Snow is frozen precipitation.,0351c6e4de,0,1,0,0,0,0
Maps display geographic boundaries.,32de73d83f,0,1,0,0,0,0
Maps often include a legend.,fed83ccb6c,0,1,0,0,0,0
Fireflies produce light through bioluminescence.,b104e24db0,0,1,0,0,0,0
Bread is a staple food globally.,924b728603,0,1,0,1,0,0
Batteries store chemical energy.,e3fa2fa5b7,0,1,0,0,0,0
Firefighters use water to put out fires.,cad9ab8c1e,0,1,0,0,0,0
Broccoli is part of the cabbage family.,6647af2495,0,1,0,0,0,0
Stars emit their own light.,854ec0ee36,0,1,0,0,0,0
Polar bears live near the North Pole.,9cde2187cb,0,1,0,0,0,0
A thermometer measures temperature.,85c9f31d98,0,1,0,0,0,0
Cats land on their feet.,e164a62a93,0,1,0,1,0,0
Crystals have ordered atomic structures.,f62760f8c7,0,1,0,0,0,0
Coins can be silver or copper.,2f5a4dcaa8,0,1,0,0,0,0
Dogs are domesticated pack animals.,fca87d681c,0,1,0,0,0,0
Maps often use colors for features.,8bc94e7c22,0,1,0,0,0,0
Frogs leaping helps escape predators.,64deed28e3,0,1,0,0,0,1
Roses bloom in gardens worldwide.,08613753bb,0,1,0,0,0,0
Leaves contain chlorophyll for photosynthesis.,a264aaa6c2,0,1,0,0,0,0
Cats often purr when relaxed.,3e484239ee,0,1,0,1,0,0
Flowers attract pollinators with vibrant colors.,f8e9d3dba0,0,1,0,0,0,0
Butterflies begin life as caterpillars.,d2dbc989e1,0,1,0,0,0,0
Pumpkins are harvested in autumn.,dfc1d9dd1f,0,1,0,1,0,0
Cows eat grass and fodder.,75841708da,0,1,0,0,0,0
Salt is used as a food preservative.,6aabd2612b,0,1,0,0,0,0
Bread is often baked in loaves.,b5eec9e97d,0,1,0,0,0,0
Maps can show weather conditions.,8a2fa3e561,0,1,0,0,0,0
Maps help visualize spatial relationships.,3019b9cbd1,0,1,0,0,0,0
Rain often results from thick clouds.,9bc9790d14,0,1,0,0,0,0
Maps can display climates and vegetation.,dc68454e48,0,1,0,0,0,0
Birds migrate to warmer regions seasonally.,2571518ab6,0,1,0,0,0,0
Bread is often sliced before eating.,846b6d6f5a,0,1,0,1,0,0
Mountains can influence climate and rainfall.,376c6dcfc8,0,1,0,0,0,0
Eggs provide essential proteins.,c33120f32c,0,1,0,0,0,0
Chalk is used on classroom blackboards.,21293eff9d,0,1,0,1,0,0
Bread contains gluten from wheat.,04667d242b,0,1,0,0,0,0
Maps help with route planning.,70eea06f01,0,1,0,1,0,0
Crabs have hard protective shells.,02a68717a0,0,1,0,0,0,0
Oceans contain saltwater and marine life.,b44a92ffcb,0,1,0,0,0,0
Milk can be processed into yogurt.,f42359f976,0,1,0,0,0,0
Maps sometimes use contour lines for relief.,fd66d9051e,0,1,0,0,0,0
Fireflies emit light to attract mates.,0364c5879e,0,1,0,0,0,0
Maps sometimes use color for population density.,d51d8732bb,0,1,0,0,0,0
Dolphins are mammals that live in oceans.,03b537abb8,0,1,0,0,0,0
Maps display latitude and longitude lines.,58d9817dd8,0,1,0,0,0,0
Crayons are used for coloring pictures.,687c72b563,0,1,0,1,0,0
"Eggs can be scrambled, fried, or boiled.",9775af78f5,0,1,0,1,0,0
Maps help locate points of interest.,6621b54cc1,0,1,0,0,0,0
"Bodies of water include lakes, rivers, and oceans.",43d7567a47,0,1,0,0,0,0
Clouds hold water droplets or ice crystals.,3213a9493c,0,1,0,0,0,0
Maps can show voting patterns.,3da53429d8,0,1,0,1,0,0
Fireflies produce light for communication.,e02d66ea11,0,1,0,0,0,0
Coins often have images of leaders.,a2b8ac4d3b,0,1,0,1,1,0
Twilight occurs between sunset and night.,835844bc32,0,1,0,0,0,0
Rainy days decrease outdoor visibility.,05ac920b22,0,1,0,0,0,0
Maps may include time zones.,da8366d192,0,1,0,0,0,0
Parrots live in tropical regions.,01f56c554c,0,1,0,0,0,0
Bread grows mold when left out.,f4739bc564,0,1,0,0,0,0
Cars move using combustion or electric engines.,1da173e88e,0,1,0,0,0,0
Crayons are colored drawing tools.,4f3b2d31c5,0,1,0,0,0,0
Gold is a valuable soft metal.,65d436cce0,0,1,0,0,0,0
Maps may include road and traffic data.,bb25767a12,0,1,0,0,0,0
Chickens are raised for eggs and meat.,b4f7b1da80,0,1,0,1,0,0
Horses are used for transportation and sport.,a6817b55f7,0,1,0,1,0,0
Maps can illustrate climate zones.,9a87cc55cf,0,1,0,0,0,0
Butterflies taste with their feet.,07b13f2340,0,1,0,0,0,0
Maps use grid references for locations.,f102cf2fc6,0,1,0,0,0,0
Coin values are printed on each piece.,7785aa085c,0,1,0,0,0,0
Maps depict both physical and human features.,5da832469b,0,1,0,0,0,0
Leaves are green due to chlorophyll.,c2e62675c3,0,1,0,0,0,0
Raindrops make up clouds.,ba8a5e6c22,0,1,0,0,0,0
Wind is moving air.,1149e844cc,0,1,0,0,0,0
Shells protect mollusks in oceans.,e76b1394aa,0,1,0,0,0,0
Butterflies have four wings.,4534bf34c3,0,1,0,0,0,0
Coins usually have faces on them.,34f957f8df,0,1,0,1,0,0
Maps depict both land and water.,d8f8269371,0,1,0,0,0,0
Kids use blocks for building.,32a7f9b233,0,1,0,1,0,0
Maps sometimes show climate information.,4343664f88,0,1,0,0,0,0
Maps are helpful in emergencies.,8be24eb557,0,1,0,0,0,0
Maps can be downloaded to phones.,17681e7bd5,0,1,0,0,0,0
Tulips are popular as flower bulbs.,59243e52d9,0,1,0,1,0,0
Maps show world capitals for reference.,a4edf46f85,0,1,0,0,0,0
Seals have streamlined bodies for swimming.,25ffdbb828,0,1,0,0,0,0
Milk provides calcium for strong bones.,a3f74431b1,0,1,0,0,0,0
Crabs have claws for defense and feeding.,1ee3de61b0,0,1,0,0,0,0
Maps may display natural resources.,bdd6ecdd40,0,1,0,0,0,0
Potatoes are one of the most widely eaten vegetables.,a4774ff923,0,1,0,1,0,0
Mount Everest is in the Himalayas.,0161f2abf4,0,1,0,0,0,0
Carrots are orange roots commonly eaten raw.,5a6d563cf7,0,1,0,0,0,0
Dog breeds vary greatly in size.,141c842151,0,1,0,1,0,0
Mosquito bites can be itchy.,043344b0c8,0,1,0,0,0,0
Crickets are nocturnal insects.,0d57f3d981,0,1,0,0,0,0
Eggs are commonly cooked in various ways.,74a8f7aa96,0,1,0,1,0,0
Chalk can be easily wiped off blackboards.,2d7dcf591c,0,1,0,1,0,0
Bread is easier to slice when fresh.,49647c170d,0,1,0,0,0,0
Maps include map keys for guidance.,1dda795219,0,1,0,1,0,0
Bread becomes stale if not protected.,560992ddeb,0,0,0,1,0,1
Maps can show natural disasters’ impact.,ba6bfa0eb1,0,1,0,0,0,0
Maps display data using different colors.,a8e2c05ee3,0,1,0,0,0,0
Wolves live and hunt in groups.,a84540be8a,0,1,0,1,0,0
Bread is one of the oldest foods.,9d9464f326,0,1,0,0,0,0
Maps provide essential navigation for ships.,b5d1371d09,0,1,0,0,0,0
Tomatoes grow from flowering plants.,ba1b576432,0,1,0,0,0,0
Rain can be measured using a gauge.,95a8408b9f,0,1,0,0,0,0
Maps can illustrate transportation networks.,b8495dbcc9,0,1,0,0,0,0
Maps are crucial for urban planning.,d1abc64a3a,0,1,0,1,0,0
Tulips grow best in cool climates.,5348033667,0,1,0,0,0,0
Maps can reveal historical land change.,8bfb4e84de,0,1,0,0,0,0
Maps remain important for modern navigation.,48b664795c,0,0,0,0,0,0
Eggs are produced by birds and reptiles.,2c86f14a6d,0,1,0,0,0,0
Whales need to surface for air.,4753ec121d,0,1,0,0,0,0
Maps display various types of features.,404680cf0f,0,1,0,0,0,0
Maps often use color for differentiation.,9583c9c4fa,0,1,0,0,0,0
Maps often use scales for measurement.,d08c54c1b5,0,1,0,0,0,0
Maple trees produce syrup.,04b92223b4,0,1,0,0,0,0
Maps help travelers avoid getting lost.,71ef2d4002,0,1,0,0,0,0
Maps show urban and rural areas.,2106f5ef4c,0,1,0,0,0,0
Geese migrate in groups each year.,5ecb5a19d5,0,1,0,0,0,0
Maps identify capitals and major cities.,0f12630441,0,1,0,0,0,0
Maps offer a visual representation of space.,744a6804b7,0,1,0,0,0,0
Photosynthesis produces oxygen for animals and humans.,ae1a901707,0,1,0,0,0,0
Leaves absorb sunlight and produce carbohydrates during photosynthesis.,cca75417bd,0,1,0,0,0,0
Most sharks live only in saltwater.,083f53259e,0,1,0,0,0,0
Cows provide milk and beef for people worldwide.,778d14bd83,0,1,0,0,0,0
Mount Everest is Earth’s tallest mountain above sea level.,a4b9cd1d56,0,1,0,0,0,0
Rainbow colors are always observed in the same order.,f57349b993,0,1,0,0,0,0
Soil is essential for growing most land plants.,78b4aba790,0,1,0,0,0,0
Peanut plants produce edible seeds underground.,c50789a8ed,0,1,0,0,0,0
Fish absorb dissolved oxygen using gills underwater.,9506ba8ad0,0,1,0,0,0,0
Jellyfish have gelatinous bodies and stinging tentacles.,e438e34fcd,0,1,0,0,0,0
"Strawberries ripen into red, sweet fruit.",7fac365f4b,0,1,0,0,0,0
Coyotes adapt well to urban environments.,f36d777c18,0,1,0,0,0,0
Plastic bags take decades to decompose completely.,2dddb4f881,0,1,0,0,0,0
Money is exchanged for goods and services.,e038dc4469,1,1,0,1,0,0
"Maps accurately depict roads, cities, and physical landmarks.",6fa679a402,0,1,0,0,0,0
Pandas feed almost exclusively on bamboo shoots.,b43ac3e816,0,1,0,0,0,0
Applesauce is made by cooking and mashing apples.,01f8b38d48,0,1,0,0,0,0
Maps guide travelers toward unfamiliar destinations.,b3ac4337c4,0,1,0,1,0,0
Cotton comes from the fluffy seed heads of plants.,3f714b882b,0,1,0,0,0,0
Car engines rely on gasoline to operate.,3ea9baebd1,0,1,0,0,0,0
Zebras belong to the horse family and have striped coats.,8561b83ffa,0,1,0,1,0,0
Schools organize classes according to age and subject area.,12704184cb,1,1,0,1,0,0
Onions bring strong flavor to cooked dishes.,c1a3a3caaa,0,1,0,0,0,0
Gasoline evaporates quickly at room temperature.,073903524f,0,1,0,0,0,0
Airplanes lift off using wings designed for aerodynamics.,4bc1f5a4fd,0,1,0,0,0,0
Mouse traps are set to control rodent presence indoors.,10da633c3a,0,1,0,1,0,0
Books convey information in written print or digital format.,8ef5e8751e,0,1,0,1,0,0
Grapevines climb by wrapping stems around supports.,efdf55365f,0,1,0,0,0,0
Bed sheets are generally made from cotton fabric.,9d410fede4,0,1,0,1,0,0
Crowds increase noise levels in confined spaces.,a0635a9500,0,1,0,0,0,0
Paper tears more easily than cloth or plastic.,cc0107e52a,0,1,0,0,0,0
Keys unlock doors fitted with compatible locks.,658e95f627,0,1,0,1,0,0
Vultures scavenge carrion instead of hunting live prey.,a6eb292d27,0,1,0,0,0,0
Snails retreat inside shells for protection from danger.,3abe0814de,0,1,0,0,0,0
Desserts are eaten following main meals.,cd2ca88eb1,0,1,0,1,0,0
Dinosaurs became extinct approximately 65 million years ago.,4f76045820,0,1,0,0,0,0
Umbrellas shield users from heavy rainfall.,f74607cbe3,0,1,0,0,0,0
Tomato plants need warm temperatures to thrive.,43f9c0e232,0,1,0,0,0,0
Backpacks carry books and supplies comfortably.,f282f01685,0,1,0,1,0,0
Swings are common fixtures in outdoor playgrounds.,fcf89623f6,0,1,0,1,0,0
Honeybees contribute directly to plant pollination efforts.,ac280310e5,0,1,0,0,0,0
Suitcases hold clothes and belongings for travel purposes.,1f138ac29e,0,1,0,1,0,0
Moonlight results from sunlight reflecting off the moon.,b3e860668a,0,1,0,0,0,0
Belts adjust the fit of pants and skirts.,fa089a4938,0,1,0,1,0,1
Gloves keep fingers protected from cold conditions.,e7815457ea,0,1,0,0,0,0
Doorbells signal visitors outside entryways.,ce056376fc,0,1,0,1,0,0
Gold conducts electricity exceptionally well.,d0516d9a20,0,1,0,0,0,0
Anchors secure boats to one position in water.,03d4d806f5,0,1,0,0,0,0
Pizza is sliced before serving individual portions.,7bfd3bd7bc,0,1,0,1,0,0
"Scissors cut paper, fabric, or string efficiently.",a093a311a9,0,1,0,1,0,0
Snowmen are built from rolled snowballs in winter.,4fddc55f21,0,1,0,0,0,0
Sprinklers distribute water evenly over lawns or gardens.,56ccc791e3,0,1,0,0,0,0
Chess involves strategic movement of unique game pieces.,9c1567eed4,0,1,0,1,0,0
"Calendars track days, weeks, and months systematically.",709f142bc4,0,1,0,1,0,0
School buses transport children between home and school.,24af49ce91,0,1,0,1,0,0
Honey bees produce honey from flower nectar.,8ed8a3a07c,0,1,0,0,0,0
Dogs use tails to signal different emotions.,a352b33888,0,1,0,1,0,0
Mushrooms prefer growing in moist environments.,d551a85954,0,1,0,0,0,0
Spiders catch insects using silky webs.,7d7f4a3077,0,1,0,0,0,0
Gold is valuable due to rarity and appearance.,e104f4fe03,0,1,0,1,0,0
Potatoes are edible tubers grown underground.,fb96d0b6d7,0,1,0,0,0,0
Books store knowledge and stories in written form.,518acb64a7,0,0,0,1,0,0
Horned animals may defend themselves against predators.,0f33ddbc91,0,1,0,0,0,1
Eagles see distant objects much more clearly than humans.,91aae8cbce,0,1,0,0,0,0
Tall buildings are called skyscrapers in cities.,ba4d2f7d0f,0,1,0,0,0,0
Bridges connect land separated by water or obstacles.,e6aed48fe9,0,1,0,0,0,0
Lightning occurs naturally during thunderstorms.,9bd7e3730b,0,1,0,0,0,0
Beans supply plant-based protein in diets.,291ee6f162,0,1,0,0,0,0
Camels thrive in desert conditions with scarce water.,c76878793e,0,1,0,0,0,0
Alarm clocks wake people using sound or vibration signals.,5b22feeb3d,0,1,0,1,0,0
Cookies are sweet baked goods popular worldwide.,ec308f4bc5,0,1,0,1,0,0
Keys unlock doors secured with matching locks.,131a9c4cf1,0,1,0,1,0,0
Refrigerators keep perishable food fresh longer.,8fc61e9ff3,0,1,0,0,0,0
Belts secure pants or skirts around waists.,972b8e5e64,0,1,0,1,0,0
Candles emit light by burning wicks in wax.,e17dee0208,0,1,0,0,0,0
Calendars track dates and relevant annual events.,c8e88e077f,0,1,0,1,0,0
Unicorns are mythical creatures not proven to exist.,9d13a1f7e5,0,1,0,0,0,0
Mountain bikes handle rough off-road terrains easily.,d4c9a3ecaa,0,1,0,1,0,0
Maps frequently feature compass roses indicating directions.,7efe6c6fcb,0,1,0,0,0,0
Computers process information electronically using binary code.,b7cf2fe383,0,1,0,0,0,0
Gloves provide protection and warmth for hands.,89b09ec00c,0,1,0,0,0,0
Dentists promote oral hygiene for healthy teeth.,9723c58566,0,1,0,1,0,0
Tablets serve as portable electronic computing devices.,1438e70079,0,1,0,0,0,0
Glass is transparent and allows visible light to pass.,d2feadd202,0,1,0,0,0,0
Houseplants improve indoor air quality and humidity levels.,ee6a1933c5,0,1,0,0,0,0
Weather forecasts predict upcoming precipitation and temperature changes.,e81458fca0,0,1,0,0,0,0
Backpacks distribute weight evenly across shoulders.,515c0264f0,0,1,0,1,0,0
Sprinkler systems irrigate lawns and gardens automatically.,e91957685a,0,1,0,0,0,0
Elevators raise and lower people within tall buildings.,a368f171ec,0,1,0,0,0,0
Mirrors provide accurate reflections of appearances.,3366aa7e18,0,1,0,1,0,0
Wall clocks show time at a glance.,a9443e789a,0,1,0,1,0,0
Scooters have two wheels for personal transportation.,2027912e40,0,1,0,0,0,0
Tulips bloom in the spring months each year.,9f944e39a8,0,1,0,0,0,0
Sheep produce wool that is spun into yarn.,91e1d5ea92,0,1,0,1,0,0
Plastic bottles take years to decompose naturally.,ae71d78e3d,0,1,0,0,0,0
Rice is grown in fields called paddies.,ad72fea4a2,0,1,0,0,0,0
Rabbits have long ears for detecting threats.,b2c5013798,0,1,0,1,0,0
Jellyfish have stinging tentacles used for defense.,82a6b0aaa4,0,1,0,0,0,0
Roses have thorns to deter herbivores from eating them.,07e4a06450,0,1,0,0,0,0
"Apples come in red, green, and yellow varieties.",cd0ab7611a,0,1,0,0,0,0
Giraffes use long necks to reach high tree leaves.,0be6384dca,0,1,0,0,0,0
Velcro sticks using tiny hooks and loops.,bdf8db9273,0,1,0,1,0,0
Trains run alongside tracks using engine power.,f9a98b7a68,0,1,0,0,0,0
Deserts receive little annual precipitation compared to forests.,8c98fde925,0,1,0,0,0,0
Volcanoes expel molten lava and ash during eruptions.,60e080e5b3,0,1,0,0,0,0
Matches light fires by friction or chemical reaction.,bf954dd6e3,0,1,0,0,0,0
Books are collections of pages bound together.,8d3fd890c0,0,0,0,0,0,0
Teeth help break down food during chewing.,7bc1de1ae7,0,1,0,0,0,0
"Grass covers plains, lawns, and various landscapes.",1192e1a0a7,0,1,0,0,0,0
Bowls hold liquids or loose solid foods.,2ed7b48540,0,1,0,0,0,0
Dental floss cleans between teeth where brushes cannot reach.,d82b36e22e,0,1,0,1,0,0
Detergent helps remove stains from clothing fabrics.,e9d345d2de,0,1,0,0,0,0
Pizza consists of baked dough with toppings added.,6522b4ff0d,0,1,0,0,0,0
Hand soap kills germs during proper washing routines.,54b48bc673,0,1,0,0,0,0
Mirrors reflect images accurately when surfaces are clean.,de79b452f3,0,1,0,0,0,0
Ants coordinate efficiently for colony survival tasks.,3b7c00048d,0,1,0,0,0,0
Zebras live in herds across African savannas.,26dd307ee6,0,1,0,0,0,0
Radios transmit audio signals via electromagnetic waves.,e67ec7a57b,0,1,0,0,0,0
Suitcases make carrying travel items more convenient.,004c09c492,0,1,0,1,0,0
Cranes lift heavy loads using cable systems.,8424e4bd87,0,1,0,0,0,0
Horses move quickly and support human riders.,2214f0d054,0,1,0,1,0,0
Umbrellas help shield against rain or strong sunlight.,562847a36d,0,1,0,0,0,0
Tablets combine touchscreens and computing power for portability.,97c1939a38,0,1,0,1,0,0
Fans circulate air for cooling enclosed spaces.,12d96f03c1,0,1,0,0,0,0
Alarm clocks wake individuals up at specific times.,71e46484c1,0,1,0,1,0,0
Bicycles transport riders using pedals driven by feet.,9dbfaddca0,0,1,0,0,0,0
Helicopters fly vertically thanks to rotating blades.,b80d8dab0c,0,1,0,0,0,0
Pillows cushion heads for comfortable sleep positions.,18d9b675d1,0,1,0,1,0,0
Curtains block light entry into rooms.,7a9e3a9f58,0,1,0,1,0,0
Vacuum cleaners suction dust and debris from floors.,8dc1bc9600,0,1,0,0,0,0
Doorbells alert home occupants of arriving visitors.,f92fb1e1b7,0,1,0,1,0,0
Benches provide seating in public or private locations.,7b545a9577,0,1,0,1,0,0
Paint rolls add color evenly onto walls.,f0496011e4,0,1,0,1,0,0
Shopping carts simplify buying groceries in stores.,669896a1ce,0,1,0,1,0,0
"Wallets hold identification cards, money, and receipts.",bad3e6d52d,0,1,0,1,0,0
Notebooks allow users to write and organize notes.,9e93aad31f,0,1,0,1,0,0
Bread becomes stale after exposure to air.,61c7c0c4bc,0,1,0,0,0,0
Parrots can mimic many environmental sounds.,06c2295bf9,0,1,0,1,0,0
Ants build colonies with specialized roles.,4628444ec2,0,1,0,1,0,0
Zebras display unique black-and-white striping.,2a8de627fe,0,1,0,0,0,0
Cloudy weather may indicate rain or storms.,df29689ff4,0,1,0,0,0,0
Penguins cannot fly but swim expertly underwater.,96c210c2dc,0,1,0,0,0,0
Komodo dragons are the largest living lizards.,0c4b428ab7,0,1,0,0,0,0
Fungi decompose organic matter in soil.,2b09e324ac,0,1,0,0,0,0
Fireworks create loud noises and colorful light displays.,771db210cf,0,1,0,0,0,0
Polar bears inhabit Arctic sea ice regions.,31d623017d,0,1,0,0,0,0
Sunsets appear more vivid in clear skies.,ea55f7ae8d,0,1,0,0,0,0
Chalk writes easily on rough surfaces.,b9a0275462,0,1,0,0,0,0
Peanuts grow beneath the surface as legumes.,a63ba26cad,0,1,0,0,0,0
Coffee beans are roasted seeds from coffee cherries.,a9f124002f,0,1,0,0,0,0
Broccoli is high in vitamins and dietary fiber.,04f129ac9f,0,1,0,0,0,0
Maps frequently use colors to represent terrain types.,3397339452,0,1,0,0,0,0
Plastic pollution threatens ocean wildlife ecosystems.,ed721d5267,0,1,0,0,0,0
Grasslands support grazing herds of large animals.,e2bd3de38f,0,1,0,0,0,0
"Marine life includes creatures like fish, crabs, and octopuses.",74c57ce6d1,0,1,0,0,0,0
Glaciers slowly reshape landscapes over centuries.,2a130273b1,0,1,0,0,0,0
Cars usually operate using internal combustion engines.,10c617984a,0,1,0,0,0,0
Shopping carts assist in transporting groceries.,f19d9382e1,0,1,0,1,0,0
Mirrors reflect light to show images.,19e81480ae,0,1,0,1,0,0
Calves are young cattle before adulthood.,7534502f41,0,1,0,0,0,0
Wallets store identification cards and money securely.,f7e4e5cce8,0,1,0,1,0,0
Newspapers report recent events and information daily.,3a4d39f410,0,1,0,1,0,0
Glue bonds diverse materials together solidly.,67b2de19db,0,1,0,0,0,0
Nests shelter eggs and hatchlings safely.,c2d24e0968,0,1,0,0,0,1
Glass shatters upon forceful impact.,b788174268,0,1,0,0,0,0
Bananas provide potassium and natural sugars for energy.,69508ea019,0,1,0,0,0,0
Plastic containers store food safely and conveniently.,8a305a3fac,0,1,0,0,0,0
Oranges contain vitamin C important for immunity.,24291f87ee,0,1,0,0,0,0
Bees make honey in organized colonies called hives.,5563ea81d9,0,1,0,0,0,0
Rice is a staple food grown in wet environments.,724e8012e6,0,1,0,0,0,0
Frogs start as tadpoles before developing legs.,e022692567,0,1,0,0,0,0
Chalk is frequently used for educational writing purposes.,3c0d26416b,0,1,0,1,0,0
Deserts receive little rainfall each year and remain dry.,2016033232,0,1,0,0,0,0
Maps display elevation changes using contour lines.,13cd0d17fc,0,1,0,0,0,0
Seals move gracefully in cold ocean waters.,0a43b1baf4,0,1,0,0,0,0
Tomato plants need warmth and sunshine to ripen fruit.,abe93db3dd,0,1,0,0,0,0
Glue adheres paper pieces strongly to surfaces.,f09804bf5f,0,1,0,0,0,0
Shopping carts assist customers in large grocery stores.,0703947fe3,0,1,0,1,0,0
Keys are cut to fit matching locks precisely.,865f54b17c,0,1,0,1,0,0
Airplanes travel long distances at high altitudes.,f53472fba0,0,1,0,0,0,0
Cotton fabrics are soft and highly absorbent materials.,ef84fbfae7,0,1,0,0,0,0
Alarm clocks sound at preset times to wake users.,1c10c2be7a,0,1,0,1,0,0
Backpacks carry supplies comfortably on shoulders.,aeca78e3fe,0,1,0,1,0,0
Walnuts grow in hard protective shells on trees.,02b2acf58a,0,1,0,0,0,0
Scissors cut various papers and thin flexible materials.,a89acb8d49,0,1,0,1,0,0
Horses often gallop quickly over open land.,dddac6f8f7,0,1,0,1,0,0
Beds support sleep and rest comfortably overnight.,c4e6940620,0,1,0,1,0,0
Stairs connect floors vertically inside buildings.,ac906bcea9,0,1,0,0,0,0
Windows let in light while keeping out weather.,4f154d874e,0,1,0,1,0,0
Belts hold up trousers with loops around waists.,5c078f08b4,0,1,0,1,0,0
Orange juice comes from pressing ripe oranges.,bd7c079542,0,1,0,0,0,0
Curtains block sunlight and add privacy indoors.,858fbf3db6,0,1,0,1,0,0
Televisions transmit video and audio entertainment signals.,62a9d13310,0,1,0,0,0,0
Children lose baby teeth before growing adult teeth.,3e6130d026,0,1,0,1,0,0
Trains travel on tracks for efficient mass transit.,457d30434f,0,1,0,0,0,0
Maps help navigate unknown places or cities easily.,cc0b4612aa,0,1,0,1,0,0
Eggs contain protein essential for muscle growth.,010ca605b3,0,1,0,0,0,0
Coins are produced by stamping metal blanks flatly.,0fc22433c8,0,1,0,0,0,0
Wolves hunt small mammals in coordinated packs.,e6e6138f15,0,1,0,0,0,0
Seals move efficiently both on land and water.,e79b4fa2b9,0,1,0,0,0,0
Sheep produce wool used extensively in textiles globally.,59e3eeed6c,0,1,0,1,0,0
Cars need combustion engines or electric motors to run.,8f10df0249,0,1,0,0,0,0
Peanuts ripen underground inside biodegradable shells naturally.,30b930fad3,0,1,0,0,0,0
Chalk writes visibly on dark slate surfaces.,3092c25c9b,0,1,0,0,0,0
Tomatoes ripen red due to lycopene pigments present.,8f418130a2,0,1,0,0,0,0
Houseplants require regular watering and indirect sunlight indoors.,328b30f1ce,0,1,0,0,0,0
Rice fields are called paddies and are usually flooded.,19a441e6c5,0,1,0,0,0,0
"Eagles soar high using broad, powerful feathered wings.",c76116fcda,0,1,0,0,0,0
Books organize information in printed or digital pages.,122e36c4f3,0,1,0,1,0,0
Computers process data through binary electrical signals.,d29264b7a3,0,1,0,0,0,0
Teeth break down solid food during mastication process.,5799c89faf,0,1,0,0,0,0
"Thermometers measure temperature with mercury, alcohol, or electronics.",248a7d1b04,0,1,0,0,0,0
Otters crack open shellfish with rocks held in paws.,535ce4f2b9,0,1,0,0,0,1
Lightning results from static electricity during thunderstorms.,80ef5cd53d,0,1,0,0,0,0
Notebooks provide lined pages for writing notes and reminders.,a59fc3eb0e,0,1,0,1,0,0
Paintbrushes spread liquid paint on surfaces smoothly.,ca571c795b,0,1,0,0,0,0
Mirrors reflect images using polished glass surfaces behind.,8f42aa4c6c,0,1,0,0,0,0
Benches give seating for several people simultaneously.,4f4004ed6d,0,1,0,1,0,0
Walnuts are hard-shelled nuts rich in healthy fats.,d4f8f02fd9,0,1,0,0,0,0
Vacuum cleaners remove dust particles from floors efficiently.,648adadb43,0,1,0,0,0,0
Lamps provide directed light for reading at night.,41b9bd8ab2,0,1,0,1,0,0
Elevators lift occupants between multi-story building levels conveniently.,34eb6e39c9,0,1,0,0,0,0
Air conditioners regulate indoor temperature during hot summers.,8bd14dfb07,0,1,0,0,0,0
Keyboards input written letters into computing devices accurately.,89472724a1,0,1,0,1,0,0
Clocks keep time consistently throughout day and night cycles.,9c63413085,0,1,0,0,0,0
Shovels dig soil effectively for gardening or landscaping projects.,2f284506f7,0,1,0,0,0,0
Helmets reduce head injuries during cycling or motorcycling activities.,ff69c7760c,0,1,0,0,0,0
Soap breaks up grease molecules for removal during washing.,06ae391ea0,0,1,0,0,0,0
Eggs contain protein and other nutrients important for growth.,858758d503,0,1,0,0,0,0
Cheese is produced by curdling milk proteins.,020d2fcbf5,0,1,0,0,0,0
Plastic takes centuries to decompose naturally outdoors.,064dc37c9e,0,1,0,0,0,0
Refrigerators keep perishables fresh by maintaining low temperatures.,5d4a3a6e42,0,1,0,0,0,0
Bread rises because yeast releases carbon dioxide.,50b8eed82c,0,1,0,0,0,0
Chalk is frequently used for drawing on boards.,336bd2156f,0,1,0,1,0,0
Butterflies hatch from chrysalises after metamorphosis.,2de64c29ab,0,1,0,0,0,0
Raincoats protect wearers from getting soaked in rain.,ccbdf537de,0,1,0,1,0,0
Ice floats in water due to molecular structure.,6b423ac5ad,0,1,0,0,0,0
Lightning happens during thunderstorms from electrical charge imbalances.,a8fc360a69,0,1,0,0,0,0
Coins work for small purchases using country currency values.,584beeb5fc,0,1,0,1,0,0
Keys open doors that match precisely cut grooves.,1a8b959846,0,1,0,1,0,0
"Wallets keep cash, coins, and cards contained safely.",f9ec564123,0,1,0,1,0,0
Beds offer comfort and support for regular sleeping routines.,9fbcb35cf2,0,1,0,1,0,0
Shopping carts allow collection of groceries inside stores.,e1043f28ab,0,1,0,1,0,0
"Tablets let users browse, read, and type digitally.",e50b0ba350,0,1,0,1,0,0
Clocks display accurate time throughout day and night.,88c476d01c,0,1,0,0,0,0
"Calendars organize months, weeks, holidays, and appointments clearly.",a2194e23bf,0,1,0,1,0,0
Backpacks make carrying items easy with shoulder straps.,7288f59a00,0,1,0,1,0,0
Swings move back and forth for recreation play.,ec1ac8cbce,0,1,0,1,0,0
Alarm clocks ring loudly to wake sleepers reliably.,0886d782ae,0,1,0,1,0,0
Apples grow on deciduous trees in temperate climates.,4ade5d6e3d,0,1,0,0,0,0
Salt enhances flavor and is used for preservation.,daadf164c9,0,1,0,0,0,0
Rabbits eat green vegetation and have long ears.,ed50242ee5,0,1,0,0,0,0
"Ant colonies consist of workers, soldiers, and queens.",67de7f39fb,0,1,0,0,0,0
Peanuts develop below ground inside protective shells.,ef6a659aa1,0,1,0,0,0,0
Books organize accumulated information into written records.,7934203c98,0,1,0,0,0,0
"Tomato fruits ripen red, yellow, or pink depending on variety.",198eb40c9a,0,1,0,0,0,0
Honey bees communicate through waggle dances.,09bb5baf0a,0,1,0,0,0,0
Soap helps eliminate dirt and oils from hands efficiently.,8e03f93092,0,1,0,0,0,0
Keyboards input characters for computers or digital devices.,f78a5d8a8f,0,1,0,1,0,0
"Scissors cut paper, fabric, or thin sheets accurately.",02b37df3aa,0,1,0,1,0,0
"Calendar pages divide time into days, weeks, and months.",01e4cf8c49,0,1,0,0,0,0
"Paintbrushes spread uniform finishes on wood, walls, or canvas.",0c190d30b1,0,1,0,1,0,0
Movies present stories using sequential moving images.,684e2244b9,0,1,0,1,0,0
Glue binds materials quickly and permanently when dry.,2a723fc879,0,1,0,0,0,0
Hot air balloons rise because hot air is less dense than cold.,64d6e4c7a0,0,1,0,0,0,0
Mirrors reflect visible light clearly for personal grooming.,218466224a,0,1,0,1,0,0
"Wallets keep money, cards, and important papers organized.",4eda75ec2c,0,1,0,1,0,0
Teeth chew food for easier digestion in stomachs.,a7ba1dc8ab,0,1,0,0,0,0
Dogs bark to communicate excitement or alert danger.,80be643c2c,1,1,0,1,0,1
Bananas provide potassium necessary for muscle function.,f162651ff6,0,1,0,0,0,0
Ant colonies organize with distinct social castes.,40c5fece8c,0,1,0,1,0,0
Trains travel along tracks between distant destinations.,18339923ca,0,1,0,0,0,0
Cows supply milk consumed by millions of people.,3ba163f66f,0,1,0,0,0,0
Jellyfish move passively using ocean currents.,e5900c22d9,0,1,0,0,0,0
Strawberries start white and become bright red when ripe.,685e6c2fb4,0,1,0,0,0,0
"Apples grow best in cool, temperate climates globally.",16f5f04ce7,0,1,0,0,0,0
Chalk works well for marking dark writing boards.,00a0abe41a,0,1,0,1,0,0
Kangaroos transport young joeys inside abdominal pouches.,1dab72793b,0,1,0,0,0,1
Whales surface regularly for breathing atmospheric oxygen.,83d691deb5,0,1,0,0,0,0
Eagles spot prey using exceptional eyesight abilities.,51698a1cbe,0,1,0,0,0,0
Hammer tools drive nails into wood securely.,0c53966e8b,0,1,0,1,0,0
Otters use stones to crack open shellfish meals.,cd1ca07d31,0,1,0,0,0,0
Rice fields are flooded for optimal plant development.,44025c4959,0,1,0,0,0,0
Backpacks let people carry belongings comfortably hands-free.,defdd8faf7,0,1,0,1,0,0
Sprinkler systems automatically water lawns during scheduled intervals.,48f27177d1,0,1,0,0,0,0
"Electricity lights up homes, offices, and streets.",5a29785b60,0,1,0,1,0,0
Cows supply both meat and milk products.,9847214ba7,0,1,0,0,0,0
Chalk marks boards and is easy to erase.,393a2f3e4b,0,1,0,1,0,0
Pandas consume bamboo almost exclusively daily.,bf70aa90c2,0,1,0,0,0,0
Jellyfish float freely and sting for defense.,bd9abe26f5,0,1,0,0,0,0
Bread rises because yeast creates gas bubbles.,0d9fbd8618,0,1,0,0,0,0
Apples develop on trees with blossoms in spring.,4a380527e9,0,1,0,0,0,0
"Cheese results from fermenting cow, goat, or sheep milk.",43b6403e2b,0,1,0,0,0,0
Polar bears live only in Arctic habitats.,b0e3f80d17,0,1,0,0,0,0
Dolphins use sonar clicks for navigation underwater.,a4d3b3f78c,0,1,0,0,0,0
Peanuts mature inside soil rather than above ground.,87fcbfccdd,0,1,0,0,0,0
Chairs provide people supportive seating comfort indoors.,cc2ea95e9d,0,1,0,1,0,0
Books contain facts and stories printed on paper pages.,f16ed2880d,0,1,0,1,0,0
Keys fit locks to permit entry through doors.,d8ba9bc0c9,0,1,0,1,0,0
Bench seats allow multiple people to rest outside.,945a02f0a0,0,1,0,1,0,0
Walnuts are nuts covered by hard shells and husks.,5bc858c6dd,0,1,0,0,0,0
Soup is commonly served piping hot in bowls.,72d0e3c882,0,1,0,1,0,0
Beds support humans for sleeping each night comfortably.,93a3bbba21,0,1,0,1,0,0
Vaccines protect against various contagious diseases.,8ace4066f7,0,1,0,0,0,0
Suitcases store clothes while people travel away from home.,b0cfd15777,0,1,0,1,0,0
Staplers attach loose paper sheets using metallic staples.,63939aa577,0,1,0,1,0,0
Otters open shellfish using rocks found underwater.,5797645271,0,1,0,0,0,0
Flashlights illuminate dark places using batteries.,7fa0036f04,0,1,0,1,0,0
Benches serve as public outdoor resting furniture.,a9652fcad7,0,1,0,1,0,0
Helmets shield heads during bicycling and similar activities.,30f501dfcc,0,1,0,1,0,0
Vacuums use suction force to clean dust and debris.,acb1835497,0,1,0,0,0,0
Shakespeare wrote many famous plays.,c34c9bfbb1,1,1,0,1,1,0
The Mona Lisa hangs in the Louvre Museum.,e3bc0395cc,0,1,0,1,0,0
Leonardo da Vinci painted The Last Supper.,d3997b518d,0,1,0,1,1,0
Frida Kahlo was a Mexican painter.,005336ffac,1,1,0,1,0,0
Athens hosted the first modern Olympics.,e21df82070,0,1,0,1,0,0
Running increases cardiovascular health.,9ca83ab3cf,0,1,0,0,0,0
Rap music originated in the United States.,a4a1f8a6a9,0,1,0,1,0,0
Venice is known for its canals.,a238670561,0,1,0,0,0,0
Vitamin C boosts immune function.,c60dd79174,0,1,0,0,0,0
Ancient pyramids are found in Egypt.,138f9358b1,0,1,0,0,0,0
Japan consists of four main islands.,2156476e03,0,1,0,0,0,0
Drinking water prevents dehydration.,662b805383,0,1,0,0,0,0
The Renaissance period began in Italy.,6e1e927480,1,1,0,1,0,0
Soccer is popular worldwide.,937a675d8a,1,1,0,1,0,0
Australia has unique marsupials like kangaroos.,610059d1cd,0,1,0,0,0,0
Coughing expels irritants from airways.,90ae88e1bc,0,1,0,0,0,0
Impressionism changed how artists used light.,e190a0cca1,0,1,0,1,1,0
Canada shares a border with the United States.,85da202058,0,1,0,0,0,0
Smoking damages lung tissue.,83f28a8514,0,1,0,0,0,0
Alexander Graham Bell invented the telephone.,630a6031dd,0,1,0,1,0,0
Amazon rainforest spans nine countries.,c8cbb7177c,0,1,0,0,0,0
Haiku is a form of Japanese poetry.,339a014c7c,1,1,0,1,0,0
Niagara Falls is on the US-Canada border.,f4e475dd29,0,1,0,0,0,0
Sculpture involves shaping materials like stone or metal.,27abccb595,0,1,0,0,0,0
Africa contains over fifty countries.,5699bff345,0,1,0,0,0,0
London’s Big Ben is a famous clock tower.,4e4ad9b7bc,0,1,0,1,0,0
Exercising strengthens muscles and bones.,8798e6ff48,0,1,0,0,0,0
Asthma affects breathing ability.,71766df0bf,0,1,0,0,0,0
Classical music often uses orchestras.,bc6d96a80d,0,1,0,1,0,0
Rome is home to the Colosseum.,5cee05207e,0,1,0,0,0,0
Comic books tell stories using pictures and words.,2a81979e52,0,1,0,1,0,0
Iceland is known for geothermal activity.,b23b724e67,0,1,0,0,0,0
Sub-Saharan Africa includes diverse cultures and languages.,acd25ba1f2,0,1,0,0,0,0
"Ballet uses precise, formal movements.",e54404b539,0,1,0,1,0,0
Abraham Lincoln abolished slavery in America.,838ab3ad2c,1,1,0,1,1,0
Basketball requires dribbling and shooting skills.,c1b8e50fb8,0,1,0,1,0,0
Greece has thousands of islands.,0657dc3817,0,1,0,0,0,0
Quitting smoking reduces cancer risk.,f009e27ce3,0,1,0,0,0,0
Fluoride helps keep teeth healthy.,2da482c67e,0,1,0,0,0,0
The Taj Mahal is in India.,7ff0a08d0b,0,1,0,0,0,0
Anemia results from low red blood cells.,f1e04b568f,0,1,0,0,0,0
Calligraphy is decorative handwriting style.,6b54cbeffc,0,1,0,1,0,0
Kenya is famous for wildlife safaris.,acfc1578e3,0,1,0,1,0,0
"Filmmaking combines scriptwriting, acting, and editing.",1fd6f3554a,0,1,0,1,0,0
Brazil hosts the largest Carnival festival.,3dfe26092b,0,1,0,0,0,0
Push-ups build upper body strength.,a033640c94,0,1,0,1,0,0
Bronze is made by mixing copper and tin.,2a7b647928,0,1,0,0,0,0
Jazz originated in New Orleans.,65c28daab5,0,1,0,1,0,0
Nepal lies between China and India.,fea759d59d,0,1,0,0,0,0
Stroke disrupts brain blood flow.,858a92d770,0,1,0,0,0,0
Opera combines singing and theater performance.,20c5ce6977,1,1,0,1,0,0
South America has rainforests and high mountains.,2773d0fe90,0,1,0,0,0,0
Machu Picchu is an ancient site in Peru.,5b7e5a4f17,0,1,0,0,0,0
Swimming is excellent aerobic exercise.,7caa76d8de,0,1,0,0,0,0
Colds are caused by viruses.,e41da56f8b,0,1,0,0,0,0
Spain is known for flamenco dancing.,6aabc69b5c,0,1,0,1,0,0
Marie Curie discovered radioactive elements.,72355d4686,0,1,0,0,0,0
Hiking burns calories and tones leg muscles.,cd4adc3c40,0,1,0,0,0,0
Fossils provide evidence of prehistoric life.,90db63335a,0,1,0,0,0,0
Caribbean islands attract tourists for beaches.,a902a4b8ad,0,1,0,0,0,0
Meditation can reduce stress levels.,4c6e673d9a,0,1,0,1,0,0
Feudal Japan had samurai warriors.,50dbe6ce36,1,1,0,1,0,0
Indonesia consists of thousands of islands.,6c7d317c01,0,1,0,0,0,0
Blood pressure should be monitored regularly.,a79fc53e5c,0,1,0,0,0,0
Cubism is an abstract art movement.,0bf54f4dce,0,0,0,1,0,0
New York City contains five boroughs.,d5ab2bce79,0,1,0,0,0,0
Weight lifting builds muscle strength.,353f81c55d,0,1,0,0,0,0
Malaria spreads through mosquito bites.,037c77d17b,0,1,0,0,0,0
Persian carpets are handwoven works of art.,3511be4344,0,1,0,1,0,0
Alaska has the longest coastline in the U.S.,721afb8abe,0,1,0,0,0,0
Healthy sleep improves memory and mood.,67a9fb2e33,0,1,0,1,0,0
Medieval castles were defensive structures.,efac8752cf,0,1,0,0,0,0
Buddhism spread from India to Asia.,453f9382a4,1,1,0,1,0,0
Saint Peter's Basilica stands in Vatican City.,83aa254d21,0,1,0,1,0,0
Typhoons hit East Asian coastlines frequently.,0f507771a3,0,1,0,0,0,0
Vegetables supply dietary fiber.,2c93b0743f,0,1,0,0,0,0
Smithsonian Institution preserves American history.,b6fe7decd0,1,1,0,1,1,0
Norway has fjords along coastal areas.,8aa3053e0d,0,1,0,0,0,0
Tango dance originated in Argentina.,9f4ca195f7,0,1,0,1,0,0
Berlin Wall fell in 1989.,4c09ba1dd6,0,1,0,1,0,0
Origami is traditional paper folding art from Japan.,77099d843f,0,1,0,1,0,0
Thailand has floating markets.,d09ed99a12,0,1,0,1,0,0
World War II ended in 1945.,b8cb113727,0,1,0,1,0,0
Consuming too much sugar leads to obesity.,f7b1e1a1a3,0,1,0,0,0,0
France is renowned for wine production.,aa47c00d3a,0,1,0,1,0,0
Photographs capture real-life moments permanently.,305a23c276,0,1,0,1,1,0
Jerusalem holds significance for several religions.,cfd3f814db,1,0,0,1,0,0
Turkey bridges Europe and Asia.,63f894bd48,0,0,0,0,0,0
Mayan civilization built pyramid temples.,b1936e7126,0,1,0,0,0,0
Yoga benefits both mind and body.,51d9c3483f,0,1,0,1,0,0
Baroque music is highly ornamented.,cae9a0d15a,1,1,0,1,0,0
Tesla developed alternating current technology.,f6c80c26c3,0,1,0,1,0,0
"BRICS nations are Brazil, Russia, India, China, South Africa.",d667133512,0,1,0,1,0,0
Pilgrims landed at Plymouth Rock.,9ecd71ec52,0,1,0,1,0,0
Siberia covers vast northern Russian territory.,aa12a5a891,0,1,0,0,0,0
Rock climbing develops grip strength.,49fe0d8c17,0,1,0,1,0,0
Cleopatra ruled ancient Egypt.,a6b7d68a57,1,1,0,1,0,0
Bias influences social research results.,23c8e3f255,1,1,0,1,1,0
Confucianism influenced Chinese philosophy.,e434636c18,1,1,0,1,0,0
Solar energy powers some homes.,7fab197d86,0,1,0,0,0,0
India celebrates Diwali annually.,bd5aab18e3,0,1,0,1,0,0
Zika virus can cause birth defects.,542b89456d,0,1,0,0,0,0
Traditional Chinese medicine uses herbs.,bc2c4c30bf,0,1,0,1,0,0
Michelangelo sculpted David during the Renaissance.,9e15fd3f24,0,1,0,1,0,0
The Mississippi River divides the US east to west.,122b7602ec,0,1,0,0,0,0
Hip-hop culture emerged in urban communities.,1a05c3ea75,1,1,0,1,0,0
Climbing stairs is a weight-bearing exercise.,b9bd9f7e93,0,1,0,0,0,0
Neptune is the eighth planet from the sun.,cba5648a34,0,1,0,0,0,0
Judo emphasizes throws and holds.,82912f1233,0,1,0,1,0,0
Walt Disney revolutionized animation.,01f335e31c,0,1,0,1,1,0
"Singapore blends Malay, Chinese, and Indian heritage.",805f534a4e,0,1,0,1,0,0
Plato taught Aristotle in Ancient Greece.,567e6279e1,1,1,0,1,1,0
Israeli kibbutzim practice communal living.,a40d9f748d,1,1,0,1,0,0
Deforestation threatens biodiversity.,0538d9b9c0,0,1,0,0,0,0
Stonehenge dates to prehistoric Britain.,5560f80cb1,0,1,0,0,0,0
Chile stretches along South America's west coast.,be4c218b60,0,1,0,0,0,0
Blood tests check organ function.,ef3182efbd,0,1,0,0,0,0
Taiko drumming is energetic Japanese stage performance.,a9932b607f,0,1,0,1,0,0
Amish culture practices simple living.,9fa4c43642,1,1,0,1,0,0
Eiffel Tower symbolizes Paris.,85e85e6539,0,1,0,1,0,0
Pizza originated in Italy.,2acc1f7a08,0,1,0,1,0,0
The Nile River flows through Egypt.,fd4d05c13d,0,1,0,0,0,0
Daily hydration maintains kidney health.,0c0823299a,0,1,0,0,0,0
World War I began in 1914.,f63fefb234,0,1,0,1,0,0
Painting is a form of creative expression.,c1a48c21ef,0,1,0,1,0,0
Tokyo is Japan’s capital city.,d4807052ab,0,1,0,1,0,0
Cycling improves cardiovascular endurance.,e1b2593cad,0,1,0,0,0,0
Julius Caesar was assassinated in Rome.,e74361f03c,1,1,0,1,1,0
Farming supplies food for many societies.,cfd74374c9,0,1,0,0,0,0
Emotions affect personal decision making.,cd9ca672e6,1,1,0,1,1,0
Ethics guide moral judgments and behavior.,b60ff45063,1,1,0,1,1,0
Catholicism has sacraments such as baptism.,bbdf721d51,1,1,0,1,0,0
Democracies involve citizens voting on laws or leaders.,c1e0884f94,1,0,0,1,1,0
Smartphones access information from anywhere with signals.,61c5129189,0,1,0,0,0,0
Cancer cells grow uncontrollably inside the body.,202e0836c7,0,1,0,0,0,0
Medieval Europe saw castles and knights.,0c00b08ce8,0,1,0,1,0,0
Hiking trails can be found in national parks.,efccf35cae,0,1,0,1,0,0
Canada is famous for maple syrup.,dff5ccf1cb,0,1,0,0,0,0
Hieroglyphics were used by ancient Egyptians.,ec0624439b,0,1,0,1,0,0
Ballet dancers wear pointe shoes to dance.,4bab437e4e,0,1,0,1,0,0
Australia is surrounded by the Pacific and Indian Oceans.,7be303eca3,0,1,0,0,0,0
Protein aids muscle recovery after workouts.,163013148f,0,1,0,0,0,0
Napoleon Bonaparte ruled France in the early 1800s.,d1a2dac1ad,1,1,0,1,1,0
Cooking involves combining raw ingredients using heat.,96195676d4,0,1,0,0,0,0
Prime numbers have only two factors.,cba6298c51,0,1,0,0,0,0
Atoms combine to form molecules.,9d38ee2b2d,0,1,0,0,0,0
Self-esteem influences mental well-being.,27ac45a01a,1,1,0,1,1,0
Logic helps resolve complex problems rationally.,28eb088c53,1,0,0,1,0,0
Islam includes practices called Five Pillars.,7c8d5c48f7,1,1,0,1,0,0
Economics studies the production and distribution of resources.,51196619f3,0,1,0,0,0,0
3D printers create physical models from digital designs.,ae9b5a4284,0,1,0,0,0,0
Bird migration follows seasonal patterns globally.,42b279690f,0,1,0,0,0,0
Origami turns paper into decorative figures.,8ccb7a3375,0,1,0,1,0,0
Machu Picchu was built by the Incas.,f772431152,0,1,0,0,0,0
China invented gunpowder centuries ago.,c5b2378eb9,0,1,0,0,1,0
Shopping boosts local economies.,e325467c78,1,1,0,1,0,0
Multiplication is repeated addition.,a7d46ec39b,0,1,0,0,0,0
Sigmund Freud developed psychoanalysis.,fb5e5cd300,1,1,0,1,0,0
Utilitarianism aims for maximum happiness overall.,4fcda64de6,1,1,0,1,1,0
Hinduism incorporates concepts of karma and reincarnation.,639ae302f8,0,0,0,1,0,0
Social norms shape group behaviors.,b5ef128a73,1,1,0,1,1,1
Artificial intelligence mimics some human thought processes.,0e503dcb26,1,1,0,1,0,0
Ankles support walking and running movement.,fd59395670,0,1,0,0,0,0
Berlin hosts a major international film festival.,02a207ca3d,1,1,0,1,1,0
Amazon jungle covers millions of square kilometers.,8eeb2e2a64,0,1,0,0,0,0
Country flags represent national identities.,6f56a447f1,0,1,0,1,0,0
Teeth brushing prevents cavities and gum disease.,ddcf108131,0,1,0,1,0,0
Apollo 11 landed humans on the moon.,87bb5123cb,0,1,0,0,0,0
Italian Renaissance produced famous artists and thinkers.,73a69321d5,1,1,0,1,1,0
Egypt’s pyramids serve as tombs for pharaohs.,118f898b2d,0,1,0,1,0,0
Fishing provides food and recreation.,316b64578c,0,1,0,1,0,0
"Numbers can be natural, whole, integer, or rational.",b6ee0e9273,0,1,0,0,0,0
"Antibiotics treat bacterial infections, not viruses.",0927d91c88,0,1,0,0,0,0
Mental health affects daily life activities.,859c4df546,0,1,0,1,0,0
Dualism divides existence into mind and matter.,0236f9e209,0,0,0,1,1,0
Criminal justice systems enforce legal codes.,aae8fc7c18,1,1,0,1,0,0
Satellites relay television broadcasts internationally.,1ddba47b05,0,1,0,0,0,0
Vaccinations prevent common infectious diseases.,275df7caa7,0,1,0,0,0,0
Giraffes live mainly in African savannas.,8d783f5987,0,1,0,0,0,0
Symphonies require orchestras to perform full compositions.,0a21570727,0,1,0,1,0,0
Martial arts develop self-defense skills.,8394f911f4,0,1,0,1,0,0
Great Wall stretches over northern China.,520235c0f2,0,1,0,0,0,0
Gluten-free foods help people with celiac disease.,b83edf5405,0,1,0,0,0,0
French Revolution ended monarchy rule.,57a2561683,1,1,0,1,1,0
Dance expresses emotion through bodily movements.,f974bc3a6b,0,1,0,1,0,0
Galaxies consist of billions of stars.,5d107e4382,0,1,0,0,0,0
Body language conveys unspoken feelings.,439b347b0c,1,1,0,1,1,1
Rational thinking evaluates evidence logically.,24c63b2dbb,1,1,0,1,1,0
Buddhists seek enlightenment through practice.,ddf4007a14,1,0,0,1,1,0
Voting gives citizens political representation.,4d84c1a12d,1,1,0,1,1,0
Cloud computing stores files on external servers.,3f39c17277,0,1,0,0,0,0
Crusades involved religious wars in medieval times.,acd299f892,1,1,0,1,0,0
Camping involves sleeping outdoors temporarily.,8077e0f388,0,1,0,1,0,0
Equation variables stand for unknown values.,d2c110dba7,0,1,0,0,0,0
Planetary orbits follow elliptical paths around the sun.,8fa1ae103e,0,1,0,0,0,0
The Suez Canal connects the Mediterranean and Red Seas.,dff7e4a89c,0,1,0,0,0,0
Amazon River is longer than most rivers worldwide.,eee9b52ec9,0,1,0,0,0,0
Chess is played on an eight-by-eight grid.,cff2cd148e,0,1,0,1,0,0
Breathing exercises calm the body.,7396e91bf1,0,1,0,0,0,0
Vikings sailed across oceans in wooden boats.,da911580ae,0,1,0,0,0,0
Fashion trends evolve with cultural shifts.,b7b37c60f6,1,1,0,1,1,0
"Geometry studies shapes, angles, and surfaces.",a54dd0696f,0,1,0,0,0,0
Physics explains how energy interacts with matter.,68a9cc1d03,0,1,0,0,0,0
Adolescence marks transition to adulthood.,a98ba0fe49,1,1,0,1,0,1
Empathy enables understanding others’ perspectives.,98b340bc80,1,0,0,1,1,1
Agnosticism questions the certainty of knowledge about gods.,fda946563b,1,0,0,1,1,0
Mount Fuji is the tallest mountain in Japan.,4b10c84beb,0,1,0,0,0,0
"Hip hop originated in the Bronx, New York.",ab17539a56,0,1,0,1,0,0
The Sahara Desert covers much of North Africa.,2ef9c22c4c,0,1,0,0,0,0
The Roman Empire fell in 476 AD.,e98e7485e0,0,1,0,1,0,0
Shopping malls provide multiple stores under one roof.,c4b41c9e39,0,1,0,1,0,0
Pi represents the circle’s circumference divided by diameter.,ec65602595,0,1,0,0,0,0
Introverts regain energy from solitude.,ad8548b382,1,1,0,1,1,1
Critical thinking questions assumptions and evidence.,0aa09df0a3,1,0,0,1,1,0
Hindu festivals celebrate gods and seasonal events.,5b1d1886b1,1,1,0,1,0,0
Social classes organize people by status.,299f564a95,1,0,0,1,0,0
Electric cars use batteries instead of gasoline engines.,53fef41ff2,0,1,0,0,0,0
Jazz music features improvisation.,9232888cf9,0,1,0,1,0,0
Nile River is the longest river in Africa.,82cf377e31,0,1,0,0,0,0
World War II started in 1939.,b68e0cf38a,0,1,0,1,0,0
Cooking at home saves money.,dbbb87a240,0,1,0,1,0,0
Algebra solves for unknown variables.,2d8729d827,0,1,0,0,0,0
Personal values influence decision-making.,aeccacd384,1,1,0,1,1,0
Debate encourages analytical thought.,f0b6ec2e49,1,0,0,1,1,0
The Torah contains Jewish religious texts.,b94cce7204,1,1,0,1,0,0
Governments enforce laws within countries.,1df50e7331,1,1,0,1,0,0
Laptops allow computing while traveling.,cd9d6d06f9,0,1,0,1,0,0
Avocados grow on trees native to Mexico.,5eec335cc8,0,1,0,0,0,0
Cubism changed how art represented space.,1a9cebfc64,0,1,0,1,1,0
Yellowstone is America’s first national park.,9f5b588b8f,0,1,0,1,0,0
Proper hydration prevents heatstroke when exercising.,4b1386215d,0,1,0,0,0,0
Napoleon was defeated at Waterloo.,efed728668,1,1,0,1,0,0
Gardening can reduce stress levels.,529ea012c5,0,1,0,1,0,0
A polygon has three or more sides.,48d002148a,0,1,0,0,0,0
Copper conducts electricity well.,326f6ff9d1,0,1,0,0,0,0
Self-control supports reaching long-term goals.,f5d55ed679,1,1,0,1,1,0
Deduction infers specifics from general principles.,b3618162bf,1,0,0,1,0,0
Confucianism stresses moral development.,6a624a6951,1,1,0,1,1,0
Polling shows public opinion in democracies.,bfa8358b67,1,1,0,1,0,0
Wi-Fi provides wireless internet access.,d0d06d6edb,0,1,0,0,0,0
Opera began in Italy during the Renaissance.,41c5733c60,1,1,0,1,0,0
Moscow is Russia's largest city.,f1a717c4cd,0,1,0,0,0,0
Strength training builds muscle tissue.,804557b108,0,1,0,0,0,0
Smallpox vaccination eradicated the disease worldwide.,b5d16c61f9,0,1,0,0,0,0
Eiffel Tower was finished in 1889.,1a5c9d9bf8,0,1,0,0,0,0
Breakdancing includes acrobatic moves and spins.,ba6fbe38dc,0,1,0,1,0,0
Victoria Falls lies between Zimbabwe and Zambia.,ea8dfca0a0,0,1,0,0,0,0
Jogging burns calories efficiently.,f4feb63202,0,1,0,0,0,0
Catherine the Great expanded Russian territory.,2c49dc278a,0,1,0,1,0,0
Picnics combine food with outdoor leisure.,c3762181eb,0,1,0,1,1,0
Math equations must have answers that satisfy the statements.,d11e33713e,0,1,0,1,0,0
Teamwork relies on cooperation and communication skills.,740f60cfc5,1,1,0,1,1,0
Analytical reasoning breaks problems into smaller parts.,c30d076f92,1,0,0,1,0,0
Karma affects rebirth in Hindu belief systems.,653712d096,0,1,0,1,0,0
Family structures differ between societies.,3a8f9de576,1,1,0,1,0,0
Bicycle gears help riders handle different terrains.,75f2fa2016,0,1,0,0,0,0
Kiwi fruit is rich in vitamin C.,29f9bd0c5c,0,1,0,0,0,0
Modern pop music blends many musical styles.,8c2b21015e,1,1,0,1,0,0
Portugal borders only Spain in Europe.,924409f9c0,0,1,0,0,0,0
Long walks promote heart health.,df6b7aa515,0,1,0,0,0,0
Civil war divides nations internally.,ce6046c1c8,1,1,0,1,0,0
Laundry cleans clothes using water and soap.,62c61eafdf,0,1,0,0,0,0
Precalculus prepares students for calculus concepts.,1d15b054a7,0,1,0,1,0,0
Stress management boosts overall resilience.,dd2d45edaa,1,1,0,1,0,0
Logic puzzles test systematic reasoning ability.,26467d3c51,0,1,0,1,0,0
Religious fasting usually restricts certain foods.,ce70830427,0,1,0,1,0,0
Globalization connects markets globally.,e6d0a100d6,0,1,0,1,1,0
Robot vacuums clean floors automatically.,6bb8b66318,0,1,0,1,0,0
Graffiti is considered urban street art.,6164015fd6,0,1,0,1,0,0
"Scandinavia includes Sweden, Norway, and Denmark.",278810a13e,0,1,0,0,0,0
Sleep aids memory consolidation.,1e2e67f549,0,1,0,1,0,0
Medieval knights followed codes of chivalry.,c4055334dd,1,1,0,1,1,0
Whaling ships explored Arctic and Antarctic waters.,06f2112bfe,0,1,0,0,0,0
Quilting turns fabric scraps into blankets and art.,6b192a9917,0,1,0,1,0,0
Golden Gate Bridge spans San Francisco Bay.,87b08142ab,0,1,0,0,0,0
Physical therapy restores movement after injuries.,e8af3dc0fe,0,1,0,0,0,0
Harriet Tubman led enslaved people to freedom.,e508cafe0c,1,0,0,1,1,0
Pottery making involves shaping and firing clay.,a9088e89fd,0,1,0,0,0,0
Logarithms simplify multiplication and division calculations.,b1659dce23,0,1,0,0,0,0
Character traits shape an individual’s personality.,0f9f435b62,1,1,0,1,0,0
Skepticism doubts claims without sufficient proof.,322ccd8b41,1,0,0,1,1,1
Islamic prayer faces toward Mecca.,31db413453,1,1,0,1,0,0
Public transportation reduces traffic congestion.,8fbfa7d131,0,1,0,0,0,0
Cloud storage keeps data off personal devices.,bdfe7d65b5,0,1,0,0,0,0
Olives are grown mainly in Mediterranean regions.,6ee7e75bce,0,1,0,0,0,0
Renaissance artists advanced perspective techniques.,d893ea3660,0,1,0,1,0,0
Snorkeling allows underwater exploration near the surface.,3b00d1d0a5,0,1,0,0,0,0
Organic chemistry studies carbon-based molecules.,b969fd2f49,0,1,0,0,0,0
Societal roles define expectations for behavior.,b7386c43d5,1,0,0,1,1,0
Firewalls protect computer networks from unauthorized access.,ad3bd58ce6,0,1,0,0,0,0
Vitamin D helps absorb calcium for bone health.,58433c5be3,0,1,0,0,0,0
Feudal lords governed medieval European lands.,a5a5a3e8e0,1,1,0,1,0,0
Folk tales share cultural wisdom through generations.,a412295581,1,0,0,1,1,0
Asia has the world’s largest population.,c9d23a9ef2,0,1,0,0,0,0
"Athletics events include running, jumping, and throwing.",d0e3c10d99,0,1,0,1,0,0
List comprehensions simplify programming code structure.,d33d4860eb,0,1,0,1,0,0
Supernovas mark the death of massive stars.,c7c71e51d5,0,1,0,0,0,0
Emotional intelligence promotes healthy relationships.,5184c543f3,1,1,0,1,1,0
Metaphysics examines reality beyond the physical world.,84ee5ae39a,0,0,0,1,0,0
Reincarnation suggests souls return in new bodies.,6d705fbe8e,0,0,0,1,1,0
Mozart composed symphonies in the Classical era.,16a8f54d0f,0,1,0,1,0,0
Indonesia is the world’s largest island country.,3d79001a8d,0,1,0,0,0,0
Africa has the most countries of any continent.,4e5083790a,0,1,0,0,0,0
Walking daily can reduce blood pressure.,1491ecd909,0,1,0,0,0,0
Julius Caesar declared himself dictator for life.,d7db6745c4,1,1,0,1,1,1
"Sculptors use clay, stone, wood, or metal as materials.",b226960b1e,0,1,0,0,0,0
Mount Kilimanjaro stands highest in Africa.,b2463df92d,0,1,0,0,0,0
Lifting weights increases bone density.,0e69664513,0,1,0,0,0,0
Independence Day marks liberation from colonial rule.,ab0a4bb68f,1,1,0,1,1,0
The Milky Way is our home galaxy.,073369b941,0,1,0,0,0,0
Self-confidence supports positive social interactions.,9d77e8e72f,1,1,0,1,1,0
Deductive logic reaches conclusions from premises.,77119a6c76,1,0,0,1,0,0
Meditation practices exist in many Eastern religions.,93532f8936,1,1,0,1,0,0
Marriages are formalized partnerships recognized by societies.,7176c51d31,1,1,0,1,0,0
Folk music preserves traditional stories in song form.,96b4d22207,1,1,0,1,1,0
Lake Superior is North America’s biggest lake.,025fde0ea6,0,1,0,0,0,0
Aerobic exercises require continuous oxygen intake.,e661033375,0,1,0,0,0,0
World War I ended with the Treaty of Versailles.,05a137f9e2,0,1,0,1,0,0
Barbecuing cooks food using direct heat.,cc4840717f,0,1,0,0,0,0
Acids have a pH below 7.,cc3a1ed0c4,0,1,0,0,0,0
Personal development often means learning new skills.,76f988214f,1,1,0,1,1,0
Ethical dilemmas have arguments on different sides.,725afb02f0,1,0,0,1,1,0
Islam requires prayers at specific times each day.,f99c5d73c8,1,1,0,1,0,0
Social networks connect people globally online.,b93c76727e,0,1,0,1,0,0
E-books allow portable access to literature.,eb959b4fd0,0,1,0,1,0,0
Papayas grow best in tropical climates.,0aa07240aa,0,1,0,0,0,0
Surrealism emphasizes dream-like scenes in art.,3ee9089b48,0,1,0,1,1,0
Baghdad lies near the Tigris River.,be037a6c05,0,1,0,0,0,0
Fiber improves digestive system health.,0d4a0a9dca,0,1,0,0,0,0
The Civil Rights Act outlawed racial discrimination.,e44c691d5a,1,1,0,1,0,0
Working out releases endorphins that improve mood.,465f2a8c23,0,1,0,1,0,0
Albert Einstein developed general relativity theory.,27e2b9c846,0,1,0,0,0,0
Urban gardening grows plants inside cities.,28a20c139c,0,1,0,0,0,0
Prime factors multiply to give original numbers.,92c8c3bd35,0,1,0,0,0,0
Lightning occurs when electrical charges discharge suddenly.,c1d0f9c81c,0,1,0,0,0,0
Empathy helps build stronger communities.,0b6211ff51,1,0,0,1,1,0
Reasoning from analogy draws comparisons between situations.,20e7c5d7b5,1,1,0,1,1,0
Taoism suggests harmony with nature brings contentment.,9cfc1a0e01,1,0,0,1,1,0
Public opinion influences policy decisions.,a76dda424d,1,1,0,1,1,0
Drones photograph landscapes from above.,990ff182f3,0,1,0,0,0,0
Opera singers undergo rigorous vocal training.,be76fc465f,1,1,0,1,0,0
Andes Mountains run along South America's west.,c5b985e1be,0,1,0,0,0,0
Coffee originated in Ethiopia.,7ddfc264a9,0,1,0,0,0,0
Moderate coffee consumption may boost alertness.,eb60336073,0,1,0,0,0,0
King Henry VIII established the Church of England.,930e5a3969,1,1,0,1,1,0
Football matches divide time into two halves.,4cc705057b,0,1,0,0,0,0
Sudoku puzzles challenge logical thinking abilities.,298fa7c475,0,1,0,1,0,0
Branches of chemistry include organic and inorganic types.,2199bf8a38,0,1,0,0,0,0
Atoms arrange in repeating patterns in crystals.,6e3babe16d,0,1,0,0,0,0
Gratitude enhances emotional well-being.,1dbee9bff8,1,1,0,1,1,0
Logic statements must be true or false.,bd1ace5c24,1,1,0,1,0,0
Deism believes in God but not organized religion.,d81d9d2d80,1,0,0,1,1,0
Divorce alters family legal relationships.,0806567942,1,1,0,1,0,0
Search engines help locate digital information quickly.,da108f3572,0,1,0,0,0,0
Cherries grow on flowering tree species.,27b1b037d6,0,1,0,0,0,0
Sonatas are musical compositions for solo instruments.,1801be9b61,0,1,0,1,0,0
Saunas promote sweating for relaxation.,7c12400654,0,1,0,0,0,0
Civilizations created cuneiform writing in Mesopotamia.,a9ebde0fc9,0,1,0,0,0,0
Rowing activates major muscle groups.,4f995c7ab5,0,1,0,0,0,0
Archipelago describes chains of islands.,ae9293845e,0,1,0,0,0,0
Natural gas heats homes efficiently.,bc330d1ec3,0,1,0,0,0,0
"Wisdom consists of experience, knowledge, and good judgment.",d54214d05d,1,0,0,1,1,0
Bias clouds research objectivity.,46c6de336c,1,0,0,1,1,0
Greek Orthodox Christianity follows Byzantine traditions.,b945b410da,1,1,0,1,0,0
Census counts population data regularly.,20bba26358,0,1,0,0,0,0
Smartwatches track fitness and calendar events.,956e1876de,0,1,0,1,0,0
Rivers erode valleys gradually over centuries.,47101578e7,0,1,0,0,0,0
Street art includes murals and installations in public places.,e167360bb4,0,1,0,1,0,0
California’s Yosemite Valley attracts outdoor enthusiasts.,9511358810,0,1,0,1,1,0
Protein powders supplement diets for athletes.,40ca40c7ce,0,1,0,0,0,0
Joan of Arc led French armies against English forces.,e3ca05bff1,0,1,0,1,0,0
"Desserts often feature sugar, chocolate, or fruit flavors.",ab4187baf7,0,1,0,1,0,0
Exponents show repeated multiplication of numbers.,678659c030,0,1,0,0,0,0
Ocean tides change mainly due to lunar gravitational pull.,7572e929d7,0,1,0,0,0,0
Variables in experiments affect results systematically.,793f97a8c6,0,1,0,0,0,0
Creative expression encourages individuality.,6b1843f342,1,0,0,1,1,0
Absurdism highlights meaninglessness in philosophical perspectives.,8626d18243,1,0,0,1,1,0
Shinto honors spirits called kami in Japan.,0605786f8c,1,1,0,1,0,0
Civil liberties protect personal freedom rights.,7f34c756a0,1,1,0,1,0,0
Cryptography secures digital communication through complex algorithms.,bbaff0e523,0,1,0,1,0,0
Cloud computing shares processing resources via internet connections.,cf3096d672,0,1,0,0,0,0
Oranges flourish in Mediterranean and subtropical climates.,050ca1991a,0,1,0,0,0,0
Mosaic artwork pieces together small tiles or stones.,d1f3fde0ee,0,1,0,0,0,0
Antarctica is the driest and coldest continent.,919ee672ab,0,1,0,0,0,0
Mountain biking requires skillful balance and coordination.,fd4bb8fa7f,0,1,0,1,0,0
Paleontology studies fossils to understand ancient organisms.,94a6202f8e,0,1,0,0,0,0
Political parties organize members around shared beliefs.,5fb8f859d6,1,1,0,1,1,0
Firewall software stops unwanted traffic from entering computer systems.,eb1ffb414e,0,1,0,1,0,0
Vitamin B12 aids nerve function and red blood cell formation.,3e7e62f5b3,0,1,0,0,0,0
Charlemagne ruled Western Europe after Rome’s fall.,db5d1b742b,0,1,0,1,1,0
Epic poetry uses heroic actions and grand themes.,638ff6a159,1,1,0,1,1,0
Asia covers more land than other continents.,57e5a6096a,0,1,0,0,0,0
Pentathlon combines five sporting events.,f645688299,0,1,0,1,0,0
Boolean logic limits values to true or false states.,aab6a3d868,0,1,0,1,0,0
Galaxies rotate slowly around their massive centers.,6eadbb4eee,0,1,0,0,0,0
Morality determines what is considered right and wrong.,3e20347bbd,1,0,0,1,1,0
Pantheism sees divinity in all aspects of the universe.,0610f24048,1,0,0,1,1,0
Picasso founded the Cubist movement in art.,9f06200275,0,1,0,1,1,0
Greenland is Earth's largest island.,41570326c3,0,1,0,0,0,0
The United States spans multiple time zones.,8bb47c5805,0,1,0,0,0,0
World War II ended with Japan’s surrender.,eaff3a4889,1,1,0,1,0,0
Blood flows through a network of vessels.,146e90b3e6,0,1,0,0,0,0
Identity shapes how people view themselves.,e30edbee68,1,0,0,1,1,0
Syllogisms use logic for deductive reasoning.,e1999b2a0b,0,1,0,1,0,0
Atheism is disbelief in deities’ existence.,990d906fb2,1,0,0,1,0,0
Secular societies separate religion from government affairs.,65b169e656,1,1,0,1,1,0
Bluetooth connects devices wirelessly over short distances.,579df8f517,0,1,0,0,0,0
Harlem Renaissance fostered Black American arts.,8d5da08e1e,1,0,0,1,1,0
Madrid is Spain's capital and largest city.,99004bc320,0,1,0,1,0,0
Swimming laps builds aerobic fitness.,3c795f8384,0,1,0,0,0,0
Treaties formalize peace between nations.,99c1450298,1,1,0,1,0,0
Frying cooks food in hot oil.,6aa9704956,0,1,0,0,0,0
Calculators speed up arithmetic tasks.,d4f6b18730,0,1,0,1,0,0
All matter consists of atoms.,1cbf681cc6,0,1,0,0,0,0
Routine sleep improves emotional health.,77beb4c0f6,0,1,0,1,0,0
Inductive logic draws generalizations from evidence.,e104e96042,0,0,0,1,0,0
"Taoists strive for effortless action, or wu wei.",301ce13b44,1,0,0,1,1,0
Charity organizations assist communities in need.,706f595b9f,1,1,0,1,0,0
Automated factories increase product output efficiently.,a82838ca33,0,1,0,0,0,0
Kiwis grow best in temperate climates.,e4c95aefe0,0,1,0,0,0,0
"Pop bands often use guitar, bass, and drums.",b4654bc97d,0,1,0,1,0,0
Matterhorn straddles Switzerland and Italy.,fb7c25935d,0,1,0,0,0,0
Eating slowly may reduce calorie intake.,a500b795f8,0,1,0,0,0,0
Chinese dynasties marked historical periods by ruling families.,c33ed28fbc,1,1,0,1,0,0
Roller skating combines balance and coordination skills.,f23b003fb4,0,1,0,1,0,0
Protractors measure angle sizes for geometry problems.,9218fb2b25,0,1,0,0,0,0
Conductors transmit electric current easily.,5238c3c5ea,0,1,0,0,0,0
Mindfulness helps focus attention on the present.,a6e01a6abc,1,1,0,1,1,0
Analogies compare similarities between unrelated topics.,936bc5801a,1,1,0,1,0,0
"Humanism values reason, science, and human dignity.",a4a2eca630,1,0,0,1,1,0
Holy texts define religious teachings.,4d59736d3d,1,1,0,1,0,0
Judiciaries interpret laws within court systems.,6a9282a890,1,1,0,1,0,0
Hybrid vehicles combine gasoline and electric power.,ff2cddf91a,0,1,0,0,0,0
Mangoes are stone fruits native to Asia.,b1a6f1492a,0,1,0,0,0,0
Digital collage mixes multiple visual elements electronically.,b11e898bc9,0,1,0,1,0,0
Bagpipes produce music using enclosed reeds.,675ab17d85,0,1,0,0,0,0
Amalfi Coast is famous for scenic beauty.,eb8857d23d,0,1,0,0,0,0
Jogging regularly mitigates risks for heart disease.,e68c115284,0,1,0,0,0,0
Crimean War reshaped European alliances.,6cf4c5f148,0,1,0,1,1,0
Knitting uses yarn and needles to make fabric.,7e0f6264c2,0,1,0,1,0,0
Series summation adds consecutive numbers together.,83e5a100ca,0,1,0,0,0,0
Static electricity causes hair to stand up sometimes.,b79abdd617,0,1,0,1,0,0
Vitamin E acts as an antioxidant.,d6a5d68f12,0,1,0,0,0,0
Ethnics influence daily customs and traditions.,d19e706188,1,1,0,1,1,0
Lutherans follow doctrines established during Protestant Reformation.,9c35036501,1,1,0,1,0,0
Consensus involves general agreement among group members.,78a6c005a3,1,1,0,1,1,0
Wireless headphones eliminate cords for audio devices.,a191b1a9e9,0,1,0,1,0,0
Carrots store nutrients underground as roots.,71310f9fa6,0,1,0,0,0,0
Venetian masks feature elaborate decorations.,2764f2a700,0,1,0,1,0,0
Icelanders enjoy geothermal heated swimming pools.,5a82e8e677,0,1,0,0,0,0
Spinach contains iron and vitamins A and C.,1330b6906f,0,1,0,0,0,0
Sparta was known for militaristic culture in Greece.,9ba9a52cc1,1,0,0,1,0,0
Playing chess enhances strategic thinking ability.,af76e10a04,1,1,0,1,0,0
Gravity pulls falling objects toward Earth at 9.8 m/s².,b7ccdfa8d8,0,1,0,0,0,0
Nondualism removes distinction between subject and object experience.,8141a3c1ca,1,0,0,1,1,0
Zen Buddhism practices mindfulness meditation.,f5d1fa328e,1,1,0,1,0,0
Referendums enable direct voting on specific issues.,7276097136,1,1,0,1,1,0
Traffic signals regulate intersections.,45035f8d69,0,1,0,0,0,0
Tigers live mainly in Asia’s forests and grasslands.,f08abc7e63,0,1,0,0,0,0
Operas include arias sung by solo performers.,ab2f60ab2b,1,1,0,1,0,0
Czechs speak Czech language officially.,7c9798e3f0,1,1,0,1,0,0
Egyptians developed one of the earliest writing forms.,b84099f2b3,0,1,0,1,0,0
Poodles belong to companion dog breeds.,fe7ed34746,0,1,0,1,0,0
Barbarossa was Nazi Germany’s campaign against Soviet Union.,e00d36458b,1,0,0,1,0,0
Luggage protects belongings while traveling.,b6b6cb9325,0,1,0,1,0,0
Area measures surface size in mathematics.,25364660ea,0,1,0,0,0,0
Atomic masses roughly equal protons and neutrons combined.,22efb00911,0,1,0,0,0,0
Peer influence impacts adolescent choices significantly.,a30c3fa843,1,1,0,1,1,1
Critical rationalism emphasizes testing ideas for improvement.,73214731e1,1,0,0,1,1,0
Cross symbolism appears in many religions.,52a9a3eeff,0,1,0,1,0,0
Parliament debates and passes new legal statutes.,559f15017e,1,1,0,1,1,0
Grids help geographers locate places accurately.,149ebddc17,0,1,0,0,0,0
Soil houses organisms essential for plant growth.,97bb1430de,0,1,0,0,0,0
Grapefruit belongs to the citrus family.,82762bd6f3,0,1,0,0,0,0
Jade is valued for carving and jewelry.,4f76afd850,0,1,0,1,0,0
Bell ringing is used to signal events.,3be5fb7358,0,1,0,0,0,0
Inca Empire extended across western South America.,34a4d5b161,0,1,0,0,0,0
Segregation divided American facilities by race historically.,b37ca10a44,0,0,0,1,0,0
Air conditioning cools buildings in warm regions.,56d00a4ba3,0,1,0,0,0,0
Push notification alerts reach mobile device users instantly.,006a817f7e,0,1,0,1,0,0
Rembrandt painted many self-portraits.,2162b5312d,0,1,0,1,0,0
Sumatra is one of Indonesia’s largest islands.,d795c5acea,0,1,0,0,0,0
Iceland sits on the Mid-Atlantic Ridge.,3987650377,0,1,0,0,0,0
Stretching before exercise prevents muscle injury.,5a6db36a36,0,1,0,0,0,0
The French Revolution began in 1789.,d63f2340e8,1,1,0,1,0,0
"Culinary arts include baking, grilling, roasting, and sautéing.",be2241e781,0,1,0,1,0,0
A hexagon has six sides.,d014c32f82,0,1,0,0,0,0
Sound requires a medium to travel.,6bd60ab384,0,0,0,0,0,0
Self-reflection improves personal understanding.,82a52bef1f,1,0,0,1,1,0
Inductive reasoning uses observation for forming theories.,fbc0f539aa,1,0,0,1,0,0
Shinto shrines are common in Japan.,59b1e34aa5,0,1,0,1,0,0
Constitutions outline government structures and rights.,34a22117f8,1,1,0,1,0,0
Fiber optic cables transmit light signals.,873911fe3e,0,1,0,0,0,0
Pomegranates are native to Iran and northern India.,c32d784c35,0,1,0,0,0,0
Classical ballet originated in Italy during the Renaissance.,24a7332dd3,0,1,0,1,0,0
Montreal is a city in Quebec province.,dc108da2b9,0,1,0,0,0,0
Brisk walking burns more calories than slow walking.,511b199667,0,1,0,0,0,0
Armistice Day commemorates World War I’s end.,bca1000901,1,1,0,1,0,0
Soups can be brothy or creamy.,34e3df5707,0,1,0,0,0,0
Algebraic expressions use letters to represent numbers.,3e409e3fcc,0,1,0,0,0,0
"Matter exists as solids, liquids, or gases.",37d710bed0,0,1,0,0,0,0
Dopamine regulates mood and motivation.,8516b9f5dc,0,1,0,1,0,0
Logical arguments have valid or invalid forms.,805923b68f,1,1,0,1,0,0
Pantheism views nature as divine.,d65a01ad86,1,0,0,1,1,0
Clergy members often lead religious ceremonies.,1442594adb,1,1,0,1,1,0
Drone cameras film aerial perspectives.,65e32e6325,0,1,0,0,0,0
Kale grows well in cool climates.,9f87e2803b,0,1,0,0,0,0
Harpsichord was popular in Baroque music.,737ba681e3,0,1,0,1,0,0
Lake Baikal is deepest in the world.,8ef2bcff06,0,1,0,0,0,0
Jump rope improves heart rate and coordination.,c55c9982a4,0,1,0,1,0,0
Apollo missions explored the lunar surface.,a913f2846f,0,1,0,0,0,0
Artists use mixed media for creative effects.,125d4b05a8,0,1,0,1,0,0
Bitmaps are digital images made from pixels.,8f488fc60c,0,1,0,0,0,0
Rice terraces control water for agriculture.,5e3060e1bc,0,1,0,0,0,0
Starvation results when caloric intake drops too low.,245f4e17d2,0,1,0,0,0,0
Enzymes speed up chemical reactions in cells.,c7d76edc0f,0,1,0,0,0,0
Circular objects roll smoothly over flat surfaces.,8a0b6df4ff,0,1,0,0,0,0
Tea houses serve drinkers socializing with friends in Asia.,c73ff77f9f,1,1,0,1,1,0
Cosmology explores the universe’s origin and structure.,9766e6fcee,0,1,0,0,0,0
Virtues guide ethical behavior across cultures.,e4f33e0298,1,0,0,1,1,0
Faith traditions influence moral choices.,8504506fd8,1,1,0,1,1,0
Voting ensures public participation in governance.,ce9ab5dac0,1,1,0,1,1,0
Cloud-based backups protect digital data offsite.,f86159ea3c,0,1,0,0,0,0
"Jazz bands feature wind, brass, and rhythm sections.",4d5a18333b,0,1,0,1,0,0
Sinai Peninsula connects Africa and Asia.,febc69f418,0,1,0,0,0,0
Badminton requires fast reflexes and agility.,9178745085,0,1,0,1,0,0
"Atoms contain protons, neutrons, and electrons.",250d7db052,0,1,0,0,0,0
Sensory neurons relay stimuli to the brain.,1bc43e1f5e,0,1,0,0,0,0
Confessional poetry reveals private emotional experiences.,62c9388918,1,1,0,1,1,0
Chad Lake varies greatly in size annually.,2867edbfab,0,1,0,0,0,0
Backwards running challenges different muscles.,3ee428114e,0,1,0,1,0,0
Sauna therapy encourages sweating out toxins.,bbf80ff552,0,1,0,0,0,0
Erosion shapes landscapes by removing soil and rock.,8191bc8d2b,0,1,0,0,0,0
Nuns dedicate lives to spiritual service.,571b1aaa73,1,1,0,1,1,0
Lighting design creates ambience in theaters and events.,999699c826,0,1,0,1,0,0
Crossword puzzles enhance English vocabulary skills.,645cf541bd,0,1,0,1,0,0
Bronchioles supply air to alveoli in lungs.,02033c5e6c,0,1,0,0,0,0
Nanotechnology manipulates matter at atomic scales.,716a17cc85,0,1,0,0,0,0
Suffixes modify meaning of base words.,8115c5b330,0,1,0,1,0,1
Human evolution traces back millions of years ago.,514bfba666,0,1,0,0,0,0
Streetcars once dominated urban transportation networks.,8d7f490d66,0,1,0,1,0,0
Probability estimates event likelihood mathematically.,9620e0260c,0,1,0,0,0,0
Standard deviation measures data variability.,c912516168,0,1,0,0,0,0
"Freud developed concepts of id, ego, and superego.",fe7eb4355c,1,0,0,1,1,0
Iconoclasm resisted religious images historically.,71c8b8d6ce,1,0,0,1,1,0
State governments enact local policies.,0d2ccee448,1,1,0,1,0,0
Sultans ruled the Ottoman Empire.,407a44b796,0,1,0,1,0,0
Countries sign treaties to resolve disputes peacefully.,a85c798909,1,1,0,1,0,0
Rows and columns organize spreadsheet information.,bbe9100af8,0,1,0,1,0,0
Rip currents pull swimmers away from shore.,e3d9dad3b2,0,1,0,0,0,0
Butterflies pollinate flowering plants.,fa666d442b,0,1,0,0,0,0
Actuaries assess financial risk using math models.,7c20438983,0,1,0,1,0,0
Thermodynamics describes heat and work relationships.,0642fbb8de,0,1,0,0,0,0
Lyric poems express strong emotions succinctly.,0cf494ae2d,1,1,0,1,1,0
Polytheism worships multiple deities.,a489e41c08,1,1,0,1,0,0
Polygamy allows marriage to several partners.,ef8f9c400c,1,1,0,1,0,0
Automobiles revolutionized twentieth-century transport.,43cac71875,0,1,0,1,0,0
LED bulbs consume less electricity than incandescent lighting.,8258536b3e,0,1,0,0,0,0
Deep-sea trenches mark boundaries between tectonic plates.,cd7fcae660,0,1,0,0,0,0
Crowdfunding supports projects through small individual donations.,0361bc5877,1,1,0,1,1,0
Carnivores eat primarily animal tissue.,ea4f2034ba,0,1,0,0,0,0
Urban legends spread widely despite questionable truth.,7ced81b054,1,0,0,1,1,0
Critical realism combines objective facts and subjective perspectives.,0b1d2c8e66,1,0,0,1,1,0
Fresco techniques involve painting onto wet plaster.,fb86e03aed,0,1,0,0,0,0
Church choirs sing hymns in harmony.,a797c3a292,1,1,0,1,0,0
Absorption spectra help identify elements composition.,dbf1a37813,0,1,0,0,0,0
Jaguars inhabit rainforests in Central and South America.,7ac31632b3,0,1,0,0,0,0
Beijing hosted the Summer Olympics in 2008.,1a56e73661,0,1,0,1,0,0
Data encryption codes restrict unauthorized access.,faea5837b7,0,1,0,1,0,0
Wind chill makes cold air feel colder.,664d9e09d3,0,1,0,0,0,0
The Sphinx is near the pyramids of Egypt.,2958f15091,0,1,0,0,0,0
Madagascar is an island nation off Africa’s coast.,911b45f54a,0,1,0,0,0,0
Jumping jacks raise heart rate quickly.,2efdbc133f,0,1,0,0,0,0
The Magna Carta limited English royal authority.,9282a47352,1,1,0,1,0,0
Graffiti is art drawn on public surfaces.,a30179befd,0,1,0,0,0,0
A pentagon has five straight sides.,82c46731cc,0,1,0,0,0,0
Respect builds positive self-concept in individuals.,894099c295,1,0,0,1,1,1
Empirical evidence validates logical conclusions.,0760f032b5,0,1,0,1,1,0
Rituals reenact key events for worshippers.,1360b3c67f,1,1,0,1,0,0
Civil rights exist to protect individual freedoms.,5ef7a17d01,1,0,0,1,1,0
Bluetooth technology replaces physical cables.,087d67f3ba,0,1,0,1,0,0
Pistachios are a type of green nut.,63b7dd81f8,0,1,0,0,0,0
Haute couture represents high-end custom fashion.,f4104c115d,1,1,0,1,0,0
Casablanca is Morocco's largest city by population.,bba162bb94,0,1,0,0,0,0
Cycling regularly strengthens leg muscles.,6f7c44c772,0,1,0,0,0,0
Alexander the Great spread Hellenistic culture.,fffdae698b,1,1,0,1,1,0
Slow cooking develops deeper flavors.,6e58403cc9,0,1,0,0,0,0
An equation uses equals signs between two expressions.,61758f9fb7,0,1,0,0,0,0
Molecules form when atoms share or transfer electrons.,713b80af3c,0,1,0,0,0,0
Consistent routines reduce stress and anxiety.,07bf7587d0,1,1,0,1,0,0
Deductive logic applies general rules to specific cases.,b22c069280,1,0,0,1,0,0
Humanism prioritizes human welfare and dignity.,b4a88eb1d1,1,0,0,1,1,0
Sermons deliver religious messages and lessons.,2a468cdf96,1,1,0,1,0,0
Fitness trackers monitor physical activity levels.,b70f6541a0,0,1,0,0,0,0
"Mangoes thrive in warm, moist climates.",cdcd0a2d45,0,1,0,0,0,0
Baroque painting shows dramatic contrasts of light and shadow.,c2f4830f15,0,1,0,1,0,0
Tuscany lies in central Italy’s rolling hills.,da47a4a1c0,0,1,0,0,0,0
Snacking too much leads to weight gain.,3bd7d71097,0,1,0,0,0,0
Roman Empire spanned three continents at its height.,315cfd3887,0,1,0,0,0,0
Renting allows temporary living arrangements.,732313e38a,1,1,0,1,0,0
Iron nails rust in damp conditions.,632b884e1a,0,1,0,0,0,0
Regular mindfulness practice reduces impulsive behaviors.,7c32d9c2ff,1,1,0,1,0,0
Analogies clarify abstract ideas using relatable examples.,1885029a46,1,1,0,1,1,0
Pragmatism judges actions based on practical results.,00ef7734ba,1,0,0,1,1,1
Sacred texts shape faith traditions.,891bb2533f,1,0,0,1,0,0
Legislatures write and revise legal statutes.,d3d6b7d31c,1,1,0,1,0,0
Cell phones use cellular networks for communication.,1231951906,0,1,0,0,0,0
Turnips grow as root vegetables underground.,c8a651c9ba,0,1,0,0,0,0
Stained glass decorates many old churches.,87ceac8790,0,1,0,1,0,0
Singapore is known for strict cleanliness regulations.,9aabc3ef35,0,1,0,1,0,0
Potassium maintains fluid balance in cells.,bf98244ef1,0,1,0,0,0,0
Gender roles are shaped by culture and history.,da714a8b33,1,0,0,1,1,0
Archbishops oversee large Christian territories.,7971f32213,1,1,0,1,0,0
Social contracts explain how laws arise from public agreement.,d3ab086693,1,0,0,1,1,0
Online forums enable group discussions worldwide.,99c7c87cde,1,1,0,1,0,0
Byzantine mosaics illustrate biblical scenes in gold backgrounds.,1e9ac608fc,0,1,0,1,0,0
Kilimanjaro rises above East African plains.,4b14efde3e,0,1,0,0,0,0
Field hockey uses sticks and hard balls.,bca4fd85e9,0,1,0,1,0,0
Carbon atoms bond easily into long organic molecules.,37b01b0acf,0,1,0,0,0,0
Nerve signals send sensory messages rapidly.,9edd13620c,0,1,0,0,0,0
Meter measures length in the metric system.,9e5d41f8e0,0,1,0,0,0,0
Epic novels follow heroes across generations and travels.,da9d9e75a8,1,1,0,1,1,0
Animism sees spirits inhabiting natural objects.,8800b59825,0,1,0,1,1,0
Sharia influences law in some Islamic countries.,4f39e2f125,1,1,0,1,0,0
Diplomacy negotiates peace deals internationally.,d3e90a21a6,1,0,0,1,1,0
Referendums invite direct democracy on issues.,6b73bbeef5,1,1,0,1,1,0
Latitude measures distance north or south of equator.,957a1b8a6b,0,1,0,0,0,0
Hurricanes rotate due to Earth’s Coriolis effect.,7e920d0cbb,0,1,0,0,0,0
Bumblebees help fertilize flowers while searching for nectar.,c96257784f,0,1,0,0,0,0
Analysts interpret stock market trends daily.,7848ba4a2a,0,1,0,1,1,0
Motion sensors detect movement indoors and out.,1b2551238b,0,1,0,0,0,0
Bridges support roads over rivers or valleys.,2380b2bae1,0,1,0,0,0,0
Asthma restricts breathing during certain triggers.,82bd1f62a7,0,1,0,0,0,0
Glyphs convey language through image-based symbols.,0b23e6fe5d,0,1,0,1,0,0
Arctic explorers face extreme cold and isolation.,c63d50f57f,0,1,0,1,0,0
Cinematography is vital for storytelling in films.,da9ec6db68,0,1,0,1,1,0
Quadrupeds walk on four legs naturally.,eee4189003,0,1,0,0,0,0
Fingerprints provide unique personal identification methods.,f8ebeff465,0,1,0,0,0,0
Banksy is a well-known anonymous street artist.,4867632237,1,1,0,1,0,0
Tibet sits on the world’s highest plateau.,f4b42a24da,0,1,0,0,0,0
Brazil borders every South American country except Chile and Ecuador.,e0cc19343b,0,1,0,0,0,0
Sit-ups work abdominal muscles and core strength.,b2f9699d9a,0,1,0,1,0,0
Moon landing occurred in 1969.,cac5859420,0,1,0,0,0,0
Street photography captures candid moments in public spaces.,62a692ad69,0,1,0,1,0,0
Liquids take the shape of their containers.,57349d2910,0,1,0,0,0,0
Personal achievements boost self-worth and motivation.,fb6ee04798,1,1,0,1,1,0
Intuition supplements logical analysis in decision making.,b0e4098ec5,1,0,0,1,1,0
Sikhism began in fifteenth-century Punjab.,f78f713044,1,1,0,1,0,0
Public libraries offer free books for community use.,d73461a4af,0,1,0,1,0,0
Sesame seeds are used in baking and cooking.,4b789d4651,0,1,0,0,0,0
"Bollywood films combine music, drama, and dance.",6c4a420ffe,0,1,0,1,0,0
Bangkok is Thailand's capital and largest city.,34baa35934,0,1,0,1,0,0
Power walking increases stamina with minimal joint impact.,8944ffeff4,0,1,0,0,0,0
Declaration of Independence was signed in 1776.,76433192fc,1,1,0,1,0,0
Home brewing creates beer through controlled fermentation.,bab1a8c0f4,0,1,0,0,0,0
Decimals express fractional values using place value notation.,e899167cec,0,1,0,0,0,0
Gases expand to fill any available space.,c6c78fa16f,0,1,0,0,0,0
Routine helps children feel safe and secure.,de8bc37669,1,1,0,1,1,0
Circular reasoning repeats claims without valid proof.,166d7fe53d,1,0,0,1,1,0
Transcendentalism emphasizes intuition and natural spirituality.,9775a8d09a,1,0,0,1,1,0
Ministers lead Christian congregations and ceremonies.,88f183e1e7,1,1,0,1,0,0
"Wearable technology tracks steps, heart rate, or sleep cycles.",d6115f775a,0,1,0,1,0,0
Guava grows on tropical evergreen trees.,0d43295c04,0,1,0,0,0,0
Expressionism conveys emotion through bold color and form.,ecb7ebe0e6,0,1,0,1,1,0
Rio de Janeiro has famous beaches and Carnival parades.,217ec674d5,0,1,0,1,0,0
Mid-morning snacking can interrupt appetite regulation.,6663c450a3,0,1,0,1,0,0
Aztec Empire dominated central Mexico before European contact.,2de8637db2,0,1,0,0,0,0
Roommates share costs and household duties together.,9ce882d72b,1,1,0,1,0,1
A leap year adds an extra day to February.,cd6659e705,0,1,0,0,0,0
Aluminum resists corrosion better than iron.,22a6a583cd,0,1,0,0,0,0
Budgeting restricts unnecessary spending long-term.,d9339143df,1,1,0,1,1,0
Symbolism gives objects broader meanings in stories or art.,25451ef1d4,1,0,0,1,1,0
Phenomenology studies conscious experiences systematically.,61a51d6023,1,1,0,1,1,0
Parables teach morals in religious scriptures.,4ecf657143,1,1,0,1,1,0
Executive branches enforce laws at government level.,946ab6bca7,1,1,0,1,0,0
Fiber optics improve internet speed greatly.,fc2bf90938,0,1,0,1,0,0
Graffiti expresses social messages on urban surfaces.,4c51157a82,0,1,0,1,0,0
Pastors counsel parishioners in faith matters.,2125c8bfa4,1,1,0,1,1,0
Civil suits resolve non-criminal legal disagreements.,d95c3a6fa5,1,1,0,1,0,0
Digital platforms allow global conversations easily.,daae668b2b,0,1,0,1,1,0
Pollinators help plants reproduce by transferring pollen.,7c0bad240b,0,1,0,0,0,0
"Art deco architecture uses geometric, streamlined designs.",88db5e8199,0,1,0,1,0,0
Rockies form North America's longest continuous mountain range.,2c4367059c,0,1,0,0,0,0
Baseball involves hitting balls with bats toward bases.,29eb665c15,0,1,0,0,0,0
Motor neurons control muscle movement throughout bodies.,4d92bdd1d3,0,1,0,0,0,0
Dramas focus on emotional development or conflict.,6bbac034e6,1,1,0,1,1,0
Stoicism teaches virtue as life’s greatest good.,75d58b1a49,1,0,0,1,1,0
Preachers give sermons during worship services.,88f944e0fd,1,1,0,1,0,0
Judges interpret rules according to established law.,4a9128b43e,1,1,0,1,0,0
Smartphones run on mobile operating systems.,7978252341,0,1,0,0,0,0
Radishes mature quickly from seed to harvest.,3e6c3af994,0,1,0,0,0,0
Murals decorate buildings with large painted images.,8c5f2e4595,0,1,0,1,0,0
Seoul is capital of South Korea.,ffcf5ca372,0,1,0,0,0,0
Phosphorus supports healthy bones and teeth formation.,eaa629dc86,0,1,0,0,0,0
Social roles define expected behaviors in groups.,9ca6cfdf3d,1,1,0,1,0,0
Monks dedicate lives to prayer and learning.,7fde2958a6,1,1,0,1,1,0
Petitions collect signatures for policy change requests.,e537f34c85,1,1,0,1,1,1
Text messaging transmits brief communications digitally.,38a0d64942,0,1,0,0,0,0
Endemic species live only in specific geographic regions.,26c17d1c2e,0,1,0,0,0,0
Dog sledding transports supplies across snowy terrain.,aa22add708,0,1,0,0,0,0
Roman mosaics decorated floors and walls with tiny tiles.,b8e178efab,0,1,0,1,0,0
Everest Base Camp attracts trekkers worldwide.,1a03b0a970,0,1,0,0,0,0
Chefs create culinary recipes professionally.,2360ede08c,0,1,0,1,0,0
Long division separates numbers into whole parts.,1992f1fabc,0,1,0,0,0,0
Genetics explains inherited characteristics in living things.,7ce96eae63,0,1,0,0,0,0
Short fiction tells complete stories in few pages.,fc2e3b0d84,0,1,0,1,0,0
Totem poles represent ancestry among Native peoples.,509bd62b8b,0,1,0,0,0,0
Animators bring characters to life frame-by-frame.,5be6f7ee75,0,1,0,1,0,0
"Crustaceans include crabs, lobsters, and shrimp.",deb5e1c177,0,1,0,0,0,0
Hokusai created the famous print “The Great Wave off Kanagawa”.,b7268a618f,0,1,0,0,1,0
Tasmania is an island state of Australia.,5db464a0f8,0,1,0,0,0,0
Switzerland is landlocked and bordered by five countries.,fe0de9b923,0,1,0,0,0,0
Push-ups use body weight for resistance training.,c0a5700be3,0,1,0,1,0,0
Apollo 13 was a near-disaster moon mission.,78d8a1147d,0,1,0,0,0,0
Calligraphy requires careful control of pen or brush strokes.,a072520847,0,1,0,1,0,0
A circle has infinite lines of symmetry.,1ec5b32f45,0,1,0,0,0,0
Matter is conserved in physical or chemical reactions.,305076aa38,0,1,0,0,0,0
Daily affirmations can support self-esteem growth.,7b122003ef,1,1,0,1,1,0
Research methods test hypotheses through observation.,aeceed8576,1,1,0,1,0,0
"Zen gardens arrange rocks, sand, and plants aesthetically.",1f823b03d0,0,1,0,1,0,0
Civic duties include voting and jury service.,45788bd1b1,1,1,0,1,0,0
Wireless networking enables device connectivity without cords.,6b5311a460,0,1,0,1,0,0
Sun-dried tomatoes are used as culinary ingredients.,aec7d8f264,0,1,0,0,0,0
Salsa music blends Afro-Cuban rhythms and jazz elements.,babaf17607,0,1,0,0,0,0
Vancouver sits between the Pacific Ocean and Coast Mountains.,632f2daacd,0,1,0,0,0,0
Rowing uses coordinated arm and back strength.,97357617b8,0,1,0,1,0,0
The Edict of Nantes allowed French religious freedom.,54fa29e0c4,1,1,0,1,1,0
Steam cooks vegetables while retaining more nutrients.,ad6fc9fe98,0,1,0,0,0,0
Hexadecimal system uses sixteen possible digits.,8a4c40f482,0,1,0,0,0,0
Plasmas conduct electricity better than gases.,7cc56ce1e7,0,1,0,0,0,0
Circadian rhythm affects alertness during different times.,1dcf0c4d20,0,1,0,0,0,0
Analog signals vary continuously over time.,c7aa9a4326,0,1,0,0,0,0
Structuralism analyzes patterns within cultural systems.,0289d6f2c1,1,0,0,1,0,0
Priests perform rituals across many world religions.,d69ee52661,1,1,0,1,0,0
Ride-sharing services rely on mobile applications.,302c774535,0,1,0,1,0,0
Durian fruit smells strong but tastes sweet.,14e509f604,0,1,0,1,0,0
Art nouveau features flowing curves and natural shapes.,f6a2fc5563,0,1,0,1,0,0
Vienna Philharmonic is a renowned classical orchestra.,d20effa9df,0,1,0,1,0,0
Eating standing up sometimes reduces portion sizes.,8e3e76e33d,0,1,0,1,0,0
Incans built extensive road networks in South America.,f0d73a0891,0,1,0,0,0,0
Dormitories provide shared housing at universities.,ea42c92f04,1,1,0,1,0,0
Habit stacking builds new routines upon existing habits.,7721f0081c,1,0,0,1,1,1
Visual metaphors show ideas symbolically in art.,6e2a8aacf0,0,1,0,1,1,0
Consequentialism judges morality by outcomes of actions.,1fe0fe3df1,1,0,0,1,1,1
Liturgies are set forms of public worship.,dceee27122,1,1,0,1,0,0
Civil code covers non-criminal law matters.,de73ecd312,1,1,0,1,0,0
Encryption scrambles digital data for privacy.,6914f971cf,0,1,0,1,0,0
Radicchio adds bitter flavor to mixed salads.,eb75d58027,0,1,0,0,0,0
Tagging graffiti leaves artist’s identifier on public walls.,57f622c255,0,1,0,1,0,1
Nuns may teach school classes or care for sick.,e88aea5646,1,1,0,1,0,0
Patent law protects inventors’ original works temporarily.,a8d4498392,1,1,0,1,0,1
Crowdfunding helps small businesses raise financial capital.,d29f68ca8a,1,1,0,1,0,0
Food web describes how energy flows in ecosystems.,365a9afcec,0,1,0,0,0,0
Baroque churches used gold-plated sculptures in altars.,95d1a80fc9,0,1,0,1,0,0
Appalachians stretch from Alabama to Canada.,ebe135af92,0,1,0,0,0,0
Badminton rackets have long handles and stringed heads.,f81704aeb6,0,1,0,1,0,0
Methane releases heat when combusted.,2864dfa648,0,1,0,0,0,0
Light travels faster than any other known phenomenon.,c1c8a8b7a2,0,1,0,0,0,0
Chairs support body weight during work or rest.,2ce123724b,0,1,0,1,0,0
Epic poetry narrates heroic adventures or quests.,78d3b5c15f,1,1,0,1,1,0
Covenants establish binding promises in Jewish tradition.,455868ab77,1,1,0,1,0,0
Constitutional courts decide if laws fit a nation’s constitution.,3c7ff013b3,1,1,0,1,0,0
Cloud seeding aims to trigger rainfall artificially.,0e861f43b9,0,1,0,0,0,0
Broadband supplies high-speed internet connections.,4e4e0cc4e5,0,1,0,1,0,0
Endurance events challenge participants' stamina over distance.,18bea990bf,0,1,0,1,0,0
Dance troupes train extensively for synchronized performances.,4a5f8d5dba,0,1,0,1,0,0
Cruciferous vegetables contain health-promoting compounds.,1620ebc9e8,0,1,0,0,0,0
Episodic memory stores specific personal experiences.,74d563cb2c,0,1,0,1,0,0
Icon painters create spiritual images called icons.,c3346a39a5,0,1,0,1,0,0
Canon Law governs procedures inside Roman Catholic Church.,9dad2ed52d,1,1,0,1,0,0
Minarets mark Islamic mosques visually.,42215d6957,0,1,0,1,0,0
Emergency rooms treat life-threatening medical situations.,cf918c2d8c,0,1,0,0,0,0
Amber comes from hardened tree resin.,02ca27f877,0,1,0,0,0,0
Herbivores consume only plant material.,7fa87babf5,0,1,0,0,0,0
Apprenticeships combine learning with practical job experience.,6f22c3e775,1,1,0,1,1,0
Media literacy enables analysis of news credibility.,7bcae22f69,0,0,0,1,1,0
Biospheres encompass all living things interacting globally.,b58ffc03ec,0,1,0,0,0,0
Test tubes hold liquids during science experiments.,3352dec2f7,0,1,0,0,0,0
Glossaries define specialized terms in books.,fbfc9f600a,0,1,0,1,0,0
Origami cranes symbolize hope and healing.,724a1c3355,0,1,0,1,1,0
Left-brain functions emphasize logic and detail orientation.,5595c3697c,0,1,0,1,0,0
Banksy’s murals often address political themes.,d0abf2d546,1,1,0,1,1,0
Sicily is the largest Mediterranean island.,5414a1dcda,0,1,0,0,0,0
Greenwich marks prime meridian at zero longitude.,eca81462dc,0,1,0,0,0,0
Lunges strengthen legs and glutes.,109e5cb49f,0,1,0,0,0,0
The Wright Brothers flew the first airplane.,9c1ba30371,0,1,0,0,0,0
Stop-motion animation uses still images to create motion.,7b46db3094,0,1,0,0,0,0
Quadrilaterals have four sides.,a697da000c,0,1,0,1,0,0
Solutions are homogeneous mixtures of substances.,54ba3c6804,0,1,0,0,0,0
Time management boosts self-efficacy in students.,e97addf42a,1,1,0,1,1,0
Heuristics speed up complex decision processes.,07cd2c6532,0,1,0,1,0,0
Pilgrimages draw believers to sacred locations.,5bcd80e04f,0,1,0,1,0,0
Nonprofit organizations operate without distributing profits as dividends.,4aa9177be1,1,0,0,1,0,0
Smart thermostats adapt heating schedules automatically.,9d5a75c1a7,0,1,0,1,0,0
Polka originated from Central Europe.,22e99af51c,0,1,0,1,0,0
Berlin sits along the River Spree.,a3c2e9c0ac,0,1,0,0,0,0
Women gained U.S. voting rights in 1920.,f8503e04fd,1,1,0,1,1,0
Baristas prepare coffee drinks professionally.,d848fcb193,0,1,0,1,0,0
Percentages express values out of one hundred.,203d040405,0,1,0,0,0,0
Distillation separates liquids by boiling points.,5eee63a3dc,0,1,0,0,0,0
Nutrition labels inform healthy food choices.,20782771ff,0,1,0,1,0,0
Validity refers to how well a test measures something.,23fecfbd64,0,1,0,1,0,0
Logical paradoxes reveal unintended contradictions.,1b58dc92ff,1,0,0,1,1,0
Orthodox Christianity employs icons in worship practices.,3f1816b004,1,1,0,1,0,0
Executive orders direct government agencies’ actions.,8d2e6a3a7b,1,1,0,1,0,0
Bluetooth headsets enable hands-free phone calls.,3cbd40a4f3,0,1,0,1,0,0
Turmeric adds yellow color and earthy flavor to cuisine.,39cecffddc,0,1,0,0,0,0
Comic strips tell sequential stories with illustrations.,40638db903,0,1,0,1,0,0
Alhambra palace reflects Islamic architecture in Spain.,7e175dd803,0,1,0,1,0,0
Grilled chicken provides lean protein for diets.,9e9dfef0d2,0,1,0,0,0,0
Ottoman Empire spanned parts of three continents.,085b591e18,0,1,0,0,0,0
Tenants sign leases when renting apartments.,38d50110b8,0,1,0,1,0,1
Perimeter calculates total distance around polygon edge.,f914205e9a,0,1,0,0,0,0
Quartz clocks keep accurate time using crystal vibrations.,e61434fda0,0,1,0,0,0,0
Impulse control prevents risky behaviors in children.,7710cfdc1d,0,1,0,1,0,1
Existential philosophy addresses human freedom and purpose.,40fdac810b,1,0,0,1,1,0
Fables use animals to teach moral lessons.,19b11f5925,1,1,0,1,1,0
Mayors serve as city leaders.,2ded3d8210,1,1,0,1,0,0
Amazon Kindle popularized digital e-reading globally.,ff033fda89,0,1,0,1,1,0
Parsnips resemble carrots but are paler and sweeter.,db1545d814,0,1,0,0,0,0
Chiaroscuro contrasts light and shade dramatically in art.,475b6c7820,0,1,0,0,0,0
Loch Ness lies in northern Scotland.,058fa9f68e,0,1,0,0,0,0
"Pickleball combines tennis, badminton, and ping pong rules.",9fba145297,0,1,0,1,0,0
Nickel resists corrosion and forms alloys easily.,c8a9ae9297,0,1,0,0,0,0
Light bends traveling through different transparent materials.,8666d37a31,0,1,0,0,0,0
Film adaptations translate books into visual storytelling.,33e4ac6e37,0,1,0,1,0,0
Confucian teaching stresses family loyalty.,c2c4b024ae,1,1,0,1,1,0
Police enforce criminal laws locally.,c9189d005c,0,1,0,1,0,0
Mobile apps deliver specialized utility on smartphones.,5f75f98c89,0,1,0,1,0,0
Radishes mature quickly for fresh salads.,c4e133deb7,0,1,0,1,0,0
Origami paper cranes represent hope in Japanese culture.,8e585aef6f,1,1,0,1,1,0
Tap dancing features synchronized foot sounds.,9775f69e60,0,1,0,1,0,0
Kumquats are small citrus fruits eaten whole.,6968f7a2e6,0,1,0,0,0,0
Self-actualization represents peak psychological fulfillment.,e356c885cb,1,1,0,1,1,0
Role models influence youth development positively.,ecaa0a9ba1,1,1,0,1,1,0
Chaplains provide spiritual support in hospitals.,4424de72f4,1,1,0,1,0,0
Ecclesiastical courts rule on religious legal issues.,c208eefee2,1,1,0,1,0,0
Gyms offer facilities for resistance and cardio training.,87c1978bab,0,1,0,1,0,0
Portfolios collect artwork for review or presentation.,a96fd9b64d,0,1,0,1,0,0
Graph theory studies relationships between connected nodes.,a5191a85f5,0,1,0,0,0,0
Human resources manage employment relations inside companies.,1bd21d247f,1,1,0,1,0,0
"Worship includes prayers, songs, and rituals devotedly.",f83b148bd4,1,1,0,1,1,0
Cathedrals feature vaulted ceilings and stained-glass windows.,9a1229cebe,0,1,0,1,0,0
Impressionist painters used quick brushstrokes and outdoor scenes.,aa5da836bf,0,1,0,1,0,0
Halal foods conform to Islamic dietary standards.,22191b843c,0,1,0,0,0,0
Elder care supports seniors’ daily living needs.,dc81c9ac76,1,1,0,1,0,0
Botanical gardens display a variety of plant species.,945a2602fb,0,1,0,0,0,0
Mars missions search for evidence of life.,db3ed037cd,0,1,0,0,0,0
Litmus paper tests substance acidity or alkalinity.,f9f4fc1ca4,0,1,0,0,0,0
Personal hygiene protects against illness and infection.,68218748c8,0,1,0,0,0,0
Counseling helps resolve personal and emotional problems.,dd0c595bde,1,1,0,1,1,0
Graphic novels combine pictures and written storytelling.,bcb9e840b2,0,1,0,1,0,0
Pi is an irrational mathematical constant.,3ee6cbd3b3,0,1,0,0,0,0
Agronomy advances soil fertility and crop yields.,e8dc935e43,0,1,0,0,0,0
Tabernacles store consecrated bread in Catholic churches.,69489db601,0,1,0,1,0,0
Archaeology examines past cultures through material remains.,6ca09b6a5f,0,0,0,0,0,0
Shinto torii gates mark shrine entrances.,99f1658053,0,1,0,1,0,0
Carbonation creates bubbles in soft drinks.,39ef52c2e5,0,1,0,0,0,0
Similes compare unlike things using “like” or “as.”,e2e2e9ca86,1,1,0,1,1,1
Magnetite is a naturally occurring magnetic mineral.,773f4a4337,0,1,0,0,0,0
General reference books provide an overview of many topics.,89b5599c25,0,1,0,1,0,0
The dictionary defines words and their usages.,c2d009df2e,0,1,0,1,0,0
Encyclopedias compile knowledge across multiple disciplines.,2b5903b19b,0,0,0,1,0,0
Atlases display collections of maps for reference.,09e3c5f729,0,1,0,0,0,0
Reference libraries organize materials for public use.,9f711953c6,0,1,0,1,0,0
Statistics summarize large amounts of numerical information.,00c0365cb4,0,1,0,0,0,0
Bibliographies list sources referenced in scholarly works.,ef1b16efd0,0,1,0,0,0,0
Indexes help locate specific subjects within a book.,e0d6dbaf42,0,1,0,0,0,0
Glossaries clarify terms used in text.,d6852831ed,0,1,0,1,0,0
Almanacs present yearly data and facts.,5e2dfa71b2,0,1,0,0,0,0
Citation formats ensure clarity in academic writing.,a4bf55c6ea,0,1,0,1,0,0
Chronologies outline events in sequential order.,7006ace128,0,1,0,0,0,0
Catalogs organize items or products by relevant categories.,1ef00a9217,0,1,0,1,0,0
Guidebooks give practical advice about places or activities.,8fc2bc8fff,0,1,0,1,0,0
Thesauruses offer alternative word choices.,4127bed09b,0,1,0,1,0,0
Abstracts summarize the content of research papers.,3435cddd8d,0,1,0,0,0,0
Manuals explain how to operate various devices.,8b3ad912c1,0,1,0,1,0,0
Compendiums combine several bodies of knowledge into one source.,eceb175bbe,1,0,0,1,0,0
Schedules arrange tasks or events chronologically.,e681b5aba9,0,1,0,1,0,0
Official documents record important transactions or agreements.,053f538f79,1,1,0,1,0,0
"Art museums collect, preserve, and exhibit artworks.",f1bdccb60d,1,1,0,1,1,0
Ballet uses movement and music to tell stories.,e13ef55788,0,1,0,1,1,0
Poetry expresses feelings through carefully chosen language.,bb708ce01f,1,0,0,1,1,0
Novels create imagined worlds for readers.,f2d7ec8258,0,1,0,1,1,0
Folk songs reflect cultural identity and heritage.,39eb1c7289,1,1,0,1,1,0
Sculpture transforms materials into three-dimensional forms.,23d0df6e4d,0,1,0,0,0,0
Architecture shapes human environments through designed structures.,4b1f2219e7,0,0,0,1,0,0
Comics mix visuals and dialogue for narrative effect.,b6b48277a9,0,1,0,1,0,0
Symphonies are complex orchestral musical compositions.,74ba0f175d,0,1,0,0,0,0
Films use moving images to tell stories.,38bcf65f31,0,1,0,1,0,0
Mural paintings decorate large walls with artistic scenes.,936f97bd8c,0,1,0,1,0,0
Drama depicts conflict through spoken dialogues and actions.,7b7d878970,1,1,0,1,0,0
Fashion design influences clothing trends worldwide.,6467878b7a,0,1,0,1,0,0
Photography captures moments with cameras.,07423891a8,0,1,0,1,1,0
Ceramics turn clay into functional or decorative objects.,061ef55816,0,1,0,0,0,0
Performing arts require live presentation before audiences.,2983f84bea,1,1,0,1,0,0
"Bookbinding creates durable, accessible volumes of written representations.",e00c9e17d6,0,1,0,1,0,0
Cultural traditions vary between different ethnic groups.,534bee0812,1,1,0,1,0,0
Festivals mark significant social or religious occasions.,8e88b49179,1,1,0,1,0,0
Craftsmanship emphasizes skillful creation by hand.,814689d0af,1,1,0,1,0,0
Painting techniques can involve watercolors or oils.,ad28584da8,0,1,0,1,0,0
Literature analyzes society through fiction or poetry.,7783c9e0a2,1,0,0,1,1,0
Dance conveys meaning without using spoken words.,1c45137875,1,1,0,1,1,0
Myths represent traditional explanations for natural occurrences.,935e26e0b9,1,1,0,1,0,0
Digital art utilizes technology for creative expression.,3ca1e04254,0,1,0,1,0,0
Museums interpret history through artifact displays.,04c8556880,0,1,0,1,1,0
World capitals serve as administrative hubs for countries.,c3831ea884,0,1,0,1,0,0
Islands are landmasses surrounded by water.,5d81dec51a,0,1,0,0,0,0
Rainforests contain dense vegetation and diverse wildlife.,7e43de91fd,0,1,0,0,0,0
Plateaus have flat terrain at high elevation.,3e493e7538,0,1,0,0,0,0
Forests offer habitats for numerous species.,fcdba13abd,0,1,0,0,0,0
Canyons result from prolonged erosion processes.,95d92585c8,0,1,0,0,0,0
Borderlines separate countries or regions geographically.,d3787887f6,0,1,0,0,0,0
Lakes store fresh water inland.,03d065d1bc,0,1,0,0,0,0
Valleys are found between hills or mountains.,9cd16bfd14,0,1,0,0,0,0
Peninsulas extend into larger bodies of water.,b653347e39,0,1,0,0,0,0
Deltas form where rivers meet larger waters.,35bcdabf6d,0,1,0,0,0,0
Urban centers concentrate population and infrastructure.,420a036018,0,1,0,0,0,0
Estuaries balance saltwater and freshwater ecosystems.,7448e86ee9,0,1,0,0,0,0
Caves develop naturally underground.,3c87227f18,0,1,0,0,0,0
Wetlands support plants adapted to saturated soils.,b0b721eba7,0,1,0,0,0,0
Exercise maintains cardiovascular fitness.,acabae9d75,0,1,0,0,0,0
Hydration prevents dehydration and heat exhaustion.,8b5df4a4bf,0,1,0,0,0,0
Sleep restoration supports healthy immune function.,749fb9c1d2,0,1,0,0,0,0
Vitamins contribute to essential metabolic processes.,e3faa3fb25,0,1,0,0,0,0
Handwashing reduces transmission of infectious diseases.,9a6ee1d458,0,1,0,0,0,0
A balanced diet includes fruits and vegetables each day.,3c810ec28b,0,1,0,0,0,0
Routine checkups promote early detection of health issues.,5fcd0f4236,0,1,0,0,0,0
Physical activity helps manage weight gain.,670d555a32,0,1,0,0,0,0
Dentists prevent tooth decay and gum disease.,e1d7bb392d,0,1,0,1,0,0
Walking benefits both physical and mental well-being.,3444efe515,0,1,0,0,0,0
Proper posture avoids joint pain and injury.,c1e51ab273,0,1,0,1,0,0
Mental relaxation decreases stress hormones.,9c087c86e2,0,1,0,1,0,0
Vaccines defend against certain viral illnesses.,3a860afb17,0,1,0,0,0,0
Healthy eating habits reduce chronic disease likelihood.,e98124ae02,0,1,0,0,0,0
Eating breakfast boosts morning energy levels.,a0e1376756,0,1,0,0,0,0
Allergies occur when immune systems react to harmless substances.,c8445583f8,0,1,0,0,0,0
World War I ended in 1918.,d21f222c68,0,1,0,1,0,0
The Great Fire of London happened in 1666.,0a39ff2877,0,1,0,0,0,0
Ancient Greece contributed extensively to Western civilization.,f62fc237e4,0,0,0,0,0,0
Rome became a republic before becoming an empire.,a11130466e,1,1,0,1,1,0
The Magna Carta was signed in 1215.,fdf6437521,1,1,0,1,0,0
Christopher Columbus reached America in 1492.,8a4f2c1a9d,0,1,0,0,0,0
Mahatma Gandhi led India's independence movement.,f20d897d5a,1,1,0,1,1,0
Feudalism was prevalent in medieval Europe.,fd9bd747d6,1,0,0,1,0,0
Slavery was abolished in the United States in 1865.,cd1b39b2a8,1,1,0,1,1,0
Space exploration started in the mid-20th century.,e567047017,0,1,0,0,0,0
Nelson Mandela fought apartheid in South Africa.,50abd1e398,1,0,0,1,1,0
Printing press invention revolutionized communication.,d5eb6dead3,0,1,0,1,0,0
The industrial revolution increased mechanization and urban growth.,a30aab25f8,0,1,0,1,0,0
Women gained suffrage rights globally throughout the twentieth century.,bf8c483999,1,1,0,1,1,0
Internet development accelerated rapidly after 1990.,69cae7eabf,0,1,0,1,0,0
The Renaissance rediscovered classical knowledge and art in Europe.,53f49211bc,1,0,0,1,1,0
English is widely spoken worldwide.,7447346f30,1,1,0,1,0,0
Travelers use passports for international journeys.,d6030a3f9d,0,1,0,1,0,0
Retail involves selling goods directly to consumers.,0b859ffcb9,1,1,0,1,0,0
Negotiations resolve differences between parties.,9a4ab1393b,1,1,0,1,0,0
Gardening grows plants for beauty or food.,1e57f8e49b,0,1,0,1,0,0
Cooking prepares ingredients for consumption.,964e60ea96,0,1,0,0,0,0
Voting allows citizens to choose leaders democratically.,1208729ee7,1,1,0,1,1,0
Working comprises paid employment or self-employment.,6271e35b0e,1,1,0,1,0,0
Shopping exchanges money for needed products.,32490eca3c,1,1,0,1,0,0
Teaching transmits knowledge and skills to learners.,1a3bc8951d,1,0,0,1,1,0
Driving operates vehicles on public roads.,1d8d88c699,0,1,0,0,0,0
Swimming moves efficiently in water by coordinated motion.,649285453f,0,1,0,0,0,0
Hiking explores natural environments on foot.,884c314e01,0,1,0,0,0,0
Running races measure speed and endurance.,f42884ba94,0,1,0,1,0,0
Woodworking crafts useful items from timber resources.,a6d2609a3c,0,1,0,1,0,0
Acting assumes roles in dramatic presentations.,a502b5aca4,1,1,0,1,1,0
Studying reviews material to retain or learn new ideas.,4dc274a4d1,1,1,0,1,1,1
Construction assembles buildings according to blueprints.,34228ca922,0,1,0,1,0,0
"Mathematics studies numbers, patterns, and relationships.",d7ba0af87e,0,1,0,0,0,0
Addition combines values to produce a sum.,f5ef0e6b04,0,1,0,0,0,0
Division partitions quantities evenly among groups.,a403758898,0,1,0,0,0,0
Subtraction finds differences between two numbers.,1ad52ded68,0,1,0,0,0,0
Fractions denote portions of a whole.,f142a9205b,0,1,0,0,0,0
Decimals express parts less than one unit.,7a0a53cfc7,0,1,0,0,0,0
Probability estimates chances of possible outcomes.,959ef3a032,1,1,0,0,0,0
Calculus addresses change and accumulation quantitatively.,9251e07ebe,0,1,0,0,0,0
Logic investigates principles of valid reasoning.,8bf8dfb150,1,0,0,1,0,0
Graphs visualize data sets for analysis.,912cbe8924,0,1,0,0,0,0
Prime numbers are divisible only by one and themselves.,d2fbdcd01f,0,1,0,0,0,0
Area measures space inside a given boundary.,814dda3340,0,1,0,0,0,0
Ratios compare sizes of two quantities directly.,80a9e9df33,0,1,0,0,0,0
Functions relate inputs to outputs consistently.,10de7d7a2d,0,1,0,1,0,0
Formulas standardize calculation procedures.,23b2898ee5,0,1,0,0,0,0
Density describes mass per volume of material.,4a194a4c8a,0,1,0,0,0,0
Erosion wears away rocks and soil.,f5c5679a42,0,1,0,0,0,0
Gravity pulls everything toward planetary cores.,09533cd54f,0,1,0,0,0,0
Magnets induce attraction or repulsion between poles.,e712e2ca20,0,1,0,0,0,0
Metals conduct electrical current easily.,c066c4fe79,0,1,0,0,0,0
Oxygen supports animal and human respiration.,c61086222a,0,1,0,0,0,0
Carbon forms basis for organic compounds.,5a56265c21,0,1,0,0,0,0
Acids taste sour and release hydrogen ions in solution.,358540de13,0,1,0,0,0,0
Bases feel slippery and neutralize acids.,f4f44ef6bc,0,1,0,0,0,0
Viruses infect living organisms for reproduction.,bec7b15c88,0,1,0,0,0,0
Sound waves bend around obstacles and barriers.,2882815760,0,0,0,0,0,0
Heat flows from hotter to colder objects spontaneously.,e7a213d48a,0,1,0,0,0,0
Magnification enlarges microscopic specimens for observation.,3478fa5f4b,0,1,0,0,0,0
Nutrition provides building blocks for bodily repair.,231ff9ed81,0,1,0,0,0,0
Atomic number counts protons in element nuclei.,bf6e693c8b,0,1,0,0,0,0
"People interact through speech, body language, and facial expressions.",626a9dba83,1,1,0,1,0,0
Memory retains past experiences for future recall.,22c0a53ecd,1,1,0,1,0,0
Personality traits distinguish individuals uniquely.,de98f4b79e,1,1,0,1,1,0
Aging introduces gradual biological changes in humans.,f320a86c4c,0,1,0,0,0,0
Growth rates differ across all stages of life.,f19fa65ab0,0,1,0,0,0,0
Curiosity motivates learning and exploration.,f2b63a7737,1,0,0,1,1,0
Collaboration achieves more than solo effort often does.,b7434bb63f,1,0,0,1,1,1
Motivation drives pursuit of personal goals.,8d5979f5f4,1,1,0,1,1,1
Trust strengthens interpersonal relationships.,28b5e3c6a0,1,1,0,1,1,0
Critical thinking evaluates available evidence logically.,1761659734,1,0,0,1,1,0
Self-reflection assesses strengths and directs improvement.,14553f8e1d,1,0,0,1,1,0
Habits shape behavior over long periods.,47c86f7eba,1,1,0,1,0,1
Stress affects both mind and physical health negatively.,f4c13d042c,0,1,0,1,0,0
Creativity produces original solutions or ideas.,2b1e7e6d68,1,0,0,1,1,0
Values guide moral judgments and daily choices.,10dcdeb543,1,0,0,1,1,0
Beliefs inform worldview formation.,9c3a9051e9,1,0,0,1,1,0
Attention spans fluctuate based on interest or fatigue.,39b8c2e197,0,1,0,1,0,1
Inference draws conclusions from observed clues.,fb6bca2ef9,1,1,0,1,0,1
"Philosophy debates existence, purpose, and morality.",d1d281dbfb,1,0,0,1,1,0
Reason considers consequences before making decisions.,0cbf074615,1,0,0,1,1,1
Induction infers general principles from observations.,80bf5d6f54,0,1,0,0,0,0
Ethics questions what behaviors are good or right.,b389dab664,1,1,0,1,1,0
Free will assumes capacity for voluntary choice.,9f84be2075,1,0,0,1,1,1
Dualism separates mind from body conceptually.,c9395dcd97,0,0,0,1,1,0
Objectivity aims for impartiality and lack of bias.,2b616ea954,1,0,0,1,1,0
Knowledge seeks justified true beliefs.,ec23076276,1,0,0,1,1,1
Aesthetics appreciates beauty or artistic quality.,bc8b21b1d1,1,1,0,1,1,0
Determinism proposes all events follow causal laws.,c81ee6ff63,0,0,0,0,0,0
Virtue prioritizes character excellence over external rewards.,04eadb7742,1,1,0,1,1,1
Utilitarianism maximizes happiness for greatest number.,fe82ee460e,1,1,0,1,1,1
Analogy compares similarities between concepts.,0a61ccb398,1,1,0,1,0,0
Idealism posits reality is mentally constructed.,2da2d13a04,1,0,0,1,1,0
Materialism claims only matter constitutes existence.,f9c465cc2a,0,0,0,0,0,0
Faith trusts beyond empirical proof.,4f618d9d77,1,0,0,1,1,0
Dogma accepts teachings as unquestionable truth.,e71bb09755,1,0,0,1,1,0
Scripture contains sacred writings revered by adherents.,fefe327e56,1,1,0,1,0,0
Prayer communicates wishes or gratitude to deities.,630f9088f3,1,1,0,1,1,0
Pilgrimage honors religious tradition through travel.,c5f3fd617c,0,1,0,1,1,0
Monotheism believes in one supreme deity.,89558c4845,1,1,0,1,1,0
"Animism attributes souls to animals, plants, or objects.",99067cb28f,0,1,0,1,1,0
Ritual enacts spiritual beliefs through repeated ceremonies.,0eb2e300fd,1,1,0,1,0,0
Clergy lead congregational worship services.,d7c1efb950,1,1,0,1,0,0
Sin identifies acts contrary to divine law.,1eb7b5a97e,1,0,0,1,1,0
Redemption promises forgiveness for wrongdoing.,3afa4c4b4e,1,0,0,1,1,1
Doctrine systematizes religious belief interpretation.,972914043f,1,1,0,1,0,0
Witness shares faith publicly with others.,fd724ab12e,1,1,0,1,1,1
Taboo prohibits certain behaviors culturally or spiritually.,fd345c214f,1,1,0,1,0,0
Salvation offers hope of afterlife fulfillment or liberation.,d91320a2f7,1,0,0,1,1,0
Social norms orient expected group behavior.,b238274812,1,1,0,1,1,0
Democracy elects leaders by majority vote.,d67fe78c23,1,1,0,1,1,0
Families nurture children’s earliest development.,caee0a277b,1,1,0,1,0,0
Communities share resources for mutual benefit.,e1201e5350,0,1,0,1,1,0
Economies trade goods and services for currency.,d34ec2edff,1,1,0,1,0,0
Education imparts necessary literacy and expertise.,212ebf29bb,1,0,0,1,1,0
Mass media disseminates news broadly to publics.,fe9833e539,1,0,0,1,1,0
Government enforces laws and maintains civic order.,044e81ff48,1,1,0,1,0,0
Inequality divides populations by opportunity access.,bcfdcde3b6,1,0,0,1,0,0
Volunteering supports collective welfare without pay.,6f60537cd0,1,1,0,1,1,0
Disaster relief assists victims facing sudden hardship.,a9784d00a8,0,1,0,1,0,0
Justice ensures fair treatment under agreed standards.,d1d7451ea1,1,1,0,1,1,0
Public policy responds to shared problems practically.,5f62fadf29,1,0,0,1,1,0
Conflict resolution encourages peaceful compromise.,05f46ca0e9,1,1,0,1,1,0
Markets determine prices using supply and demand.,618f321ba5,1,1,0,1,0,0
Technology solves problems using scientific principles.,dfcc1bd049,0,1,0,1,0,0
Internet links global networks instantly.,6e71442f38,0,1,0,0,0,0
"Smartphones integrate phone calls, computing, and cameras.",4912f05fb1,0,1,0,1,0,0
Software programs instruct computers with coded commands.,b1a30a5148,0,1,0,1,0,0
Robotics automates repetitive or dangerous functions.,c04acb0284,0,1,0,1,0,0
Satellites monitor Earth remotely from orbit.,0d9a10b761,0,1,0,0,0,0
Electric motors transform electricity into mechanical work.,53fb82d83e,0,1,0,0,0,0
3D printing constructs objects layer by layer.,532200eac9,0,1,0,0,0,0
Cloud storage saves files off site via web.,bbbb96bf46,0,1,0,1,0,0
Medical imaging visualizes internal body conditions noninvasively.,02e9ed4421,0,1,0,0,0,0
"Renewable energy harnesses sun, wind, or water power.",6439bfcd53,0,1,0,0,0,0
Artificial intelligence performs tasks once requiring human cognition.,b8442a3663,1,1,0,1,0,0
Nanotechnology engineers structures at molecular scale.,064e08359c,0,1,0,0,0,0
Genetic engineering modifies organismal characteristics intentionally.,b847dc81d0,0,1,0,0,0,0
Quantum mechanics models atomic and subatomic phenomena.,2aacdc5a88,0,1,0,0,0,0
Cybersecurity protects information systems against unauthorized access.,43f3a89365,0,1,0,0,0,0
Biodegradable plastics reduce environmental pollution.,33d6ce1581,0,1,0,0,0,0
Semiconductors enable compact electronic circuitry production.,b88a62664f,0,1,0,0,0,0
A recipe provides step-by-step cooking instructions.,1f7f8d7d56,0,1,0,1,0,0
Historians study past events for context.,5f33762e73,1,0,0,1,1,0
Washing vegetables removes surface pesticides.,a614b609f0,0,1,0,0,0,0
Cooking involves preparing food using heat.,378dd8e248,0,1,0,0,0,0
Algebra uses letters to represent numbers.,f6daf2200c,0,1,0,0,0,0
Hydrogen is the simplest chemical element.,27616117a5,0,1,0,0,0,0
Personality influences social interactions and behavior.,e5216be040,1,1,0,1,0,1
Skepticism requires questioning before believing claims.,2dac230f4f,1,0,0,1,1,0
Buddhism encourages mindfulness and compassion.,5e13bbcdd4,1,1,0,1,1,0
Families nurture children into adulthood.,87cc477fd5,1,1,0,1,1,0
Email allows digital communication across distances.,4c7faac5f0,0,1,0,1,0,0
Automatic doors use sensors to open.,284a2e476d,0,1,0,0,0,0
Thesauruses list synonyms for commonly used words.,ee2ede83fc,0,1,0,1,0,0
"Orchestras contain string, woodwind, brass, and percussion instruments.",29fded86d4,0,1,0,1,0,0
"Paris is known as the ""City of Light.""",37d4dec0e5,0,0,0,1,0,0
Running strengthens leg muscles significantly.,259ed1ccad,0,1,0,0,0,0
Painting walls changes a room’s appearance.,f868c9644a,0,1,0,1,0,0
Prime numbers have only two divisors.,634dbe286f,0,1,0,0,0,0
Laughter can ease stress temporarily.,b0180ec2bb,1,1,0,1,1,0
Reasoning distinguishes logic from emotion.,7cafbc659f,1,0,0,1,1,0
Cultural rituals shape group identity over time.,d5a152b692,1,1,0,1,1,0
Elections determine political leaders democratically.,dba4593f12,1,1,0,1,1,0
Wind turbines generate power without air pollution.,fc51313969,0,1,0,0,0,0
Textbooks summarize subject information systematically.,605f5de23d,0,1,0,1,0,0
Modern art often breaks traditional rules.,ec49da4f9a,1,0,0,1,1,0
Proper sleep supports mental focus.,4a8e1fe272,0,1,0,1,0,0
Typing quickly increases office productivity.,d85bdffc1c,0,1,0,1,0,0
Multiplying by zero yields zero.,8ba5067699,0,1,0,0,0,0
Gravity holds planets in stable orbits.,e3ad0e8048,0,1,0,0,0,0
Respect earns trust within relationships.,260818b8c4,1,1,0,1,1,1
Abstract thinking recognizes patterns beyond the obvious.,6cbc9aeb0d,1,0,0,1,1,0
Islam’s holy book is called the Quran.,8df437953d,1,1,0,1,0,0
Social norms vary between cultures.,be2d07de3d,1,1,0,1,0,0
Wireless Internet connects mobile devices efficiently.,573d339d50,0,1,0,0,0,0
Manual labor requires physical effort.,2f3abae5d6,0,1,0,0,0,0
Dictionaries sort word definitions alphabetically.,5b173d76bb,0,1,0,1,0,0
Push-ups strengthen chest and arm muscles.,97e26e3814,0,1,0,1,0,0
"Gardening produces flowers, fruits, and vegetables.",6ff17c3396,0,1,0,0,0,0
Division distributes items into equal groups.,d7aa88e693,0,1,0,1,0,0
Self-esteem reflects confidence in personal abilities.,9b7017c372,1,0,0,1,1,0
Debate develops reasoning skills.,2d79aa665f,1,1,0,1,0,0
Shinto worships spirits found in nature.,8c59cdd32c,0,1,0,1,1,0
Urbanization concentrates people in cities.,5f51283ee2,0,0,0,0,0,0
Electric cars run on lithium batteries.,724ac12a1b,0,1,0,0,0,0
Encyclopedias gather knowledge alphabetically or topically.,98d3214c5a,0,1,0,1,0,0
Ancient Greek theaters hosted dramatic performances.,850d860f54,1,1,0,1,0,0
The Amazon River is South America’s longest river.,7fdbdebea4,0,1,0,0,0,0
Printing press invention grew literacy rates.,a0b07b584f,0,1,0,1,0,0
Calculators approximate numerical results rapidly.,a75d41048e,0,1,0,0,0,0
Assertiveness expresses needs while respecting others’ boundaries.,bdf1f0d923,1,1,0,1,1,1
Questioning clarifies underlying assumptions.,da60a538a6,1,1,0,1,1,0
Voting impacts governmental policies.,208bbed933,1,1,0,1,1,0
"Engineering builds bridges, roads, and vehicles.",ded2ef9681,0,1,0,0,0,0
Road maps display highways and intersections.,096b49feca,0,1,0,0,0,0
Comic books combine drawings with dialogue.,be00821a60,0,1,0,1,0,0
Sydney Opera House is Australia’s iconic building.,431569f50e,1,1,0,1,1,0
Tai chi integrates slow movement and breathing.,bd184778c9,0,1,0,1,0,0
Roman Empire expanded across much of Europe.,76385d995e,0,0,0,1,0,0
Ironing removes wrinkles from clothes.,76d7cbf679,0,1,0,1,0,0
Biologists classify organisms according to similarities.,63a6f51101,0,1,0,0,0,0
Personal integrity fosters trustworthy reputation.,9f3fb5f471,1,0,0,1,1,1
Arguments require supporting evidence for belief.,08ca7ff881,1,1,0,1,1,0
Confucianism emphasizes respect for elders and harmony.,2f548f8e7b,1,0,0,1,1,0
Birth certificates document legal status at birth.,3627229483,0,1,0,0,0,0
Solar panels produce clean electrical energy.,7531dda749,0,1,0,0,0,0
Reference guides organize facts for quick access.,1e303c96b4,0,1,0,1,0,0
Mosaic art uses small colored pieces.,ae86922479,0,1,0,1,0,0
London lies along the River Thames.,b44c2f2a1a,0,1,0,0,0,0
Planks develop core muscle strength.,d8907fe67e,0,1,0,0,0,0
Knitting creates fabric from interlocking loops.,05046047dc,0,1,0,1,0,0
Fractions represent partial quantities.,540e4019bc,0,1,0,0,0,0
Friction resists motion between surfaces.,a57a6646aa,0,1,0,0,0,0
Hypotheses fuel scientific experimentation.,43c54f286e,1,0,0,1,1,0
Religious holidays mark significant beliefs or events.,94639fd56e,1,1,0,1,0,0
Legal systems regulate community conduct.,07fa444e08,1,1,0,1,0,0
Barcodes store product data for scanning.,5ed51f6eca,0,1,0,0,0,0
Glossaries define technical terms concisely.,1d3d60407a,0,1,0,1,0,0
Art galleries curate exhibitions for public viewing.,33ef680b24,1,1,0,1,0,0
Pyrenees create a natural border between France and Spain.,a0aa8f9424,0,1,0,0,0,0
Pulses provide protein in diets.,8a3d633327,0,1,0,0,0,0
Holocaust memorializes genocide victims.,b0741d6893,1,1,0,1,0,0
Photography captures moments through lenses.,f4458af075,0,0,0,1,1,0
Angles measure degrees of rotation.,69bd9f2640,0,1,0,0,0,0
Boiling sterilizes kitchen utensils.,6acb7a2f28,0,1,0,0,0,0
Meditation lowers blood pressure naturally.,aecf9b8785,0,1,0,0,0,0
Premises establish points in logical argumentation.,ae6e71c77c,1,1,0,1,0,0
Vedic texts are Hinduism’s ancient scriptures.,7a8621ce2d,1,1,0,1,0,0
Trade unions negotiate workers’ interests collectively.,a773bbd03e,1,1,0,1,1,0
Medical robots assist with precise surgeries.,9805df39f3,0,1,0,0,0,0
Bibliographies cite source materials.,5d73447539,0,1,0,0,0,0
Impressionist painters captured natural light effects.,6792918085,0,1,0,1,1,0
Hawaii consists entirely of volcanic islands.,dd9a21dad3,0,1,0,0,0,0
Cold War tensions divided global politics after WWII.,46902f2141,1,1,0,1,1,0
Set theory studies mathematical collections.,1ecb704cbf,0,1,0,0,0,0
Strengths recognize personal capabilities objectively.,6ada0b9ed7,1,1,0,1,1,0
Consistency aligns actions with stated values.,f5da0bebb2,1,0,0,1,1,1
Deontology evaluates duty-based morality.,25b4ca0596,1,0,0,1,1,0
School uniforms standardize student attire.,aef26742d1,1,1,0,1,0,0
Stored data travels via fiber-optic cables.,2cbbc80256,0,1,0,0,0,0
Instruction manuals guide users clearly.,51e78f134c,0,1,0,1,0,0
Tapestries decorate interiors with woven images.,fd5265e894,0,1,0,1,0,0
Grand Canyon showcases layered geology.,8a380bd040,0,1,0,0,0,0
Treaty of Versailles followed World War I.,191c1033fb,0,1,0,1,0,0
Dog training teaches desired behaviors systematically.,be2c915b86,1,1,0,1,1,0
Newton’s laws explain classical mechanics.,d8c3a0ae2f,0,1,0,1,0,0
Chemistry tests for solutions’ acidity or alkalinity.,172218e2f6,0,1,0,0,0,0
Phobias limit activities due to intense fears.,8f479300f6,0,1,0,1,1,1
Evaluation scrutinizes merit of ideas.,c9da362aeb,1,0,0,1,1,1
Worship centers offer spiritual gatherings.,023b6d598a,1,1,0,1,0,0
Nations set citizenship requirements legally.,1afbd6c911,0,1,0,1,0,0
Machine learning automates decision-making with algorithms.,4f2a173182,0,1,0,1,0,0
Websites provide quick access to information.,56e32819a1,0,1,0,1,0,0
People use the internet for communication.,4b9a699d9e,0,1,0,1,0,0
Hinduism originated in South Asia.,a055ee4a1f,1,1,0,1,0,0
Cell phones rely on wireless technology.,fe5eb987e9,0,1,0,0,0,0
Encyclopedias summarize knowledge about various topics.,a864e028ab,0,1,0,1,0,0
"Mount Kilimanjaro rises in Tanzania, Africa.",7f735b8100,0,1,0,0,0,0
Daily exercise improves cardiovascular health.,69ff241ea7,0,1,0,0,0,0
Ancient Rome influenced modern architecture.,36390d54cd,0,1,0,1,0,0
Cooking requires following recipes or instructions.,9894d9c11e,0,1,0,0,0,0
Logic relies on consistent reasoning.,b4403eeabc,1,1,0,1,0,0
Sikhism teaches equality and community service.,d4eb1c51e3,1,1,0,1,1,0
Ballet combines dance with expressive storytelling.,e5453de431,0,1,0,1,1,0
Sports involve physical activity and competition.,324267e901,0,1,0,1,0,0
Reasoning distinguishes valid arguments from invalid ones.,99ee1991f4,1,1,0,1,0,0
Judaism observes dietary laws called kashrut.,56ce7dcbd9,0,1,0,1,0,0
Census counts help governments plan resources.,130253a662,0,1,0,1,0,0
Digital cameras store images electronically.,8ca1631db6,0,1,0,0,0,0
Handbooks offer step-by-step guidance.,c372d91818,1,1,0,1,0,0
The Amazon rainforest is located in South America.,da4c3ac632,0,1,0,0,0,0
Regular sleep supports healthy brain function.,5aa25deba9,0,1,0,0,0,0
Civil Rights Movement promoted racial equality in the U.S.,4b6a9f4e69,1,0,0,1,1,0
Algebra uses variables to solve equations.,c9a703e845,0,1,0,0,0,0
Earth revolves around the sun annually.,3a6a2a7028,0,1,0,0,0,0
Self-esteem affects motivation and goal achievement.,9b1d59291b,1,1,0,1,1,0
Deductive logic starts with general principles.,fe71b31bd1,1,0,0,1,0,0
Prayer is practiced in many religions.,2dc5cf0e76,1,1,0,1,0,0
Social norms guide acceptable group behaviors.,4dadeb23e2,1,1,0,1,1,0
Internet speeds vary among providers.,b9d5a56f60,0,1,0,1,0,0
Manual labor involves working with hands.,d0d43fbc0b,0,1,0,1,0,0
Contemporary art breaks traditional creative boundaries.,94978a8c0c,1,1,0,1,1,0
Sydney Opera House stands on Sydney’s harbor.,f7be5b0dc7,0,1,0,1,0,0
Electric cars reduce greenhouse gas emissions.,e2efa1d70d,0,1,0,0,0,0
Brainstorming generates innovative solutions.,59243777a6,1,1,0,1,1,0
Islam regards Friday as a holy day.,06459f71fe,1,1,0,1,0,0
Museums preserve artifacts for public viewing.,b342375b4f,0,1,0,1,0,0
The Himalayas span several Asian countries.,dd686f0ce3,0,1,0,0,0,0
Fruit consumption supplies essential vitamins.,f45cb58c63,0,1,0,0,0,0
Louis XIV reigned as King of France.,a1d80b4a2d,1,1,0,1,0,0
Learning new languages broadens cultural understanding.,f6505d9498,1,1,0,1,1,0
Calculus analyzes change and motion mathematically.,1194474a87,0,1,0,0,0,0
Respect fosters positive social relationships.,446f7879b4,1,1,0,1,1,1
Philosophers question existence and ethics.,0a1a0de1d7,1,0,0,1,1,0
Confucianism values filial piety and education.,cea280692b,1,1,0,1,1,0
Anthologies collect literary works by theme or era.,adc265176e,1,1,0,1,0,0
Sculpture forms three-dimensional visual art.,b9b7ef5b5b,0,1,0,0,0,0
Lake Baikal holds Russia’s largest freshwater volume.,f6de7509a1,0,1,0,0,0,0
Aerobic activity strengthens lung capacity.,734dbb6e4e,0,1,0,0,0,0
Probability measures the likelihood of outcomes.,3201ebd388,1,1,0,0,0,0
Induction draws conclusions based on evidence.,16d7e51c90,1,1,0,1,1,1
Machine learning simulates human intelligence processes.,101b59296f,0,1,0,1,0,0
Indexes categorize content for easy searching.,065cddf961,0,1,0,0,0,0
Vatican City is an independent city-state.,cd5a2628fd,0,1,0,1,0,0
Printing transformed communication after Gutenberg's press.,1d62603303,0,1,0,1,0,0
Cycling tones leg muscles and burns calories.,02018ff51c,0,1,0,0,0,0
Neutralization reactions produce salt and water.,3d01bbb721,0,1,0,0,0,0
Beliefs shape attitudes and perspectives.,598f8202cf,1,0,0,1,1,0
Analogies compare similarities for clearer explanations.,feb9e66ffb,1,1,0,1,0,1
Communities organize events to foster belonging.,b8f6f3c3d6,1,1,0,1,1,0
Teamwork achieves complex goals efficiently.,61510984b9,1,0,0,1,1,0
Grammar rules ensure clear written communication.,546bd1b8a7,0,1,0,1,0,0
Abstract art prioritizes conceptual ideas.,18c21c061d,1,1,0,1,1,0
Rowing exercises upper body strength.,cddb9446e6,0,1,0,1,0,0
Sign language facilitates communication for deaf individuals.,2476432506,0,1,0,1,0,0
Observation skills enhance scientific inquiry.,28335c5651,1,1,0,1,1,0
Genetics examines heredity in living organisms.,77ce38441f,0,1,0,0,0,0
Nobel Prizes honor outstanding achievements.,86353ff421,1,1,0,1,1,0
Symphonies require orchestral collaboration.,04a46fe099,0,1,0,1,0,0
Continents divide Earth's land surface.,9b251b323d,0,1,0,0,0,0
Rest supports muscle recovery post-exercise.,471f4f800a,0,1,0,1,0,0
Napoleon Bonaparte led French military campaigns.,051a544cdb,1,1,0,1,0,0
Decimals represent fractional values.,c8ce449477,0,1,0,0,0,0
Tectonic plates move under Earth's crust.,af3f9d13b1,0,1,0,0,0,0
Empathy bridges personal misunderstandings.,51a37167bf,1,0,0,1,1,1
Ethics discusses what actions are morally right.,89c665571c,1,1,0,1,1,0
Christianity centers on Jesus Christ’s teachings.,293624bf71,1,1,0,1,1,0
Governments enact policy through representative bodies.,729f63ab93,1,1,0,1,1,0
Smartphones integrate computing and telecommunication functions.,41b2e886f4,0,1,0,1,0,0
Reference charts simplify complex information visually.,d65d8f46aa,0,1,0,1,0,0
The encyclopedia compiles general information on many subjects.,df0cc583ce,0,1,0,1,0,0
Thesauruses list synonyms for words to improve writing.,4e9b90c624,0,1,0,1,0,0
Global maps display continents and oceans accurately.,5e0f90e805,0,1,0,0,0,0
Yoga increases flexibility and body awareness.,02b6179f17,0,1,0,1,0,0
Athens is the capital of Greece.,0eb7973c2f,0,1,0,0,0,0
Drinking water supports kidney function.,fb21c34196,0,1,0,0,0,0
Carpentry involves skilled woodwork.,585abf5ebb,0,1,0,1,0,0
Personal traits affect career choices.,56cdd89ab1,1,1,0,1,1,0
Analysis divides concepts into smaller parts.,2da8bf5d6d,0,1,0,1,0,0
Buddhism teaches mindfulness meditation.,b244f53705,1,1,0,1,0,0
Societal rules regulate acceptable behavior.,e5b9e17e70,1,1,0,1,1,0
Smartphones provide portable communication tools.,c7f0064d9c,0,1,0,1,0,0
Digital clocks show time using numbers only.,c42cc90981,0,1,0,0,0,0
Oil painting allows rich color blending techniques.,9e81a3cf88,0,1,0,0,0,0
Australia is both a country and a continent.,879be74bec,0,1,0,0,0,0
Roman civilization influenced later European cultures.,3d4e96b7fd,1,1,0,1,0,0
Stir-frying quickly cooks food at high heat.,f7b5d4af88,0,1,0,0,0,0
Happiness boosts immune functioning.,c74848b251,0,1,0,1,0,0
Deductive methods test if claims follow from premises.,91df776c77,1,1,0,1,0,1
Animism attributes spiritual qualities to nature.,b10ddf8922,1,1,0,1,1,0
Email is now essential for business correspondence.,983746b45b,1,1,0,1,0,0
Instruction manuals offer operating instructions for products.,86dd873ba3,0,1,0,1,0,0
Chamber music features small ensemble performances.,6ce93c9f8a,1,1,0,1,0,0
"Mount Rainier sits in Washington State, USA.",1bb58e1712,0,1,0,0,0,0
Circuit training combines strength and cardio exercise.,987623ee87,0,1,0,1,0,0
Civil rights laws protect equal opportunities.,9872a461bb,1,0,0,1,0,0
Multiplication repeats addition processes efficiently.,cbd429d4cf,0,1,0,0,0,0
"Continents include Asia, Africa, and Europe.",21815f0b10,0,1,0,0,0,0
Trust strengthens working collaborations.,6bc16e12d3,1,1,0,1,1,0
Reflection revisits experiences for improved understanding.,479d287cbf,1,0,0,1,1,1
Catholicism includes unique sacraments and traditions.,fcb7c3988b,1,1,0,1,1,0
Demographics track changes in group populations.,0e4f1128f2,0,1,0,0,0,0
Computer chips process electronic signals rapidly.,e96ba19007,0,1,0,0,0,0
Reference letters describe candidate qualifications neutrally.,fc12ed4ab1,0,1,0,1,0,0
Madagascar is famous for diverse wildlife species.,3f02538f2a,0,1,0,0,0,0
Cooking dinner often brings families together.,617b4705b7,1,1,0,1,1,0
Division separates items into equal portions.,2d89d1921f,0,1,0,0,0,0
Empathy enhances teamwork satisfaction rates.,6deef2a0b6,1,1,0,1,1,1
Reasoned arguments use sound evidence.,73cb9e35df,1,1,0,1,1,0
Court systems interpret and enforce laws impartially.,3a1762b8d8,1,1,0,1,1,0
Wireless technology transmits data without cables.,c32e3c8600,0,1,0,0,0,0
Guidebooks recommend local attractions for visitors.,d9701ade12,0,1,0,1,0,0
Art deco style flourished during the 1920s.,f9b7faafe9,1,1,0,1,0,0
Danube River flows across Central and Eastern Europe.,27b3131ce7,0,1,0,0,0,0
Hydration improves focus during physical activity.,09d2bab366,0,1,0,0,0,0
Pearl Harbor attack occurred in December 1941.,25ef71bff7,0,1,0,0,0,0
Algebraic variables represent unknown quantities.,6b27e940be,0,1,0,0,0,0
Insects have six legs anatomically.,d841aa1bce,0,1,0,0,0,0
Personal growth follows regular self-reflection practices.,9d28b3405d,1,0,0,1,1,0
Logic errors occur without valid connections.,682ea5480c,0,1,0,0,0,0
Islam encourages charity through zakat giving.,83f2079690,1,1,0,1,1,0
Public voting decides leadership appointments.,4d7eac24a9,1,1,0,1,1,0
Lexicons organize word meanings alphabetically.,3cbcc37ffa,0,1,0,1,0,0
Parliamentary sessions establish national laws routinely.,708a17815b,1,1,0,1,0,0
Religion can shape dietary habits.,9fa31cc36d,0,1,0,1,0,0
Neighborhood groups support safety programs locally.,d2ff19837b,1,1,0,1,1,0
Catalogues arrange items for organized review.,35b0504ef7,0,1,0,1,0,0
Engraving entails cutting images or designs into surfaces.,8fa785b638,0,1,0,0,0,0
Gobi Desert stretches across northern China and Mongolia.,1483f90664,0,1,0,0,0,0
American abolition ended slavery officially.,448a40aa3a,1,1,0,1,1,0
Sewing machines increase garment production speeds.,a1cdce252c,0,1,0,1,0,0
Decimal points separate integers and fractions.,18f42af3a0,0,1,0,0,0,0
Thermodynamics explores heat energy transformations.,b3d3796e64,0,1,0,0,0,0
Compassion strengthens social bonds.,e5396f1b60,1,1,0,1,1,0
Ethical standards guide workplace priorities.,ce3320a07a,1,1,0,1,1,0
Shinto shrines dot Japan's landscape.,d988d402a5,0,1,0,1,0,0
Legislation passes government proposals into statutory law.,929fc2b5e6,1,1,0,1,1,0
Microwaves cook food by agitating water molecules.,455b6130f6,0,1,0,0,0,0
Atlases consolidate map collections geographically.,7d555bbf9f,0,1,0,0,0,0
Punk rock music emerged as cultural protest.,0cbf1dbfe7,1,1,0,1,1,0
"Lake Victoria borders Uganda, Kenya, and Tanzania.",aba380527d,0,1,0,0,0,0
Aerobic classes coordinate movement with rhythmic beats.,8b5f72a92e,0,1,0,1,0,0
Spanish Armada famously sailed in 1588.,32245bcbbf,0,1,0,0,0,0
Repair skills maintain household equipment functionality.,c2a642bfb9,0,1,0,1,0,0
Percentages compare ratios easily.,369d7abbe5,0,1,0,1,0,0
Meiosis produces reproductive cells through division.,b7ff439aa2,0,1,0,0,0,0
Physics theories explain fundamental forces.,0581c1a486,0,1,0,0,0,0
Creativity drives new product developments.,a965dcb286,1,1,0,1,1,0
Faith influences worldviews deeply.,58d27c918f,1,0,0,1,1,0
Festival holidays mark national celebrations.,9d433c897b,1,1,0,1,0,0
Online banking manages money electronically.,f47df2fb13,0,1,0,1,0,0
Respectful debate promotes harmonious societies.,5cea4f9225,1,0,0,1,1,0
Grammar organizes language structures consistently.,1a56a3cd37,0,1,0,1,0,0
Impressionist art highlights light and atmosphere effects.,40ace3df2d,0,1,0,1,1,0
"Tetons rise in western Wyoming, USA.",1fd8ce0ce7,0,1,0,0,0,0
Nobel Prizes honor global scientific achievement.,ab2bc2baca,1,1,0,1,1,0
Classification ranks organisms by characteristics and lineage.,d2f0142a90,0,1,0,0,0,0
Set theory supports advanced mathematical logic.,9276c138df,0,1,0,1,0,0
Periodic tables categorize elements precisely.,1df252a7b3,0,1,0,0,0,0
Active listening resolves misunderstandings in relationships.,d3c8a4ff63,1,0,0,1,1,1
Virtue ethics emphasizes moral character development.,8908937a9b,1,1,0,1,1,0
Christianity offers hope in eternal salvation.,4e2ef3b101,1,0,0,1,1,0
Civic duties include paying taxes responsibly.,9e81fff045,1,1,0,1,1,0
Satellite navigation locates specific coordinates accurately.,c363d4763e,0,1,0,0,0,0
Hyperlinks connect website content interactively.,c2e87abf1d,0,1,0,1,0,0
Impressionism introduced new styles in painting.,431ef219b9,0,1,0,1,1,0
The Great Depression started in 1929.,eecbdd239a,0,1,0,1,0,0
Banking transactions include deposits and withdrawals.,7ea1bc56e1,0,1,0,1,0,0
Algebra uses letters for unknown values.,56be6b25a3,0,1,0,1,0,0
Charles Darwin developed evolutionary theory.,cd1364d361,0,1,0,0,0,0
Self-motivation supports personal growth.,6ab008fab2,1,1,0,1,1,0
Stoicism teaches emotional resilience.,94624e0126,1,0,0,1,1,0
Christianity has many denominations worldwide.,b422b000c2,1,1,0,1,0,0
GPS devices use satellite technology.,079d251d82,0,1,0,0,0,0
Handbooks summarize basic information quickly.,f755bf7a82,0,1,0,1,0,0
Lake Superior borders Canada and the United States.,bff7b0851e,0,1,0,0,0,0
Hydration affects mental performance directly.,0aa610523d,0,1,0,0,0,0
WWI ended with the Treaty of Versailles.,075718ea29,0,1,0,1,0,0
School requires attendance from children by law.,cbc3753bb3,1,1,0,1,0,0
Multiplication tables help solve equations quickly.,e79bf4b49b,0,1,0,1,0,0
Genetic inheritance passes traits between generations.,2f5fa0e870,0,1,0,1,0,0
Body language communicates without spoken words.,8ce95848c5,0,1,0,1,1,1
Abductive reasoning draws plausible conclusions.,ddf5b3fe96,0,1,0,1,1,1
Social hierarchies organize people into ranked classes.,16986ae2e3,1,0,0,1,0,0
Mobile apps perform specific functions on smartphones.,dfd69c4028,0,1,0,1,0,0
Indexes alphabetize topics for easy location.,14f1449641,0,1,0,0,0,0
Cubism fragmented subjects in visual art.,96de886a51,0,1,0,1,0,0
Mount Etna is Europe's most active volcano.,895dcecf90,0,1,0,0,0,0
Core training strengthens back and abdomen muscles.,1ca4312c45,0,1,0,1,0,0
Chronological order arranges events by time.,441e2242fe,0,1,0,0,0,0
Supermarkets offer self-service grocery options.,40d5522923,0,1,0,1,0,0
Decimals express fractions using a dot system.,4f632eee0d,0,1,0,0,0,0
Energy can be kinetic or potential.,78c82325c1,0,1,0,0,0,0
Positive reinforcement encourages repeated behaviors.,20379770ff,1,1,0,1,1,1
Voting age varies among nations.,b8377d6340,1,1,0,1,0,0
Bluetooth lets devices exchange data wirelessly.,a32cb03707,0,1,0,0,0,0
Woodcuts produce prints using carved wooden blocks.,6399eaea3f,0,1,0,0,0,0
Jumping jacks increase aerobic endurance.,055beb2996,0,1,0,0,0,0
Napoleon crowned himself emperor of France.,ee35da4fbe,1,1,0,1,1,0
Travel agencies arrange transportation and lodging.,37816ed5e7,0,1,0,1,0,0
Division finds how many times one fits into another.,1f121aeb2d,0,0,0,1,0,0
DNA carries instructions for life processes.,4910eb43cb,0,1,0,0,0,0
Healthy emotions improve daily decision-making.,d5861c3d3f,1,1,0,1,1,0
Paradoxes challenge conventional truths logically.,a9c9f35865,1,0,0,1,1,0
Anglicanism emerged during England’s Reformation period.,79ad95f3ba,1,1,0,1,0,0
Laws regulate public actions and disputes.,c4b30d6464,1,1,0,1,0,0
Health insurance aids medical cost coverage.,34d02f06b4,1,1,0,1,0,0
User guides explain software tools step-by-step.,f5c03280a7,0,1,0,1,0,0
Jazz fused African and European musical traditions.,8bd6e48ec9,0,0,0,1,0,0
Resistance bands assist muscle strength exercises.,3397ae1a35,0,1,0,1,0,0
Transcontinental railroads united distant regions historically.,29122ad2d2,0,1,0,0,0,0
Set addition increases collection size mathematically.,6ddb2cc1a1,0,1,0,0,0,0
Neutron particles carry no electric charge.,3e1ad6044f,0,1,0,0,0,0
Learning skills improve adaptability at work.,7c1a8f7cfc,1,1,0,1,1,0
LEDs emit light with little heat generated.,866acec507,0,1,0,0,0,0
Hymnals collect religious songs for group worship.,15777445bc,1,1,0,1,0,0
Stonehenge stands as prehistoric monument in England.,b15aa6eaad,0,1,0,0,0,0
Spinning bikes simulate outdoor cycling exercise.,369230d775,0,1,0,0,0,0
Martin Luther promoted Protestant reforms.,b7b6a4b981,1,1,0,1,1,0
E-commerce allows business online transactions globally.,1fda3218aa,0,1,0,1,0,0
Photosynthesis stores solar energy in plants.,d14df6d1f2,0,1,0,0,0,0
Topology examines properties unaltered by deformation.,57cda4bdca,0,1,0,0,0,0
Empathy builds strong peer connections.,3952ed066d,1,1,0,1,1,1
Pragmatism focuses on practical results of ideas.,8cdac0d160,1,0,0,1,1,0
Norms shape social expectations for behavior.,ac38f16ff8,1,1,0,1,1,1
Glossaries define terms for reference.,9aa9d7e82c,0,1,0,1,0,0
Sumi-e represents Japanese ink wash paintings.,2bc4f92f41,0,1,0,1,0,0
Ural Mountains divide Europe and Asia geographically.,8fa320fa30,0,1,0,0,0,0
Pilates enhances posture and core stability.,c3a7009a6c,0,1,0,0,0,0
Abolitionists fought slavery in the nineteenth century.,e02ba861eb,1,0,0,1,1,0
Textiles involve weaving fibers into fabric goods.,915c6be8de,0,1,0,0,0,0
Equations show mathematical relationships clearly.,672df97e60,0,1,0,0,0,0
Evaporation changes liquid water into gas.,4c943f2809,0,1,0,0,0,0
Consistency fosters trust over long-term interactions.,cc80e3f2b7,1,1,0,1,1,1
Ontological arguments debate existence of higher realities.,f1d4873fcb,0,0,0,1,1,0
Nature worship features reverence for natural forces.,b16b832f1e,1,1,0,1,1,0
Council members enact local government policies.,19b29d9bea,1,1,0,1,0,0
Vaccine research prevents viral disease outbreaks.,af23f3ba56,0,1,0,0,0,0
Quick start menus simplify electronics setup.,ecfa3de665,0,1,0,1,0,0
Yangtze River forms China’s longest waterway.,02ff8eba12,0,1,0,0,0,0
Calisthenics develops body control using minimal equipment.,18e149c8a2,0,1,0,1,0,0
Trail of Tears displaced Native American communities.,32a771df89,0,1,0,0,0,0
Catering provides food services for groups or events.,8bd8b8e6c4,1,1,0,1,0,0
Fractions indicate partial amounts of whole units.,3b76eab9a7,0,1,0,0,0,0
Curiosity inspires inventors to solve problems.,1eac1e528e,1,0,0,1,1,1
Deduction applies known rules to reach conclusions.,bf8f46b2e1,0,0,0,1,0,0
Creation myths explain universe origins culturally.,d206892329,0,1,0,1,0,0
Guilds regulated medieval crafts and professions.,2af3d1189a,1,1,0,1,0,0
Drones capture aerial photos via remote control.,2a3648e816,0,1,0,0,0,0
Encyclopedias present verified facts for readers.,af4cda8022,0,1,0,1,0,0
A factbook compiles essential statistics about countries.,49cc20149c,0,1,0,0,0,0
Pop music often features repetitive choruses.,fe48b76b2d,0,1,0,1,0,0
Drinking tea hydrates like water.,deb6b9485f,0,1,0,0,0,0
The Industrial Revolution began in Britain.,39fc916f86,0,1,0,1,0,0
Birdwatching records sightings and behaviors of species.,1d3aad6d94,0,1,0,0,0,0
Multiplication finds the total of equal groups.,3ddced18af,0,1,0,0,0,0
Lightning results from negative and positive charges meeting.,4b9b6113fd,0,1,0,1,0,1
Aristotle wrote influential works on logic and science.,2e848a5051,1,0,0,1,1,0
Teamwork enhances group productivity.,40546c40e7,1,1,0,1,1,0
Rational thinking relies on reasoned steps.,b185228ffc,1,0,0,1,1,0
"Zoroastrianism worships one god, Ahura Mazda.",8bd35268e5,1,1,0,1,1,0
Marriage joins partners into a social contract.,ef19b57014,1,1,0,1,1,1
Web browsers display information from Internet websites.,207c6a7500,0,1,0,0,0,0
E-books provide reading accessible via digital devices.,cb787923ac,0,1,0,1,0,0
Modern dance emphasizes expressive movement.,dfcac75b96,0,1,0,1,0,0
Mount Everest borders Nepal and China.,09d7844b10,0,1,0,0,0,0
Baking requires precise measurements for success.,242a97813e,0,1,0,1,0,0
Graphs visualize mathematical relationships.,6312c1e4c0,0,1,0,0,0,0
Photosynthesis produces energy-rich molecules in plants.,0a2e2ea09d,0,1,0,0,0,0
Altruism means helping others without expecting reward.,b880d24ad8,1,0,0,1,1,1
Formulating hypotheses guides further investigation.,a813e7a94a,1,1,0,1,0,0
Sikhism teaches beliefs in honest living.,5ff5d5ff37,1,1,0,1,1,0
Laws ensure order within societies.,3aa547c0f1,1,0,0,1,0,0
Remote work enables employment outside traditional offices.,b07a5d1bbc,1,1,0,1,0,0
Usernames identify individuals on internet platforms.,6fa44c5f1f,0,1,0,1,0,1
Catalogues organize items for systematic browsing.,dbc99691f3,0,1,0,1,0,0
Ceramic art shapes clay then fires it.,0fb96e5d67,0,1,0,0,0,0
Venice sits atop a network of canals.,4a24c5c22b,0,1,0,0,0,0
Cold War saw ideological split between east and west.,22b6cc382d,1,1,0,1,1,0
Market research informs product development strategy.,12cf21454e,1,1,0,1,0,0
Division parts quantities into smaller units.,f6556cc9d3,0,1,0,0,0,0
Reassurance reduces feelings of anxiety.,a99cc1174f,1,1,0,1,1,0
Heuristics simplify complex problem-solving tasks.,acff10e78a,1,1,0,1,0,0
Pilgrimage fosters religious identity growth.,8ad5106ee8,1,0,0,1,1,0
Ethical frameworks debate right action standards.,79eaf03c9a,1,1,0,1,1,0
Media outlets broadcast news worldwide.,786b07e75e,0,1,0,1,0,0
Battery technology powers portable electronics.,ed5c1528fa,0,1,0,1,0,0
Abstracts shorten articles for quicker reference.,60444065a4,0,1,0,1,0,0
Baroque artists emphasized dramatic visual contrasts.,e9e2786ab4,0,1,0,1,1,0
Jogging supports cardiovascular endurance.,8b2e682229,0,1,0,0,0,0
American civil rights secured voter protections.,a9304dd871,1,1,0,1,1,0
Retailers offer goods directly to shoppers.,cff2bb875a,1,1,0,1,0,0
Fractions express ratios or comparisons.,da195b529f,0,1,0,0,0,0
Kepler’s laws explain motion of planets.,ad5ac8cf6f,0,1,0,0,0,0
Chemical reactions rearrange atomic bonds only.,43a3f5ce57,0,1,0,0,0,0
Merit increases chances for workplace promotion.,493f890da3,1,1,0,1,0,1
Analyzing data clarifies decisions or trends.,904bb1e25d,0,1,0,1,1,0
Muslim prayers are performed five times daily.,24d961c68a,1,1,0,1,0,0
Parliaments legislate national laws democratically.,e529a5046e,1,1,0,1,1,0
Bluetooth synchronizes devices at short range.,c61ad56d16,0,1,0,0,0,0
Glossaries simplify specialized terms in texts.,2f08df3c5b,0,1,0,1,0,0
Muralists use walls for large-scale paintings.,f890bf5862,0,1,0,1,0,0
Rocky Mountains stretch across western North America.,c0f4e74b9e,0,1,0,0,0,0
Tai chi combines martial arts with meditative focus.,c8349caff2,1,1,0,1,0,0
Bookstores sell printed or electronic books.,c10de6d864,0,1,0,1,0,0
Decimals extend beyond whole numbers.,864c44cfc6,0,1,0,0,0,0
Keystone species stabilize ecosystems overall.,a8b83afcb9,0,1,0,0,0,0
Journaling helps clarify personal thoughts.,3007325458,1,1,0,1,1,0
Relativism suggests truths depend on perspectives.,bf4104c17d,1,0,0,1,1,0
Animistic practices revere spirits of ancestors.,990ba9f007,1,1,0,1,1,0
Municipalities provide local government services.,ecca9d766b,0,1,0,1,0,0
App developers write software for smartphones.,5efb0d384b,0,1,0,1,0,0
Link lists connect related topics in documents.,192b36b46a,0,1,0,1,0,0
Symphonies contain several movements played together.,1ea34bf0e2,0,1,0,1,0,0
Aquatic aerobics provides buoyant resistance for exercise.,836096af50,0,1,0,0,0,0
Universal Declaration of Human Rights guarantees basic freedoms.,86ab6b3e52,1,1,0,1,0,0
Professional cooks specialize in various cuisines.,78825216f0,0,1,0,1,0,0
Places organize based on latitude and longitude coordinates.,f655fcdb05,0,1,0,0,0,0
Electricity moves when electrons flow freely.,16f6db8701,0,1,0,0,0,0
Tessellation repeats geometric patterns seamlessly.,fb68ec7c88,0,1,0,0,0,0
Understanding metaphors improves language fluency.,606cd71bf6,0,1,0,1,1,0
Consequentialism weighs outcomes before making choices.,d450d1908d,1,0,0,1,1,1
Jewish holidays follow a lunar calendar structure.,8123f42b86,0,1,0,0,0,0
Census surveys collect population demographic statistics.,165f5df619,0,1,0,0,0,0
Search engines find web pages using keywords.,102075652b,0,1,0,0,0,0
How-to guides teach new skills methodically.,642f223d6e,1,1,0,1,1,0
Etching creates images by cutting metal surfaces.,c334b6806e,0,1,0,0,0,0
Manila is Philippines’ capital city.,47c478f29f,0,1,0,0,0,0
Group sports support teamwork and fair play.,b35f4f5a1e,1,1,0,1,0,0
Triangular trade influenced colonization economies globally.,969506ba12,0,1,0,0,0,0
Density tells how packed matter is structurally.,4d45f9e85c,0,1,0,0,0,0
Positive feedback encourages repeated actions.,9275c3fcbb,1,1,0,1,1,1
Informed consent respects participant decision-making autonomy.,df7fa2059c,1,1,0,1,1,1
Orthodox Christianity maintains traditional liturgy.,13b47fed65,1,1,0,1,0,0
Campaigns attempt to sway public opinion.,682f525dfb,1,1,0,1,1,0
Reference books provide facts for quick consultation.,c51c5a8d80,0,1,0,1,0,0
Museums display art and historical objects publicly.,e7d4a0db3e,1,1,0,1,1,0
Istanbul spans two continents—Europe and Asia.,989532f2cf,0,1,0,0,0,0
Cycling increases cardiorespiratory endurance.,1226ca6293,0,1,0,0,0,0
"D-Day occurred on June 6, 1944.",45442482e6,0,1,0,0,0,0
Professional drivers require specific licenses.,d30840679c,0,1,0,1,0,0
Fractions show parts less than a whole.,3876a1b947,0,1,0,0,0,0
Optimism fosters resilience in adversity.,f906dc087b,1,0,0,1,1,1
Cognitive bias influences judgment subconsciously.,f0c150b1e3,1,1,0,1,1,0
Daoism emphasizes balance with nature.,7569a6c9a7,1,1,0,1,1,0
Email attachments transmit files electronically.,996103fa81,0,1,0,0,0,0
Smart home devices automate household functions.,ee7da2c0d3,0,1,0,1,0,0
Haiku uses three lines with set syllables.,0e6df621d3,0,1,0,1,0,0
Petra is an ancient stone city in Jordan.,cb11465bd9,0,1,0,0,0,0
Aerobic dancing improves coordination and stamina.,b7d87c26ef,0,1,0,1,0,0
Renaissance art revived classical Greek techniques.,1e464ff1f7,0,1,0,1,1,0
Meal prepping organizes food for busy schedules.,737d88bba8,0,1,0,1,0,0
Trigonometry explores relationships among triangle angles.,f05a59d2a4,0,1,0,0,0,0
Personal interests drive recreational choices.,2c9bbc5c08,1,1,0,1,1,0
Confirmation bias distorts objective interpretation of evidence.,b034af766f,1,0,0,1,1,0
Shinto rituals respect ancestral spirits.,57c2042c04,1,1,0,1,1,0
Juries decide guilt or innocence in trials.,f1c5a9649f,1,1,0,1,0,0
App stores distribute software digitally.,e42e5474f3,0,1,0,1,0,0
Bibliographies enhance credibility in academic research.,d1f4898843,0,1,0,0,0,0
Batik designs use wax to resist dye on cloth.,c284b7b948,0,1,0,1,0,0
Monaco is the world’s smallest principality.,762dd62431,0,1,0,1,0,0
Bodyweight exercises need no special equipment.,62a7e2c610,0,1,0,1,0,0
French Revolution established republican government.,18fa991bc1,1,1,0,1,1,0
Customer service manages client concerns and feedback.,3b5ca008b3,1,1,0,1,0,0
Noble gases are chemically nonreactive elements.,ce11e3688f,0,1,0,0,0,0
Adaptation helps species survive environmental change.,c773720064,0,1,0,0,0,0
Peer pressure shapes adolescent behaviors deeply.,34dbba7419,1,1,0,1,1,1
Goal setting achieves measurable progress over time.,1a21b407ad,1,1,0,1,1,0
Relativists deny universal moral truths exist.,6efe23f5bd,1,0,0,1,1,0
Public works benefit society through infrastructure projects.,8058e93fb5,1,1,0,1,1,0
Touchscreens allow user input via fingertip contact.,af726a9bf0,0,1,0,1,0,0
Librarians organize and maintain informational resources.,b6453ade27,0,1,0,1,0,0
Romanesque architecture features rounded arches and thick walls.,7c25391b1c,0,1,0,0,0,0
Amazon River runs through Brazil and Peru.,1adf05d503,0,1,0,0,0,0
Pulse rate measures heartbeats per minute.,9329b1f8a5,0,1,0,0,0,0
Treaty agreements resolve disputes between nations.,34860eb22c,1,1,0,1,0,0
E-commerce enables direct sales online.,a11ae13907,0,1,0,1,0,0
Decimals represent partial units numerically.,fe1ed08cd0,0,1,0,0,0,0
Osmosis diffuses water across membranes naturally.,9284a452cf,0,1,0,0,0,0
Assertiveness expresses opinions respectfully.,885cf105d1,1,1,0,1,1,1
Deductive logic derives specifics from general statements.,13329e6f5b,1,0,0,1,0,0
Pantheistic belief equates divinity with the universe.,50fae1fe30,1,0,0,1,1,0
Marketplaces facilitate goods exchange locally or globally.,4a58befbae,0,1,0,1,0,0
Sustainable practices aim to conserve natural resources.,6f1d389015,0,1,0,1,0,0
User guides provide step-by-step product instructions.,e1b60c4425,0,1,0,1,0,0
Digital collages combine images using editing tools.,f30af9d284,0,1,0,1,0,0
Rowers build strength by paddling boats competitively.,d60b7b0b2b,0,1,0,1,0,0
World Health Organization sets global health standards.,6910533ce2,0,1,0,1,0,0
Tour agencies arrange trips and sightseeing excursions.,d965cdfb60,0,1,0,1,0,0
Buoyancy keeps objects afloat in fluids.,ea7558b7ef,0,1,0,0,0,0
Positive role models inspire constructive behavior changes.,302098a872,1,1,0,1,1,1
Empirical data validates scientific hypotheses.,b1ab08b51f,0,1,0,0,0,0
Christian sacraments mark significant life stages.,99b6f269e5,1,1,0,1,0,0
Federal governments divide power among levels.,a3493a8ca8,1,1,0,1,0,0
Cloud storage backs up important files remotely.,8f9a84b1cf,0,1,0,1,0,0
Annotated bibliographies describe each source briefly.,ccd770f9da,0,1,0,0,0,0
Woodcarving creates decorative designs in timber surfaces.,34eb95afb3,0,1,0,0,0,0
Loire Valley hosts many castles in France.,65077f48ea,0,1,0,0,0,0
Colonial expansion shaped geographies worldwide.,47edea29d3,0,1,0,0,0,0
Pie charts visualize proportions in statistical data.,e1a9cab2d5,0,1,0,0,0,0
Newton discovered gravity after observing falling apples.,fffc3ce5ed,0,1,0,0,0,0
Sedimentary rocks form from compressed mineral layers.,e7b0b9fe7c,0,1,0,0,0,0
Collaboration accelerates problem solving in teams.,7d49b40d7b,1,0,0,1,0,0
Judaism celebrates Passover in springtime annually.,ed5f24d944,0,1,0,1,0,0
National parks protect wildlife and unique landscapes.,121a343f15,0,1,0,1,0,0
Link aggregation bundles network connections efficiently.,3ddf6df31b,0,1,0,0,0,0
Rap music uses rhythmic spoken lyrics over beats.,64664a00c9,0,1,0,1,0,0
Ottawa is the capital city of Canada.,2bac556e38,0,1,0,1,0,0
The Berlin Wall symbolized Cold War division in Europe.,cab2e17a75,0,0,0,1,1,0
Freelancers provide services without long-term employment contracts.,f5325ab509,1,1,0,1,0,1
Percentages compare numbers to 100 as a reference point.,04b81e5cf5,0,1,0,0,0,0
Sound waves require a medium for transmission.,28f89bbef2,0,1,0,0,0,0
Marie Curie researched radioactivity extensively.,4650b1453a,0,1,0,0,0,0
Self-discipline promotes achieving long-term objectives.,3837f4494c,1,0,0,1,1,0
"Hindu deities include Vishnu, Shiva, and Brahma.",521a2559f0,0,1,0,1,0,0
Judges interpret laws within court systems.,2cda067be7,1,1,0,1,0,0
Digital wallets enable cashless transactions using smartphones.,9702d7c595,0,1,0,1,0,0
Touchscreens detect finger or stylus movements electronically.,96e22f8b8b,0,1,0,1,0,0
Watercolor art uses pigment mixed with water.,4c4b8f2418,0,1,0,0,0,0
Aerobic fitness improves heart and lung efficiency.,d39edab5c4,0,1,0,0,0,0
Gothic cathedrals feature pointed arches and stained glass windows.,a7a9e352ee,0,1,0,1,0,0
Meal timing regulates energy throughout the day.,d9a2d8dff9,0,1,0,0,0,0
Photosynthesis releases oxygen into Earth’s atmosphere.,0b64f6820e,0,1,0,0,0,0
Social support networks enhance emotional well-being.,59d6d8f9e1,1,1,0,1,0,0
Metacognition means thinking about your own thoughts.,2e5932d688,1,1,0,1,1,0
Pantheists believe divinity exists in everything natural.,a1d6266819,0,0,0,1,1,0
Mayoral elections control local government leadership.,c08df9befa,1,1,0,1,0,0
Television streams video signals to digital displays.,8fc9f339bf,0,1,0,0,0,0
Encrypted messages increase online privacy and data security.,2c155cd025,0,1,0,1,0,0
Tapestries tell stories through woven fabric images.,25082c6487,0,1,0,1,1,0
Singapore is both a city and country.,9d814034a4,0,1,0,0,0,0
Aquatic therapy rehabilitates injuries with water resistance.,d99bba2969,0,1,0,0,0,0
French Revolution abolished monarchy permanently.,6976895063,1,1,0,1,1,0
Customer feedback shapes product development decisions.,f9e58812f3,1,1,0,1,0,0
Sharing divides possessions among multiple recipients.,1d55611814,1,1,0,1,0,1
Matter changes state from liquid to gas by boiling.,7d5845cb20,0,1,0,0,0,0
Transpiration moves moisture from leaves into air.,b5214af653,0,1,0,0,0,0
Healthy friendships lower overall stress levels.,c0783623a9,1,1,0,1,1,0
Analogies illustrate unfamiliar ideas using familiar concepts.,99faa36fdd,1,1,0,1,1,0
Ethical codes protect rights and dignity at work.,063e66ed62,1,1,0,1,1,0
Bank branches manage financial accounts locally.,26066d7d6e,0,1,0,1,0,0
Designers use 3D modeling software for prototypes.,2f8ef760ab,0,1,0,1,0,0
Ndebele wall paintings are cultural symbols in South Africa.,9cbe40e48d,0,1,0,1,0,0
Skip rope increases foot speed effectively.,761c37cbfd,0,1,0,1,0,0
Vietnam Independence Day celebrates national liberation.,e585e14cc8,1,1,0,1,1,0
Big-box retailers sell large volumes of consumer goods.,1add7027b9,1,1,0,1,0,0
Circle graphs convey relative percentages visually.,5231b0fa1f,0,1,0,0,0,0
Absolute zero is the lowest possible temperature measured.,bfed7c7117,0,1,0,0,0,0
Analyzing experiment results leads to scientific conclusions.,99b1baea8e,0,1,0,0,0,0
Community service volunteers contribute skills for common benefit.,489c9aed29,1,1,0,1,1,0
Cars now use computer-controlled engine management systems.,65c0b18cc0,0,1,0,1,0,0
Mount McKinley (Denali) is North America’s highest point.,14b56f7230,0,1,0,0,0,0
Victory in Europe Day marks WWII’s end in Europe.,12200a96f1,1,1,0,1,1,0
Consultants advise on specialized professional issues.,b372b89931,1,1,0,1,1,0
Decimals express tenths or hundredths values simply.,3b36138f0c,0,1,0,0,0,0
Therapy dogs visit hospitals to comfort patients.,6a4486359b,0,1,0,1,0,0
Time zones align clock settings across global locations.,688dbebbdb,0,1,0,0,0,0
Positive affirmations reinforce self-worth beliefs.,16a2fa3c4c,1,1,0,1,1,1
Axioms serve as fundamental starting points in reasoning.,c6e6ec96dd,0,0,0,1,0,0
Materialist philosophers limit reality to physical matter only.,6711b60ffb,0,0,0,1,0,0
Prayers ask deities for guidance or help.,0aaf50a0ad,1,1,0,1,1,0
Statutory holidays vary by jurisdiction each year.,3ffa3cdeb5,0,1,0,1,0,0
E-books expand library access digitally worldwide.,c1f0b00976,0,1,0,1,0,0
Scratchboard illustration etches white lines from black surfaces.,ffedb5f629,0,1,0,0,0,0
Yosemite National Park lies in California’s Sierra Nevada.,279e706efc,0,1,0,0,0,0
"Martial arts promote focus, discipline, and respect.",e6fc041747,1,1,0,1,0,0
Constitutional conventions write new governing documents.,34107fb66c,1,1,0,1,0,0
Hydraulic machines operate via pressurized fluids.,4f16434bad,0,1,0,0,0,0
Subtraction subtracts smaller numbers from larger ones.,a28ccdf62f,0,0,0,0,0,0
Ohlone lived along California’s central coast historically.,4b5e0ba34d,0,1,0,0,0,0
Proportional representation allocates political seats evenly.,cad33e0047,0,1,0,1,0,0
Graphite rods conduct electricity efficiently in batteries.,a7efbc724b,0,1,0,0,0,0
Earthquakes release seismic energy causing ground movement.,1c611bbcf1,0,1,0,0,0,0
Mentors inspire mentee growth through shared experiences.,a92622d3c6,1,1,0,1,1,1
Rule-based ethics emphasize following principles strictly.,1a1baa6f28,1,1,0,1,1,0
Mormon pioneers settled Utah’s Salt Lake Valley.,adc6a6bc99,0,1,0,1,0,0
Chambers pass legislative bills to make laws.,a90d8fdb63,1,1,0,1,1,0
Smart cars integrate automated safety sensors and controls.,c598ba6797,0,1,0,1,0,0
A phonebook lists residential and business contact information.,0eead7d7c5,0,1,0,1,0,0
"Zurich, Switzerland sits on Lake Zurich’s north shore.",c028a0610a,0,1,0,0,0,0
Babysitting involves short-term child care responsibilities.,e0aacd0468,1,1,0,1,0,0
Earth's surface consists mostly of water.,387ef7d6a3,0,1,0,0,0,0
Isaac Newton developed three laws of motion.,2fbac9226e,0,1,0,0,0,0
Friendship provides emotional security over time.,73eaaec63d,1,1,0,1,1,0
Deliberation considers options before making choices.,3946f08b0a,1,0,0,1,1,1
Sikh beliefs stress equality before God.,49deea113a,1,1,0,1,1,0
Parliament authorizes new taxes or spending bills.,b9f8898b72,1,1,0,1,1,0
Streaming services deliver video content via the internet.,bce318c3c0,0,1,0,0,0,0
Wireless keyboards communicate with computers by radio signals.,6200c911c8,0,1,0,1,0,0
Graffiti may express political protest messages.,5d76aaa709,0,1,0,1,0,0
Mexico City stands at high altitude above sea level.,74df31ac67,0,1,0,0,0,0
Strength training burns calories more quickly than walking.,276042b1fe,0,1,0,0,0,0
Aztec civilization flourished in central Mexico.,a467486895,0,1,0,0,0,0
Soup recipes combine ingredients simmered in liquid.,43aea6831f,0,1,0,0,0,0
Magnetism moves compass needles toward magnetic poles.,7683876ad2,0,1,0,0,0,0
Nutrition facts label food package contents.,fa39de5e47,0,1,0,0,0,0
Deductive inference applies rules to a case.,07586eef30,1,0,0,1,0,0
Zen koans challenge habitual thinking.,f5e9c7a18b,1,0,0,1,1,0
Committees review legislative proposals for possible changes.,8983e80899,1,1,0,1,0,0
Mobile apps let users bank from home.,fb06e26ba0,0,1,0,1,0,0
Manuals can update through electronic downloads.,e72ad57c5e,0,1,0,1,0,0
Stained glass windows color sunlight entering cathedrals.,0f063354e6,0,1,0,1,0,0
Patagonia covers southern Argentina and Chile regions.,4b5ef81980,0,1,0,0,0,0
Rowing sculls develop upper body muscle strength.,8f6b1c52e4,0,1,0,1,0,0
Berlin Airlift supplied West Berlin during blockade.,636ef0b170,0,1,0,0,0,0
Food courts cluster multiple restaurants together.,768d88ebe2,0,1,0,1,0,0
Fractions compare numbers not evenly divided.,75a49d7a44,0,1,0,0,0,0
Lava cools and forms igneous rock layers.,311e62d9d5,0,1,0,0,0,0
Judgment evaluates alternatives for best outcomes.,01fcf60ff9,1,1,0,1,1,1
Statistics use samples to infer about populations.,0b36a5c38a,0,1,0,0,0,0
Virtue ethics highlights acting with good intention.,664f299cbb,1,0,0,1,1,1
Consulates offer assistance to nationals abroad.,daca36316d,0,1,0,1,0,0
App icons often symbolize key app functions.,18d5606b8d,0,1,0,1,0,0
Public viewing areas enable safe wildlife observation.,093d0ce8f1,0,1,0,1,0,0
Water skis glide quickly across lake surfaces.,ec855f1f76,0,1,0,0,0,0
Skating activates core and leg muscles equally.,eaa65f4b2e,0,1,0,0,0,0
Treaties recognize national independence after war ends.,d9eeb9ea31,1,1,0,1,0,0
Hardware stores sell tools and building materials.,d131c44c2a,0,1,0,1,0,0
Decimals allow precise measurement comparison.,2846dfa091,0,1,0,0,0,0
Dew forms when air cools below saturation point.,a7a49e0ed5,0,1,0,0,0,0
Persuasive arguments rely on strong logic.,7362f8081a,1,1,0,1,1,0
Doctrines summarize official religious teachings.,8d730a5058,1,1,0,1,0,0
Trustees manage property on beneficiaries’ behalf.,bfe4ff59cb,1,1,0,1,0,0
Security cameras deter theft in public spaces.,e3768848f7,0,1,0,1,0,0
Machine learning automates analyzing large data sets.,152d05897d,0,1,0,0,0,0
Chapters organize book content into logical sections.,6dfbbb259b,0,1,0,0,0,0
Sand painting is used in cultural ceremonies.,d002be3c43,0,1,0,1,0,0
Ben Nevis is Scotland’s tallest mountain.,77fd13f256,0,1,0,0,0,0
"Parkour combines running, jumping, and climbing obstacles smoothly.",13fada19e8,0,1,0,1,0,0
Printing press revolutionized mass communication forever.,0208f223bd,0,1,0,1,1,0
Mail-order catalogs preceded online shopping opportunities.,fc74097412,0,1,0,1,0,0
Symmetry creates visually balanced artwork compositions.,d131c61faf,0,1,0,1,0,0
Plate tectonics explains earthquakes in Pacific Ring of Fire.,55e706e6e0,0,1,0,0,0,0
Solar energy powers rooftop panels efficiently.,09248b1853,0,1,0,0,0,0
Gratitude letters express appreciation meaningfully.,f931f93220,1,1,0,1,1,0
Induction develops theories after observing common trends.,fabc86466d,0,1,0,1,1,1
Monastic life emphasizes simplicity and community service.,1f17dca600,1,1,0,1,1,0
Campaign donors fund election activities voluntarily.,5b90603823,1,1,0,1,1,0
Programming defines computer tasks step-by-step clearly.,a1e9e6d7dd,0,1,0,1,0,0
Alphabetical order arranges library books easily.,bcbfee1bea,0,1,0,1,0,0
Scrapbooking preserves keepsakes in decorated albums.,4edb8b7745,0,1,0,1,0,0
Banks lend money based on received deposits.,e7e96d2748,0,1,0,1,0,0
Concerto features solo instrument against orchestral background.,eb599107ea,0,1,0,1,0,0
Falkland Islands lie east of South American coast.,5f22ab9b13,0,1,0,0,0,0
Wall climbing requires coordinated movement and grip.,2da13ec528,0,1,0,1,0,0
Emancipation Proclamation ended slavery in U.S. rebel states.,e848e4dfab,1,1,0,1,0,0
Debt repayment schedules require timely payments.,5bf7fdb68a,1,1,0,1,0,0
Place value gives digits different magnitude meanings.,e26b7f1538,0,1,0,1,0,0
Buoyant forces explain why objects float in liquids.,f689cee8c6,0,1,0,0,0,0
Reflection mirrors shapes as visual symmetry.,2ff7ada6c8,0,1,0,0,0,0
Utilitarian thinking measures total happiness in decisions.,195f71dc13,1,0,0,1,1,1
Ordination formalizes clergy authority within denominations.,3023d7c56f,1,1,0,1,0,0
Prison reform advocates increasing rehabilitation efforts.,c904a9fb2e,1,1,0,1,1,0
Socket wrenches turn bolts and nuts tightly.,fe63e91bdc,0,1,0,1,0,0
Social media enables rapid news dissemination worldwide.,ed20c7a1b7,0,1,0,1,0,0
A stylebook provides guidelines for writing consistency.,6e9041fcd7,0,1,0,1,0,0
Realism in art depicts everyday life accurately.,21d9cc4f21,1,1,0,1,1,0
Cairo is Egypt’s capital near the Nile Delta.,9f9a461f59,0,1,0,0,0,0
The Black Death killed millions during medieval times.,d6a63a63f7,0,1,0,1,1,0
Cashiers process transactions at points of sale.,8812ae6c37,0,1,0,1,0,0
Zero is a placeholder in our number system.,19460d3cdc,0,1,0,0,0,0
Electrons orbit atomic nuclei in shells.,a15f5eb434,0,1,0,0,0,0
Marie Curie won two Nobel Prizes.,60747e26bf,0,1,0,1,1,0
Constructive criticism improves performance or skills.,8f479cbf71,1,1,0,1,1,0
Short-term memory fades rapidly over minutes.,ba769fcccb,0,1,0,1,0,0
Confucian teachings emphasize respect and filial duties.,dcaa39eeb8,1,1,0,1,1,0
Municipalities oversee local planning and services.,a677afb775,0,1,0,1,0,0
Mobile payment apps transfer funds electronically.,5f575987d8,0,1,0,0,0,0
Wireless speakers use Bluetooth to receive audio.,3c326ba52e,0,1,0,1,0,0
"Ceramic glaze creates a shiny, waterproof finish.",5dd0abb20a,0,1,0,0,0,0
Venetians travel by gondola on city canals.,a748a1135c,0,1,0,0,0,0
Cross-training alternates workouts to prevent injury.,38d7f4ef3c,0,1,0,1,0,0
Baroque architecture features ornate details.,070b22ec80,0,1,0,1,0,0
Meal portions affect calorie intake and metabolism.,dc12797fc5,0,1,0,0,0,0
Refraction bends light through different materials.,f9c6efa5f1,0,1,0,0,0,0
Willpower resists temptation consistently.,e721868e71,1,1,0,1,1,1
Analogy helps explain new concepts simply.,4cecc166e2,1,1,0,1,1,0
Transcendentalist writers favored nature over industrial society.,173db999f3,1,0,0,1,1,0
Parishioners attend regular worship services together.,3fc9d1d681,1,1,0,1,0,0
Debates present differing viewpoints on specific issues.,42991d853a,1,1,0,1,1,0
Tutorials facilitate self-guided learning online.,cdb3f202ee,0,1,0,1,0,0
Pattern books illustrate crafts step-by-step.,a5b8c0013b,0,1,0,1,0,0
Frescoes decorate chapels with colorful wall paintings.,65233e5a34,0,1,0,1,0,0
Maasai communities span Kenya and Tanzania.,846ccf3539,0,1,0,0,0,0
Martial arts build agility and discipline.,f3449534e1,0,1,0,1,0,0
Jamestown was England's first permanent settlement in America.,41924b3638,0,1,0,1,0,0
Receipt printers produce payment verification slips instantly.,dbd468cbe8,0,1,0,0,0,0
Moon phases vary throughout each month.,76b9f9d98d,0,1,0,0,0,0
Inclusion ensures equal treatment regardless of differences.,5fa6db9679,1,0,0,1,1,0
Probabilities calculate expected risks mathematically.,b9892b148c,0,1,0,0,0,0
Moral codes provide collective standards for behavior.,6ea2b9cd89,1,0,0,1,1,0
Mystical traditions explore spiritual union directly.,c577c7610a,1,1,0,1,1,0
Bill of Rights protects basic American freedoms.,5df49d0775,1,0,0,1,1,0
Universal remote controls operate multiple electronics.,008d53077b,0,1,0,1,0,0
Tintype photography used metal plates historically.,3f35d88259,0,1,0,0,0,0
Bosporus Strait divides Istanbul into Europe and Asia.,147e11f624,0,0,0,0,0,0
"Kayaking strengthens back, arm, and core muscles.",856fa34d52,0,1,0,1,0,0
Geneva Convention sets wartime humanitarian principles.,0a82e6aa49,1,1,0,1,0,0
Artisans handcraft objects using specialized techniques.,cda70ab5b5,0,1,0,1,0,0
Sharable spreadsheets assist team project management.,6805f52672,0,1,0,1,0,0
Negative exponents represent reciprocals of numbers.,651d73c423,0,1,0,0,0,0
Subduction zones occur where tectonic plates meet.,9cb90363e0,0,1,0,0,0,0
Graphs chart variable relationships visually.,12b30331f7,0,1,0,0,0,0
Cultivation produces food from soil efficiently.,ad2338a648,0,1,0,0,0,0
Virtue lists encourage ethical self-development daily.,0cdd2d6b1a,1,0,0,1,1,0
Animistic beliefs connect spirits with plants and animals.,96bf684675,0,1,0,1,1,0
Uniform laws standardize cross-state regulations.,6b3de04512,1,1,0,1,0,0
"Timekeeping tracks hours, days, months, and years precisely.",c7de971edc,0,1,0,0,0,0
Encryption saves information secretly through algorithms.,f1546748d3,0,1,0,1,0,0
Poetry slams feature performances of original poems.,e013744c54,1,1,0,1,0,0
Sydney Harbour Bridge links city districts across water.,6da62e7d41,0,1,0,0,0,0
El Niño alters global weather patterns cyclically.,5b7bd6e53b,0,1,0,0,0,0
"Boxing matches test strength, strategy, and endurance.",59c4b0fd6b,0,1,0,1,0,0
Amendments update legal texts thoughtfully.,dc685b0a10,0,1,0,1,1,1
Impressionist music captures fleeting moods in sound.,3bba034411,0,1,0,1,1,0
Public health campaigns combat epidemics locally.,17e5aa9ffc,0,1,0,1,0,0
Resumes summarize career highlights concisely.,a8ceeb9c21,1,1,0,1,0,0
Microscopes magnify small samples for observation.,cf08a0cef0,0,1,0,0,0,0
Loyalty programs reward repeat customer purchases.,70bfe0baa7,1,1,0,1,0,0
Tectonics studies movements of Earth's crust.,9d4bbc5084,0,1,0,0,0,0
Conscription drafts citizens for military duty.,9ae888e1ea,1,1,0,1,0,0
Asset managers invest client money strategically.,5910cfbaa9,1,1,0,1,1,0
Positive economics analyzes facts without judgment.,dd6482452c,1,0,0,1,1,0
Deterministic computer programs always have predictable outputs.,25de20a69f,0,1,0,0,0,0
Nāhualt language originated among Aztec peoples.,850c24b579,0,1,0,1,0,0
Rome is known for its ancient architecture.,7760bc1d0c,0,0,0,1,0,0
The Amazon River flows through South America.,254d384bad,0,1,0,0,0,0
A balanced diet supports overall health and energy.,568c76dbab,0,1,0,0,0,0
Ancient Greece influenced Western philosophy.,7c0c0f7a06,0,0,0,1,0,0
Water covers most of Earth's surface.,794ad6366f,0,1,0,0,0,0
Oxygen makes up 21 percent of Earth’s atmosphere.,881cad4e6b,0,1,0,0,0,0
Mathematics uses numbers and symbols to solve problems.,7cd27be258,0,1,0,1,0,0
Subtraction removes a number from another quantity.,79e32bca2f,0,1,0,0,0,0
Soccer is played by two teams using a ball.,fe91839f88,0,1,0,0,0,0
Email sends messages electronically between computers.,740da9662d,0,1,0,0,0,0
Eye color depends partly on genetics.,1e7d72a6b5,0,1,0,0,0,0
Rain falls when water vapor condenses into drops.,678ccfd4bf,0,1,0,0,0,0
Winter storms produce snow or ice.,2cb07d1906,0,1,0,0,0,0
Spring follows winter as Earth's axis tilts.,327985cb9c,0,1,0,0,0,0
Pythagoras developed theories about right triangles.,b558a4fbee,0,1,0,0,0,0
Carbon is a key element for living things.,f821a05262,0,1,0,0,0,0
Saint Petersburg was once called Leningrad.,f4ff45ac5f,0,1,0,0,0,0
Monks live under religious vows in some faiths.,f1b61f8d1d,1,1,0,1,1,0
Doctors diagnose illnesses and injuries.,d6bde3a5f8,0,1,0,1,0,0
Pilots control aircraft during flights.,c27fed9532,0,1,0,0,0,0
Population density measures people per unit area.,ad63878d17,0,1,0,0,0,0
Loud noises can damage hearing over time.,9b317d6b3d,0,1,0,1,0,0
Hurricanes involve strong winds and heavy rains.,682a96f646,0,1,0,0,0,0
French is spoken widely in West Africa.,dae78318e7,0,1,0,1,0,0
Statues honor important historical figures.,f98f5e0039,1,1,0,1,1,0
Blue whales are the largest animals alive today.,f3ff750e59,0,1,0,0,0,0
Living organisms adapt to environmental changes.,04fef6cdb2,0,1,0,0,0,0
Plants store energy in roots and seeds.,26e7a45d87,0,1,0,0,0,0
Fuel powers cars and machinery.,048dde7f72,0,1,0,0,0,0
DNA determines physical traits inherited from parents.,14d1795ff3,0,1,0,0,0,0
Public schools offer free education.,f1a3d9417a,1,1,0,1,0,0
Chess requires careful planning and foresight.,b2d4065d68,1,0,0,1,1,0
Earthquakes release stored energy suddenly.,a0b314c620,0,1,0,0,0,0
Elevators move people vertically between building floors.,cf65e0f57f,0,1,0,0,0,0
Farmers cultivate crops for food production.,0c4f8dce06,0,1,0,0,0,0
Guitars create sound by vibrating strings.,97c1bb58f7,0,1,0,0,0,0
British Parliament passes laws in the United Kingdom.,b6e66aa8fc,1,1,0,1,0,0
Nurses assist doctors in patient care.,9dcc479aec,0,1,0,1,0,0
Cotton fibers are spun into thread.,2b8de7c56b,0,1,0,0,0,0
"Math involves arithmetic, geometry, and algebra.",15c14c8242,0,1,0,0,0,0
Cake is baked for celebrations.,e1912b1539,0,1,0,1,0,0
Swimming strengthens muscles and coordination.,db18f4d269,0,1,0,1,0,0
Reading increases vocabulary and understanding.,6e13474a10,0,1,0,1,0,0
Satellites orbit above Earth's atmosphere.,01a5f2508e,0,1,0,0,0,0
Runway lights guide airplanes landing at night.,175d9badd5,0,1,0,0,0,0
Classical music follows structured forms and harmonies.,47ffb4ad8d,0,1,0,1,0,0
Harvest festivals celebrate successful crop gathering.,149c6ae752,0,1,0,1,1,0
Barometers measure atmospheric air pressure.,161b9b1546,0,1,0,0,0,0
Flags symbolize countries and organizations.,c6f106aaa9,0,1,0,1,0,0
Symphonies feature large groups of musicians playing together.,a66e9fc6f8,0,1,0,1,0,0
Eating fruits provides vitamins and fiber.,375dc2615b,0,1,0,0,0,0
Programming instructs computers to complete specific tasks.,99ca85aa61,0,1,0,1,0,0
Democracy gives citizens voting rights.,704c15e257,1,1,0,1,1,0
Drinking water is essential for health.,8ebce0dbd1,0,1,0,0,0,0
Reading improves literacy skills.,8d5d6d4216,0,1,0,1,0,0
Earthquakes are caused by tectonic movement.,8d7b1c8467,0,1,0,0,0,0
Carbon dioxide is a greenhouse gas.,fb436f0d76,0,1,0,0,0,0
Clouds contain tiny drops of water.,b8591dfc0a,0,1,0,0,0,0
Planes fly passengers between cities quickly.,95cc746d27,0,1,0,0,0,0
Beijing is China's capital city.,5c9cb49537,0,1,0,1,0,0
Orchestras perform symphonic music with many musicians.,ed17c40c2a,0,1,0,1,0,0
French fries are made from potatoes.,e2b4c293b7,0,1,0,0,0,0
Wireless internet uses radio waves for connection.,06c207527e,0,1,0,0,0,0
Battery stores energy for electronic devices.,db69f5485f,0,1,0,0,0,0
Mosquitoes carry malaria parasites.,3477ea5e37,0,1,0,0,0,0
Saxophones are common in jazz bands.,95680b6109,0,1,0,1,0,0
Algebra solves equations with letters representing numbers.,5febd35998,0,1,0,0,0,0
Oceans cover about 71% of Earth's surface.,4d5d6816ac,0,1,0,0,0,0
Venus is second planet from the Sun.,b8ee7870e5,0,1,0,0,0,0
Soccer is played on a grass field with goals.,0d66b67648,0,1,0,0,0,0
Mail delivers messages and packages physically.,2278b57c8b,0,1,0,1,0,0
Basketball uses a ball and two hoops.,f8fd044041,0,1,0,1,0,0
Calendars keep track of dates and months.,4981b292d4,0,1,0,1,0,0
"Engineers design buildings, bridges, and vehicles.",6f4f07e08e,0,1,0,0,0,0
Cooking transforms raw ingredients into meals.,64aec1ea72,0,1,0,0,0,0
"Physics studies matter, energy, and forces.",8d4bda240c,0,1,0,0,0,0
"Astronomy explores stars, planets, and galaxies.",3ec0d6f84d,0,1,0,0,0,0
Electric cars run on rechargeable batteries.,2f1343aee3,0,1,0,0,0,0
Books tell stories or give information.,51acfc85fb,1,1,0,1,0,0
"Gymnastics combines strength, flexibility, and coordination.",a36ebf2767,0,1,0,1,0,0
Root vegetables grow beneath the soil.,479cf81e8c,0,1,0,0,0,0
Hip-hop merges rhythmic speech and music.,8b10685efb,0,1,0,1,0,0
Birdwatching involves observing wild birds in nature.,1c4a6af9a3,0,1,0,0,0,0
Antibiotics kill bacteria that cause infections.,36a29b3613,0,1,0,0,0,0
Glow-worms produce light through bioluminescence.,8f42817457,0,1,0,0,0,0
Eagles build nests high in trees or cliffs.,82c1ebf609,0,1,0,0,0,0
Tomatoes are botanically classified as berries.,b1ca801b4a,0,1,0,0,0,0
London has an underground railway called “the Tube.”,eb1961c341,0,1,0,0,0,0
River deltas deposit sediment where rivers meet seas.,6efeb505e5,0,1,0,0,0,0
Planets revolve around the sun in orbits.,c5b22616b7,0,1,0,0,0,0
Public libraries lend books without charge.,f1f2b84203,0,1,0,1,0,0
Ancient Rome built aqueducts for fresh water supply.,2a2887c017,0,1,0,0,0,0
Sinuses are cavities in the skull near the nose.,26d40cbe00,0,1,0,0,0,0
Romans constructed roads across their empire.,dffdc83236,0,1,0,1,0,0
Lawyers represent clients in legal matters.,fb417a362e,1,1,0,1,1,0
Whales migrate vast distances each year.,dc3bb5a83b,0,1,0,0,0,0
Hiking burns calories and benefits mental health.,4df232b320,0,1,0,0,0,0
Teleportation currently exists only in science fiction.,bf07c274eb,0,1,0,0,0,0
Football is called soccer outside North America.,016697b645,0,1,0,1,0,0
Paper mache creates lightweight sculptures and models.,d3f9bbd997,0,1,0,1,0,0
Colosseum in Rome hosted gladiator fights.,bbf87e7621,0,1,0,1,0,0
"Geologists study rocks, minerals, and earthquakes.",067e26301d,0,1,0,0,0,0
Puppetry brings lifelike motion to dolls and figures.,fd3bfe6360,0,1,0,1,1,0
Composers create new instrumental and vocal works.,072c54fea8,0,1,0,1,0,0
Unicycles require balance to ride single wheels.,35156bba1b,0,1,0,0,0,0
Seals live along coastlines and feed on fish.,dae510f879,0,1,0,0,0,0
Chess grandmasters win international tournaments by mastering strategy.,81f6cbedb4,1,1,0,1,1,0
Farmers rotate crops to maintain healthy soils.,f00394ef6e,0,1,0,0,0,0
Pottery is shaped then fired in kilns.,3091b599e2,0,1,0,0,0,0
Dictionaries define English words alphabetically.,a77ff1c86c,0,1,0,1,0,0
Disneyland opened in California in 1955.,20ff9cf25b,0,1,0,1,0,0
Cellos play low pitches in orchestras.,cfd3094f0e,0,1,0,1,0,0
Carnivores depend mainly on animal flesh.,98f0cf6758,0,1,0,0,0,0
Water boils faster at lower atmospheric pressure.,3303d18e54,0,1,0,0,0,0
Jet streams flow high above the Earth's surface.,f12c09f095,0,1,0,0,0,0
Digestion breaks down foods into nutrients.,d8c58a3ef8,0,1,0,0,0,0
Zoos house exotic and endangered animals safely.,9c033a585e,0,1,0,1,1,0
Drama presents story emotion through dialogue and action.,cdd0903fb8,1,1,0,1,1,0
Curriculums specify what students must learn at school.,449d8e7bf7,1,1,0,1,0,0
Pi Day is celebrated every March fourteenth.,da8efd225e,0,1,0,0,0,0
Shakespeare wrote plays and sonnets in English literature.,ed8afa9759,1,1,0,1,0,0
Diamonds are made of highly compressed carbon.,1803aa96d4,0,1,0,0,0,0
"Mount Everest's height exceeds 8,800 meters above sea level.",824d1bb9ed,0,1,0,0,0,0
Bananas provide fiber and potassium for nutrition.,5924c90429,0,1,0,0,0,0
"Maps display regions, borders, and features visually.",0c8126a596,0,1,0,0,0,0
Doctors treat diseases to improve patient health.,e8f3fbb02f,0,1,0,1,0,0
Triangles have three angles whose sum equals 180 degrees.,d10a4bbc05,0,1,0,0,0,0
Jazz emphasizes improvisation over strict notes.,693ea9e334,1,0,0,1,0,0
Museums preserve history and culture for future generations.,b894c639c5,1,0,0,1,1,0
"Yoga poses increase strength, flexibility, and balance.",3e414a9467,0,1,0,0,0,0
Atoms combine to create distinct chemical compounds.,7564a78975,0,1,0,0,0,0
Wi-Fi allows wireless connections for devices.,55bd3bccaa,0,1,0,0,0,0
Rain results when clouds release condensed water vapor.,90172ffcee,0,1,0,0,0,0
Money acts as a medium of exchange in markets.,386896482c,1,1,0,1,0,0
Bamboo can grow a meter per day in ideal conditions.,25037553f8,0,1,0,0,0,0
Drivers must obey traffic rules for safety.,2c219ed681,0,1,0,1,0,0
Honeybees make honey from plant sugar sources.,5188820728,0,1,0,0,0,0
Sound moves fastest in solid material mediums.,653581767c,0,1,0,0,0,0
Gravity keeps planetary bodies following elliptical paths.,761505cb7f,0,1,0,0,0,0
Dictionaries explain meanings and correct spellings of words.,388a22a395,0,1,0,1,0,0
Painting uses pigments applied with brushes or knives.,9d634311be,0,1,0,0,0,0
"Neutral colors include white, black, gray, and beige.",1fd0e7300d,0,1,0,1,0,0
Orchestras perform classical sheet music compositions.,f7fef31092,0,1,0,1,0,0
Airplanes travel between destinations rapidly using jet engines.,06a371dd1a,0,1,0,0,0,0
Reptiles regulate temperature by basking in sunlight.,449b8790fc,0,1,0,0,0,0
Phones enable voice communication across long distances.,0303be0629,0,1,0,0,0,0
Vitamins supplement dietary gaps for better health.,a319fb3252,0,1,0,0,0,0
"Books share knowledge, ideas, or stories with readers.",22f83f0ad8,1,1,0,1,1,0
Cloudy weather diffuses natural sunlight extensively.,acfe006da9,0,1,0,0,0,0
Jazz originated in African-American communities.,17ac4b4828,1,0,0,1,0,0
Dentists care for teeth and gums specifically.,be971b9079,0,1,0,1,0,0
Solar panels convert photon energy into electricity.,befb80baac,0,1,0,0,0,0
Democracy empowers citizens to vote for leaders.,49d2def7a2,1,0,0,1,1,0
Cheese forms by fermenting animal milk enzymes.,9988cd3fe6,0,1,0,0,0,0
Farmers raise crop plants for consumption or livestock.,f158130fcc,0,1,0,0,0,0
Fractions describe numbers less than whole values.,ba42cb5bb2,0,1,0,0,0,0
Opera fuses vocal performance and dramatic storytelling.,6d5da4d9ff,1,1,0,1,1,0
Water lilies float on ponds using broad leaves.,e7a37d80ea,0,1,0,0,0,0
The Olympic Games occur every four years globally.,b7f08e5d93,0,1,0,1,0,0
Temperature measures thermal energy in substances.,fd5e706e97,0,1,0,0,0,0
Lemons add acidity and flavor to foods.,c58877f53d,0,1,0,0,0,0
Antarctica contains no permanent residents except scientists.,20d526a298,0,1,0,0,0,0
"Diaries record personal experiences, thoughts, and feelings.",88ca1fa4ed,1,1,0,1,0,0
Fishing supplies high-protein food resources.,a08d367823,0,1,0,0,0,0
Glass is manufactured by melting sand and soda ash.,4917ee4f54,0,1,0,0,0,0
Violin bows use horsehair to produce sound.,e8293f0fe2,0,1,0,1,0,0
Giraffes feed on acacia trees using tall necks.,9a92747fbc,0,1,0,0,0,0
Iron resists corrosion best when coated with paint.,0493e1bbb3,0,1,0,0,0,0
Stars fuse hydrogen atoms into helium nuclei releasing energy.,52dd69cdac,0,1,0,0,0,0
Grammar outlines how languages structure sentences logically.,d0b4547b86,0,1,0,1,0,0
Lightning occurs when opposing charges equalize in atmosphere.,33fba21733,0,0,0,0,0,0
Digital cameras record photos as electronic images.,171117af24,0,1,0,0,0,0
"Engineering develops machines, roads, devices, or structures.",8664f4a738,0,1,0,0,0,0
Tulips are bulb flowers native to Central Asia regions.,a5b045c837,0,1,0,0,0,0
Carrots contain beta-carotene which the body converts to vitamin A.,ef03133a6d,0,1,0,0,0,0
Apples grow on deciduous trees that lose leaves yearly.,e1961af552,0,1,0,0,0,0
Science involves asking questions and conducting experiments methodically.,9623d08663,1,0,0,1,0,0
Public libraries freely loan books and multimedia items.,ff5aaf9cf5,0,1,0,1,0,0
Sunsets change sky color by scattering sunlight rays.,36c78b9244,0,1,0,0,0,0
Bonfires burn larger amounts of wood outdoors.,54f73eb289,0,1,0,0,0,0
Medicines help alleviate symptoms of sickness or infection.,a3b6434bec,0,1,0,0,0,0
Zebras blend into grasslands thanks to striped camouflage.,401dcca42d,0,1,0,0,0,0
Winter brings snowstorms to cold climate zones.,4fe03e5ed6,0,1,0,0,0,0
Teachers support learning objectives in educational institutions.,130def37e6,1,1,0,1,1,0
Archaeologists study artifacts from past societies.,1b69f02856,0,1,0,0,0,0
Soccer players score goals by kicking a ball.,e6d2c7a9a5,0,1,0,0,0,0
Hurricanes cause severe wind damage and flooding.,93ae88c109,0,1,0,0,0,0
Paper comes from processed tree fibers.,ae247fd9ae,0,1,0,0,0,0
Chocolate begins as cacao beans grown in tropical climates.,a3515d736f,0,1,0,0,0,0
Cookbooks give recipes and cooking techniques instructions.,964672c40c,0,1,0,1,0,0
Athletes train to enhance physical performance levels.,f0d2aadc33,0,1,0,1,0,0
Rome was home to emperors like Julius Caesar.,be45b5e797,1,0,0,1,1,0
Electric guitars require amplifiers for increased volume.,387e3106b2,0,1,0,1,0,0
Islands form when volcanoes emerge above water line.,2564a1f296,0,1,0,0,0,0
Seeds germinate when moistened and warmed by environment.,2182962d91,0,1,0,0,0,0
Psychology studies mental processes and behavior scientifically.,07ea77a448,1,1,0,1,0,0
Climate influences vegetation types found in geographic locations.,a4835f7062,0,1,0,0,0,0
Icebergs break away from large glaciers floating in ocean.,a0197d1de8,0,1,0,0,0,0
"Shakespeare wrote plays, including Hamlet and Macbeth.",621588366b,1,1,0,1,0,0
"A balanced diet includes proteins, vegetables, and grains.",ecb61ac69c,0,1,0,0,0,0
Earth's atmosphere consists mostly of nitrogen and oxygen.,95e4cfb165,0,1,0,0,0,0
Apple orchards produce fruit each autumn.,74fcc05eed,0,1,0,0,0,0
Salt preserves meat before refrigeration existed.,fa56f97a0e,0,1,0,0,0,0
Polygons are closed shapes with straight sides only.,7400d08857,0,1,0,0,0,0
Radio transmits sound waves over distance wirelessly.,ab2b8dd169,0,1,0,0,0,0
Cranes use long legs to wade in water.,dc1e569ff1,0,1,0,0,0,0
Coins serve as currency for small transactions.,f09feca9f9,0,1,0,1,0,0
Leaves change color in fall because of temperature.,c93c54393b,0,1,0,0,0,0
Healthcare professionals diagnose and treat illnesses.,6b91b5f422,0,1,0,1,0,0
Chess uses strategic moves on a checkered gameboard.,29f5f802a7,0,1,0,1,0,0
Doctors prescribe medicines and therapies for patients.,7eb4de9452,1,1,0,1,0,0
Mosquitoes are common carriers of various diseases.,4ed79cb05c,0,1,0,0,0,0
Logic forms the basis for rational argumentation.,15b033c5bc,1,0,0,1,1,0
"Mathematics analyzes patterns, quantities, and structures.",00a5103250,0,1,0,0,0,0
Actors perform roles in theatrical productions.,abaa984000,1,1,0,1,0,0
Teachers educate students in classrooms around the globe.,d557fa4773,1,1,0,1,0,0
Frida Kahlo painted expressive self-portraits.,a87f97a197,0,1,0,1,0,0
"The Eiffel Tower stands in Paris, France.",abb030de11,0,1,0,0,0,0
Basketball uses five-player teams competing to score points.,296d9bde76,0,1,0,1,0,0
Bulldozers move earth during construction projects.,2d999c6291,0,1,0,0,0,0
Quote marks indicate speech or citations in text.,0b1806df8f,0,1,0,1,0,0
Computers process information electronically at high speeds.,7e0787f40c,0,1,0,0,0,0
Lightning flashes occur during thunderstorm weather.,20fa34cee2,0,1,0,0,0,0
Pyramids exemplify ancient architectural achievements.,6f06712d7d,0,1,0,0,0,0
Vitamins help maintain body functions and metabolism.,5e7a6e1a22,0,1,0,0,0,0
Classical music uses structured compositions with orchestrated instruments.,24d980f932,0,1,0,1,0,0
Blueprints guide engineers in building designs.,1dca5efc95,0,1,0,1,0,0
Mars is visible with naked eyes during opposition.,61ea3291a9,0,1,0,0,0,0
Weather forecasts predict future atmospheric conditions locally.,08c2a963fa,0,1,0,0,0,0
Rice is the staple grain in Asian diets.,cb4ecb0c35,0,1,0,0,0,0
Puppetry brings stories to life using figures controlled by hand.,72244a6e50,0,1,0,1,1,0
Cancer describes group of diseases with abnormal cell growth.,e12b19135f,0,1,0,0,0,0
Google search engine indexes millions of web pages daily.,52beb2a50e,0,1,0,0,0,0
Cheese comes from curdled dairy milk stored properly.,4f0230a5ee,0,1,0,0,0,0
Crocodiles inhabit riverbanks and warm wetlands.,5ac8e32f46,0,1,0,0,0,0
Antarctica experiences six months of continuous daylight annually.,65fa6ffd17,0,1,0,0,0,0
"Engineers design machines, buildings, and infrastructures.",5c8302fe9f,0,1,0,0,0,0
Violinists play melodies by bowing strings precisely.,9e372b2585,0,1,0,1,0,0
Islands are surrounded entirely by water bodies.,9f6aba380d,0,1,0,0,0,0
Jogging improves resilience against sedentary lifestyles.,af78d283de,0,1,0,0,0,0
Ice forms naturally when temperatures drop below freezing.,80276047c8,0,1,0,0,0,0
Soccer uses a spherical ball and goalposts per team.,432a6123b9,0,1,0,1,0,0
Sculptors create three-dimensional works from stone or metal blocks.,f8e156cf85,0,1,0,0,0,0
Healthy eating supports strong immune system function.,a186bbc8a2,0,1,0,0,0,0
Electricity powers electronic devices everywhere.,6b3cc3dfec,0,1,0,1,0,0
Doctors treat injuries and illnesses daily.,f579c5fb59,0,1,0,1,0,0
Library shelves organize books by topic or author.,7d7479eec7,0,1,0,1,0,0
History studies past people and events.,81951eed26,1,0,0,1,0,0
Earthquakes result from movement along faults underground.,2db4290141,0,1,0,0,0,0
"Yoga incorporates posture, breathing, and concentration techniques.",7df671f3ab,0,1,0,1,0,0
Ballet dancers perform choreographed movements gracefully.,fda2de86df,0,1,0,1,0,0
Geographers study spatial distributions and locations.,1fca0ee533,0,1,0,0,0,0
Farmers grow grains and vegetables for consumption.,30d0b0375e,0,1,0,0,0,0
Honeybees produce honey within hives.,1d7ab0c6a5,0,1,0,0,0,0
Ancient Greeks built temples honoring their gods.,a6ef1c4a03,1,1,0,1,0,0
Public buses provide shared transportation around cities.,13f1bdf46a,0,1,0,0,0,0
Seals live both on land and in cold seas.,4cb1f53f49,0,1,0,0,0,0
Berlin Wall divided East and West Berlin after WWII.,300b5ac6b9,0,1,0,0,0,0
Great White sharks possess multiple rows of teeth.,69934f4be2,0,1,0,0,0,0
Acorns mature into oak trees if left undisturbed.,cef5fed786,0,1,0,0,0,0
Peanuts grow below ground in pods.,69972a39cd,0,1,0,0,0,0
Kiwi fruit has brown fuzzy peel and green flesh.,9a9ace55ec,0,1,0,0,0,0
"Atoms form all solid, liquid, and gas matter types.",8147ca61e0,0,1,0,0,0,0
Viruses cause influenza and common colds.,c9da4e61db,0,1,0,0,0,0
"Human memory stores facts, skills, and experiences.",436680c8ad,1,1,0,1,0,0
"Supermarkets sell groceries, home items, and personal goods.",2f7a399b50,0,1,0,1,0,0
Airplanes transport passengers rapidly across continents.,555c091c42,0,1,0,0,0,0
Alexander the Great conquered much of the ancient world.,0984ba6141,0,1,0,1,0,0
Bluetooth wirelessly connects digital devices.,cd8a96be4f,0,1,0,0,0,0
Artists express ideas visually through different media.,604a270378,0,1,0,1,1,0
Washing fruits and vegetables removes dirt and bacteria.,a4710e3282,0,1,0,0,0,0
Calculus finds areas under curves and rates of change.,b26b5f77a7,0,1,0,0,0,0
Maps represent geographic areas visually with symbols and lines.,051436d80f,0,1,0,0,0,0
A balanced diet supports strong immune function.,48ee42381c,0,1,0,0,0,0
"Museums showcase art, history, and science exhibits.",cfb1d94b62,1,1,0,1,0,0
Gravity holds objects on the Earth’s surface.,cb8bc79981,0,1,0,0,0,0
Photography captures images using cameras and film or sensors.,5f42824b6c,0,1,0,0,0,0
Rabbits detect predators with their large sensitive ears.,a7460257cd,0,1,0,0,0,0
Computers process data using binary numerical systems.,eaaee748b5,0,1,0,0,0,0
Coins serve as currency for commercial transactions.,89389666b1,0,1,0,1,0,0
Violinists play high notes in orchestras and ensembles.,589822e9aa,0,1,0,1,0,0
Airplanes fly passengers between distant global cities.,c706d3dea5,0,1,0,0,0,0
Doctors diagnose illnesses and recommend treatments.,39ecb3a97f,0,1,0,1,0,0
Cranes wade in shallow water hunting fish and insects.,f304ff0d85,0,1,0,0,0,0
Statues commemorate notable people or events in public spaces.,04727355d3,0,1,0,1,0,0
"Students learn academic subjects like math, science, and language.",5e9f071336,1,1,0,1,0,0
Global Positioning Systems (GPS) help navigate outdoors.,69061c657c,0,1,0,0,0,0
Summer temperatures generally exceed those in winter months.,a08c0f521d,0,1,0,0,0,0
Lakes hold bodies of standing freshwater or saltwater.,a82c1d461c,0,1,0,0,0,0
Clouds consist of cold condensed water vapor droplets.,c8ea237a94,0,1,0,0,0,0
Soccer teams compete to score goals with a ball.,0c32c47f2d,0,1,0,1,0,0
Science relies on observation and experiment evidence.,465e6f061c,1,0,0,0,0,0
Glasses correct vision problems such as nearsightedness.,055a4a3dfd,0,1,0,1,0,0
"Arithmetic includes addition, subtraction, multiplication, and division.",b190c44929,0,1,0,1,0,0
Clocks measure time intervals precisely.,35eb077db3,0,1,0,0,0,0
Penicillin was discovered as an antibiotic by Alexander Fleming.,d88d4ecdf4,0,1,0,0,0,0
NASA explores outer space using telescopes and spacecraft.,0c605a4bc4,0,1,0,0,0,0
Carnivores obtain nutrition mainly by eating other animals.,f38a56f983,0,1,0,0,0,0
"Brain processes thoughts, emotions, and controls bodily functions.",3e63c277f8,0,1,0,1,0,0
Cars transport people and goods rapidly over roadways.,63d984b02e,0,1,0,0,0,0
Venus is the hottest planet in our solar system.,bdb71a1bef,0,1,0,0,0,0
Asia is the largest of Earth's continents.,870fc7961b,0,1,0,0,0,0
Frida Kahlo painted self-portraits influenced by Mexican culture.,7db5ea281f,0,1,0,1,0,0
"Maps simplify landforms, distances, and political boundaries.",211be6f467,0,1,0,0,0,0
Healthy sleep supports immune function and mood regulation.,662f379478,0,1,0,0,0,0
Doctors treat illnesses using diagnosis and medicine.,3ebc18948b,0,1,0,1,0,0
Yoga combines stretching with breathing for health benefits.,fe9d0d904c,0,1,0,1,0,0
Plants lose leaves in autumn in temperate climates.,e39bca9de2,0,1,0,0,0,0
Penguins are birds that swim but do not fly.,57066f4b4c,0,1,0,0,0,0
Oceans cover more than two thirds of Earth’s surface.,24cec147e6,0,1,0,0,0,0
Plastic persists in nature for hundreds of years.,9824dc4958,0,1,0,0,0,0
Public libraries lend books free of charge to cardholders.,c0e65b137b,0,1,0,1,0,0
Whales expel air spouts when surfacing for breaths.,91199e4284,0,1,0,0,0,0
Rabbits use large ears to detect environmental sounds.,cc14a7c44e,0,1,0,0,0,0
"Statements of opinion reflect beliefs, not universal facts.",779aa7f951,1,0,0,1,0,0
Engineers design technological solutions for practical challenges.,9ac3ea6ca7,0,1,0,1,0,0
Artists express feelings visually through creative works.,2a993e6974,1,1,0,1,1,0
Logic finds valid conclusions based on formal premises.,6f3cf7c3a2,1,1,0,1,1,0
Narratives structure stories as sequences of events.,675b83c701,1,0,0,1,0,0
Dictionaries alphabetically list word definitions and pronunciations.,0203ce5d9c,0,1,0,1,0,0
Geologists study the composition and history of rocks.,12094bebea,0,1,0,0,0,0
Satellites orbit planets to relay signals globally.,e5e889e84c,0,1,0,0,0,0
Grasshoppers leap far relative to their body size.,0b16d0a260,0,1,0,0,0,0
Markets are places where buyers and sellers interact.,cdee2aa2b2,1,1,0,1,0,0
Volcanoes emit hot lava during eruptions.,9fcd779395,0,1,0,0,0,0
Africa is the second largest continent.,7b40da45e7,0,1,0,0,0,0
The heart circulates blood to deliver oxygen to tissues.,33f6613a36,0,1,0,0,0,0
"Ballet requires strength, flexibility, and precise balance.",cd8713b57b,0,1,0,1,0,0
Yangtze River flows through eastern China.,87ecf2d376,0,1,0,0,0,0
Muscle growth results from consistent resistance exercise.,9c0ed68528,0,1,0,0,0,0
Vaccines help reduce transmission of viral infections.,aa991563f4,0,1,0,0,0,0
Sunscreen helps prevent sunburn on bright summer days.,c50c44334d,0,1,0,0,0,0
Polar bears swim well and hunt ice floes.,f83e253ef6,0,1,0,0,0,0
"Kurds inhabit regions spanning Turkey, Syria, Iraq, and Iran.",6b7a940db8,0,1,0,0,0,0
Potatoes grow as tubers below ground level.,bee7c89273,0,1,0,0,0,0
Public libraries loan books to community members for free.,d8824f5c60,0,1,0,1,0,0
Ancient Roman architecture pioneered arches and domes.,6e377c0771,0,1,0,0,0,0
Keystone Arch bridges distribute weight efficiently across valleys.,30e57ab939,0,1,0,0,0,0
Mountains result from tectonic shifts lifting land upwards.,1faf6697b6,0,1,0,0,0,0
Soccer is a team sport using just feet and a ball.,8ad19d7719,0,1,0,1,0,0
Cheese is fermented milk cured to varying ages.,b88070b799,0,1,0,0,0,0
"Apples ripen red, green, or yellow depending on variety.",8bcc601a25,0,1,0,0,0,0
Glaciers slowly shape mountains via slow movement.,c56505a5e9,0,1,0,0,0,0
Railways carry passengers between cities over long distances.,bfda0befc5,0,1,0,0,0,0
Supermarkets stock products ranging from meat to cleaning supplies.,0f0f31037d,0,1,0,1,0,0
Wind turbines generate electricity without burning fossil fuels.,6ad1207f4a,0,1,0,0,0,0
Strawberries are among the first fruits harvested each spring.,676fcbe319,0,1,0,1,0,0
Climate describes general weather trends over longer timeframes.,1e0ce73cad,0,1,0,0,0,0
Mushrooms flourish best in damp shaded environments.,33005c4fe1,0,1,0,0,0,0
Engineers build structures to withstand earthquakes and floods.,9b20632f22,0,1,0,0,0,0
Salt preserves fish meats against decay.,0bc20c2671,0,1,0,0,0,0
Clouds scatter sunlight producing pastel evening skies.,051ceafffb,0,1,0,0,0,0
Doctors treat illnesses using evidence-based medicine.,633d127fb4,0,1,0,1,0,0
Dentists clean teeth to prevent cavities.,3598241c5f,0,1,0,1,0,0
Mathematics includes fields as diverse as geometry and statistics.,ab6aa3b368,0,1,0,1,0,0
Hockey uses sticks to direct small round pucks.,eaa7596c0f,0,1,0,0,0,0
Rabbits use their strong legs for hopping escape.,d3b04ad0a8,0,1,0,1,0,0
Plastic packaging protects perishable food items from spoilage.,1da9de294f,0,1,0,0,0,0
Currency facilitates commercial transactions and exchanges.,d013994533,0,1,0,1,0,0
Jazz musicians perform solos amid shifting harmonies.,cf4409e637,0,1,0,1,0,0
Sculptors carve stone figures representing historical people.,4b55bfa0c1,0,1,0,1,0,0
Gravity causes tides to change along coastal shorelines periodically.,219233fe06,0,1,0,0,0,0
Lightning flashes briefly illuminate nighttime sky.,74feb70707,0,1,0,0,0,0
Antarctica remains nearly covered by ice year-round.,bea4247944,0,1,0,0,0,0
Spray paint creates pop art murals on city walls.,02e33577e8,0,1,0,1,0,0
Penicillin was discovered accidentally from mold contamination.,3d804d1396,0,1,0,0,0,0
Logic breaks arguments down into premises and rational conclusions.,f51875e870,1,0,0,1,1,0
Spring foliage emerges after cold winter seasons.,41018fe437,0,1,0,0,0,0
Cookies bake faster in convection ovens than conventional ones.,09b05b9da4,0,1,0,0,0,0
Books communicate stories and information effectively.,792378ef5c,1,1,0,1,1,0
Photos capture visual moments for later enjoyment.,8f16f4d225,0,1,0,1,1,0
Technology advances rapidly due to global scientific collaboration.,bf2e16149f,0,1,0,1,0,0
Glass bottles can be washed and reused multiple times.,1ef56e65e8,0,1,0,0,0,0
Algebra solves equations involving variables and arithmetic operations.,79d4d3df47,0,1,0,0,0,0
"Tablets integrate screens, processors, batteries, and speakers portably.",e92f631c75,0,1,0,1,0,0
Giraffes graze tall trees other herbivores cannot reach.,59a7f0b0cf,0,1,0,0,0,0
"Clocks display hours, minutes, and seconds precisely.",f3da17ec7f,0,1,0,0,0,0
Monet painted famous water lily scenes.,4e39ee8876,0,1,0,1,1,0
Mount Everest marks the tallest point on Earth.,185f81ae4d,0,1,0,0,0,0
Drinking water aids body temperature regulation.,df0a7cd15d,0,1,0,0,0,0
Ancient Egypt built grand pyramids for pharaohs.,59b966f007,0,1,0,1,0,0
Abstract art uses shapes instead of realism.,bf60f16241,0,1,0,1,1,0
Argentina is south of Brazil in South America.,5cde4ca0a6,0,1,0,0,0,0
Eating vegetables supports a healthy immune system.,f35a135f91,0,1,0,0,0,0
Sculpture carves or molds three-dimensional artworks.,8273d770da,0,1,0,0,0,0
Bananas grow well in tropical climates.,4786d53552,0,1,0,0,0,0
Bread must rise before baking.,b2e91bad30,0,1,0,0,0,0
Sunlight provides energy for all living things.,27238055d1,0,1,0,0,0,0
Cars reduce travel time over long distances.,be21904a38,0,1,0,0,0,0
"Books record stories, information, and history.",07b970d594,1,1,0,1,1,0
Eggs contain protein and vitamins A and D.,a3f9c71a0b,0,1,0,0,0,0
Rice feeds billions worldwide every year.,539ded26dc,0,1,0,0,0,0
Opera blends singing with orchestral accompaniment.,7fd6b4d774,0,1,0,1,0,0
Classical music uses string and brass sections.,d8beca4ac9,0,1,0,1,0,0
Power plants generate electricity for communities.,14162ee728,0,1,0,0,0,0
Coins serve as currency for exchanges.,fa8d9c53cc,0,1,0,1,0,0
Napoleon ruled France as its emperor.,743a56551e,1,1,0,1,1,0
Whitney Houston was an influential pop singer.,d29ef6baa1,1,1,0,1,0,0
Computers process information using electronic circuits.,2bd980fc9c,0,1,0,0,0,0
Algebra contains variables representing unknown values.,02a167319f,0,1,0,0,0,0
Sheep provide fiber for warm wool clothing.,d9b3e2b6dc,0,1,0,1,0,0
Doctors diagnose conditions based on symptoms and tests.,47099572eb,0,1,0,0,0,0
"Maps highlight rivers, cities, and boundaries visually.",fdabfe31c0,0,1,0,0,0,0
Lightning strikes occur more frequently in summer storms.,aa1b8a9140,0,1,0,0,0,0
Jazz musicians improvise melodies unpredictably.,84dc69b400,0,1,0,1,0,0
Plastic wraps protect items from moisture.,bc97bb5185,0,1,0,0,0,0
A piano produces sound through struck strings.,686e8eec67,0,1,0,1,0,0
Stars emit light due to nuclear fusion.,1b8a42b59d,0,1,0,0,0,0
Astronauts wear spacesuits for extra-planetary protection.,f6457c2367,0,1,0,0,0,0
"Mathematics includes calculation, measurements, and analysis.",2b4f2a34e0,0,1,0,0,0,0
Ops share responsibilities at international events.,715292d908,1,1,0,1,0,1
Mona Lisa displays mysterious facial expressions.,397ee0fe4a,0,1,0,1,0,0
Rome showcases ruins from ancient civilizations.,2daf95f7ba,0,1,0,1,0,0
Computer memory stores data temporarily for processing.,43ef50dd02,0,1,0,0,0,0
Calories measure available energy in foods eaten.,88dc25dc1c,0,1,0,0,0,0
Blood transports nutrients throughout the circulatory system.,1cd649175d,0,1,0,0,0,0
Portions regulate nutritional intake at meals.,6d2c074199,0,1,0,0,0,0
Museums display works of historic and artistic value.,8c8798a71a,1,1,0,1,0,0
Banana trees produce both edible fruit and leaves.,04fdd1ae88,0,1,0,0,0,0
A nutritious breakfast supports concentration in school.,521cc8c23a,0,1,0,1,0,0
Math equations can have one or multiple solutions.,c5b8792b4e,0,1,0,1,0,0
Gravity keeps people anchored to Earth's surface.,34b256211e,0,1,0,0,0,0
The Amazon River has a wide drainage basin.,8b27c2d6eb,0,1,0,0,0,0
Triangular shapes are common in traditional kites.,0ebf06e9fb,0,1,0,0,0,0
Chocolate comes from processed cocoa beans.,be71517d78,0,1,0,0,0,0
Doctors recommend annual flu vaccinations.,91046e2346,0,1,0,1,0,0
"Culture influences art, language, and social customs.",26829fa274,1,1,0,1,0,0
Soccer uses a spherical ball and two nets.,94254cd7a8,0,1,0,0,0,0
Meditation calms anxiety and increases mindfulness.,73c4c252d5,0,1,0,1,0,0
Tokyo is densely populated and technologically advanced.,c0999e1d75,0,1,0,1,0,0
Books convey knowledge across generations.,88298bdb60,1,0,0,1,1,0
Workout routines strengthen specific muscle groups.,27f14522a6,0,1,0,1,0,0
Polygons are closed figures with multiple sides.,c711d9e29d,1,1,0,0,0,0
Salt preserves meat by inhibiting bacteria growth.,7b81ca8104,0,1,0,0,0,0
Cheese production involves coagulation and fermentation.,5f41b8b362,0,1,0,0,0,0
Diamonds are primarily carbon arranged tetrahedrally.,12aedaef43,0,1,0,0,0,0
Potatoes provide carbohydrates in diverse recipes.,3bd4dc72b8,0,1,0,1,0,0
Eagles catch prey using powerful talons.,456610b53f,0,1,0,0,0,0
Photos capture visual memories for posterity.,f2ddac0ca3,0,1,0,1,1,0
Glaciers move slowly under their own weight.,dd74ecf5ec,0,0,0,0,0,0
Giraffes feed on treetop leaves inaccessible to others.,08e375c545,0,1,0,0,0,0
Crickets chirp mostly during warm nights.,fba4b2bc29,0,1,0,0,0,0
Legal systems enforce rules within societies.,17386fd348,1,0,0,1,1,0
Windmills convert kinetic energy into mechanical work.,8c85373c9f,0,1,0,0,0,0
People use calendars to plan events.,40ba61e6d6,0,1,0,1,0,0
Lions hunt cooperatively in prides.,3a5cf34212,0,1,0,1,0,0
Subtraction determines difference between quantities.,ad07898212,0,1,0,0,0,0
Strawberries must be picked when ripe.,f3e669eb3f,0,1,0,1,0,0
Literacy enables understanding written instructions.,cf7101eef3,1,1,0,1,1,0
Vaccines stimulate immune response safely.,ccfc56bd6d,0,1,0,0,0,0
Pie charts visually represent fractions of a whole.,a416bc1a9a,0,1,0,0,0,0
Sea turtles return to beaches to nest eggs.,e168a62bcf,0,1,0,0,0,0
Newspapers inform readers about current news stories.,c6299cad45,0,1,0,1,0,0
"Golf courses feature greens, fairways, and sand bunkers.",8bb25469e7,0,1,0,0,0,0
Light reflects off mirrors at equal angles.,34788987cd,0,1,0,0,0,0
Dense forests host more animal diversity.,dd39b30b06,0,1,0,0,0,0
Neurons transmit signals throughout the nervous system.,4589646c27,0,1,0,0,0,0
Sight relies on incoming light through lenses.,11e681fb77,0,1,0,0,0,0
Hybrid cars use electric motors and gas engines.,c9e15ecf5f,0,1,0,0,0,0
Muscles contract to produce body movement.,1b306879b6,0,1,0,0,0,0
Word dictionaries define terms clearly.,a8e4872bf0,0,1,0,1,0,0
Basketball features teams shooting hoops for points.,52d3fc1d48,0,1,0,1,0,0
Classical pieces often require orchestral arrangement.,03e895895d,0,1,0,1,0,0
Internet provides global access to information.,c213ff3c48,0,1,0,0,0,0
Bones support soft organs and tissues.,824890c222,0,1,0,0,0,0
Fossils reveal structures of ancient animals.,4e489bf255,0,1,0,0,0,0
Paintings range from realistic to abstract styles.,51b7c5e129,0,1,0,1,0,0
"Physics explores matter, forces, and motion.",7a056ae167,0,1,0,0,0,0
Mathematicians develop theories about numbers and spaces.,87127aed3e,0,1,0,0,0,0
Birdsong communicates territory or attraction intentions.,9acb789103,0,1,0,1,0,0
Basic arithmetic supports everyday calculations.,2facff7929,0,1,0,1,0,0
Compact discs store digital audio data.,fe799ffaa2,0,1,0,0,0,0
